25-05-20 09:22:20.182 [background-preinit] INFO  o.h.validator.internal.util.Version - HV000001: Hibernate Validator 8.0.1.Final
25-05-20 09:22:20.302 [main] INFO  c.s.m.discodeit.DiscodeitApplication - Starting DiscodeitApplication using Java 17.0.12 with PID 26984 (C:\Users\User\OneDrive\Desktop\codeit\1-sprint-mission\build\classes\java\main started by User in C:\Users\User\OneDrive\Desktop\codeit\1-sprint-mission)
25-05-20 09:22:20.305 [main] INFO  c.s.m.discodeit.DiscodeitApplication - The following 1 profile is active: "test"
25-05-20 09:22:23.827 [main] INFO  o.s.d.r.c.RepositoryConfigurationDelegate - Bootstrapping Spring Data JPA repositories in DEFAULT mode.
25-05-20 09:22:23.969 [main] INFO  o.s.d.r.c.RepositoryConfigurationDelegate - Finished Spring Data repository scanning in 132 ms. Found 6 JPA repository interfaces.
25-05-20 09:22:25.401 [main] INFO  o.s.b.w.e.tomcat.TomcatWebServer - Tomcat initialized with port 8080 (http)
25-05-20 09:22:25.428 [main] INFO  o.a.coyote.http11.Http11NioProtocol - Initializing ProtocolHandler ["http-nio-8080"]
25-05-20 09:22:25.433 [main] INFO  o.a.catalina.core.StandardService - Starting service [Tomcat]
25-05-20 09:22:25.434 [main] INFO  o.a.catalina.core.StandardEngine - Starting Servlet engine: [Apache Tomcat/10.1.33]
25-05-20 09:22:25.583 [main] INFO  o.a.c.c.C.[Tomcat].[localhost].[/] - Initializing Spring embedded WebApplicationContext
25-05-20 09:22:25.584 [main] INFO  o.s.b.w.s.c.ServletWebServerApplicationContext - Root WebApplicationContext: initialization completed in 5184 ms
25-05-20 09:22:25.793 [main] INFO  com.zaxxer.hikari.HikariDataSource - HikariPool-1 - Starting...
25-05-20 09:22:26.503 [main] INFO  com.zaxxer.hikari.pool.HikariPool - HikariPool-1 - Added connection conn0: url=jdbc:h2:mem:devDB user=DEVUSER
25-05-20 09:22:26.506 [main] INFO  com.zaxxer.hikari.HikariDataSource - HikariPool-1 - Start completed.
25-05-20 09:22:26.524 [main] INFO  o.s.b.a.h.H2ConsoleAutoConfiguration - H2 console available at '/h2-console'. Database available at 'jdbc:h2:mem:devDB'
25-05-20 09:22:27.017 [main] INFO  o.h.jpa.internal.util.LogHelper - HHH000204: Processing PersistenceUnitInfo [name: default]
25-05-20 09:22:27.249 [main] INFO  org.hibernate.Version - HHH000412: Hibernate ORM core version 6.5.3.Final
25-05-20 09:22:27.356 [main] INFO  o.h.c.i.RegionFactoryInitiator - HHH000026: Second-level cache disabled
25-05-20 09:22:28.569 [main] INFO  o.s.o.j.p.SpringPersistenceUnitInfo - No LoadTimeWeaver setup: ignoring JPA class transformer
25-05-20 09:22:32.196 [main] INFO  o.h.e.t.j.p.i.JtaPlatformInitiator - HHH000489: No JTA platform available (set 'hibernate.transaction.jta.platform' to enable JTA platform integration)
25-05-20 09:22:32.209 [main] INFO  o.s.o.j.LocalContainerEntityManagerFactoryBean - Initialized JPA EntityManagerFactory for persistence unit 'default'
25-05-20 09:22:33.821 [main] WARN  o.s.b.a.o.j.JpaBaseConfiguration$JpaWebConfiguration - spring.jpa.open-in-view is enabled by default. Therefore, database queries may be performed during view rendering. Explicitly configure spring.jpa.open-in-view to disable this warning
25-05-20 09:22:33.934 [main] TRACE o.s.s.c.a.a.c.AuthenticationConfiguration$EnableGlobalAuthenticationAutowiredConfigurer - Eagerly initializing {org.springframework.boot.autoconfigure.security.servlet.SpringBootWebSecurityConfiguration$WebSecurityEnablerConfiguration=org.springframework.boot.autoconfigure.security.servlet.SpringBootWebSecurityConfiguration$WebSecurityEnablerConfiguration@685280dd}
25-05-20 09:22:33.953 [main] WARN  o.s.b.a.s.s.UserDetailsServiceAutoConfiguration - 

Using generated security password: cca0539e-46d8-409e-ae1d-4434d40822f1

This generated password is for development use only. Your security configuration must be updated before running your application in production.

25-05-20 09:22:34.029 [main] INFO  o.s.s.c.a.a.c.InitializeUserDetailsBeanManagerConfigurer$InitializeUserDetailsManagerConfigurer - Global AuthenticationManager configured with UserDetailsService bean with name inMemoryUserDetailsManager
25-05-20 09:22:34.250 [main] INFO  o.s.b.a.w.s.WelcomePageHandlerMapping - Adding welcome page: class path resource [static/index.html]
25-05-20 09:22:37.660 [main] INFO  o.s.b.a.e.web.EndpointLinksResolver - Exposing 4 endpoints beneath base path '/actuator'
25-05-20 09:22:37.908 [main] DEBUG o.s.s.web.DefaultSecurityFilterChain - Will secure any request with filters: DisableEncodeUrlFilter, WebAsyncManagerIntegrationFilter, SecurityContextHolderFilter, HeaderWriterFilter, CsrfFilter, BasicAuthenticationFilter, RequestCacheAwareFilter, SecurityContextHolderAwareRequestFilter, AnonymousAuthenticationFilter, ExceptionTranslationFilter, AuthorizationFilter
25-05-20 09:22:40.253 [main] INFO  o.a.coyote.http11.Http11NioProtocol - Starting ProtocolHandler ["http-nio-8080"]
25-05-20 09:22:40.329 [main] INFO  o.s.b.w.e.tomcat.TomcatWebServer - Tomcat started on port 8080 (http) with context path '/'
25-05-20 09:22:40.377 [main] INFO  c.s.m.discodeit.DiscodeitApplication - Started DiscodeitApplication in 21.2 seconds (process running for 22.421)
25-05-20 09:22:41.094 [RMI TCP Connection(2)-192.168.0.11] INFO  o.a.c.c.C.[Tomcat].[localhost].[/] - Initializing Spring DispatcherServlet 'dispatcherServlet'
25-05-20 09:22:41.095 [RMI TCP Connection(2)-192.168.0.11] INFO  o.s.web.servlet.DispatcherServlet - Initializing Servlet 'dispatcherServlet'
25-05-20 09:22:41.100 [RMI TCP Connection(2)-192.168.0.11] INFO  o.s.web.servlet.DispatcherServlet - Completed initialization in 5 ms
25-05-20 09:22:51.661 [http-nio-8080-exec-1] TRACE o.s.security.web.FilterChainProxy - Trying to match request against DefaultSecurityFilterChain [RequestMatcher=any request, Filters=[org.springframework.security.web.session.DisableEncodeUrlFilter@117900e, org.springframework.security.web.context.request.async.WebAsyncManagerIntegrationFilter@65008f38, org.springframework.security.web.context.SecurityContextHolderFilter@71b9b035, org.springframework.security.web.header.HeaderWriterFilter@72f112d1, org.springframework.security.web.csrf.CsrfFilter@5f49c09d, org.springframework.security.web.authentication.www.BasicAuthenticationFilter@75f3c0c9, org.springframework.security.web.savedrequest.RequestCacheAwareFilter@5fc3b20b, org.springframework.security.web.servletapi.SecurityContextHolderAwareRequestFilter@10e542f3, org.springframework.security.web.authentication.AnonymousAuthenticationFilter@47e83647, org.springframework.security.web.access.ExceptionTranslationFilter@233d40da, org.springframework.security.web.access.intercept.AuthorizationFilter@4dd31687]] (1/1)
25-05-20 09:22:51.662 [http-nio-8080-exec-1] DEBUG o.s.security.web.FilterChainProxy - Securing GET /
25-05-20 09:22:51.665 [http-nio-8080-exec-1] TRACE o.s.security.web.FilterChainProxy - Invoking DisableEncodeUrlFilter (1/11)
25-05-20 09:22:51.671 [http-nio-8080-exec-1] TRACE o.s.security.web.FilterChainProxy - Invoking WebAsyncManagerIntegrationFilter (2/11)
25-05-20 09:22:51.674 [http-nio-8080-exec-1] TRACE o.s.security.web.FilterChainProxy - Invoking SecurityContextHolderFilter (3/11)
25-05-20 09:22:51.676 [http-nio-8080-exec-1] TRACE o.s.security.web.FilterChainProxy - Invoking HeaderWriterFilter (4/11)
25-05-20 09:22:51.678 [http-nio-8080-exec-1] TRACE o.s.security.web.FilterChainProxy - Invoking CsrfFilter (5/11)
25-05-20 09:22:51.680 [http-nio-8080-exec-1] TRACE o.s.security.web.csrf.CsrfFilter - Did not protect against CSRF since request did not match CsrfNotRequired [TRACE, HEAD, GET, OPTIONS]
25-05-20 09:22:51.680 [http-nio-8080-exec-1] TRACE o.s.security.web.FilterChainProxy - Invoking BasicAuthenticationFilter (6/11)
25-05-20 09:22:51.680 [http-nio-8080-exec-1] TRACE o.s.s.w.a.w.BasicAuthenticationFilter - Did not process authentication request since failed to find username and password in Basic Authorization header
25-05-20 09:22:51.680 [http-nio-8080-exec-1] TRACE o.s.security.web.FilterChainProxy - Invoking RequestCacheAwareFilter (7/11)
25-05-20 09:22:51.680 [http-nio-8080-exec-1] TRACE o.s.s.w.s.HttpSessionRequestCache - matchingRequestParameterName is required for getMatchingRequest to lookup a value, but not provided
25-05-20 09:22:51.680 [http-nio-8080-exec-1] TRACE o.s.security.web.FilterChainProxy - Invoking SecurityContextHolderAwareRequestFilter (8/11)
25-05-20 09:22:51.682 [http-nio-8080-exec-1] TRACE o.s.security.web.FilterChainProxy - Invoking AnonymousAuthenticationFilter (9/11)
25-05-20 09:22:51.683 [http-nio-8080-exec-1] TRACE o.s.security.web.FilterChainProxy - Invoking ExceptionTranslationFilter (10/11)
25-05-20 09:22:51.683 [http-nio-8080-exec-1] TRACE o.s.security.web.FilterChainProxy - Invoking AuthorizationFilter (11/11)
25-05-20 09:22:51.685 [http-nio-8080-exec-1] TRACE o.s.s.w.a.i.RequestMatcherDelegatingAuthorizationManager - Authorizing GET /
25-05-20 09:22:51.688 [http-nio-8080-exec-1] TRACE o.s.s.w.a.i.RequestMatcherDelegatingAuthorizationManager - Checking authorization on GET / using org.springframework.security.config.annotation.web.configurers.AuthorizeHttpRequestsConfigurer$$Lambda$1541/0x0000019635b33a28@3f277b16
25-05-20 09:22:51.692 [http-nio-8080-exec-1] DEBUG o.s.security.web.FilterChainProxy - Secured GET /
25-05-20 09:22:51.720 [http-nio-8080-exec-1] TRACE o.s.security.web.FilterChainProxy - Trying to match request against DefaultSecurityFilterChain [RequestMatcher=any request, Filters=[org.springframework.security.web.session.DisableEncodeUrlFilter@117900e, org.springframework.security.web.context.request.async.WebAsyncManagerIntegrationFilter@65008f38, org.springframework.security.web.context.SecurityContextHolderFilter@71b9b035, org.springframework.security.web.header.HeaderWriterFilter@72f112d1, org.springframework.security.web.csrf.CsrfFilter@5f49c09d, org.springframework.security.web.authentication.www.BasicAuthenticationFilter@75f3c0c9, org.springframework.security.web.savedrequest.RequestCacheAwareFilter@5fc3b20b, org.springframework.security.web.servletapi.SecurityContextHolderAwareRequestFilter@10e542f3, org.springframework.security.web.authentication.AnonymousAuthenticationFilter@47e83647, org.springframework.security.web.access.ExceptionTranslationFilter@233d40da, org.springframework.security.web.access.intercept.AuthorizationFilter@4dd31687]] (1/1)
25-05-20 09:22:51.720 [http-nio-8080-exec-1] DEBUG o.s.security.web.FilterChainProxy - Securing GET /index.html
25-05-20 09:22:51.720 [http-nio-8080-exec-1] TRACE o.s.security.web.FilterChainProxy - Invoking DisableEncodeUrlFilter (1/11)
25-05-20 09:22:51.721 [http-nio-8080-exec-1] TRACE o.s.security.web.FilterChainProxy - Invoking WebAsyncManagerIntegrationFilter (2/11)
25-05-20 09:22:51.721 [http-nio-8080-exec-1] TRACE o.s.security.web.FilterChainProxy - Invoking SecurityContextHolderFilter (3/11)
25-05-20 09:22:51.721 [http-nio-8080-exec-1] TRACE o.s.security.web.FilterChainProxy - Invoking HeaderWriterFilter (4/11)
25-05-20 09:22:51.721 [http-nio-8080-exec-1] TRACE o.s.security.web.FilterChainProxy - Invoking CsrfFilter (5/11)
25-05-20 09:22:51.721 [http-nio-8080-exec-1] TRACE o.s.security.web.FilterChainProxy - Invoking BasicAuthenticationFilter (6/11)
25-05-20 09:22:51.721 [http-nio-8080-exec-1] TRACE o.s.security.web.FilterChainProxy - Invoking RequestCacheAwareFilter (7/11)
25-05-20 09:22:51.721 [http-nio-8080-exec-1] TRACE o.s.s.w.s.HttpSessionRequestCache - matchingRequestParameterName is required for getMatchingRequest to lookup a value, but not provided
25-05-20 09:22:51.721 [http-nio-8080-exec-1] TRACE o.s.security.web.FilterChainProxy - Invoking SecurityContextHolderAwareRequestFilter (8/11)
25-05-20 09:22:51.722 [http-nio-8080-exec-1] TRACE o.s.security.web.FilterChainProxy - Invoking AnonymousAuthenticationFilter (9/11)
25-05-20 09:22:51.722 [http-nio-8080-exec-1] TRACE o.s.security.web.FilterChainProxy - Invoking ExceptionTranslationFilter (10/11)
25-05-20 09:22:51.723 [http-nio-8080-exec-1] TRACE o.s.security.web.FilterChainProxy - Invoking AuthorizationFilter (11/11)
25-05-20 09:22:51.723 [http-nio-8080-exec-1] TRACE o.s.s.w.a.i.RequestMatcherDelegatingAuthorizationManager - Authorizing GET /index.html
25-05-20 09:22:51.724 [http-nio-8080-exec-1] TRACE o.s.s.w.a.i.RequestMatcherDelegatingAuthorizationManager - Checking authorization on GET /index.html using org.springframework.security.authorization.AuthenticatedAuthorizationManager@61ad3f8a
25-05-20 09:22:51.724 [http-nio-8080-exec-1] TRACE o.s.s.w.c.HttpSessionSecurityContextRepository - No HttpSession currently exists
25-05-20 09:22:51.724 [http-nio-8080-exec-1] TRACE o.s.s.w.c.SupplierDeferredSecurityContext - Created SecurityContextImpl [Null authentication]
25-05-20 09:22:51.724 [http-nio-8080-exec-1] TRACE o.s.s.w.c.SupplierDeferredSecurityContext - Created SecurityContextImpl [Null authentication]
25-05-20 09:22:51.725 [http-nio-8080-exec-1] TRACE o.s.s.w.a.AnonymousAuthenticationFilter - Set SecurityContextHolder to AnonymousAuthenticationToken [Principal=anonymousUser, Credentials=[PROTECTED], Authenticated=true, Details=WebAuthenticationDetails [RemoteIpAddress=0:0:0:0:0:0:0:1, SessionId=null], Granted Authorities=[ROLE_ANONYMOUS]]
25-05-20 09:22:51.726 [http-nio-8080-exec-1] TRACE o.s.s.w.a.AnonymousAuthenticationFilter - Did not set SecurityContextHolder since already authenticated AnonymousAuthenticationToken [Principal=anonymousUser, Credentials=[PROTECTED], Authenticated=true, Details=WebAuthenticationDetails [RemoteIpAddress=0:0:0:0:0:0:0:1, SessionId=null], Granted Authorities=[ROLE_ANONYMOUS]]
25-05-20 09:22:51.729 [http-nio-8080-exec-1] TRACE o.s.s.w.a.ExceptionTranslationFilter - Sending AnonymousAuthenticationToken [Principal=anonymousUser, Credentials=[PROTECTED], Authenticated=true, Details=WebAuthenticationDetails [RemoteIpAddress=0:0:0:0:0:0:0:1, SessionId=null], Granted Authorities=[ROLE_ANONYMOUS]] to authentication entry point since access is denied
org.springframework.security.access.AccessDeniedException: Access Denied
	at org.springframework.security.web.access.intercept.AuthorizationFilter.doFilter(AuthorizationFilter.java:98)
	at org.springframework.security.web.ObservationFilterChainDecorator$ObservationFilter.wrapFilter(ObservationFilterChainDecorator.java:240)
	at org.springframework.security.web.ObservationFilterChainDecorator$ObservationFilter.doFilter(ObservationFilterChainDecorator.java:227)
	at org.springframework.security.web.ObservationFilterChainDecorator$VirtualFilterChain.doFilter(ObservationFilterChainDecorator.java:137)
	at org.springframework.security.web.access.ExceptionTranslationFilter.doFilter(ExceptionTranslationFilter.java:126)
	at org.springframework.security.web.access.ExceptionTranslationFilter.doFilter(ExceptionTranslationFilter.java:120)
	at org.springframework.security.web.ObservationFilterChainDecorator$ObservationFilter.wrapFilter(ObservationFilterChainDecorator.java:240)
	at org.springframework.security.web.ObservationFilterChainDecorator$ObservationFilter.doFilter(ObservationFilterChainDecorator.java:227)
	at org.springframework.security.web.ObservationFilterChainDecorator$VirtualFilterChain.doFilter(ObservationFilterChainDecorator.java:137)
	at org.springframework.security.web.authentication.AnonymousAuthenticationFilter.doFilter(AnonymousAuthenticationFilter.java:100)
	at org.springframework.security.web.ObservationFilterChainDecorator$ObservationFilter.wrapFilter(ObservationFilterChainDecorator.java:240)
	at org.springframework.security.web.ObservationFilterChainDecorator$ObservationFilter.doFilter(ObservationFilterChainDecorator.java:227)
	at org.springframework.security.web.ObservationFilterChainDecorator$VirtualFilterChain.doFilter(ObservationFilterChainDecorator.java:137)
	at org.springframework.security.web.servletapi.SecurityContextHolderAwareRequestFilter.doFilter(SecurityContextHolderAwareRequestFilter.java:179)
	at org.springframework.security.web.ObservationFilterChainDecorator$ObservationFilter.wrapFilter(ObservationFilterChainDecorator.java:240)
	at org.springframework.security.web.ObservationFilterChainDecorator$ObservationFilter.doFilter(ObservationFilterChainDecorator.java:227)
	at org.springframework.security.web.ObservationFilterChainDecorator$VirtualFilterChain.doFilter(ObservationFilterChainDecorator.java:137)
	at org.springframework.security.web.savedrequest.RequestCacheAwareFilter.doFilter(RequestCacheAwareFilter.java:63)
	at org.springframework.security.web.ObservationFilterChainDecorator$ObservationFilter.wrapFilter(ObservationFilterChainDecorator.java:240)
	at org.springframework.security.web.ObservationFilterChainDecorator$ObservationFilter.doFilter(ObservationFilterChainDecorator.java:227)
	at org.springframework.security.web.ObservationFilterChainDecorator$VirtualFilterChain.doFilter(ObservationFilterChainDecorator.java:137)
	at org.springframework.web.filter.OncePerRequestFilter.doFilter(OncePerRequestFilter.java:110)
	at org.springframework.security.web.ObservationFilterChainDecorator$ObservationFilter.wrapFilter(ObservationFilterChainDecorator.java:240)
	at org.springframework.security.web.ObservationFilterChainDecorator$ObservationFilter.doFilter(ObservationFilterChainDecorator.java:227)
	at org.springframework.security.web.ObservationFilterChainDecorator$VirtualFilterChain.doFilter(ObservationFilterChainDecorator.java:137)
	at org.springframework.web.filter.OncePerRequestFilter.doFilter(OncePerRequestFilter.java:110)
	at org.springframework.security.web.ObservationFilterChainDecorator$ObservationFilter.wrapFilter(ObservationFilterChainDecorator.java:240)
	at org.springframework.security.web.ObservationFilterChainDecorator$ObservationFilter.doFilter(ObservationFilterChainDecorator.java:227)
	at org.springframework.security.web.ObservationFilterChainDecorator$VirtualFilterChain.doFilter(ObservationFilterChainDecorator.java:137)
	at org.springframework.web.filter.OncePerRequestFilter.doFilter(OncePerRequestFilter.java:110)
	at org.springframework.security.web.ObservationFilterChainDecorator$ObservationFilter.wrapFilter(ObservationFilterChainDecorator.java:240)
	at org.springframework.security.web.ObservationFilterChainDecorator$ObservationFilter.doFilter(ObservationFilterChainDecorator.java:227)
	at org.springframework.security.web.ObservationFilterChainDecorator$VirtualFilterChain.doFilter(ObservationFilterChainDecorator.java:137)
	at org.springframework.security.web.context.SecurityContextHolderFilter.doFilter(SecurityContextHolderFilter.java:75)
	at org.springframework.security.web.context.SecurityContextHolderFilter.doFilter(SecurityContextHolderFilter.java:69)
	at org.springframework.security.web.ObservationFilterChainDecorator$ObservationFilter.wrapFilter(ObservationFilterChainDecorator.java:240)
	at org.springframework.security.web.ObservationFilterChainDecorator$ObservationFilter.doFilter(ObservationFilterChainDecorator.java:227)
	at org.springframework.security.web.ObservationFilterChainDecorator$VirtualFilterChain.doFilter(ObservationFilterChainDecorator.java:137)
	at org.springframework.web.filter.OncePerRequestFilter.doFilter(OncePerRequestFilter.java:110)
	at org.springframework.security.web.ObservationFilterChainDecorator$ObservationFilter.wrapFilter(ObservationFilterChainDecorator.java:240)
	at org.springframework.security.web.ObservationFilterChainDecorator$ObservationFilter.doFilter(ObservationFilterChainDecorator.java:227)
	at org.springframework.security.web.ObservationFilterChainDecorator$VirtualFilterChain.doFilter(ObservationFilterChainDecorator.java:137)
	at org.springframework.web.filter.OncePerRequestFilter.doFilter(OncePerRequestFilter.java:110)
	at org.springframework.security.web.ObservationFilterChainDecorator$ObservationFilter.wrapFilter(ObservationFilterChainDecorator.java:240)
	at org.springframework.security.web.ObservationFilterChainDecorator$AroundFilterObservation$SimpleAroundFilterObservation.lambda$wrap$0(ObservationFilterChainDecorator.java:323)
	at org.springframework.security.web.ObservationFilterChainDecorator$ObservationFilter.doFilter(ObservationFilterChainDecorator.java:224)
	at org.springframework.security.web.ObservationFilterChainDecorator$VirtualFilterChain.doFilter(ObservationFilterChainDecorator.java:137)
	at org.springframework.security.web.FilterChainProxy.doFilterInternal(FilterChainProxy.java:233)
	at org.springframework.security.web.FilterChainProxy.doFilter(FilterChainProxy.java:186)
	at org.springframework.web.filter.CompositeFilter$VirtualFilterChain.doFilter(CompositeFilter.java:113)
	at org.springframework.web.servlet.handler.HandlerMappingIntrospector.lambda$createCacheFilter$3(HandlerMappingIntrospector.java:195)
	at org.springframework.web.filter.CompositeFilter$VirtualFilterChain.doFilter(CompositeFilter.java:113)
	at org.springframework.web.filter.CompositeFilter.doFilter(CompositeFilter.java:74)
	at org.springframework.security.config.annotation.web.configuration.WebMvcSecurityConfiguration$CompositeFilterChainProxy.doFilter(WebMvcSecurityConfiguration.java:230)
	at org.springframework.web.filter.DelegatingFilterProxy.invokeDelegate(DelegatingFilterProxy.java:362)
	at org.springframework.web.filter.DelegatingFilterProxy.doFilter(DelegatingFilterProxy.java:278)
	at org.apache.catalina.core.ApplicationFilterChain.internalDoFilter(ApplicationFilterChain.java:164)
	at org.apache.catalina.core.ApplicationFilterChain.doFilter(ApplicationFilterChain.java:140)
	at org.springframework.web.filter.OncePerRequestFilter.doFilter(OncePerRequestFilter.java:110)
	at org.apache.catalina.core.ApplicationFilterChain.internalDoFilter(ApplicationFilterChain.java:164)
	at org.apache.catalina.core.ApplicationFilterChain.doFilter(ApplicationFilterChain.java:140)
	at org.springframework.web.filter.OncePerRequestFilter.doFilter(OncePerRequestFilter.java:110)
	at org.apache.catalina.core.ApplicationFilterChain.internalDoFilter(ApplicationFilterChain.java:164)
	at org.apache.catalina.core.ApplicationFilterChain.doFilter(ApplicationFilterChain.java:140)
	at org.springframework.web.filter.OncePerRequestFilter.doFilter(OncePerRequestFilter.java:110)
	at org.apache.catalina.core.ApplicationFilterChain.internalDoFilter(ApplicationFilterChain.java:164)
	at org.apache.catalina.core.ApplicationFilterChain.doFilter(ApplicationFilterChain.java:140)
	at org.apache.catalina.core.ApplicationDispatcher.invoke(ApplicationDispatcher.java:632)
	at org.apache.catalina.core.ApplicationDispatcher.processRequest(ApplicationDispatcher.java:408)
	at org.apache.catalina.core.ApplicationDispatcher.doForward(ApplicationDispatcher.java:330)
	at org.apache.catalina.core.ApplicationDispatcher.forward(ApplicationDispatcher.java:267)
	at org.springframework.security.web.header.HeaderWriterFilter$HeaderWriterRequestDispatcher.forward(HeaderWriterFilter.java:170)
	at org.springframework.web.servlet.view.InternalResourceView.renderMergedOutputModel(InternalResourceView.java:171)
	at org.springframework.web.servlet.view.AbstractView.render(AbstractView.java:314)
	at org.springframework.web.servlet.DispatcherServlet.render(DispatcherServlet.java:1432)
	at org.springframework.web.servlet.DispatcherServlet.processDispatchResult(DispatcherServlet.java:1168)
	at org.springframework.web.servlet.DispatcherServlet.doDispatch(DispatcherServlet.java:1106)
	at org.springframework.web.servlet.DispatcherServlet.doService(DispatcherServlet.java:979)
	at org.springframework.web.servlet.FrameworkServlet.processRequest(FrameworkServlet.java:1014)
	at org.springframework.web.servlet.FrameworkServlet.doGet(FrameworkServlet.java:903)
	at jakarta.servlet.http.HttpServlet.service(HttpServlet.java:564)
	at org.springframework.web.servlet.FrameworkServlet.service(FrameworkServlet.java:885)
	at jakarta.servlet.http.HttpServlet.service(HttpServlet.java:658)
	at org.apache.catalina.core.ApplicationFilterChain.internalDoFilter(ApplicationFilterChain.java:195)
	at org.apache.catalina.core.ApplicationFilterChain.doFilter(ApplicationFilterChain.java:140)
	at org.apache.tomcat.websocket.server.WsFilter.doFilter(WsFilter.java:51)
	at org.apache.catalina.core.ApplicationFilterChain.internalDoFilter(ApplicationFilterChain.java:164)
	at org.apache.catalina.core.ApplicationFilterChain.doFilter(ApplicationFilterChain.java:140)
	at org.springframework.web.filter.CompositeFilter$VirtualFilterChain.doFilter(CompositeFilter.java:108)
	at org.springframework.security.web.FilterChainProxy.lambda$doFilterInternal$3(FilterChainProxy.java:231)
	at org.springframework.security.web.ObservationFilterChainDecorator$FilterObservation$SimpleFilterObservation.lambda$wrap$1(ObservationFilterChainDecorator.java:479)
	at org.springframework.security.web.ObservationFilterChainDecorator$AroundFilterObservation$SimpleAroundFilterObservation.lambda$wrap$1(ObservationFilterChainDecorator.java:340)
	at org.springframework.security.web.ObservationFilterChainDecorator.lambda$wrapSecured$0(ObservationFilterChainDecorator.java:82)
	at org.springframework.security.web.ObservationFilterChainDecorator$VirtualFilterChain.doFilter(ObservationFilterChainDecorator.java:128)
	at org.springframework.security.web.access.intercept.AuthorizationFilter.doFilter(AuthorizationFilter.java:100)
	at org.springframework.security.web.ObservationFilterChainDecorator$ObservationFilter.wrapFilter(ObservationFilterChainDecorator.java:240)
	at org.springframework.security.web.ObservationFilterChainDecorator$ObservationFilter.doFilter(ObservationFilterChainDecorator.java:227)
	at org.springframework.security.web.ObservationFilterChainDecorator$VirtualFilterChain.doFilter(ObservationFilterChainDecorator.java:137)
	at org.springframework.security.web.access.ExceptionTranslationFilter.doFilter(ExceptionTranslationFilter.java:126)
	at org.springframework.security.web.access.ExceptionTranslationFilter.doFilter(ExceptionTranslationFilter.java:120)
	at org.springframework.security.web.ObservationFilterChainDecorator$ObservationFilter.wrapFilter(ObservationFilterChainDecorator.java:240)
	at org.springframework.security.web.ObservationFilterChainDecorator$ObservationFilter.doFilter(ObservationFilterChainDecorator.java:227)
	at org.springframework.security.web.ObservationFilterChainDecorator$VirtualFilterChain.doFilter(ObservationFilterChainDecorator.java:137)
	at org.springframework.security.web.authentication.AnonymousAuthenticationFilter.doFilter(AnonymousAuthenticationFilter.java:100)
	at org.springframework.security.web.ObservationFilterChainDecorator$ObservationFilter.wrapFilter(ObservationFilterChainDecorator.java:240)
	at org.springframework.security.web.ObservationFilterChainDecorator$ObservationFilter.doFilter(ObservationFilterChainDecorator.java:227)
	at org.springframework.security.web.ObservationFilterChainDecorator$VirtualFilterChain.doFilter(ObservationFilterChainDecorator.java:137)
	at org.springframework.security.web.servletapi.SecurityContextHolderAwareRequestFilter.doFilter(SecurityContextHolderAwareRequestFilter.java:179)
	at org.springframework.security.web.ObservationFilterChainDecorator$ObservationFilter.wrapFilter(ObservationFilterChainDecorator.java:240)
	at org.springframework.security.web.ObservationFilterChainDecorator$ObservationFilter.doFilter(ObservationFilterChainDecorator.java:227)
	at org.springframework.security.web.ObservationFilterChainDecorator$VirtualFilterChain.doFilter(ObservationFilterChainDecorator.java:137)
	at org.springframework.security.web.savedrequest.RequestCacheAwareFilter.doFilter(RequestCacheAwareFilter.java:63)
	at org.springframework.security.web.ObservationFilterChainDecorator$ObservationFilter.wrapFilter(ObservationFilterChainDecorator.java:240)
	at org.springframework.security.web.ObservationFilterChainDecorator$ObservationFilter.doFilter(ObservationFilterChainDecorator.java:227)
	at org.springframework.security.web.ObservationFilterChainDecorator$VirtualFilterChain.doFilter(ObservationFilterChainDecorator.java:137)
	at org.springframework.security.web.authentication.www.BasicAuthenticationFilter.doFilterInternal(BasicAuthenticationFilter.java:181)
	at org.springframework.web.filter.OncePerRequestFilter.doFilter(OncePerRequestFilter.java:116)
	at org.springframework.security.web.ObservationFilterChainDecorator$ObservationFilter.wrapFilter(ObservationFilterChainDecorator.java:240)
	at org.springframework.security.web.ObservationFilterChainDecorator$ObservationFilter.doFilter(ObservationFilterChainDecorator.java:227)
	at org.springframework.security.web.ObservationFilterChainDecorator$VirtualFilterChain.doFilter(ObservationFilterChainDecorator.java:137)
	at org.springframework.security.web.csrf.CsrfFilter.doFilterInternal(CsrfFilter.java:117)
	at org.springframework.web.filter.OncePerRequestFilter.doFilter(OncePerRequestFilter.java:116)
	at org.springframework.security.web.ObservationFilterChainDecorator$ObservationFilter.wrapFilter(ObservationFilterChainDecorator.java:240)
	at org.springframework.security.web.ObservationFilterChainDecorator$ObservationFilter.doFilter(ObservationFilterChainDecorator.java:227)
	at org.springframework.security.web.ObservationFilterChainDecorator$VirtualFilterChain.doFilter(ObservationFilterChainDecorator.java:137)
	at org.springframework.security.web.header.HeaderWriterFilter.doHeadersAfter(HeaderWriterFilter.java:90)
	at org.springframework.security.web.header.HeaderWriterFilter.doFilterInternal(HeaderWriterFilter.java:75)
	at org.springframework.web.filter.OncePerRequestFilter.doFilter(OncePerRequestFilter.java:116)
	at org.springframework.security.web.ObservationFilterChainDecorator$ObservationFilter.wrapFilter(ObservationFilterChainDecorator.java:240)
	at org.springframework.security.web.ObservationFilterChainDecorator$ObservationFilter.doFilter(ObservationFilterChainDecorator.java:227)
	at org.springframework.security.web.ObservationFilterChainDecorator$VirtualFilterChain.doFilter(ObservationFilterChainDecorator.java:137)
	at org.springframework.security.web.context.SecurityContextHolderFilter.doFilter(SecurityContextHolderFilter.java:82)
	at org.springframework.security.web.context.SecurityContextHolderFilter.doFilter(SecurityContextHolderFilter.java:69)
	at org.springframework.security.web.ObservationFilterChainDecorator$ObservationFilter.wrapFilter(ObservationFilterChainDecorator.java:240)
	at org.springframework.security.web.ObservationFilterChainDecorator$ObservationFilter.doFilter(ObservationFilterChainDecorator.java:227)
	at org.springframework.security.web.ObservationFilterChainDecorator$VirtualFilterChain.doFilter(ObservationFilterChainDecorator.java:137)
	at org.springframework.security.web.context.request.async.WebAsyncManagerIntegrationFilter.doFilterInternal(WebAsyncManagerIntegrationFilter.java:62)
	at org.springframework.web.filter.OncePerRequestFilter.doFilter(OncePerRequestFilter.java:116)
	at org.springframework.security.web.ObservationFilterChainDecorator$ObservationFilter.wrapFilter(ObservationFilterChainDecorator.java:240)
	at org.springframework.security.web.ObservationFilterChainDecorator$ObservationFilter.doFilter(ObservationFilterChainDecorator.java:227)
	at org.springframework.security.web.ObservationFilterChainDecorator$VirtualFilterChain.doFilter(ObservationFilterChainDecorator.java:137)
	at org.springframework.security.web.session.DisableEncodeUrlFilter.doFilterInternal(DisableEncodeUrlFilter.java:42)
	at org.springframework.web.filter.OncePerRequestFilter.doFilter(OncePerRequestFilter.java:116)
	at org.springframework.security.web.ObservationFilterChainDecorator$ObservationFilter.wrapFilter(ObservationFilterChainDecorator.java:240)
	at org.springframework.security.web.ObservationFilterChainDecorator$AroundFilterObservation$SimpleAroundFilterObservation.lambda$wrap$0(ObservationFilterChainDecorator.java:323)
	at org.springframework.security.web.ObservationFilterChainDecorator$ObservationFilter.doFilter(ObservationFilterChainDecorator.java:224)
	at org.springframework.security.web.ObservationFilterChainDecorator$VirtualFilterChain.doFilter(ObservationFilterChainDecorator.java:137)
	at org.springframework.security.web.FilterChainProxy.doFilterInternal(FilterChainProxy.java:233)
	at org.springframework.security.web.FilterChainProxy.doFilter(FilterChainProxy.java:191)
	at org.springframework.web.filter.CompositeFilter$VirtualFilterChain.doFilter(CompositeFilter.java:113)
	at org.springframework.web.servlet.handler.HandlerMappingIntrospector.lambda$createCacheFilter$3(HandlerMappingIntrospector.java:195)
	at org.springframework.web.filter.CompositeFilter$VirtualFilterChain.doFilter(CompositeFilter.java:113)
	at org.springframework.web.filter.CompositeFilter.doFilter(CompositeFilter.java:74)
	at org.springframework.security.config.annotation.web.configuration.WebMvcSecurityConfiguration$CompositeFilterChainProxy.doFilter(WebMvcSecurityConfiguration.java:230)
	at org.springframework.web.filter.DelegatingFilterProxy.invokeDelegate(DelegatingFilterProxy.java:362)
	at org.springframework.web.filter.DelegatingFilterProxy.doFilter(DelegatingFilterProxy.java:278)
	at org.apache.catalina.core.ApplicationFilterChain.internalDoFilter(ApplicationFilterChain.java:164)
	at org.apache.catalina.core.ApplicationFilterChain.doFilter(ApplicationFilterChain.java:140)
	at org.springframework.web.filter.RequestContextFilter.doFilterInternal(RequestContextFilter.java:100)
	at org.springframework.web.filter.OncePerRequestFilter.doFilter(OncePerRequestFilter.java:116)
	at org.apache.catalina.core.ApplicationFilterChain.internalDoFilter(ApplicationFilterChain.java:164)
	at org.apache.catalina.core.ApplicationFilterChain.doFilter(ApplicationFilterChain.java:140)
	at org.springframework.web.filter.FormContentFilter.doFilterInternal(FormContentFilter.java:93)
	at org.springframework.web.filter.OncePerRequestFilter.doFilter(OncePerRequestFilter.java:116)
	at org.apache.catalina.core.ApplicationFilterChain.internalDoFilter(ApplicationFilterChain.java:164)
	at org.apache.catalina.core.ApplicationFilterChain.doFilter(ApplicationFilterChain.java:140)
	at org.springframework.web.filter.ServerHttpObservationFilter.doFilterInternal(ServerHttpObservationFilter.java:113)
	at org.springframework.web.filter.OncePerRequestFilter.doFilter(OncePerRequestFilter.java:116)
	at org.apache.catalina.core.ApplicationFilterChain.internalDoFilter(ApplicationFilterChain.java:164)
	at org.apache.catalina.core.ApplicationFilterChain.doFilter(ApplicationFilterChain.java:140)
	at org.springframework.web.filter.CharacterEncodingFilter.doFilterInternal(CharacterEncodingFilter.java:201)
	at org.springframework.web.filter.OncePerRequestFilter.doFilter(OncePerRequestFilter.java:116)
	at org.apache.catalina.core.ApplicationFilterChain.internalDoFilter(ApplicationFilterChain.java:164)
	at org.apache.catalina.core.ApplicationFilterChain.doFilter(ApplicationFilterChain.java:140)
	at org.apache.catalina.core.StandardWrapperValve.invoke(StandardWrapperValve.java:167)
	at org.apache.catalina.core.StandardContextValve.invoke(StandardContextValve.java:90)
	at org.apache.catalina.authenticator.AuthenticatorBase.invoke(AuthenticatorBase.java:483)
	at org.apache.catalina.core.StandardHostValve.invoke(StandardHostValve.java:115)
	at org.apache.catalina.valves.ErrorReportValve.invoke(ErrorReportValve.java:93)
	at org.apache.catalina.core.StandardEngineValve.invoke(StandardEngineValve.java:74)
	at org.apache.catalina.connector.CoyoteAdapter.service(CoyoteAdapter.java:344)
	at org.apache.coyote.http11.Http11Processor.service(Http11Processor.java:397)
	at org.apache.coyote.AbstractProcessorLight.process(AbstractProcessorLight.java:63)
	at org.apache.coyote.AbstractProtocol$ConnectionHandler.process(AbstractProtocol.java:905)
	at org.apache.tomcat.util.net.NioEndpoint$SocketProcessor.doRun(NioEndpoint.java:1741)
	at org.apache.tomcat.util.net.SocketProcessorBase.run(SocketProcessorBase.java:52)
	at org.apache.tomcat.util.threads.ThreadPoolExecutor.runWorker(ThreadPoolExecutor.java:1190)
	at org.apache.tomcat.util.threads.ThreadPoolExecutor$Worker.run(ThreadPoolExecutor.java:659)
	at org.apache.tomcat.util.threads.TaskThread$WrappingRunnable.run(TaskThread.java:63)
	at java.base/java.lang.Thread.run(Thread.java:840)
25-05-20 09:22:51.877 [http-nio-8080-exec-1] WARN  o.a.c.util.SessionIdGeneratorBase - Creation of SecureRandom instance for session ID generation using [SHA1PRNG] took [133] milliseconds.
25-05-20 09:22:51.883 [http-nio-8080-exec-1] DEBUG o.s.s.w.s.HttpSessionRequestCache - Saved request http://localhost:8080/index.html?continue to session
25-05-20 09:22:51.884 [http-nio-8080-exec-1] DEBUG o.s.s.w.a.DelegatingAuthenticationEntryPoint - Trying to match using RequestHeaderRequestMatcher [expectedHeaderName=X-Requested-With, expectedHeaderValue=XMLHttpRequest]
25-05-20 09:22:51.884 [http-nio-8080-exec-1] DEBUG o.s.s.w.a.DelegatingAuthenticationEntryPoint - No match found. Using default entry point org.springframework.security.web.authentication.www.BasicAuthenticationEntryPoint@6620c272
25-05-20 09:22:51.885 [http-nio-8080-exec-1] TRACE o.s.s.w.h.writers.HstsHeaderWriter - Not injecting HSTS header since it did not match request to [Is Secure]
25-05-20 09:22:51.892 [http-nio-8080-exec-1] TRACE o.s.security.web.FilterChainProxy - Trying to match request against DefaultSecurityFilterChain [RequestMatcher=any request, Filters=[org.springframework.security.web.session.DisableEncodeUrlFilter@117900e, org.springframework.security.web.context.request.async.WebAsyncManagerIntegrationFilter@65008f38, org.springframework.security.web.context.SecurityContextHolderFilter@71b9b035, org.springframework.security.web.header.HeaderWriterFilter@72f112d1, org.springframework.security.web.csrf.CsrfFilter@5f49c09d, org.springframework.security.web.authentication.www.BasicAuthenticationFilter@75f3c0c9, org.springframework.security.web.savedrequest.RequestCacheAwareFilter@5fc3b20b, org.springframework.security.web.servletapi.SecurityContextHolderAwareRequestFilter@10e542f3, org.springframework.security.web.authentication.AnonymousAuthenticationFilter@47e83647, org.springframework.security.web.access.ExceptionTranslationFilter@233d40da, org.springframework.security.web.access.intercept.AuthorizationFilter@4dd31687]] (1/1)
25-05-20 09:22:51.892 [http-nio-8080-exec-1] DEBUG o.s.security.web.FilterChainProxy - Securing GET /error
25-05-20 09:22:51.892 [http-nio-8080-exec-1] TRACE o.s.security.web.FilterChainProxy - Invoking DisableEncodeUrlFilter (1/11)
25-05-20 09:22:51.892 [http-nio-8080-exec-1] TRACE o.s.security.web.FilterChainProxy - Invoking WebAsyncManagerIntegrationFilter (2/11)
25-05-20 09:22:51.892 [http-nio-8080-exec-1] TRACE o.s.security.web.FilterChainProxy - Invoking SecurityContextHolderFilter (3/11)
25-05-20 09:22:51.892 [http-nio-8080-exec-1] TRACE o.s.security.web.FilterChainProxy - Invoking HeaderWriterFilter (4/11)
25-05-20 09:22:51.894 [http-nio-8080-exec-1] TRACE o.s.security.web.FilterChainProxy - Invoking CsrfFilter (5/11)
25-05-20 09:22:51.894 [http-nio-8080-exec-1] TRACE o.s.security.web.FilterChainProxy - Invoking BasicAuthenticationFilter (6/11)
25-05-20 09:22:51.894 [http-nio-8080-exec-1] TRACE o.s.security.web.FilterChainProxy - Invoking RequestCacheAwareFilter (7/11)
25-05-20 09:22:51.894 [http-nio-8080-exec-1] TRACE o.s.s.w.s.HttpSessionRequestCache - matchingRequestParameterName is required for getMatchingRequest to lookup a value, but not provided
25-05-20 09:22:51.894 [http-nio-8080-exec-1] TRACE o.s.security.web.FilterChainProxy - Invoking SecurityContextHolderAwareRequestFilter (8/11)
25-05-20 09:22:51.894 [http-nio-8080-exec-1] TRACE o.s.security.web.FilterChainProxy - Invoking AnonymousAuthenticationFilter (9/11)
25-05-20 09:22:51.894 [http-nio-8080-exec-1] TRACE o.s.security.web.FilterChainProxy - Invoking ExceptionTranslationFilter (10/11)
25-05-20 09:22:51.895 [http-nio-8080-exec-1] TRACE o.s.security.web.FilterChainProxy - Invoking AuthorizationFilter (11/11)
25-05-20 09:22:51.895 [http-nio-8080-exec-1] TRACE o.s.s.w.a.i.RequestMatcherDelegatingAuthorizationManager - Authorizing GET /error
25-05-20 09:22:51.895 [http-nio-8080-exec-1] TRACE o.s.s.w.a.i.RequestMatcherDelegatingAuthorizationManager - Checking authorization on GET /error using org.springframework.security.authorization.AuthenticatedAuthorizationManager@61ad3f8a
25-05-20 09:22:51.895 [http-nio-8080-exec-1] TRACE o.s.s.w.c.HttpSessionSecurityContextRepository - Did not find SecurityContext in HttpSession 5CF529F030913A444D7BEC82ABE83F91 using the SPRING_SECURITY_CONTEXT session attribute
25-05-20 09:22:51.895 [http-nio-8080-exec-1] TRACE o.s.s.w.c.SupplierDeferredSecurityContext - Created SecurityContextImpl [Null authentication]
25-05-20 09:22:51.895 [http-nio-8080-exec-1] TRACE o.s.s.w.c.SupplierDeferredSecurityContext - Created SecurityContextImpl [Null authentication]
25-05-20 09:22:51.895 [http-nio-8080-exec-1] TRACE o.s.s.w.a.AnonymousAuthenticationFilter - Set SecurityContextHolder to AnonymousAuthenticationToken [Principal=anonymousUser, Credentials=[PROTECTED], Authenticated=true, Details=WebAuthenticationDetails [RemoteIpAddress=0:0:0:0:0:0:0:1, SessionId=5CF529F030913A444D7BEC82ABE83F91], Granted Authorities=[ROLE_ANONYMOUS]]
25-05-20 09:22:51.896 [http-nio-8080-exec-1] TRACE o.s.s.w.a.ExceptionTranslationFilter - Sending AnonymousAuthenticationToken [Principal=anonymousUser, Credentials=[PROTECTED], Authenticated=true, Details=WebAuthenticationDetails [RemoteIpAddress=0:0:0:0:0:0:0:1, SessionId=5CF529F030913A444D7BEC82ABE83F91], Granted Authorities=[ROLE_ANONYMOUS]] to authentication entry point since access is denied
org.springframework.security.access.AccessDeniedException: Access Denied
	at org.springframework.security.web.access.intercept.AuthorizationFilter.doFilter(AuthorizationFilter.java:98)
	at org.springframework.security.web.ObservationFilterChainDecorator$ObservationFilter.wrapFilter(ObservationFilterChainDecorator.java:240)
	at org.springframework.security.web.ObservationFilterChainDecorator$ObservationFilter.doFilter(ObservationFilterChainDecorator.java:227)
	at org.springframework.security.web.ObservationFilterChainDecorator$VirtualFilterChain.doFilter(ObservationFilterChainDecorator.java:137)
	at org.springframework.security.web.access.ExceptionTranslationFilter.doFilter(ExceptionTranslationFilter.java:126)
	at org.springframework.security.web.access.ExceptionTranslationFilter.doFilter(ExceptionTranslationFilter.java:120)
	at org.springframework.security.web.ObservationFilterChainDecorator$ObservationFilter.wrapFilter(ObservationFilterChainDecorator.java:240)
	at org.springframework.security.web.ObservationFilterChainDecorator$ObservationFilter.doFilter(ObservationFilterChainDecorator.java:227)
	at org.springframework.security.web.ObservationFilterChainDecorator$VirtualFilterChain.doFilter(ObservationFilterChainDecorator.java:137)
	at org.springframework.security.web.authentication.AnonymousAuthenticationFilter.doFilter(AnonymousAuthenticationFilter.java:100)
	at org.springframework.security.web.ObservationFilterChainDecorator$ObservationFilter.wrapFilter(ObservationFilterChainDecorator.java:240)
	at org.springframework.security.web.ObservationFilterChainDecorator$ObservationFilter.doFilter(ObservationFilterChainDecorator.java:227)
	at org.springframework.security.web.ObservationFilterChainDecorator$VirtualFilterChain.doFilter(ObservationFilterChainDecorator.java:137)
	at org.springframework.security.web.servletapi.SecurityContextHolderAwareRequestFilter.doFilter(SecurityContextHolderAwareRequestFilter.java:179)
	at org.springframework.security.web.ObservationFilterChainDecorator$ObservationFilter.wrapFilter(ObservationFilterChainDecorator.java:240)
	at org.springframework.security.web.ObservationFilterChainDecorator$ObservationFilter.doFilter(ObservationFilterChainDecorator.java:227)
	at org.springframework.security.web.ObservationFilterChainDecorator$VirtualFilterChain.doFilter(ObservationFilterChainDecorator.java:137)
	at org.springframework.security.web.savedrequest.RequestCacheAwareFilter.doFilter(RequestCacheAwareFilter.java:63)
	at org.springframework.security.web.ObservationFilterChainDecorator$ObservationFilter.wrapFilter(ObservationFilterChainDecorator.java:240)
	at org.springframework.security.web.ObservationFilterChainDecorator$ObservationFilter.doFilter(ObservationFilterChainDecorator.java:227)
	at org.springframework.security.web.ObservationFilterChainDecorator$VirtualFilterChain.doFilter(ObservationFilterChainDecorator.java:137)
	at org.springframework.web.filter.OncePerRequestFilter.doFilter(OncePerRequestFilter.java:101)
	at org.springframework.security.web.ObservationFilterChainDecorator$ObservationFilter.wrapFilter(ObservationFilterChainDecorator.java:240)
	at org.springframework.security.web.ObservationFilterChainDecorator$ObservationFilter.doFilter(ObservationFilterChainDecorator.java:227)
	at org.springframework.security.web.ObservationFilterChainDecorator$VirtualFilterChain.doFilter(ObservationFilterChainDecorator.java:137)
	at org.springframework.web.filter.OncePerRequestFilter.doFilter(OncePerRequestFilter.java:101)
	at org.springframework.security.web.ObservationFilterChainDecorator$ObservationFilter.wrapFilter(ObservationFilterChainDecorator.java:240)
	at org.springframework.security.web.ObservationFilterChainDecorator$ObservationFilter.doFilter(ObservationFilterChainDecorator.java:227)
	at org.springframework.security.web.ObservationFilterChainDecorator$VirtualFilterChain.doFilter(ObservationFilterChainDecorator.java:137)
	at org.springframework.web.filter.OncePerRequestFilter.doFilter(OncePerRequestFilter.java:101)
	at org.springframework.security.web.ObservationFilterChainDecorator$ObservationFilter.wrapFilter(ObservationFilterChainDecorator.java:240)
	at org.springframework.security.web.ObservationFilterChainDecorator$ObservationFilter.doFilter(ObservationFilterChainDecorator.java:227)
	at org.springframework.security.web.ObservationFilterChainDecorator$VirtualFilterChain.doFilter(ObservationFilterChainDecorator.java:137)
	at org.springframework.security.web.context.SecurityContextHolderFilter.doFilter(SecurityContextHolderFilter.java:82)
	at org.springframework.security.web.context.SecurityContextHolderFilter.doFilter(SecurityContextHolderFilter.java:69)
	at org.springframework.security.web.ObservationFilterChainDecorator$ObservationFilter.wrapFilter(ObservationFilterChainDecorator.java:240)
	at org.springframework.security.web.ObservationFilterChainDecorator$ObservationFilter.doFilter(ObservationFilterChainDecorator.java:227)
	at org.springframework.security.web.ObservationFilterChainDecorator$VirtualFilterChain.doFilter(ObservationFilterChainDecorator.java:137)
	at org.springframework.web.filter.OncePerRequestFilter.doFilter(OncePerRequestFilter.java:101)
	at org.springframework.security.web.ObservationFilterChainDecorator$ObservationFilter.wrapFilter(ObservationFilterChainDecorator.java:240)
	at org.springframework.security.web.ObservationFilterChainDecorator$ObservationFilter.doFilter(ObservationFilterChainDecorator.java:227)
	at org.springframework.security.web.ObservationFilterChainDecorator$VirtualFilterChain.doFilter(ObservationFilterChainDecorator.java:137)
	at org.springframework.web.filter.OncePerRequestFilter.doFilter(OncePerRequestFilter.java:101)
	at org.springframework.security.web.ObservationFilterChainDecorator$ObservationFilter.wrapFilter(ObservationFilterChainDecorator.java:240)
	at org.springframework.security.web.ObservationFilterChainDecorator$AroundFilterObservation$SimpleAroundFilterObservation.lambda$wrap$0(ObservationFilterChainDecorator.java:323)
	at org.springframework.security.web.ObservationFilterChainDecorator$ObservationFilter.doFilter(ObservationFilterChainDecorator.java:224)
	at org.springframework.security.web.ObservationFilterChainDecorator$VirtualFilterChain.doFilter(ObservationFilterChainDecorator.java:137)
	at org.springframework.security.web.FilterChainProxy.doFilterInternal(FilterChainProxy.java:233)
	at org.springframework.security.web.FilterChainProxy.doFilter(FilterChainProxy.java:191)
	at org.springframework.web.filter.CompositeFilter$VirtualFilterChain.doFilter(CompositeFilter.java:113)
	at org.springframework.web.servlet.handler.HandlerMappingIntrospector.lambda$createCacheFilter$3(HandlerMappingIntrospector.java:195)
	at org.springframework.web.filter.CompositeFilter$VirtualFilterChain.doFilter(CompositeFilter.java:113)
	at org.springframework.web.filter.CompositeFilter.doFilter(CompositeFilter.java:74)
	at org.springframework.security.config.annotation.web.configuration.WebMvcSecurityConfiguration$CompositeFilterChainProxy.doFilter(WebMvcSecurityConfiguration.java:230)
	at org.springframework.web.filter.DelegatingFilterProxy.invokeDelegate(DelegatingFilterProxy.java:362)
	at org.springframework.web.filter.DelegatingFilterProxy.doFilter(DelegatingFilterProxy.java:278)
	at org.apache.catalina.core.ApplicationFilterChain.internalDoFilter(ApplicationFilterChain.java:164)
	at org.apache.catalina.core.ApplicationFilterChain.doFilter(ApplicationFilterChain.java:140)
	at org.springframework.web.filter.RequestContextFilter.doFilterInternal(RequestContextFilter.java:100)
	at org.springframework.web.filter.OncePerRequestFilter.doFilter(OncePerRequestFilter.java:116)
	at org.apache.catalina.core.ApplicationFilterChain.internalDoFilter(ApplicationFilterChain.java:164)
	at org.apache.catalina.core.ApplicationFilterChain.doFilter(ApplicationFilterChain.java:140)
	at org.springframework.web.filter.OncePerRequestFilter.doFilter(OncePerRequestFilter.java:101)
	at org.apache.catalina.core.ApplicationFilterChain.internalDoFilter(ApplicationFilterChain.java:164)
	at org.apache.catalina.core.ApplicationFilterChain.doFilter(ApplicationFilterChain.java:140)
	at org.springframework.web.filter.OncePerRequestFilter.doFilter(OncePerRequestFilter.java:101)
	at org.apache.catalina.core.ApplicationFilterChain.internalDoFilter(ApplicationFilterChain.java:164)
	at org.apache.catalina.core.ApplicationFilterChain.doFilter(ApplicationFilterChain.java:140)
	at org.apache.catalina.core.ApplicationDispatcher.invoke(ApplicationDispatcher.java:632)
	at org.apache.catalina.core.ApplicationDispatcher.processRequest(ApplicationDispatcher.java:410)
	at org.apache.catalina.core.ApplicationDispatcher.doForward(ApplicationDispatcher.java:330)
	at org.apache.catalina.core.ApplicationDispatcher.forward(ApplicationDispatcher.java:267)
	at org.apache.catalina.core.StandardHostValve.custom(StandardHostValve.java:362)
	at org.apache.catalina.core.StandardHostValve.status(StandardHostValve.java:222)
	at org.apache.catalina.core.StandardHostValve.invoke(StandardHostValve.java:151)
	at org.apache.catalina.valves.ErrorReportValve.invoke(ErrorReportValve.java:93)
	at org.apache.catalina.core.StandardEngineValve.invoke(StandardEngineValve.java:74)
	at org.apache.catalina.connector.CoyoteAdapter.service(CoyoteAdapter.java:344)
	at org.apache.coyote.http11.Http11Processor.service(Http11Processor.java:397)
	at org.apache.coyote.AbstractProcessorLight.process(AbstractProcessorLight.java:63)
	at org.apache.coyote.AbstractProtocol$ConnectionHandler.process(AbstractProtocol.java:905)
	at org.apache.tomcat.util.net.NioEndpoint$SocketProcessor.doRun(NioEndpoint.java:1741)
	at org.apache.tomcat.util.net.SocketProcessorBase.run(SocketProcessorBase.java:52)
	at org.apache.tomcat.util.threads.ThreadPoolExecutor.runWorker(ThreadPoolExecutor.java:1190)
	at org.apache.tomcat.util.threads.ThreadPoolExecutor$Worker.run(ThreadPoolExecutor.java:659)
	at org.apache.tomcat.util.threads.TaskThread$WrappingRunnable.run(TaskThread.java:63)
	at java.base/java.lang.Thread.run(Thread.java:840)
25-05-20 09:22:51.897 [http-nio-8080-exec-1] DEBUG o.s.s.w.s.HttpSessionRequestCache - Saved request http://localhost:8080/error?continue to session
25-05-20 09:22:51.897 [http-nio-8080-exec-1] DEBUG o.s.s.w.a.DelegatingAuthenticationEntryPoint - Trying to match using RequestHeaderRequestMatcher [expectedHeaderName=X-Requested-With, expectedHeaderValue=XMLHttpRequest]
25-05-20 09:22:51.897 [http-nio-8080-exec-1] DEBUG o.s.s.w.a.DelegatingAuthenticationEntryPoint - No match found. Using default entry point org.springframework.security.web.authentication.www.BasicAuthenticationEntryPoint@6620c272
25-05-20 09:23:18.239 [http-nio-8080-exec-4] TRACE o.s.security.web.FilterChainProxy - Trying to match request against DefaultSecurityFilterChain [RequestMatcher=any request, Filters=[org.springframework.security.web.session.DisableEncodeUrlFilter@117900e, org.springframework.security.web.context.request.async.WebAsyncManagerIntegrationFilter@65008f38, org.springframework.security.web.context.SecurityContextHolderFilter@71b9b035, org.springframework.security.web.header.HeaderWriterFilter@72f112d1, org.springframework.security.web.csrf.CsrfFilter@5f49c09d, org.springframework.security.web.authentication.www.BasicAuthenticationFilter@75f3c0c9, org.springframework.security.web.savedrequest.RequestCacheAwareFilter@5fc3b20b, org.springframework.security.web.servletapi.SecurityContextHolderAwareRequestFilter@10e542f3, org.springframework.security.web.authentication.AnonymousAuthenticationFilter@47e83647, org.springframework.security.web.access.ExceptionTranslationFilter@233d40da, org.springframework.security.web.access.intercept.AuthorizationFilter@4dd31687]] (1/1)
25-05-20 09:23:18.240 [http-nio-8080-exec-4] DEBUG o.s.security.web.FilterChainProxy - Securing GET /
25-05-20 09:23:18.240 [http-nio-8080-exec-4] TRACE o.s.security.web.FilterChainProxy - Invoking DisableEncodeUrlFilter (1/11)
25-05-20 09:23:18.240 [http-nio-8080-exec-4] TRACE o.s.security.web.FilterChainProxy - Invoking WebAsyncManagerIntegrationFilter (2/11)
25-05-20 09:23:18.242 [http-nio-8080-exec-4] TRACE o.s.security.web.FilterChainProxy - Invoking SecurityContextHolderFilter (3/11)
25-05-20 09:23:18.242 [http-nio-8080-exec-4] TRACE o.s.security.web.FilterChainProxy - Invoking HeaderWriterFilter (4/11)
25-05-20 09:23:18.242 [http-nio-8080-exec-4] TRACE o.s.security.web.FilterChainProxy - Invoking CsrfFilter (5/11)
25-05-20 09:23:18.243 [http-nio-8080-exec-4] TRACE o.s.security.web.csrf.CsrfFilter - Did not protect against CSRF since request did not match CsrfNotRequired [TRACE, HEAD, GET, OPTIONS]
25-05-20 09:23:18.243 [http-nio-8080-exec-4] TRACE o.s.security.web.FilterChainProxy - Invoking BasicAuthenticationFilter (6/11)
25-05-20 09:23:18.246 [http-nio-8080-exec-4] TRACE o.s.s.w.a.w.BasicAuthenticationFilter - Found username 'test1@example.com' in Basic Authorization header
25-05-20 09:23:18.246 [http-nio-8080-exec-4] TRACE o.s.s.w.c.HttpSessionSecurityContextRepository - Did not find SecurityContext in HttpSession 5CF529F030913A444D7BEC82ABE83F91 using the SPRING_SECURITY_CONTEXT session attribute
25-05-20 09:23:18.247 [http-nio-8080-exec-4] TRACE o.s.s.w.c.SupplierDeferredSecurityContext - Created SecurityContextImpl [Null authentication]
25-05-20 09:23:18.247 [http-nio-8080-exec-4] TRACE o.s.s.w.c.SupplierDeferredSecurityContext - Created SecurityContextImpl [Null authentication]
25-05-20 09:23:18.250 [http-nio-8080-exec-4] TRACE o.s.s.authentication.ProviderManager - Authenticating request with DaoAuthenticationProvider (1/1)
25-05-20 09:23:18.438 [http-nio-8080-exec-4] DEBUG o.s.s.a.d.DaoAuthenticationProvider - Failed to find user 'test1@example.com'
25-05-20 09:23:18.439 [http-nio-8080-exec-4] DEBUG o.s.s.w.a.w.BasicAuthenticationFilter - Failed to process authentication request
org.springframework.security.authentication.BadCredentialsException: 자격 증명에 실패하였습니다.
	at org.springframework.security.authentication.dao.AbstractUserDetailsAuthenticationProvider.authenticate(AbstractUserDetailsAuthenticationProvider.java:141)
	at org.springframework.security.authentication.ProviderManager.authenticate(ProviderManager.java:182)
	at org.springframework.security.authentication.ProviderManager.authenticate(ProviderManager.java:201)
	at org.springframework.security.authentication.ObservationAuthenticationManager.lambda$authenticate$1(ObservationAuthenticationManager.java:54)
	at io.micrometer.observation.Observation.observe(Observation.java:565)
	at org.springframework.security.authentication.ObservationAuthenticationManager.authenticate(ObservationAuthenticationManager.java:53)
	at org.springframework.security.web.authentication.www.BasicAuthenticationFilter.doFilterInternal(BasicAuthenticationFilter.java:187)
	at org.springframework.web.filter.OncePerRequestFilter.doFilter(OncePerRequestFilter.java:116)
	at org.springframework.security.web.ObservationFilterChainDecorator$ObservationFilter.wrapFilter(ObservationFilterChainDecorator.java:240)
	at org.springframework.security.web.ObservationFilterChainDecorator$ObservationFilter.doFilter(ObservationFilterChainDecorator.java:227)
	at org.springframework.security.web.ObservationFilterChainDecorator$VirtualFilterChain.doFilter(ObservationFilterChainDecorator.java:137)
	at org.springframework.security.web.csrf.CsrfFilter.doFilterInternal(CsrfFilter.java:117)
	at org.springframework.web.filter.OncePerRequestFilter.doFilter(OncePerRequestFilter.java:116)
	at org.springframework.security.web.ObservationFilterChainDecorator$ObservationFilter.wrapFilter(ObservationFilterChainDecorator.java:240)
	at org.springframework.security.web.ObservationFilterChainDecorator$ObservationFilter.doFilter(ObservationFilterChainDecorator.java:227)
	at org.springframework.security.web.ObservationFilterChainDecorator$VirtualFilterChain.doFilter(ObservationFilterChainDecorator.java:137)
	at org.springframework.security.web.header.HeaderWriterFilter.doHeadersAfter(HeaderWriterFilter.java:90)
	at org.springframework.security.web.header.HeaderWriterFilter.doFilterInternal(HeaderWriterFilter.java:75)
	at org.springframework.web.filter.OncePerRequestFilter.doFilter(OncePerRequestFilter.java:116)
	at org.springframework.security.web.ObservationFilterChainDecorator$ObservationFilter.wrapFilter(ObservationFilterChainDecorator.java:240)
	at org.springframework.security.web.ObservationFilterChainDecorator$ObservationFilter.doFilter(ObservationFilterChainDecorator.java:227)
	at org.springframework.security.web.ObservationFilterChainDecorator$VirtualFilterChain.doFilter(ObservationFilterChainDecorator.java:137)
	at org.springframework.security.web.context.SecurityContextHolderFilter.doFilter(SecurityContextHolderFilter.java:82)
	at org.springframework.security.web.context.SecurityContextHolderFilter.doFilter(SecurityContextHolderFilter.java:69)
	at org.springframework.security.web.ObservationFilterChainDecorator$ObservationFilter.wrapFilter(ObservationFilterChainDecorator.java:240)
	at org.springframework.security.web.ObservationFilterChainDecorator$ObservationFilter.doFilter(ObservationFilterChainDecorator.java:227)
	at org.springframework.security.web.ObservationFilterChainDecorator$VirtualFilterChain.doFilter(ObservationFilterChainDecorator.java:137)
	at org.springframework.security.web.context.request.async.WebAsyncManagerIntegrationFilter.doFilterInternal(WebAsyncManagerIntegrationFilter.java:62)
	at org.springframework.web.filter.OncePerRequestFilter.doFilter(OncePerRequestFilter.java:116)
	at org.springframework.security.web.ObservationFilterChainDecorator$ObservationFilter.wrapFilter(ObservationFilterChainDecorator.java:240)
	at org.springframework.security.web.ObservationFilterChainDecorator$ObservationFilter.doFilter(ObservationFilterChainDecorator.java:227)
	at org.springframework.security.web.ObservationFilterChainDecorator$VirtualFilterChain.doFilter(ObservationFilterChainDecorator.java:137)
	at org.springframework.security.web.session.DisableEncodeUrlFilter.doFilterInternal(DisableEncodeUrlFilter.java:42)
	at org.springframework.web.filter.OncePerRequestFilter.doFilter(OncePerRequestFilter.java:116)
	at org.springframework.security.web.ObservationFilterChainDecorator$ObservationFilter.wrapFilter(ObservationFilterChainDecorator.java:240)
	at org.springframework.security.web.ObservationFilterChainDecorator$AroundFilterObservation$SimpleAroundFilterObservation.lambda$wrap$0(ObservationFilterChainDecorator.java:323)
	at org.springframework.security.web.ObservationFilterChainDecorator$ObservationFilter.doFilter(ObservationFilterChainDecorator.java:224)
	at org.springframework.security.web.ObservationFilterChainDecorator$VirtualFilterChain.doFilter(ObservationFilterChainDecorator.java:137)
	at org.springframework.security.web.FilterChainProxy.doFilterInternal(FilterChainProxy.java:233)
	at org.springframework.security.web.FilterChainProxy.doFilter(FilterChainProxy.java:191)
	at org.springframework.web.filter.CompositeFilter$VirtualFilterChain.doFilter(CompositeFilter.java:113)
	at org.springframework.web.servlet.handler.HandlerMappingIntrospector.lambda$createCacheFilter$3(HandlerMappingIntrospector.java:195)
	at org.springframework.web.filter.CompositeFilter$VirtualFilterChain.doFilter(CompositeFilter.java:113)
	at org.springframework.web.filter.CompositeFilter.doFilter(CompositeFilter.java:74)
	at org.springframework.security.config.annotation.web.configuration.WebMvcSecurityConfiguration$CompositeFilterChainProxy.doFilter(WebMvcSecurityConfiguration.java:230)
	at org.springframework.web.filter.DelegatingFilterProxy.invokeDelegate(DelegatingFilterProxy.java:362)
	at org.springframework.web.filter.DelegatingFilterProxy.doFilter(DelegatingFilterProxy.java:278)
	at org.apache.catalina.core.ApplicationFilterChain.internalDoFilter(ApplicationFilterChain.java:164)
	at org.apache.catalina.core.ApplicationFilterChain.doFilter(ApplicationFilterChain.java:140)
	at org.springframework.web.filter.RequestContextFilter.doFilterInternal(RequestContextFilter.java:100)
	at org.springframework.web.filter.OncePerRequestFilter.doFilter(OncePerRequestFilter.java:116)
	at org.apache.catalina.core.ApplicationFilterChain.internalDoFilter(ApplicationFilterChain.java:164)
	at org.apache.catalina.core.ApplicationFilterChain.doFilter(ApplicationFilterChain.java:140)
	at org.springframework.web.filter.FormContentFilter.doFilterInternal(FormContentFilter.java:93)
	at org.springframework.web.filter.OncePerRequestFilter.doFilter(OncePerRequestFilter.java:116)
	at org.apache.catalina.core.ApplicationFilterChain.internalDoFilter(ApplicationFilterChain.java:164)
	at org.apache.catalina.core.ApplicationFilterChain.doFilter(ApplicationFilterChain.java:140)
	at org.springframework.web.filter.ServerHttpObservationFilter.doFilterInternal(ServerHttpObservationFilter.java:113)
	at org.springframework.web.filter.OncePerRequestFilter.doFilter(OncePerRequestFilter.java:116)
	at org.apache.catalina.core.ApplicationFilterChain.internalDoFilter(ApplicationFilterChain.java:164)
	at org.apache.catalina.core.ApplicationFilterChain.doFilter(ApplicationFilterChain.java:140)
	at org.springframework.web.filter.CharacterEncodingFilter.doFilterInternal(CharacterEncodingFilter.java:201)
	at org.springframework.web.filter.OncePerRequestFilter.doFilter(OncePerRequestFilter.java:116)
	at org.apache.catalina.core.ApplicationFilterChain.internalDoFilter(ApplicationFilterChain.java:164)
	at org.apache.catalina.core.ApplicationFilterChain.doFilter(ApplicationFilterChain.java:140)
	at org.apache.catalina.core.StandardWrapperValve.invoke(StandardWrapperValve.java:167)
	at org.apache.catalina.core.StandardContextValve.invoke(StandardContextValve.java:90)
	at org.apache.catalina.authenticator.AuthenticatorBase.invoke(AuthenticatorBase.java:483)
	at org.apache.catalina.core.StandardHostValve.invoke(StandardHostValve.java:115)
	at org.apache.catalina.valves.ErrorReportValve.invoke(ErrorReportValve.java:93)
	at org.apache.catalina.core.StandardEngineValve.invoke(StandardEngineValve.java:74)
	at org.apache.catalina.connector.CoyoteAdapter.service(CoyoteAdapter.java:344)
	at org.apache.coyote.http11.Http11Processor.service(Http11Processor.java:397)
	at org.apache.coyote.AbstractProcessorLight.process(AbstractProcessorLight.java:63)
	at org.apache.coyote.AbstractProtocol$ConnectionHandler.process(AbstractProtocol.java:905)
	at org.apache.tomcat.util.net.NioEndpoint$SocketProcessor.doRun(NioEndpoint.java:1741)
	at org.apache.tomcat.util.net.SocketProcessorBase.run(SocketProcessorBase.java:52)
	at org.apache.tomcat.util.threads.ThreadPoolExecutor.runWorker(ThreadPoolExecutor.java:1190)
	at org.apache.tomcat.util.threads.ThreadPoolExecutor$Worker.run(ThreadPoolExecutor.java:659)
	at org.apache.tomcat.util.threads.TaskThread$WrappingRunnable.run(TaskThread.java:63)
	at java.base/java.lang.Thread.run(Thread.java:840)
25-05-20 09:23:18.440 [http-nio-8080-exec-4] DEBUG o.s.s.w.a.DelegatingAuthenticationEntryPoint - Trying to match using RequestHeaderRequestMatcher [expectedHeaderName=X-Requested-With, expectedHeaderValue=XMLHttpRequest]
25-05-20 09:23:18.440 [http-nio-8080-exec-4] DEBUG o.s.s.w.a.DelegatingAuthenticationEntryPoint - No match found. Using default entry point org.springframework.security.web.authentication.www.BasicAuthenticationEntryPoint@6620c272
25-05-20 09:23:18.440 [http-nio-8080-exec-4] TRACE o.s.s.w.h.writers.HstsHeaderWriter - Not injecting HSTS header since it did not match request to [Is Secure]
25-05-20 09:23:18.443 [http-nio-8080-exec-4] TRACE o.s.security.web.FilterChainProxy - Trying to match request against DefaultSecurityFilterChain [RequestMatcher=any request, Filters=[org.springframework.security.web.session.DisableEncodeUrlFilter@117900e, org.springframework.security.web.context.request.async.WebAsyncManagerIntegrationFilter@65008f38, org.springframework.security.web.context.SecurityContextHolderFilter@71b9b035, org.springframework.security.web.header.HeaderWriterFilter@72f112d1, org.springframework.security.web.csrf.CsrfFilter@5f49c09d, org.springframework.security.web.authentication.www.BasicAuthenticationFilter@75f3c0c9, org.springframework.security.web.savedrequest.RequestCacheAwareFilter@5fc3b20b, org.springframework.security.web.servletapi.SecurityContextHolderAwareRequestFilter@10e542f3, org.springframework.security.web.authentication.AnonymousAuthenticationFilter@47e83647, org.springframework.security.web.access.ExceptionTranslationFilter@233d40da, org.springframework.security.web.access.intercept.AuthorizationFilter@4dd31687]] (1/1)
25-05-20 09:23:18.443 [http-nio-8080-exec-4] DEBUG o.s.security.web.FilterChainProxy - Securing GET /error
25-05-20 09:23:18.443 [http-nio-8080-exec-4] TRACE o.s.security.web.FilterChainProxy - Invoking DisableEncodeUrlFilter (1/11)
25-05-20 09:23:18.444 [http-nio-8080-exec-4] TRACE o.s.security.web.FilterChainProxy - Invoking WebAsyncManagerIntegrationFilter (2/11)
25-05-20 09:23:18.444 [http-nio-8080-exec-4] TRACE o.s.security.web.FilterChainProxy - Invoking SecurityContextHolderFilter (3/11)
25-05-20 09:23:18.445 [http-nio-8080-exec-4] TRACE o.s.security.web.FilterChainProxy - Invoking HeaderWriterFilter (4/11)
25-05-20 09:23:18.445 [http-nio-8080-exec-4] TRACE o.s.security.web.FilterChainProxy - Invoking CsrfFilter (5/11)
25-05-20 09:23:18.445 [http-nio-8080-exec-4] TRACE o.s.security.web.FilterChainProxy - Invoking BasicAuthenticationFilter (6/11)
25-05-20 09:23:18.446 [http-nio-8080-exec-4] TRACE o.s.security.web.FilterChainProxy - Invoking RequestCacheAwareFilter (7/11)
25-05-20 09:23:18.446 [http-nio-8080-exec-4] TRACE o.s.s.w.s.HttpSessionRequestCache - matchingRequestParameterName is required for getMatchingRequest to lookup a value, but not provided
25-05-20 09:23:18.446 [http-nio-8080-exec-4] TRACE o.s.security.web.FilterChainProxy - Invoking SecurityContextHolderAwareRequestFilter (8/11)
25-05-20 09:23:18.446 [http-nio-8080-exec-4] TRACE o.s.security.web.FilterChainProxy - Invoking AnonymousAuthenticationFilter (9/11)
25-05-20 09:23:18.446 [http-nio-8080-exec-4] TRACE o.s.security.web.FilterChainProxy - Invoking ExceptionTranslationFilter (10/11)
25-05-20 09:23:18.446 [http-nio-8080-exec-4] TRACE o.s.security.web.FilterChainProxy - Invoking AuthorizationFilter (11/11)
25-05-20 09:23:18.446 [http-nio-8080-exec-4] TRACE o.s.s.w.a.i.RequestMatcherDelegatingAuthorizationManager - Authorizing GET /error
25-05-20 09:23:18.446 [http-nio-8080-exec-4] TRACE o.s.s.w.a.i.RequestMatcherDelegatingAuthorizationManager - Checking authorization on GET /error using org.springframework.security.authorization.AuthenticatedAuthorizationManager@61ad3f8a
25-05-20 09:23:18.447 [http-nio-8080-exec-4] TRACE o.s.s.w.c.HttpSessionSecurityContextRepository - Did not find SecurityContext in HttpSession 5CF529F030913A444D7BEC82ABE83F91 using the SPRING_SECURITY_CONTEXT session attribute
25-05-20 09:23:18.447 [http-nio-8080-exec-4] TRACE o.s.s.w.c.SupplierDeferredSecurityContext - Created SecurityContextImpl [Null authentication]
25-05-20 09:23:18.447 [http-nio-8080-exec-4] TRACE o.s.s.w.c.SupplierDeferredSecurityContext - Created SecurityContextImpl [Null authentication]
25-05-20 09:23:18.447 [http-nio-8080-exec-4] TRACE o.s.s.w.a.AnonymousAuthenticationFilter - Set SecurityContextHolder to AnonymousAuthenticationToken [Principal=anonymousUser, Credentials=[PROTECTED], Authenticated=true, Details=WebAuthenticationDetails [RemoteIpAddress=0:0:0:0:0:0:0:1, SessionId=5CF529F030913A444D7BEC82ABE83F91], Granted Authorities=[ROLE_ANONYMOUS]]
25-05-20 09:23:18.447 [http-nio-8080-exec-4] TRACE o.s.s.w.a.ExceptionTranslationFilter - Sending AnonymousAuthenticationToken [Principal=anonymousUser, Credentials=[PROTECTED], Authenticated=true, Details=WebAuthenticationDetails [RemoteIpAddress=0:0:0:0:0:0:0:1, SessionId=5CF529F030913A444D7BEC82ABE83F91], Granted Authorities=[ROLE_ANONYMOUS]] to authentication entry point since access is denied
org.springframework.security.access.AccessDeniedException: Access Denied
	at org.springframework.security.web.access.intercept.AuthorizationFilter.doFilter(AuthorizationFilter.java:98)
	at org.springframework.security.web.ObservationFilterChainDecorator$ObservationFilter.wrapFilter(ObservationFilterChainDecorator.java:240)
	at org.springframework.security.web.ObservationFilterChainDecorator$ObservationFilter.doFilter(ObservationFilterChainDecorator.java:227)
	at org.springframework.security.web.ObservationFilterChainDecorator$VirtualFilterChain.doFilter(ObservationFilterChainDecorator.java:137)
	at org.springframework.security.web.access.ExceptionTranslationFilter.doFilter(ExceptionTranslationFilter.java:126)
	at org.springframework.security.web.access.ExceptionTranslationFilter.doFilter(ExceptionTranslationFilter.java:120)
	at org.springframework.security.web.ObservationFilterChainDecorator$ObservationFilter.wrapFilter(ObservationFilterChainDecorator.java:240)
	at org.springframework.security.web.ObservationFilterChainDecorator$ObservationFilter.doFilter(ObservationFilterChainDecorator.java:227)
	at org.springframework.security.web.ObservationFilterChainDecorator$VirtualFilterChain.doFilter(ObservationFilterChainDecorator.java:137)
	at org.springframework.security.web.authentication.AnonymousAuthenticationFilter.doFilter(AnonymousAuthenticationFilter.java:100)
	at org.springframework.security.web.ObservationFilterChainDecorator$ObservationFilter.wrapFilter(ObservationFilterChainDecorator.java:240)
	at org.springframework.security.web.ObservationFilterChainDecorator$ObservationFilter.doFilter(ObservationFilterChainDecorator.java:227)
	at org.springframework.security.web.ObservationFilterChainDecorator$VirtualFilterChain.doFilter(ObservationFilterChainDecorator.java:137)
	at org.springframework.security.web.servletapi.SecurityContextHolderAwareRequestFilter.doFilter(SecurityContextHolderAwareRequestFilter.java:179)
	at org.springframework.security.web.ObservationFilterChainDecorator$ObservationFilter.wrapFilter(ObservationFilterChainDecorator.java:240)
	at org.springframework.security.web.ObservationFilterChainDecorator$ObservationFilter.doFilter(ObservationFilterChainDecorator.java:227)
	at org.springframework.security.web.ObservationFilterChainDecorator$VirtualFilterChain.doFilter(ObservationFilterChainDecorator.java:137)
	at org.springframework.security.web.savedrequest.RequestCacheAwareFilter.doFilter(RequestCacheAwareFilter.java:63)
	at org.springframework.security.web.ObservationFilterChainDecorator$ObservationFilter.wrapFilter(ObservationFilterChainDecorator.java:240)
	at org.springframework.security.web.ObservationFilterChainDecorator$ObservationFilter.doFilter(ObservationFilterChainDecorator.java:227)
	at org.springframework.security.web.ObservationFilterChainDecorator$VirtualFilterChain.doFilter(ObservationFilterChainDecorator.java:137)
	at org.springframework.web.filter.OncePerRequestFilter.doFilter(OncePerRequestFilter.java:101)
	at org.springframework.security.web.ObservationFilterChainDecorator$ObservationFilter.wrapFilter(ObservationFilterChainDecorator.java:240)
	at org.springframework.security.web.ObservationFilterChainDecorator$ObservationFilter.doFilter(ObservationFilterChainDecorator.java:227)
	at org.springframework.security.web.ObservationFilterChainDecorator$VirtualFilterChain.doFilter(ObservationFilterChainDecorator.java:137)
	at org.springframework.web.filter.OncePerRequestFilter.doFilter(OncePerRequestFilter.java:101)
	at org.springframework.security.web.ObservationFilterChainDecorator$ObservationFilter.wrapFilter(ObservationFilterChainDecorator.java:240)
	at org.springframework.security.web.ObservationFilterChainDecorator$ObservationFilter.doFilter(ObservationFilterChainDecorator.java:227)
	at org.springframework.security.web.ObservationFilterChainDecorator$VirtualFilterChain.doFilter(ObservationFilterChainDecorator.java:137)
	at org.springframework.web.filter.OncePerRequestFilter.doFilter(OncePerRequestFilter.java:101)
	at org.springframework.security.web.ObservationFilterChainDecorator$ObservationFilter.wrapFilter(ObservationFilterChainDecorator.java:240)
	at org.springframework.security.web.ObservationFilterChainDecorator$ObservationFilter.doFilter(ObservationFilterChainDecorator.java:227)
	at org.springframework.security.web.ObservationFilterChainDecorator$VirtualFilterChain.doFilter(ObservationFilterChainDecorator.java:137)
	at org.springframework.security.web.context.SecurityContextHolderFilter.doFilter(SecurityContextHolderFilter.java:82)
	at org.springframework.security.web.context.SecurityContextHolderFilter.doFilter(SecurityContextHolderFilter.java:69)
	at org.springframework.security.web.ObservationFilterChainDecorator$ObservationFilter.wrapFilter(ObservationFilterChainDecorator.java:240)
	at org.springframework.security.web.ObservationFilterChainDecorator$ObservationFilter.doFilter(ObservationFilterChainDecorator.java:227)
	at org.springframework.security.web.ObservationFilterChainDecorator$VirtualFilterChain.doFilter(ObservationFilterChainDecorator.java:137)
	at org.springframework.web.filter.OncePerRequestFilter.doFilter(OncePerRequestFilter.java:101)
	at org.springframework.security.web.ObservationFilterChainDecorator$ObservationFilter.wrapFilter(ObservationFilterChainDecorator.java:240)
	at org.springframework.security.web.ObservationFilterChainDecorator$ObservationFilter.doFilter(ObservationFilterChainDecorator.java:227)
	at org.springframework.security.web.ObservationFilterChainDecorator$VirtualFilterChain.doFilter(ObservationFilterChainDecorator.java:137)
	at org.springframework.web.filter.OncePerRequestFilter.doFilter(OncePerRequestFilter.java:101)
	at org.springframework.security.web.ObservationFilterChainDecorator$ObservationFilter.wrapFilter(ObservationFilterChainDecorator.java:240)
	at org.springframework.security.web.ObservationFilterChainDecorator$AroundFilterObservation$SimpleAroundFilterObservation.lambda$wrap$0(ObservationFilterChainDecorator.java:323)
	at org.springframework.security.web.ObservationFilterChainDecorator$ObservationFilter.doFilter(ObservationFilterChainDecorator.java:224)
	at org.springframework.security.web.ObservationFilterChainDecorator$VirtualFilterChain.doFilter(ObservationFilterChainDecorator.java:137)
	at org.springframework.security.web.FilterChainProxy.doFilterInternal(FilterChainProxy.java:233)
	at org.springframework.security.web.FilterChainProxy.doFilter(FilterChainProxy.java:191)
	at org.springframework.web.filter.CompositeFilter$VirtualFilterChain.doFilter(CompositeFilter.java:113)
	at org.springframework.web.servlet.handler.HandlerMappingIntrospector.lambda$createCacheFilter$3(HandlerMappingIntrospector.java:195)
	at org.springframework.web.filter.CompositeFilter$VirtualFilterChain.doFilter(CompositeFilter.java:113)
	at org.springframework.web.filter.CompositeFilter.doFilter(CompositeFilter.java:74)
	at org.springframework.security.config.annotation.web.configuration.WebMvcSecurityConfiguration$CompositeFilterChainProxy.doFilter(WebMvcSecurityConfiguration.java:230)
	at org.springframework.web.filter.DelegatingFilterProxy.invokeDelegate(DelegatingFilterProxy.java:362)
	at org.springframework.web.filter.DelegatingFilterProxy.doFilter(DelegatingFilterProxy.java:278)
	at org.apache.catalina.core.ApplicationFilterChain.internalDoFilter(ApplicationFilterChain.java:164)
	at org.apache.catalina.core.ApplicationFilterChain.doFilter(ApplicationFilterChain.java:140)
	at org.springframework.web.filter.RequestContextFilter.doFilterInternal(RequestContextFilter.java:100)
	at org.springframework.web.filter.OncePerRequestFilter.doFilter(OncePerRequestFilter.java:116)
	at org.apache.catalina.core.ApplicationFilterChain.internalDoFilter(ApplicationFilterChain.java:164)
	at org.apache.catalina.core.ApplicationFilterChain.doFilter(ApplicationFilterChain.java:140)
	at org.springframework.web.filter.OncePerRequestFilter.doFilter(OncePerRequestFilter.java:101)
	at org.apache.catalina.core.ApplicationFilterChain.internalDoFilter(ApplicationFilterChain.java:164)
	at org.apache.catalina.core.ApplicationFilterChain.doFilter(ApplicationFilterChain.java:140)
	at org.springframework.web.filter.OncePerRequestFilter.doFilter(OncePerRequestFilter.java:101)
	at org.apache.catalina.core.ApplicationFilterChain.internalDoFilter(ApplicationFilterChain.java:164)
	at org.apache.catalina.core.ApplicationFilterChain.doFilter(ApplicationFilterChain.java:140)
	at org.apache.catalina.core.ApplicationDispatcher.invoke(ApplicationDispatcher.java:632)
	at org.apache.catalina.core.ApplicationDispatcher.processRequest(ApplicationDispatcher.java:410)
	at org.apache.catalina.core.ApplicationDispatcher.doForward(ApplicationDispatcher.java:330)
	at org.apache.catalina.core.ApplicationDispatcher.forward(ApplicationDispatcher.java:267)
	at org.apache.catalina.core.StandardHostValve.custom(StandardHostValve.java:362)
	at org.apache.catalina.core.StandardHostValve.status(StandardHostValve.java:222)
	at org.apache.catalina.core.StandardHostValve.invoke(StandardHostValve.java:151)
	at org.apache.catalina.valves.ErrorReportValve.invoke(ErrorReportValve.java:93)
	at org.apache.catalina.core.StandardEngineValve.invoke(StandardEngineValve.java:74)
	at org.apache.catalina.connector.CoyoteAdapter.service(CoyoteAdapter.java:344)
	at org.apache.coyote.http11.Http11Processor.service(Http11Processor.java:397)
	at org.apache.coyote.AbstractProcessorLight.process(AbstractProcessorLight.java:63)
	at org.apache.coyote.AbstractProtocol$ConnectionHandler.process(AbstractProtocol.java:905)
	at org.apache.tomcat.util.net.NioEndpoint$SocketProcessor.doRun(NioEndpoint.java:1741)
	at org.apache.tomcat.util.net.SocketProcessorBase.run(SocketProcessorBase.java:52)
	at org.apache.tomcat.util.threads.ThreadPoolExecutor.runWorker(ThreadPoolExecutor.java:1190)
	at org.apache.tomcat.util.threads.ThreadPoolExecutor$Worker.run(ThreadPoolExecutor.java:659)
	at org.apache.tomcat.util.threads.TaskThread$WrappingRunnable.run(TaskThread.java:63)
	at java.base/java.lang.Thread.run(Thread.java:840)
25-05-20 09:23:18.449 [http-nio-8080-exec-4] DEBUG o.s.s.w.s.HttpSessionRequestCache - Saved request http://localhost:8080/error?continue to session
25-05-20 09:23:18.449 [http-nio-8080-exec-4] DEBUG o.s.s.w.a.DelegatingAuthenticationEntryPoint - Trying to match using RequestHeaderRequestMatcher [expectedHeaderName=X-Requested-With, expectedHeaderValue=XMLHttpRequest]
25-05-20 09:23:18.449 [http-nio-8080-exec-4] DEBUG o.s.s.w.a.DelegatingAuthenticationEntryPoint - No match found. Using default entry point org.springframework.security.web.authentication.www.BasicAuthenticationEntryPoint@6620c272
25-05-20 09:24:01.359 [http-nio-8080-exec-7] TRACE o.s.security.web.FilterChainProxy - Trying to match request against DefaultSecurityFilterChain [RequestMatcher=any request, Filters=[org.springframework.security.web.session.DisableEncodeUrlFilter@117900e, org.springframework.security.web.context.request.async.WebAsyncManagerIntegrationFilter@65008f38, org.springframework.security.web.context.SecurityContextHolderFilter@71b9b035, org.springframework.security.web.header.HeaderWriterFilter@72f112d1, org.springframework.security.web.csrf.CsrfFilter@5f49c09d, org.springframework.security.web.authentication.www.BasicAuthenticationFilter@75f3c0c9, org.springframework.security.web.savedrequest.RequestCacheAwareFilter@5fc3b20b, org.springframework.security.web.servletapi.SecurityContextHolderAwareRequestFilter@10e542f3, org.springframework.security.web.authentication.AnonymousAuthenticationFilter@47e83647, org.springframework.security.web.access.ExceptionTranslationFilter@233d40da, org.springframework.security.web.access.intercept.AuthorizationFilter@4dd31687]] (1/1)
25-05-20 09:24:01.360 [http-nio-8080-exec-7] DEBUG o.s.security.web.FilterChainProxy - Securing GET /
25-05-20 09:24:01.360 [http-nio-8080-exec-7] TRACE o.s.security.web.FilterChainProxy - Invoking DisableEncodeUrlFilter (1/11)
25-05-20 09:24:01.361 [http-nio-8080-exec-7] TRACE o.s.security.web.FilterChainProxy - Invoking WebAsyncManagerIntegrationFilter (2/11)
25-05-20 09:24:01.361 [http-nio-8080-exec-7] TRACE o.s.security.web.FilterChainProxy - Invoking SecurityContextHolderFilter (3/11)
25-05-20 09:24:01.361 [http-nio-8080-exec-7] TRACE o.s.security.web.FilterChainProxy - Invoking HeaderWriterFilter (4/11)
25-05-20 09:24:01.361 [http-nio-8080-exec-7] TRACE o.s.security.web.FilterChainProxy - Invoking CsrfFilter (5/11)
25-05-20 09:24:01.361 [http-nio-8080-exec-7] TRACE o.s.security.web.csrf.CsrfFilter - Did not protect against CSRF since request did not match CsrfNotRequired [TRACE, HEAD, GET, OPTIONS]
25-05-20 09:24:01.361 [http-nio-8080-exec-7] TRACE o.s.security.web.FilterChainProxy - Invoking BasicAuthenticationFilter (6/11)
25-05-20 09:24:01.362 [http-nio-8080-exec-7] TRACE o.s.s.w.a.w.BasicAuthenticationFilter - Found username 'User1' in Basic Authorization header
25-05-20 09:24:01.362 [http-nio-8080-exec-7] TRACE o.s.s.w.c.HttpSessionSecurityContextRepository - Did not find SecurityContext in HttpSession 5CF529F030913A444D7BEC82ABE83F91 using the SPRING_SECURITY_CONTEXT session attribute
25-05-20 09:24:01.362 [http-nio-8080-exec-7] TRACE o.s.s.w.c.SupplierDeferredSecurityContext - Created SecurityContextImpl [Null authentication]
25-05-20 09:24:01.362 [http-nio-8080-exec-7] TRACE o.s.s.w.c.SupplierDeferredSecurityContext - Created SecurityContextImpl [Null authentication]
25-05-20 09:24:01.362 [http-nio-8080-exec-7] TRACE o.s.s.authentication.ProviderManager - Authenticating request with DaoAuthenticationProvider (1/1)
25-05-20 09:24:01.460 [http-nio-8080-exec-7] DEBUG o.s.s.a.d.DaoAuthenticationProvider - Failed to find user 'User1'
25-05-20 09:24:01.461 [http-nio-8080-exec-7] DEBUG o.s.s.w.a.w.BasicAuthenticationFilter - Failed to process authentication request
org.springframework.security.authentication.BadCredentialsException: 자격 증명에 실패하였습니다.
	at org.springframework.security.authentication.dao.AbstractUserDetailsAuthenticationProvider.authenticate(AbstractUserDetailsAuthenticationProvider.java:141)
	at org.springframework.security.authentication.ProviderManager.authenticate(ProviderManager.java:182)
	at org.springframework.security.authentication.ProviderManager.authenticate(ProviderManager.java:201)
	at org.springframework.security.authentication.ObservationAuthenticationManager.lambda$authenticate$1(ObservationAuthenticationManager.java:54)
	at io.micrometer.observation.Observation.observe(Observation.java:565)
	at org.springframework.security.authentication.ObservationAuthenticationManager.authenticate(ObservationAuthenticationManager.java:53)
	at org.springframework.security.web.authentication.www.BasicAuthenticationFilter.doFilterInternal(BasicAuthenticationFilter.java:187)
	at org.springframework.web.filter.OncePerRequestFilter.doFilter(OncePerRequestFilter.java:116)
	at org.springframework.security.web.ObservationFilterChainDecorator$ObservationFilter.wrapFilter(ObservationFilterChainDecorator.java:240)
	at org.springframework.security.web.ObservationFilterChainDecorator$ObservationFilter.doFilter(ObservationFilterChainDecorator.java:227)
	at org.springframework.security.web.ObservationFilterChainDecorator$VirtualFilterChain.doFilter(ObservationFilterChainDecorator.java:137)
	at org.springframework.security.web.csrf.CsrfFilter.doFilterInternal(CsrfFilter.java:117)
	at org.springframework.web.filter.OncePerRequestFilter.doFilter(OncePerRequestFilter.java:116)
	at org.springframework.security.web.ObservationFilterChainDecorator$ObservationFilter.wrapFilter(ObservationFilterChainDecorator.java:240)
	at org.springframework.security.web.ObservationFilterChainDecorator$ObservationFilter.doFilter(ObservationFilterChainDecorator.java:227)
	at org.springframework.security.web.ObservationFilterChainDecorator$VirtualFilterChain.doFilter(ObservationFilterChainDecorator.java:137)
	at org.springframework.security.web.header.HeaderWriterFilter.doHeadersAfter(HeaderWriterFilter.java:90)
	at org.springframework.security.web.header.HeaderWriterFilter.doFilterInternal(HeaderWriterFilter.java:75)
	at org.springframework.web.filter.OncePerRequestFilter.doFilter(OncePerRequestFilter.java:116)
	at org.springframework.security.web.ObservationFilterChainDecorator$ObservationFilter.wrapFilter(ObservationFilterChainDecorator.java:240)
	at org.springframework.security.web.ObservationFilterChainDecorator$ObservationFilter.doFilter(ObservationFilterChainDecorator.java:227)
	at org.springframework.security.web.ObservationFilterChainDecorator$VirtualFilterChain.doFilter(ObservationFilterChainDecorator.java:137)
	at org.springframework.security.web.context.SecurityContextHolderFilter.doFilter(SecurityContextHolderFilter.java:82)
	at org.springframework.security.web.context.SecurityContextHolderFilter.doFilter(SecurityContextHolderFilter.java:69)
	at org.springframework.security.web.ObservationFilterChainDecorator$ObservationFilter.wrapFilter(ObservationFilterChainDecorator.java:240)
	at org.springframework.security.web.ObservationFilterChainDecorator$ObservationFilter.doFilter(ObservationFilterChainDecorator.java:227)
	at org.springframework.security.web.ObservationFilterChainDecorator$VirtualFilterChain.doFilter(ObservationFilterChainDecorator.java:137)
	at org.springframework.security.web.context.request.async.WebAsyncManagerIntegrationFilter.doFilterInternal(WebAsyncManagerIntegrationFilter.java:62)
	at org.springframework.web.filter.OncePerRequestFilter.doFilter(OncePerRequestFilter.java:116)
	at org.springframework.security.web.ObservationFilterChainDecorator$ObservationFilter.wrapFilter(ObservationFilterChainDecorator.java:240)
	at org.springframework.security.web.ObservationFilterChainDecorator$ObservationFilter.doFilter(ObservationFilterChainDecorator.java:227)
	at org.springframework.security.web.ObservationFilterChainDecorator$VirtualFilterChain.doFilter(ObservationFilterChainDecorator.java:137)
	at org.springframework.security.web.session.DisableEncodeUrlFilter.doFilterInternal(DisableEncodeUrlFilter.java:42)
	at org.springframework.web.filter.OncePerRequestFilter.doFilter(OncePerRequestFilter.java:116)
	at org.springframework.security.web.ObservationFilterChainDecorator$ObservationFilter.wrapFilter(ObservationFilterChainDecorator.java:240)
	at org.springframework.security.web.ObservationFilterChainDecorator$AroundFilterObservation$SimpleAroundFilterObservation.lambda$wrap$0(ObservationFilterChainDecorator.java:323)
	at org.springframework.security.web.ObservationFilterChainDecorator$ObservationFilter.doFilter(ObservationFilterChainDecorator.java:224)
	at org.springframework.security.web.ObservationFilterChainDecorator$VirtualFilterChain.doFilter(ObservationFilterChainDecorator.java:137)
	at org.springframework.security.web.FilterChainProxy.doFilterInternal(FilterChainProxy.java:233)
	at org.springframework.security.web.FilterChainProxy.doFilter(FilterChainProxy.java:191)
	at org.springframework.web.filter.CompositeFilter$VirtualFilterChain.doFilter(CompositeFilter.java:113)
	at org.springframework.web.servlet.handler.HandlerMappingIntrospector.lambda$createCacheFilter$3(HandlerMappingIntrospector.java:195)
	at org.springframework.web.filter.CompositeFilter$VirtualFilterChain.doFilter(CompositeFilter.java:113)
	at org.springframework.web.filter.CompositeFilter.doFilter(CompositeFilter.java:74)
	at org.springframework.security.config.annotation.web.configuration.WebMvcSecurityConfiguration$CompositeFilterChainProxy.doFilter(WebMvcSecurityConfiguration.java:230)
	at org.springframework.web.filter.DelegatingFilterProxy.invokeDelegate(DelegatingFilterProxy.java:362)
	at org.springframework.web.filter.DelegatingFilterProxy.doFilter(DelegatingFilterProxy.java:278)
	at org.apache.catalina.core.ApplicationFilterChain.internalDoFilter(ApplicationFilterChain.java:164)
	at org.apache.catalina.core.ApplicationFilterChain.doFilter(ApplicationFilterChain.java:140)
	at org.springframework.web.filter.RequestContextFilter.doFilterInternal(RequestContextFilter.java:100)
	at org.springframework.web.filter.OncePerRequestFilter.doFilter(OncePerRequestFilter.java:116)
	at org.apache.catalina.core.ApplicationFilterChain.internalDoFilter(ApplicationFilterChain.java:164)
	at org.apache.catalina.core.ApplicationFilterChain.doFilter(ApplicationFilterChain.java:140)
	at org.springframework.web.filter.FormContentFilter.doFilterInternal(FormContentFilter.java:93)
	at org.springframework.web.filter.OncePerRequestFilter.doFilter(OncePerRequestFilter.java:116)
	at org.apache.catalina.core.ApplicationFilterChain.internalDoFilter(ApplicationFilterChain.java:164)
	at org.apache.catalina.core.ApplicationFilterChain.doFilter(ApplicationFilterChain.java:140)
	at org.springframework.web.filter.ServerHttpObservationFilter.doFilterInternal(ServerHttpObservationFilter.java:113)
	at org.springframework.web.filter.OncePerRequestFilter.doFilter(OncePerRequestFilter.java:116)
	at org.apache.catalina.core.ApplicationFilterChain.internalDoFilter(ApplicationFilterChain.java:164)
	at org.apache.catalina.core.ApplicationFilterChain.doFilter(ApplicationFilterChain.java:140)
	at org.springframework.web.filter.CharacterEncodingFilter.doFilterInternal(CharacterEncodingFilter.java:201)
	at org.springframework.web.filter.OncePerRequestFilter.doFilter(OncePerRequestFilter.java:116)
	at org.apache.catalina.core.ApplicationFilterChain.internalDoFilter(ApplicationFilterChain.java:164)
	at org.apache.catalina.core.ApplicationFilterChain.doFilter(ApplicationFilterChain.java:140)
	at org.apache.catalina.core.StandardWrapperValve.invoke(StandardWrapperValve.java:167)
	at org.apache.catalina.core.StandardContextValve.invoke(StandardContextValve.java:90)
	at org.apache.catalina.authenticator.AuthenticatorBase.invoke(AuthenticatorBase.java:483)
	at org.apache.catalina.core.StandardHostValve.invoke(StandardHostValve.java:115)
	at org.apache.catalina.valves.ErrorReportValve.invoke(ErrorReportValve.java:93)
	at org.apache.catalina.core.StandardEngineValve.invoke(StandardEngineValve.java:74)
	at org.apache.catalina.connector.CoyoteAdapter.service(CoyoteAdapter.java:344)
	at org.apache.coyote.http11.Http11Processor.service(Http11Processor.java:397)
	at org.apache.coyote.AbstractProcessorLight.process(AbstractProcessorLight.java:63)
	at org.apache.coyote.AbstractProtocol$ConnectionHandler.process(AbstractProtocol.java:905)
	at org.apache.tomcat.util.net.NioEndpoint$SocketProcessor.doRun(NioEndpoint.java:1741)
	at org.apache.tomcat.util.net.SocketProcessorBase.run(SocketProcessorBase.java:52)
	at org.apache.tomcat.util.threads.ThreadPoolExecutor.runWorker(ThreadPoolExecutor.java:1190)
	at org.apache.tomcat.util.threads.ThreadPoolExecutor$Worker.run(ThreadPoolExecutor.java:659)
	at org.apache.tomcat.util.threads.TaskThread$WrappingRunnable.run(TaskThread.java:63)
	at java.base/java.lang.Thread.run(Thread.java:840)
25-05-20 09:24:01.462 [http-nio-8080-exec-7] DEBUG o.s.s.w.a.DelegatingAuthenticationEntryPoint - Trying to match using RequestHeaderRequestMatcher [expectedHeaderName=X-Requested-With, expectedHeaderValue=XMLHttpRequest]
25-05-20 09:24:01.462 [http-nio-8080-exec-7] DEBUG o.s.s.w.a.DelegatingAuthenticationEntryPoint - No match found. Using default entry point org.springframework.security.web.authentication.www.BasicAuthenticationEntryPoint@6620c272
25-05-20 09:24:01.463 [http-nio-8080-exec-7] TRACE o.s.s.w.h.writers.HstsHeaderWriter - Not injecting HSTS header since it did not match request to [Is Secure]
25-05-20 09:24:01.464 [http-nio-8080-exec-7] TRACE o.s.security.web.FilterChainProxy - Trying to match request against DefaultSecurityFilterChain [RequestMatcher=any request, Filters=[org.springframework.security.web.session.DisableEncodeUrlFilter@117900e, org.springframework.security.web.context.request.async.WebAsyncManagerIntegrationFilter@65008f38, org.springframework.security.web.context.SecurityContextHolderFilter@71b9b035, org.springframework.security.web.header.HeaderWriterFilter@72f112d1, org.springframework.security.web.csrf.CsrfFilter@5f49c09d, org.springframework.security.web.authentication.www.BasicAuthenticationFilter@75f3c0c9, org.springframework.security.web.savedrequest.RequestCacheAwareFilter@5fc3b20b, org.springframework.security.web.servletapi.SecurityContextHolderAwareRequestFilter@10e542f3, org.springframework.security.web.authentication.AnonymousAuthenticationFilter@47e83647, org.springframework.security.web.access.ExceptionTranslationFilter@233d40da, org.springframework.security.web.access.intercept.AuthorizationFilter@4dd31687]] (1/1)
25-05-20 09:24:01.464 [http-nio-8080-exec-7] DEBUG o.s.security.web.FilterChainProxy - Securing GET /error
25-05-20 09:24:01.464 [http-nio-8080-exec-7] TRACE o.s.security.web.FilterChainProxy - Invoking DisableEncodeUrlFilter (1/11)
25-05-20 09:24:01.465 [http-nio-8080-exec-7] TRACE o.s.security.web.FilterChainProxy - Invoking WebAsyncManagerIntegrationFilter (2/11)
25-05-20 09:24:01.465 [http-nio-8080-exec-7] TRACE o.s.security.web.FilterChainProxy - Invoking SecurityContextHolderFilter (3/11)
25-05-20 09:24:01.465 [http-nio-8080-exec-7] TRACE o.s.security.web.FilterChainProxy - Invoking HeaderWriterFilter (4/11)
25-05-20 09:24:01.465 [http-nio-8080-exec-7] TRACE o.s.security.web.FilterChainProxy - Invoking CsrfFilter (5/11)
25-05-20 09:24:01.465 [http-nio-8080-exec-7] TRACE o.s.security.web.FilterChainProxy - Invoking BasicAuthenticationFilter (6/11)
25-05-20 09:24:01.465 [http-nio-8080-exec-7] TRACE o.s.security.web.FilterChainProxy - Invoking RequestCacheAwareFilter (7/11)
25-05-20 09:24:01.465 [http-nio-8080-exec-7] TRACE o.s.s.w.s.HttpSessionRequestCache - matchingRequestParameterName is required for getMatchingRequest to lookup a value, but not provided
25-05-20 09:24:01.465 [http-nio-8080-exec-7] TRACE o.s.security.web.FilterChainProxy - Invoking SecurityContextHolderAwareRequestFilter (8/11)
25-05-20 09:24:01.466 [http-nio-8080-exec-7] TRACE o.s.security.web.FilterChainProxy - Invoking AnonymousAuthenticationFilter (9/11)
25-05-20 09:24:01.466 [http-nio-8080-exec-7] TRACE o.s.security.web.FilterChainProxy - Invoking ExceptionTranslationFilter (10/11)
25-05-20 09:24:01.466 [http-nio-8080-exec-7] TRACE o.s.security.web.FilterChainProxy - Invoking AuthorizationFilter (11/11)
25-05-20 09:24:01.466 [http-nio-8080-exec-7] TRACE o.s.s.w.a.i.RequestMatcherDelegatingAuthorizationManager - Authorizing GET /error
25-05-20 09:24:01.466 [http-nio-8080-exec-7] TRACE o.s.s.w.a.i.RequestMatcherDelegatingAuthorizationManager - Checking authorization on GET /error using org.springframework.security.authorization.AuthenticatedAuthorizationManager@61ad3f8a
25-05-20 09:24:01.466 [http-nio-8080-exec-7] TRACE o.s.s.w.c.HttpSessionSecurityContextRepository - Did not find SecurityContext in HttpSession 5CF529F030913A444D7BEC82ABE83F91 using the SPRING_SECURITY_CONTEXT session attribute
25-05-20 09:24:01.466 [http-nio-8080-exec-7] TRACE o.s.s.w.c.SupplierDeferredSecurityContext - Created SecurityContextImpl [Null authentication]
25-05-20 09:24:01.466 [http-nio-8080-exec-7] TRACE o.s.s.w.c.SupplierDeferredSecurityContext - Created SecurityContextImpl [Null authentication]
25-05-20 09:24:01.466 [http-nio-8080-exec-7] TRACE o.s.s.w.a.AnonymousAuthenticationFilter - Set SecurityContextHolder to AnonymousAuthenticationToken [Principal=anonymousUser, Credentials=[PROTECTED], Authenticated=true, Details=WebAuthenticationDetails [RemoteIpAddress=0:0:0:0:0:0:0:1, SessionId=5CF529F030913A444D7BEC82ABE83F91], Granted Authorities=[ROLE_ANONYMOUS]]
25-05-20 09:24:01.467 [http-nio-8080-exec-7] TRACE o.s.s.w.a.ExceptionTranslationFilter - Sending AnonymousAuthenticationToken [Principal=anonymousUser, Credentials=[PROTECTED], Authenticated=true, Details=WebAuthenticationDetails [RemoteIpAddress=0:0:0:0:0:0:0:1, SessionId=5CF529F030913A444D7BEC82ABE83F91], Granted Authorities=[ROLE_ANONYMOUS]] to authentication entry point since access is denied
org.springframework.security.access.AccessDeniedException: Access Denied
	at org.springframework.security.web.access.intercept.AuthorizationFilter.doFilter(AuthorizationFilter.java:98)
	at org.springframework.security.web.ObservationFilterChainDecorator$ObservationFilter.wrapFilter(ObservationFilterChainDecorator.java:240)
	at org.springframework.security.web.ObservationFilterChainDecorator$ObservationFilter.doFilter(ObservationFilterChainDecorator.java:227)
	at org.springframework.security.web.ObservationFilterChainDecorator$VirtualFilterChain.doFilter(ObservationFilterChainDecorator.java:137)
	at org.springframework.security.web.access.ExceptionTranslationFilter.doFilter(ExceptionTranslationFilter.java:126)
	at org.springframework.security.web.access.ExceptionTranslationFilter.doFilter(ExceptionTranslationFilter.java:120)
	at org.springframework.security.web.ObservationFilterChainDecorator$ObservationFilter.wrapFilter(ObservationFilterChainDecorator.java:240)
	at org.springframework.security.web.ObservationFilterChainDecorator$ObservationFilter.doFilter(ObservationFilterChainDecorator.java:227)
	at org.springframework.security.web.ObservationFilterChainDecorator$VirtualFilterChain.doFilter(ObservationFilterChainDecorator.java:137)
	at org.springframework.security.web.authentication.AnonymousAuthenticationFilter.doFilter(AnonymousAuthenticationFilter.java:100)
	at org.springframework.security.web.ObservationFilterChainDecorator$ObservationFilter.wrapFilter(ObservationFilterChainDecorator.java:240)
	at org.springframework.security.web.ObservationFilterChainDecorator$ObservationFilter.doFilter(ObservationFilterChainDecorator.java:227)
	at org.springframework.security.web.ObservationFilterChainDecorator$VirtualFilterChain.doFilter(ObservationFilterChainDecorator.java:137)
	at org.springframework.security.web.servletapi.SecurityContextHolderAwareRequestFilter.doFilter(SecurityContextHolderAwareRequestFilter.java:179)
	at org.springframework.security.web.ObservationFilterChainDecorator$ObservationFilter.wrapFilter(ObservationFilterChainDecorator.java:240)
	at org.springframework.security.web.ObservationFilterChainDecorator$ObservationFilter.doFilter(ObservationFilterChainDecorator.java:227)
	at org.springframework.security.web.ObservationFilterChainDecorator$VirtualFilterChain.doFilter(ObservationFilterChainDecorator.java:137)
	at org.springframework.security.web.savedrequest.RequestCacheAwareFilter.doFilter(RequestCacheAwareFilter.java:63)
	at org.springframework.security.web.ObservationFilterChainDecorator$ObservationFilter.wrapFilter(ObservationFilterChainDecorator.java:240)
	at org.springframework.security.web.ObservationFilterChainDecorator$ObservationFilter.doFilter(ObservationFilterChainDecorator.java:227)
	at org.springframework.security.web.ObservationFilterChainDecorator$VirtualFilterChain.doFilter(ObservationFilterChainDecorator.java:137)
	at org.springframework.web.filter.OncePerRequestFilter.doFilter(OncePerRequestFilter.java:101)
	at org.springframework.security.web.ObservationFilterChainDecorator$ObservationFilter.wrapFilter(ObservationFilterChainDecorator.java:240)
	at org.springframework.security.web.ObservationFilterChainDecorator$ObservationFilter.doFilter(ObservationFilterChainDecorator.java:227)
	at org.springframework.security.web.ObservationFilterChainDecorator$VirtualFilterChain.doFilter(ObservationFilterChainDecorator.java:137)
	at org.springframework.web.filter.OncePerRequestFilter.doFilter(OncePerRequestFilter.java:101)
	at org.springframework.security.web.ObservationFilterChainDecorator$ObservationFilter.wrapFilter(ObservationFilterChainDecorator.java:240)
	at org.springframework.security.web.ObservationFilterChainDecorator$ObservationFilter.doFilter(ObservationFilterChainDecorator.java:227)
	at org.springframework.security.web.ObservationFilterChainDecorator$VirtualFilterChain.doFilter(ObservationFilterChainDecorator.java:137)
	at org.springframework.web.filter.OncePerRequestFilter.doFilter(OncePerRequestFilter.java:101)
	at org.springframework.security.web.ObservationFilterChainDecorator$ObservationFilter.wrapFilter(ObservationFilterChainDecorator.java:240)
	at org.springframework.security.web.ObservationFilterChainDecorator$ObservationFilter.doFilter(ObservationFilterChainDecorator.java:227)
	at org.springframework.security.web.ObservationFilterChainDecorator$VirtualFilterChain.doFilter(ObservationFilterChainDecorator.java:137)
	at org.springframework.security.web.context.SecurityContextHolderFilter.doFilter(SecurityContextHolderFilter.java:82)
	at org.springframework.security.web.context.SecurityContextHolderFilter.doFilter(SecurityContextHolderFilter.java:69)
	at org.springframework.security.web.ObservationFilterChainDecorator$ObservationFilter.wrapFilter(ObservationFilterChainDecorator.java:240)
	at org.springframework.security.web.ObservationFilterChainDecorator$ObservationFilter.doFilter(ObservationFilterChainDecorator.java:227)
	at org.springframework.security.web.ObservationFilterChainDecorator$VirtualFilterChain.doFilter(ObservationFilterChainDecorator.java:137)
	at org.springframework.web.filter.OncePerRequestFilter.doFilter(OncePerRequestFilter.java:101)
	at org.springframework.security.web.ObservationFilterChainDecorator$ObservationFilter.wrapFilter(ObservationFilterChainDecorator.java:240)
	at org.springframework.security.web.ObservationFilterChainDecorator$ObservationFilter.doFilter(ObservationFilterChainDecorator.java:227)
	at org.springframework.security.web.ObservationFilterChainDecorator$VirtualFilterChain.doFilter(ObservationFilterChainDecorator.java:137)
	at org.springframework.web.filter.OncePerRequestFilter.doFilter(OncePerRequestFilter.java:101)
	at org.springframework.security.web.ObservationFilterChainDecorator$ObservationFilter.wrapFilter(ObservationFilterChainDecorator.java:240)
	at org.springframework.security.web.ObservationFilterChainDecorator$AroundFilterObservation$SimpleAroundFilterObservation.lambda$wrap$0(ObservationFilterChainDecorator.java:323)
	at org.springframework.security.web.ObservationFilterChainDecorator$ObservationFilter.doFilter(ObservationFilterChainDecorator.java:224)
	at org.springframework.security.web.ObservationFilterChainDecorator$VirtualFilterChain.doFilter(ObservationFilterChainDecorator.java:137)
	at org.springframework.security.web.FilterChainProxy.doFilterInternal(FilterChainProxy.java:233)
	at org.springframework.security.web.FilterChainProxy.doFilter(FilterChainProxy.java:191)
	at org.springframework.web.filter.CompositeFilter$VirtualFilterChain.doFilter(CompositeFilter.java:113)
	at org.springframework.web.servlet.handler.HandlerMappingIntrospector.lambda$createCacheFilter$3(HandlerMappingIntrospector.java:195)
	at org.springframework.web.filter.CompositeFilter$VirtualFilterChain.doFilter(CompositeFilter.java:113)
	at org.springframework.web.filter.CompositeFilter.doFilter(CompositeFilter.java:74)
	at org.springframework.security.config.annotation.web.configuration.WebMvcSecurityConfiguration$CompositeFilterChainProxy.doFilter(WebMvcSecurityConfiguration.java:230)
	at org.springframework.web.filter.DelegatingFilterProxy.invokeDelegate(DelegatingFilterProxy.java:362)
	at org.springframework.web.filter.DelegatingFilterProxy.doFilter(DelegatingFilterProxy.java:278)
	at org.apache.catalina.core.ApplicationFilterChain.internalDoFilter(ApplicationFilterChain.java:164)
	at org.apache.catalina.core.ApplicationFilterChain.doFilter(ApplicationFilterChain.java:140)
	at org.springframework.web.filter.RequestContextFilter.doFilterInternal(RequestContextFilter.java:100)
	at org.springframework.web.filter.OncePerRequestFilter.doFilter(OncePerRequestFilter.java:116)
	at org.apache.catalina.core.ApplicationFilterChain.internalDoFilter(ApplicationFilterChain.java:164)
	at org.apache.catalina.core.ApplicationFilterChain.doFilter(ApplicationFilterChain.java:140)
	at org.springframework.web.filter.OncePerRequestFilter.doFilter(OncePerRequestFilter.java:101)
	at org.apache.catalina.core.ApplicationFilterChain.internalDoFilter(ApplicationFilterChain.java:164)
	at org.apache.catalina.core.ApplicationFilterChain.doFilter(ApplicationFilterChain.java:140)
	at org.springframework.web.filter.OncePerRequestFilter.doFilter(OncePerRequestFilter.java:101)
	at org.apache.catalina.core.ApplicationFilterChain.internalDoFilter(ApplicationFilterChain.java:164)
	at org.apache.catalina.core.ApplicationFilterChain.doFilter(ApplicationFilterChain.java:140)
	at org.apache.catalina.core.ApplicationDispatcher.invoke(ApplicationDispatcher.java:632)
	at org.apache.catalina.core.ApplicationDispatcher.processRequest(ApplicationDispatcher.java:410)
	at org.apache.catalina.core.ApplicationDispatcher.doForward(ApplicationDispatcher.java:330)
	at org.apache.catalina.core.ApplicationDispatcher.forward(ApplicationDispatcher.java:267)
	at org.apache.catalina.core.StandardHostValve.custom(StandardHostValve.java:362)
	at org.apache.catalina.core.StandardHostValve.status(StandardHostValve.java:222)
	at org.apache.catalina.core.StandardHostValve.invoke(StandardHostValve.java:151)
	at org.apache.catalina.valves.ErrorReportValve.invoke(ErrorReportValve.java:93)
	at org.apache.catalina.core.StandardEngineValve.invoke(StandardEngineValve.java:74)
	at org.apache.catalina.connector.CoyoteAdapter.service(CoyoteAdapter.java:344)
	at org.apache.coyote.http11.Http11Processor.service(Http11Processor.java:397)
	at org.apache.coyote.AbstractProcessorLight.process(AbstractProcessorLight.java:63)
	at org.apache.coyote.AbstractProtocol$ConnectionHandler.process(AbstractProtocol.java:905)
	at org.apache.tomcat.util.net.NioEndpoint$SocketProcessor.doRun(NioEndpoint.java:1741)
	at org.apache.tomcat.util.net.SocketProcessorBase.run(SocketProcessorBase.java:52)
	at org.apache.tomcat.util.threads.ThreadPoolExecutor.runWorker(ThreadPoolExecutor.java:1190)
	at org.apache.tomcat.util.threads.ThreadPoolExecutor$Worker.run(ThreadPoolExecutor.java:659)
	at org.apache.tomcat.util.threads.TaskThread$WrappingRunnable.run(TaskThread.java:63)
	at java.base/java.lang.Thread.run(Thread.java:840)
25-05-20 09:24:01.468 [http-nio-8080-exec-7] DEBUG o.s.s.w.s.HttpSessionRequestCache - Saved request http://localhost:8080/error?continue to session
25-05-20 09:24:01.469 [http-nio-8080-exec-7] DEBUG o.s.s.w.a.DelegatingAuthenticationEntryPoint - Trying to match using RequestHeaderRequestMatcher [expectedHeaderName=X-Requested-With, expectedHeaderValue=XMLHttpRequest]
25-05-20 09:24:01.469 [http-nio-8080-exec-7] DEBUG o.s.s.w.a.DelegatingAuthenticationEntryPoint - No match found. Using default entry point org.springframework.security.web.authentication.www.BasicAuthenticationEntryPoint@6620c272
25-05-20 09:24:18.780 [http-nio-8080-exec-10] TRACE o.s.security.web.FilterChainProxy - Trying to match request against DefaultSecurityFilterChain [RequestMatcher=any request, Filters=[org.springframework.security.web.session.DisableEncodeUrlFilter@117900e, org.springframework.security.web.context.request.async.WebAsyncManagerIntegrationFilter@65008f38, org.springframework.security.web.context.SecurityContextHolderFilter@71b9b035, org.springframework.security.web.header.HeaderWriterFilter@72f112d1, org.springframework.security.web.csrf.CsrfFilter@5f49c09d, org.springframework.security.web.authentication.www.BasicAuthenticationFilter@75f3c0c9, org.springframework.security.web.savedrequest.RequestCacheAwareFilter@5fc3b20b, org.springframework.security.web.servletapi.SecurityContextHolderAwareRequestFilter@10e542f3, org.springframework.security.web.authentication.AnonymousAuthenticationFilter@47e83647, org.springframework.security.web.access.ExceptionTranslationFilter@233d40da, org.springframework.security.web.access.intercept.AuthorizationFilter@4dd31687]] (1/1)
25-05-20 09:24:18.782 [http-nio-8080-exec-10] DEBUG o.s.security.web.FilterChainProxy - Securing GET /
25-05-20 09:24:18.782 [http-nio-8080-exec-10] TRACE o.s.security.web.FilterChainProxy - Invoking DisableEncodeUrlFilter (1/11)
25-05-20 09:24:18.783 [http-nio-8080-exec-10] TRACE o.s.security.web.FilterChainProxy - Invoking WebAsyncManagerIntegrationFilter (2/11)
25-05-20 09:24:18.783 [http-nio-8080-exec-10] TRACE o.s.security.web.FilterChainProxy - Invoking SecurityContextHolderFilter (3/11)
25-05-20 09:24:18.783 [http-nio-8080-exec-10] TRACE o.s.security.web.FilterChainProxy - Invoking HeaderWriterFilter (4/11)
25-05-20 09:24:18.783 [http-nio-8080-exec-10] TRACE o.s.security.web.FilterChainProxy - Invoking CsrfFilter (5/11)
25-05-20 09:24:18.783 [http-nio-8080-exec-10] TRACE o.s.security.web.csrf.CsrfFilter - Did not protect against CSRF since request did not match CsrfNotRequired [TRACE, HEAD, GET, OPTIONS]
25-05-20 09:24:18.783 [http-nio-8080-exec-10] TRACE o.s.security.web.FilterChainProxy - Invoking BasicAuthenticationFilter (6/11)
25-05-20 09:24:18.784 [http-nio-8080-exec-10] TRACE o.s.s.w.a.w.BasicAuthenticationFilter - Found username 'User1' in Basic Authorization header
25-05-20 09:24:18.784 [http-nio-8080-exec-10] TRACE o.s.s.w.c.HttpSessionSecurityContextRepository - Did not find SecurityContext in HttpSession 5CF529F030913A444D7BEC82ABE83F91 using the SPRING_SECURITY_CONTEXT session attribute
25-05-20 09:24:18.784 [http-nio-8080-exec-10] TRACE o.s.s.w.c.SupplierDeferredSecurityContext - Created SecurityContextImpl [Null authentication]
25-05-20 09:24:18.784 [http-nio-8080-exec-10] TRACE o.s.s.w.c.SupplierDeferredSecurityContext - Created SecurityContextImpl [Null authentication]
25-05-20 09:24:18.784 [http-nio-8080-exec-10] TRACE o.s.s.authentication.ProviderManager - Authenticating request with DaoAuthenticationProvider (1/1)
25-05-20 09:24:18.888 [http-nio-8080-exec-10] DEBUG o.s.s.a.d.DaoAuthenticationProvider - Failed to find user 'User1'
25-05-20 09:24:18.888 [http-nio-8080-exec-10] DEBUG o.s.s.w.a.w.BasicAuthenticationFilter - Failed to process authentication request
org.springframework.security.authentication.BadCredentialsException: 자격 증명에 실패하였습니다.
	at org.springframework.security.authentication.dao.AbstractUserDetailsAuthenticationProvider.authenticate(AbstractUserDetailsAuthenticationProvider.java:141)
	at org.springframework.security.authentication.ProviderManager.authenticate(ProviderManager.java:182)
	at org.springframework.security.authentication.ProviderManager.authenticate(ProviderManager.java:201)
	at org.springframework.security.authentication.ObservationAuthenticationManager.lambda$authenticate$1(ObservationAuthenticationManager.java:54)
	at io.micrometer.observation.Observation.observe(Observation.java:565)
	at org.springframework.security.authentication.ObservationAuthenticationManager.authenticate(ObservationAuthenticationManager.java:53)
	at org.springframework.security.web.authentication.www.BasicAuthenticationFilter.doFilterInternal(BasicAuthenticationFilter.java:187)
	at org.springframework.web.filter.OncePerRequestFilter.doFilter(OncePerRequestFilter.java:116)
	at org.springframework.security.web.ObservationFilterChainDecorator$ObservationFilter.wrapFilter(ObservationFilterChainDecorator.java:240)
	at org.springframework.security.web.ObservationFilterChainDecorator$ObservationFilter.doFilter(ObservationFilterChainDecorator.java:227)
	at org.springframework.security.web.ObservationFilterChainDecorator$VirtualFilterChain.doFilter(ObservationFilterChainDecorator.java:137)
	at org.springframework.security.web.csrf.CsrfFilter.doFilterInternal(CsrfFilter.java:117)
	at org.springframework.web.filter.OncePerRequestFilter.doFilter(OncePerRequestFilter.java:116)
	at org.springframework.security.web.ObservationFilterChainDecorator$ObservationFilter.wrapFilter(ObservationFilterChainDecorator.java:240)
	at org.springframework.security.web.ObservationFilterChainDecorator$ObservationFilter.doFilter(ObservationFilterChainDecorator.java:227)
	at org.springframework.security.web.ObservationFilterChainDecorator$VirtualFilterChain.doFilter(ObservationFilterChainDecorator.java:137)
	at org.springframework.security.web.header.HeaderWriterFilter.doHeadersAfter(HeaderWriterFilter.java:90)
	at org.springframework.security.web.header.HeaderWriterFilter.doFilterInternal(HeaderWriterFilter.java:75)
	at org.springframework.web.filter.OncePerRequestFilter.doFilter(OncePerRequestFilter.java:116)
	at org.springframework.security.web.ObservationFilterChainDecorator$ObservationFilter.wrapFilter(ObservationFilterChainDecorator.java:240)
	at org.springframework.security.web.ObservationFilterChainDecorator$ObservationFilter.doFilter(ObservationFilterChainDecorator.java:227)
	at org.springframework.security.web.ObservationFilterChainDecorator$VirtualFilterChain.doFilter(ObservationFilterChainDecorator.java:137)
	at org.springframework.security.web.context.SecurityContextHolderFilter.doFilter(SecurityContextHolderFilter.java:82)
	at org.springframework.security.web.context.SecurityContextHolderFilter.doFilter(SecurityContextHolderFilter.java:69)
	at org.springframework.security.web.ObservationFilterChainDecorator$ObservationFilter.wrapFilter(ObservationFilterChainDecorator.java:240)
	at org.springframework.security.web.ObservationFilterChainDecorator$ObservationFilter.doFilter(ObservationFilterChainDecorator.java:227)
	at org.springframework.security.web.ObservationFilterChainDecorator$VirtualFilterChain.doFilter(ObservationFilterChainDecorator.java:137)
	at org.springframework.security.web.context.request.async.WebAsyncManagerIntegrationFilter.doFilterInternal(WebAsyncManagerIntegrationFilter.java:62)
	at org.springframework.web.filter.OncePerRequestFilter.doFilter(OncePerRequestFilter.java:116)
	at org.springframework.security.web.ObservationFilterChainDecorator$ObservationFilter.wrapFilter(ObservationFilterChainDecorator.java:240)
	at org.springframework.security.web.ObservationFilterChainDecorator$ObservationFilter.doFilter(ObservationFilterChainDecorator.java:227)
	at org.springframework.security.web.ObservationFilterChainDecorator$VirtualFilterChain.doFilter(ObservationFilterChainDecorator.java:137)
	at org.springframework.security.web.session.DisableEncodeUrlFilter.doFilterInternal(DisableEncodeUrlFilter.java:42)
	at org.springframework.web.filter.OncePerRequestFilter.doFilter(OncePerRequestFilter.java:116)
	at org.springframework.security.web.ObservationFilterChainDecorator$ObservationFilter.wrapFilter(ObservationFilterChainDecorator.java:240)
	at org.springframework.security.web.ObservationFilterChainDecorator$AroundFilterObservation$SimpleAroundFilterObservation.lambda$wrap$0(ObservationFilterChainDecorator.java:323)
	at org.springframework.security.web.ObservationFilterChainDecorator$ObservationFilter.doFilter(ObservationFilterChainDecorator.java:224)
	at org.springframework.security.web.ObservationFilterChainDecorator$VirtualFilterChain.doFilter(ObservationFilterChainDecorator.java:137)
	at org.springframework.security.web.FilterChainProxy.doFilterInternal(FilterChainProxy.java:233)
	at org.springframework.security.web.FilterChainProxy.doFilter(FilterChainProxy.java:191)
	at org.springframework.web.filter.CompositeFilter$VirtualFilterChain.doFilter(CompositeFilter.java:113)
	at org.springframework.web.servlet.handler.HandlerMappingIntrospector.lambda$createCacheFilter$3(HandlerMappingIntrospector.java:195)
	at org.springframework.web.filter.CompositeFilter$VirtualFilterChain.doFilter(CompositeFilter.java:113)
	at org.springframework.web.filter.CompositeFilter.doFilter(CompositeFilter.java:74)
	at org.springframework.security.config.annotation.web.configuration.WebMvcSecurityConfiguration$CompositeFilterChainProxy.doFilter(WebMvcSecurityConfiguration.java:230)
	at org.springframework.web.filter.DelegatingFilterProxy.invokeDelegate(DelegatingFilterProxy.java:362)
	at org.springframework.web.filter.DelegatingFilterProxy.doFilter(DelegatingFilterProxy.java:278)
	at org.apache.catalina.core.ApplicationFilterChain.internalDoFilter(ApplicationFilterChain.java:164)
	at org.apache.catalina.core.ApplicationFilterChain.doFilter(ApplicationFilterChain.java:140)
	at org.springframework.web.filter.RequestContextFilter.doFilterInternal(RequestContextFilter.java:100)
	at org.springframework.web.filter.OncePerRequestFilter.doFilter(OncePerRequestFilter.java:116)
	at org.apache.catalina.core.ApplicationFilterChain.internalDoFilter(ApplicationFilterChain.java:164)
	at org.apache.catalina.core.ApplicationFilterChain.doFilter(ApplicationFilterChain.java:140)
	at org.springframework.web.filter.FormContentFilter.doFilterInternal(FormContentFilter.java:93)
	at org.springframework.web.filter.OncePerRequestFilter.doFilter(OncePerRequestFilter.java:116)
	at org.apache.catalina.core.ApplicationFilterChain.internalDoFilter(ApplicationFilterChain.java:164)
	at org.apache.catalina.core.ApplicationFilterChain.doFilter(ApplicationFilterChain.java:140)
	at org.springframework.web.filter.ServerHttpObservationFilter.doFilterInternal(ServerHttpObservationFilter.java:113)
	at org.springframework.web.filter.OncePerRequestFilter.doFilter(OncePerRequestFilter.java:116)
	at org.apache.catalina.core.ApplicationFilterChain.internalDoFilter(ApplicationFilterChain.java:164)
	at org.apache.catalina.core.ApplicationFilterChain.doFilter(ApplicationFilterChain.java:140)
	at org.springframework.web.filter.CharacterEncodingFilter.doFilterInternal(CharacterEncodingFilter.java:201)
	at org.springframework.web.filter.OncePerRequestFilter.doFilter(OncePerRequestFilter.java:116)
	at org.apache.catalina.core.ApplicationFilterChain.internalDoFilter(ApplicationFilterChain.java:164)
	at org.apache.catalina.core.ApplicationFilterChain.doFilter(ApplicationFilterChain.java:140)
	at org.apache.catalina.core.StandardWrapperValve.invoke(StandardWrapperValve.java:167)
	at org.apache.catalina.core.StandardContextValve.invoke(StandardContextValve.java:90)
	at org.apache.catalina.authenticator.AuthenticatorBase.invoke(AuthenticatorBase.java:483)
	at org.apache.catalina.core.StandardHostValve.invoke(StandardHostValve.java:115)
	at org.apache.catalina.valves.ErrorReportValve.invoke(ErrorReportValve.java:93)
	at org.apache.catalina.core.StandardEngineValve.invoke(StandardEngineValve.java:74)
	at org.apache.catalina.connector.CoyoteAdapter.service(CoyoteAdapter.java:344)
	at org.apache.coyote.http11.Http11Processor.service(Http11Processor.java:397)
	at org.apache.coyote.AbstractProcessorLight.process(AbstractProcessorLight.java:63)
	at org.apache.coyote.AbstractProtocol$ConnectionHandler.process(AbstractProtocol.java:905)
	at org.apache.tomcat.util.net.NioEndpoint$SocketProcessor.doRun(NioEndpoint.java:1741)
	at org.apache.tomcat.util.net.SocketProcessorBase.run(SocketProcessorBase.java:52)
	at org.apache.tomcat.util.threads.ThreadPoolExecutor.runWorker(ThreadPoolExecutor.java:1190)
	at org.apache.tomcat.util.threads.ThreadPoolExecutor$Worker.run(ThreadPoolExecutor.java:659)
	at org.apache.tomcat.util.threads.TaskThread$WrappingRunnable.run(TaskThread.java:63)
	at java.base/java.lang.Thread.run(Thread.java:840)
25-05-20 09:24:18.889 [http-nio-8080-exec-10] DEBUG o.s.s.w.a.DelegatingAuthenticationEntryPoint - Trying to match using RequestHeaderRequestMatcher [expectedHeaderName=X-Requested-With, expectedHeaderValue=XMLHttpRequest]
25-05-20 09:24:18.889 [http-nio-8080-exec-10] DEBUG o.s.s.w.a.DelegatingAuthenticationEntryPoint - No match found. Using default entry point org.springframework.security.web.authentication.www.BasicAuthenticationEntryPoint@6620c272
25-05-20 09:24:18.889 [http-nio-8080-exec-10] TRACE o.s.s.w.h.writers.HstsHeaderWriter - Not injecting HSTS header since it did not match request to [Is Secure]
25-05-20 09:24:18.890 [http-nio-8080-exec-10] TRACE o.s.security.web.FilterChainProxy - Trying to match request against DefaultSecurityFilterChain [RequestMatcher=any request, Filters=[org.springframework.security.web.session.DisableEncodeUrlFilter@117900e, org.springframework.security.web.context.request.async.WebAsyncManagerIntegrationFilter@65008f38, org.springframework.security.web.context.SecurityContextHolderFilter@71b9b035, org.springframework.security.web.header.HeaderWriterFilter@72f112d1, org.springframework.security.web.csrf.CsrfFilter@5f49c09d, org.springframework.security.web.authentication.www.BasicAuthenticationFilter@75f3c0c9, org.springframework.security.web.savedrequest.RequestCacheAwareFilter@5fc3b20b, org.springframework.security.web.servletapi.SecurityContextHolderAwareRequestFilter@10e542f3, org.springframework.security.web.authentication.AnonymousAuthenticationFilter@47e83647, org.springframework.security.web.access.ExceptionTranslationFilter@233d40da, org.springframework.security.web.access.intercept.AuthorizationFilter@4dd31687]] (1/1)
25-05-20 09:24:18.890 [http-nio-8080-exec-10] DEBUG o.s.security.web.FilterChainProxy - Securing GET /error
25-05-20 09:24:18.890 [http-nio-8080-exec-10] TRACE o.s.security.web.FilterChainProxy - Invoking DisableEncodeUrlFilter (1/11)
25-05-20 09:24:18.890 [http-nio-8080-exec-10] TRACE o.s.security.web.FilterChainProxy - Invoking WebAsyncManagerIntegrationFilter (2/11)
25-05-20 09:24:18.890 [http-nio-8080-exec-10] TRACE o.s.security.web.FilterChainProxy - Invoking SecurityContextHolderFilter (3/11)
25-05-20 09:24:18.890 [http-nio-8080-exec-10] TRACE o.s.security.web.FilterChainProxy - Invoking HeaderWriterFilter (4/11)
25-05-20 09:24:18.892 [http-nio-8080-exec-10] TRACE o.s.security.web.FilterChainProxy - Invoking CsrfFilter (5/11)
25-05-20 09:24:18.892 [http-nio-8080-exec-10] TRACE o.s.security.web.FilterChainProxy - Invoking BasicAuthenticationFilter (6/11)
25-05-20 09:24:18.892 [http-nio-8080-exec-10] TRACE o.s.security.web.FilterChainProxy - Invoking RequestCacheAwareFilter (7/11)
25-05-20 09:24:18.892 [http-nio-8080-exec-10] TRACE o.s.s.w.s.HttpSessionRequestCache - matchingRequestParameterName is required for getMatchingRequest to lookup a value, but not provided
25-05-20 09:24:18.892 [http-nio-8080-exec-10] TRACE o.s.security.web.FilterChainProxy - Invoking SecurityContextHolderAwareRequestFilter (8/11)
25-05-20 09:24:18.892 [http-nio-8080-exec-10] TRACE o.s.security.web.FilterChainProxy - Invoking AnonymousAuthenticationFilter (9/11)
25-05-20 09:24:18.892 [http-nio-8080-exec-10] TRACE o.s.security.web.FilterChainProxy - Invoking ExceptionTranslationFilter (10/11)
25-05-20 09:24:18.892 [http-nio-8080-exec-10] TRACE o.s.security.web.FilterChainProxy - Invoking AuthorizationFilter (11/11)
25-05-20 09:24:18.892 [http-nio-8080-exec-10] TRACE o.s.s.w.a.i.RequestMatcherDelegatingAuthorizationManager - Authorizing GET /error
25-05-20 09:24:18.892 [http-nio-8080-exec-10] TRACE o.s.s.w.a.i.RequestMatcherDelegatingAuthorizationManager - Checking authorization on GET /error using org.springframework.security.authorization.AuthenticatedAuthorizationManager@61ad3f8a
25-05-20 09:24:18.892 [http-nio-8080-exec-10] TRACE o.s.s.w.c.HttpSessionSecurityContextRepository - Did not find SecurityContext in HttpSession 5CF529F030913A444D7BEC82ABE83F91 using the SPRING_SECURITY_CONTEXT session attribute
25-05-20 09:24:18.892 [http-nio-8080-exec-10] TRACE o.s.s.w.c.SupplierDeferredSecurityContext - Created SecurityContextImpl [Null authentication]
25-05-20 09:24:18.892 [http-nio-8080-exec-10] TRACE o.s.s.w.c.SupplierDeferredSecurityContext - Created SecurityContextImpl [Null authentication]
25-05-20 09:24:18.892 [http-nio-8080-exec-10] TRACE o.s.s.w.a.AnonymousAuthenticationFilter - Set SecurityContextHolder to AnonymousAuthenticationToken [Principal=anonymousUser, Credentials=[PROTECTED], Authenticated=true, Details=WebAuthenticationDetails [RemoteIpAddress=0:0:0:0:0:0:0:1, SessionId=5CF529F030913A444D7BEC82ABE83F91], Granted Authorities=[ROLE_ANONYMOUS]]
25-05-20 09:24:18.893 [http-nio-8080-exec-10] TRACE o.s.s.w.a.ExceptionTranslationFilter - Sending AnonymousAuthenticationToken [Principal=anonymousUser, Credentials=[PROTECTED], Authenticated=true, Details=WebAuthenticationDetails [RemoteIpAddress=0:0:0:0:0:0:0:1, SessionId=5CF529F030913A444D7BEC82ABE83F91], Granted Authorities=[ROLE_ANONYMOUS]] to authentication entry point since access is denied
org.springframework.security.access.AccessDeniedException: Access Denied
	at org.springframework.security.web.access.intercept.AuthorizationFilter.doFilter(AuthorizationFilter.java:98)
	at org.springframework.security.web.ObservationFilterChainDecorator$ObservationFilter.wrapFilter(ObservationFilterChainDecorator.java:240)
	at org.springframework.security.web.ObservationFilterChainDecorator$ObservationFilter.doFilter(ObservationFilterChainDecorator.java:227)
	at org.springframework.security.web.ObservationFilterChainDecorator$VirtualFilterChain.doFilter(ObservationFilterChainDecorator.java:137)
	at org.springframework.security.web.access.ExceptionTranslationFilter.doFilter(ExceptionTranslationFilter.java:126)
	at org.springframework.security.web.access.ExceptionTranslationFilter.doFilter(ExceptionTranslationFilter.java:120)
	at org.springframework.security.web.ObservationFilterChainDecorator$ObservationFilter.wrapFilter(ObservationFilterChainDecorator.java:240)
	at org.springframework.security.web.ObservationFilterChainDecorator$ObservationFilter.doFilter(ObservationFilterChainDecorator.java:227)
	at org.springframework.security.web.ObservationFilterChainDecorator$VirtualFilterChain.doFilter(ObservationFilterChainDecorator.java:137)
	at org.springframework.security.web.authentication.AnonymousAuthenticationFilter.doFilter(AnonymousAuthenticationFilter.java:100)
	at org.springframework.security.web.ObservationFilterChainDecorator$ObservationFilter.wrapFilter(ObservationFilterChainDecorator.java:240)
	at org.springframework.security.web.ObservationFilterChainDecorator$ObservationFilter.doFilter(ObservationFilterChainDecorator.java:227)
	at org.springframework.security.web.ObservationFilterChainDecorator$VirtualFilterChain.doFilter(ObservationFilterChainDecorator.java:137)
	at org.springframework.security.web.servletapi.SecurityContextHolderAwareRequestFilter.doFilter(SecurityContextHolderAwareRequestFilter.java:179)
	at org.springframework.security.web.ObservationFilterChainDecorator$ObservationFilter.wrapFilter(ObservationFilterChainDecorator.java:240)
	at org.springframework.security.web.ObservationFilterChainDecorator$ObservationFilter.doFilter(ObservationFilterChainDecorator.java:227)
	at org.springframework.security.web.ObservationFilterChainDecorator$VirtualFilterChain.doFilter(ObservationFilterChainDecorator.java:137)
	at org.springframework.security.web.savedrequest.RequestCacheAwareFilter.doFilter(RequestCacheAwareFilter.java:63)
	at org.springframework.security.web.ObservationFilterChainDecorator$ObservationFilter.wrapFilter(ObservationFilterChainDecorator.java:240)
	at org.springframework.security.web.ObservationFilterChainDecorator$ObservationFilter.doFilter(ObservationFilterChainDecorator.java:227)
	at org.springframework.security.web.ObservationFilterChainDecorator$VirtualFilterChain.doFilter(ObservationFilterChainDecorator.java:137)
	at org.springframework.web.filter.OncePerRequestFilter.doFilter(OncePerRequestFilter.java:101)
	at org.springframework.security.web.ObservationFilterChainDecorator$ObservationFilter.wrapFilter(ObservationFilterChainDecorator.java:240)
	at org.springframework.security.web.ObservationFilterChainDecorator$ObservationFilter.doFilter(ObservationFilterChainDecorator.java:227)
	at org.springframework.security.web.ObservationFilterChainDecorator$VirtualFilterChain.doFilter(ObservationFilterChainDecorator.java:137)
	at org.springframework.web.filter.OncePerRequestFilter.doFilter(OncePerRequestFilter.java:101)
	at org.springframework.security.web.ObservationFilterChainDecorator$ObservationFilter.wrapFilter(ObservationFilterChainDecorator.java:240)
	at org.springframework.security.web.ObservationFilterChainDecorator$ObservationFilter.doFilter(ObservationFilterChainDecorator.java:227)
	at org.springframework.security.web.ObservationFilterChainDecorator$VirtualFilterChain.doFilter(ObservationFilterChainDecorator.java:137)
	at org.springframework.web.filter.OncePerRequestFilter.doFilter(OncePerRequestFilter.java:101)
	at org.springframework.security.web.ObservationFilterChainDecorator$ObservationFilter.wrapFilter(ObservationFilterChainDecorator.java:240)
	at org.springframework.security.web.ObservationFilterChainDecorator$ObservationFilter.doFilter(ObservationFilterChainDecorator.java:227)
	at org.springframework.security.web.ObservationFilterChainDecorator$VirtualFilterChain.doFilter(ObservationFilterChainDecorator.java:137)
	at org.springframework.security.web.context.SecurityContextHolderFilter.doFilter(SecurityContextHolderFilter.java:82)
	at org.springframework.security.web.context.SecurityContextHolderFilter.doFilter(SecurityContextHolderFilter.java:69)
	at org.springframework.security.web.ObservationFilterChainDecorator$ObservationFilter.wrapFilter(ObservationFilterChainDecorator.java:240)
	at org.springframework.security.web.ObservationFilterChainDecorator$ObservationFilter.doFilter(ObservationFilterChainDecorator.java:227)
	at org.springframework.security.web.ObservationFilterChainDecorator$VirtualFilterChain.doFilter(ObservationFilterChainDecorator.java:137)
	at org.springframework.web.filter.OncePerRequestFilter.doFilter(OncePerRequestFilter.java:101)
	at org.springframework.security.web.ObservationFilterChainDecorator$ObservationFilter.wrapFilter(ObservationFilterChainDecorator.java:240)
	at org.springframework.security.web.ObservationFilterChainDecorator$ObservationFilter.doFilter(ObservationFilterChainDecorator.java:227)
	at org.springframework.security.web.ObservationFilterChainDecorator$VirtualFilterChain.doFilter(ObservationFilterChainDecorator.java:137)
	at org.springframework.web.filter.OncePerRequestFilter.doFilter(OncePerRequestFilter.java:101)
	at org.springframework.security.web.ObservationFilterChainDecorator$ObservationFilter.wrapFilter(ObservationFilterChainDecorator.java:240)
	at org.springframework.security.web.ObservationFilterChainDecorator$AroundFilterObservation$SimpleAroundFilterObservation.lambda$wrap$0(ObservationFilterChainDecorator.java:323)
	at org.springframework.security.web.ObservationFilterChainDecorator$ObservationFilter.doFilter(ObservationFilterChainDecorator.java:224)
	at org.springframework.security.web.ObservationFilterChainDecorator$VirtualFilterChain.doFilter(ObservationFilterChainDecorator.java:137)
	at org.springframework.security.web.FilterChainProxy.doFilterInternal(FilterChainProxy.java:233)
	at org.springframework.security.web.FilterChainProxy.doFilter(FilterChainProxy.java:191)
	at org.springframework.web.filter.CompositeFilter$VirtualFilterChain.doFilter(CompositeFilter.java:113)
	at org.springframework.web.servlet.handler.HandlerMappingIntrospector.lambda$createCacheFilter$3(HandlerMappingIntrospector.java:195)
	at org.springframework.web.filter.CompositeFilter$VirtualFilterChain.doFilter(CompositeFilter.java:113)
	at org.springframework.web.filter.CompositeFilter.doFilter(CompositeFilter.java:74)
	at org.springframework.security.config.annotation.web.configuration.WebMvcSecurityConfiguration$CompositeFilterChainProxy.doFilter(WebMvcSecurityConfiguration.java:230)
	at org.springframework.web.filter.DelegatingFilterProxy.invokeDelegate(DelegatingFilterProxy.java:362)
	at org.springframework.web.filter.DelegatingFilterProxy.doFilter(DelegatingFilterProxy.java:278)
	at org.apache.catalina.core.ApplicationFilterChain.internalDoFilter(ApplicationFilterChain.java:164)
	at org.apache.catalina.core.ApplicationFilterChain.doFilter(ApplicationFilterChain.java:140)
	at org.springframework.web.filter.RequestContextFilter.doFilterInternal(RequestContextFilter.java:100)
	at org.springframework.web.filter.OncePerRequestFilter.doFilter(OncePerRequestFilter.java:116)
	at org.apache.catalina.core.ApplicationFilterChain.internalDoFilter(ApplicationFilterChain.java:164)
	at org.apache.catalina.core.ApplicationFilterChain.doFilter(ApplicationFilterChain.java:140)
	at org.springframework.web.filter.OncePerRequestFilter.doFilter(OncePerRequestFilter.java:101)
	at org.apache.catalina.core.ApplicationFilterChain.internalDoFilter(ApplicationFilterChain.java:164)
	at org.apache.catalina.core.ApplicationFilterChain.doFilter(ApplicationFilterChain.java:140)
	at org.springframework.web.filter.OncePerRequestFilter.doFilter(OncePerRequestFilter.java:101)
	at org.apache.catalina.core.ApplicationFilterChain.internalDoFilter(ApplicationFilterChain.java:164)
	at org.apache.catalina.core.ApplicationFilterChain.doFilter(ApplicationFilterChain.java:140)
	at org.apache.catalina.core.ApplicationDispatcher.invoke(ApplicationDispatcher.java:632)
	at org.apache.catalina.core.ApplicationDispatcher.processRequest(ApplicationDispatcher.java:410)
	at org.apache.catalina.core.ApplicationDispatcher.doForward(ApplicationDispatcher.java:330)
	at org.apache.catalina.core.ApplicationDispatcher.forward(ApplicationDispatcher.java:267)
	at org.apache.catalina.core.StandardHostValve.custom(StandardHostValve.java:362)
	at org.apache.catalina.core.StandardHostValve.status(StandardHostValve.java:222)
	at org.apache.catalina.core.StandardHostValve.invoke(StandardHostValve.java:151)
	at org.apache.catalina.valves.ErrorReportValve.invoke(ErrorReportValve.java:93)
	at org.apache.catalina.core.StandardEngineValve.invoke(StandardEngineValve.java:74)
	at org.apache.catalina.connector.CoyoteAdapter.service(CoyoteAdapter.java:344)
	at org.apache.coyote.http11.Http11Processor.service(Http11Processor.java:397)
	at org.apache.coyote.AbstractProcessorLight.process(AbstractProcessorLight.java:63)
	at org.apache.coyote.AbstractProtocol$ConnectionHandler.process(AbstractProtocol.java:905)
	at org.apache.tomcat.util.net.NioEndpoint$SocketProcessor.doRun(NioEndpoint.java:1741)
	at org.apache.tomcat.util.net.SocketProcessorBase.run(SocketProcessorBase.java:52)
	at org.apache.tomcat.util.threads.ThreadPoolExecutor.runWorker(ThreadPoolExecutor.java:1190)
	at org.apache.tomcat.util.threads.ThreadPoolExecutor$Worker.run(ThreadPoolExecutor.java:659)
	at org.apache.tomcat.util.threads.TaskThread$WrappingRunnable.run(TaskThread.java:63)
	at java.base/java.lang.Thread.run(Thread.java:840)
25-05-20 09:24:18.894 [http-nio-8080-exec-10] DEBUG o.s.s.w.s.HttpSessionRequestCache - Saved request http://localhost:8080/error?continue to session
25-05-20 09:24:18.894 [http-nio-8080-exec-10] DEBUG o.s.s.w.a.DelegatingAuthenticationEntryPoint - Trying to match using RequestHeaderRequestMatcher [expectedHeaderName=X-Requested-With, expectedHeaderValue=XMLHttpRequest]
25-05-20 09:24:18.894 [http-nio-8080-exec-10] DEBUG o.s.s.w.a.DelegatingAuthenticationEntryPoint - No match found. Using default entry point org.springframework.security.web.authentication.www.BasicAuthenticationEntryPoint@6620c272
25-05-20 09:24:35.493 [SpringApplicationShutdownHook] INFO  o.s.o.j.LocalContainerEntityManagerFactoryBean - Closing JPA EntityManagerFactory for persistence unit 'default'
25-05-20 09:24:35.495 [SpringApplicationShutdownHook] INFO  com.zaxxer.hikari.HikariDataSource - HikariPool-1 - Shutdown initiated...
25-05-20 09:24:35.500 [SpringApplicationShutdownHook] INFO  com.zaxxer.hikari.HikariDataSource - HikariPool-1 - Shutdown completed.
25-05-20 09:36:22.414 [background-preinit] INFO  o.h.validator.internal.util.Version - HV000001: Hibernate Validator 8.0.1.Final
25-05-20 09:36:22.548 [main] INFO  c.s.m.discodeit.DiscodeitApplication - Starting DiscodeitApplication using Java 17.0.12 with PID 9084 (C:\Users\User\OneDrive\Desktop\codeit\1-sprint-mission\build\classes\java\main started by User in C:\Users\User\OneDrive\Desktop\codeit\1-sprint-mission)
25-05-20 09:36:22.551 [main] INFO  c.s.m.discodeit.DiscodeitApplication - The following 1 profile is active: "test"
25-05-20 09:36:25.864 [main] INFO  o.s.d.r.c.RepositoryConfigurationDelegate - Bootstrapping Spring Data JPA repositories in DEFAULT mode.
25-05-20 09:36:26.159 [main] INFO  o.s.d.r.c.RepositoryConfigurationDelegate - Finished Spring Data repository scanning in 277 ms. Found 6 JPA repository interfaces.
25-05-20 09:36:28.081 [main] INFO  o.s.b.w.e.tomcat.TomcatWebServer - Tomcat initialized with port 8080 (http)
25-05-20 09:36:28.123 [main] INFO  o.a.coyote.http11.Http11NioProtocol - Initializing ProtocolHandler ["http-nio-8080"]
25-05-20 09:36:28.127 [main] INFO  o.a.catalina.core.StandardService - Starting service [Tomcat]
25-05-20 09:36:28.127 [main] INFO  o.a.catalina.core.StandardEngine - Starting Servlet engine: [Apache Tomcat/10.1.33]
25-05-20 09:36:28.343 [main] INFO  o.a.c.c.C.[Tomcat].[localhost].[/] - Initializing Spring embedded WebApplicationContext
25-05-20 09:36:28.344 [main] INFO  o.s.b.w.s.c.ServletWebServerApplicationContext - Root WebApplicationContext: initialization completed in 5653 ms
25-05-20 09:36:28.573 [main] INFO  com.zaxxer.hikari.HikariDataSource - HikariPool-1 - Starting...
25-05-20 09:36:29.174 [main] INFO  com.zaxxer.hikari.pool.HikariPool - HikariPool-1 - Added connection conn0: url=jdbc:h2:mem:devDB user=DEVUSER
25-05-20 09:36:29.178 [main] INFO  com.zaxxer.hikari.HikariDataSource - HikariPool-1 - Start completed.
25-05-20 09:36:29.197 [main] INFO  o.s.b.a.h.H2ConsoleAutoConfiguration - H2 console available at '/h2-console'. Database available at 'jdbc:h2:mem:devDB'
25-05-20 09:36:29.704 [main] INFO  o.h.jpa.internal.util.LogHelper - HHH000204: Processing PersistenceUnitInfo [name: default]
25-05-20 09:36:29.951 [main] INFO  org.hibernate.Version - HHH000412: Hibernate ORM core version 6.5.3.Final
25-05-20 09:36:30.054 [main] INFO  o.h.c.i.RegionFactoryInitiator - HHH000026: Second-level cache disabled
25-05-20 09:36:30.893 [main] INFO  o.s.o.j.p.SpringPersistenceUnitInfo - No LoadTimeWeaver setup: ignoring JPA class transformer
25-05-20 09:36:33.833 [main] INFO  o.h.e.t.j.p.i.JtaPlatformInitiator - HHH000489: No JTA platform available (set 'hibernate.transaction.jta.platform' to enable JTA platform integration)
25-05-20 09:36:33.844 [main] INFO  o.s.o.j.LocalContainerEntityManagerFactoryBean - Initialized JPA EntityManagerFactory for persistence unit 'default'
25-05-20 09:36:35.293 [main] WARN  o.s.b.a.o.j.JpaBaseConfiguration$JpaWebConfiguration - spring.jpa.open-in-view is enabled by default. Therefore, database queries may be performed during view rendering. Explicitly configure spring.jpa.open-in-view to disable this warning
25-05-20 09:36:35.388 [main] TRACE o.s.s.c.a.a.c.AuthenticationConfiguration$EnableGlobalAuthenticationAutowiredConfigurer - Eagerly initializing {org.springframework.boot.autoconfigure.security.servlet.SpringBootWebSecurityConfiguration$WebSecurityEnablerConfiguration=org.springframework.boot.autoconfigure.security.servlet.SpringBootWebSecurityConfiguration$WebSecurityEnablerConfiguration@1be6c991}
25-05-20 09:36:35.406 [main] WARN  o.s.b.a.s.s.UserDetailsServiceAutoConfiguration - 

Using generated security password: ea2d4597-d9e3-408d-8603-fd9944f42824

This generated password is for development use only. Your security configuration must be updated before running your application in production.

25-05-20 09:36:35.462 [main] INFO  o.s.s.c.a.a.c.InitializeUserDetailsBeanManagerConfigurer$InitializeUserDetailsManagerConfigurer - Global AuthenticationManager configured with UserDetailsService bean with name inMemoryUserDetailsManager
25-05-20 09:36:35.707 [main] INFO  o.s.b.a.w.s.WelcomePageHandlerMapping - Adding welcome page: class path resource [static/index.html]
25-05-20 09:36:38.671 [main] INFO  o.s.b.a.e.web.EndpointLinksResolver - Exposing 4 endpoints beneath base path '/actuator'
25-05-20 09:36:38.927 [main] DEBUG o.s.s.web.DefaultSecurityFilterChain - Will secure any request with filters: DisableEncodeUrlFilter, WebAsyncManagerIntegrationFilter, SecurityContextHolderFilter, HeaderWriterFilter, CsrfFilter, BasicAuthenticationFilter, RequestCacheAwareFilter, SecurityContextHolderAwareRequestFilter, AnonymousAuthenticationFilter, ExceptionTranslationFilter, AuthorizationFilter
25-05-20 09:36:40.543 [main] INFO  o.a.coyote.http11.Http11NioProtocol - Starting ProtocolHandler ["http-nio-8080"]
25-05-20 09:36:40.627 [main] INFO  o.s.b.w.e.tomcat.TomcatWebServer - Tomcat started on port 8080 (http) with context path '/'
25-05-20 09:36:40.671 [main] INFO  c.s.m.discodeit.DiscodeitApplication - Started DiscodeitApplication in 19.464 seconds (process running for 21.37)
25-05-20 09:36:41.178 [RMI TCP Connection(2)-192.168.0.11] INFO  o.a.c.c.C.[Tomcat].[localhost].[/] - Initializing Spring DispatcherServlet 'dispatcherServlet'
25-05-20 09:36:41.178 [RMI TCP Connection(2)-192.168.0.11] INFO  o.s.web.servlet.DispatcherServlet - Initializing Servlet 'dispatcherServlet'
25-05-20 09:36:41.183 [RMI TCP Connection(2)-192.168.0.11] INFO  o.s.web.servlet.DispatcherServlet - Completed initialization in 4 ms
25-05-20 09:36:46.827 [http-nio-8080-exec-1] TRACE o.s.security.web.FilterChainProxy - Trying to match request against DefaultSecurityFilterChain [RequestMatcher=any request, Filters=[org.springframework.security.web.session.DisableEncodeUrlFilter@426cda96, org.springframework.security.web.context.request.async.WebAsyncManagerIntegrationFilter@2619d0d8, org.springframework.security.web.context.SecurityContextHolderFilter@5aeaee3, org.springframework.security.web.header.HeaderWriterFilter@41f05f1, org.springframework.security.web.csrf.CsrfFilter@31c87223, org.springframework.security.web.authentication.www.BasicAuthenticationFilter@4dd31687, org.springframework.security.web.savedrequest.RequestCacheAwareFilter@3af1b643, org.springframework.security.web.servletapi.SecurityContextHolderAwareRequestFilter@4c475547, org.springframework.security.web.authentication.AnonymousAuthenticationFilter@6d3a1808, org.springframework.security.web.access.ExceptionTranslationFilter@3a42610, org.springframework.security.web.access.intercept.AuthorizationFilter@4be8c1bb]] (1/1)
25-05-20 09:36:46.831 [http-nio-8080-exec-1] DEBUG o.s.security.web.FilterChainProxy - Securing GET /
25-05-20 09:36:46.838 [http-nio-8080-exec-1] TRACE o.s.security.web.FilterChainProxy - Invoking DisableEncodeUrlFilter (1/11)
25-05-20 09:36:46.847 [http-nio-8080-exec-1] TRACE o.s.security.web.FilterChainProxy - Invoking WebAsyncManagerIntegrationFilter (2/11)
25-05-20 09:36:46.853 [http-nio-8080-exec-1] TRACE o.s.security.web.FilterChainProxy - Invoking SecurityContextHolderFilter (3/11)
25-05-20 09:36:46.856 [http-nio-8080-exec-1] TRACE o.s.security.web.FilterChainProxy - Invoking HeaderWriterFilter (4/11)
25-05-20 09:36:46.860 [http-nio-8080-exec-1] TRACE o.s.security.web.FilterChainProxy - Invoking CsrfFilter (5/11)
25-05-20 09:36:46.863 [http-nio-8080-exec-1] TRACE o.s.security.web.csrf.CsrfFilter - Did not protect against CSRF since request did not match CsrfNotRequired [TRACE, HEAD, GET, OPTIONS]
25-05-20 09:36:46.863 [http-nio-8080-exec-1] TRACE o.s.security.web.FilterChainProxy - Invoking BasicAuthenticationFilter (6/11)
25-05-20 09:36:46.864 [http-nio-8080-exec-1] TRACE o.s.s.w.a.w.BasicAuthenticationFilter - Did not process authentication request since failed to find username and password in Basic Authorization header
25-05-20 09:36:46.864 [http-nio-8080-exec-1] TRACE o.s.security.web.FilterChainProxy - Invoking RequestCacheAwareFilter (7/11)
25-05-20 09:36:46.864 [http-nio-8080-exec-1] TRACE o.s.s.w.s.HttpSessionRequestCache - matchingRequestParameterName is required for getMatchingRequest to lookup a value, but not provided
25-05-20 09:36:46.864 [http-nio-8080-exec-1] TRACE o.s.security.web.FilterChainProxy - Invoking SecurityContextHolderAwareRequestFilter (8/11)
25-05-20 09:36:46.867 [http-nio-8080-exec-1] TRACE o.s.security.web.FilterChainProxy - Invoking AnonymousAuthenticationFilter (9/11)
25-05-20 09:36:46.868 [http-nio-8080-exec-1] TRACE o.s.security.web.FilterChainProxy - Invoking ExceptionTranslationFilter (10/11)
25-05-20 09:36:46.868 [http-nio-8080-exec-1] TRACE o.s.security.web.FilterChainProxy - Invoking AuthorizationFilter (11/11)
25-05-20 09:36:46.871 [http-nio-8080-exec-1] TRACE o.s.s.w.a.i.RequestMatcherDelegatingAuthorizationManager - Authorizing GET /
25-05-20 09:36:46.876 [http-nio-8080-exec-1] TRACE o.s.s.w.a.i.RequestMatcherDelegatingAuthorizationManager - Checking authorization on GET / using org.springframework.security.config.annotation.web.configurers.AuthorizeHttpRequestsConfigurer$$Lambda$1541/0x0000020426b35a80@5261b5e9
25-05-20 09:36:46.887 [http-nio-8080-exec-1] DEBUG o.s.security.web.FilterChainProxy - Secured GET /
25-05-20 09:36:46.941 [http-nio-8080-exec-1] TRACE o.s.security.web.FilterChainProxy - Trying to match request against DefaultSecurityFilterChain [RequestMatcher=any request, Filters=[org.springframework.security.web.session.DisableEncodeUrlFilter@426cda96, org.springframework.security.web.context.request.async.WebAsyncManagerIntegrationFilter@2619d0d8, org.springframework.security.web.context.SecurityContextHolderFilter@5aeaee3, org.springframework.security.web.header.HeaderWriterFilter@41f05f1, org.springframework.security.web.csrf.CsrfFilter@31c87223, org.springframework.security.web.authentication.www.BasicAuthenticationFilter@4dd31687, org.springframework.security.web.savedrequest.RequestCacheAwareFilter@3af1b643, org.springframework.security.web.servletapi.SecurityContextHolderAwareRequestFilter@4c475547, org.springframework.security.web.authentication.AnonymousAuthenticationFilter@6d3a1808, org.springframework.security.web.access.ExceptionTranslationFilter@3a42610, org.springframework.security.web.access.intercept.AuthorizationFilter@4be8c1bb]] (1/1)
25-05-20 09:36:46.941 [http-nio-8080-exec-1] DEBUG o.s.security.web.FilterChainProxy - Securing GET /index.html
25-05-20 09:36:46.941 [http-nio-8080-exec-1] TRACE o.s.security.web.FilterChainProxy - Invoking DisableEncodeUrlFilter (1/11)
25-05-20 09:36:46.942 [http-nio-8080-exec-1] TRACE o.s.security.web.FilterChainProxy - Invoking WebAsyncManagerIntegrationFilter (2/11)
25-05-20 09:36:46.943 [http-nio-8080-exec-1] TRACE o.s.security.web.FilterChainProxy - Invoking SecurityContextHolderFilter (3/11)
25-05-20 09:36:46.943 [http-nio-8080-exec-1] TRACE o.s.security.web.FilterChainProxy - Invoking HeaderWriterFilter (4/11)
25-05-20 09:36:46.943 [http-nio-8080-exec-1] TRACE o.s.security.web.FilterChainProxy - Invoking CsrfFilter (5/11)
25-05-20 09:36:46.943 [http-nio-8080-exec-1] TRACE o.s.security.web.FilterChainProxy - Invoking BasicAuthenticationFilter (6/11)
25-05-20 09:36:46.944 [http-nio-8080-exec-1] TRACE o.s.security.web.FilterChainProxy - Invoking RequestCacheAwareFilter (7/11)
25-05-20 09:36:46.944 [http-nio-8080-exec-1] TRACE o.s.s.w.s.HttpSessionRequestCache - matchingRequestParameterName is required for getMatchingRequest to lookup a value, but not provided
25-05-20 09:36:46.944 [http-nio-8080-exec-1] TRACE o.s.security.web.FilterChainProxy - Invoking SecurityContextHolderAwareRequestFilter (8/11)
25-05-20 09:36:46.944 [http-nio-8080-exec-1] TRACE o.s.security.web.FilterChainProxy - Invoking AnonymousAuthenticationFilter (9/11)
25-05-20 09:36:46.944 [http-nio-8080-exec-1] TRACE o.s.security.web.FilterChainProxy - Invoking ExceptionTranslationFilter (10/11)
25-05-20 09:36:46.944 [http-nio-8080-exec-1] TRACE o.s.security.web.FilterChainProxy - Invoking AuthorizationFilter (11/11)
25-05-20 09:36:46.945 [http-nio-8080-exec-1] TRACE o.s.s.w.a.i.RequestMatcherDelegatingAuthorizationManager - Authorizing GET /index.html
25-05-20 09:36:46.946 [http-nio-8080-exec-1] TRACE o.s.s.w.a.i.RequestMatcherDelegatingAuthorizationManager - Checking authorization on GET /index.html using org.springframework.security.authorization.AuthenticatedAuthorizationManager@6ac2bbeb
25-05-20 09:36:46.946 [http-nio-8080-exec-1] TRACE o.s.s.w.c.HttpSessionSecurityContextRepository - No HttpSession currently exists
25-05-20 09:36:46.948 [http-nio-8080-exec-1] TRACE o.s.s.w.c.SupplierDeferredSecurityContext - Created SecurityContextImpl [Null authentication]
25-05-20 09:36:46.948 [http-nio-8080-exec-1] TRACE o.s.s.w.c.SupplierDeferredSecurityContext - Created SecurityContextImpl [Null authentication]
25-05-20 09:36:46.950 [http-nio-8080-exec-1] TRACE o.s.s.w.a.AnonymousAuthenticationFilter - Set SecurityContextHolder to AnonymousAuthenticationToken [Principal=anonymousUser, Credentials=[PROTECTED], Authenticated=true, Details=WebAuthenticationDetails [RemoteIpAddress=0:0:0:0:0:0:0:1, SessionId=null], Granted Authorities=[ROLE_ANONYMOUS]]
25-05-20 09:36:46.952 [http-nio-8080-exec-1] TRACE o.s.s.w.a.AnonymousAuthenticationFilter - Did not set SecurityContextHolder since already authenticated AnonymousAuthenticationToken [Principal=anonymousUser, Credentials=[PROTECTED], Authenticated=true, Details=WebAuthenticationDetails [RemoteIpAddress=0:0:0:0:0:0:0:1, SessionId=null], Granted Authorities=[ROLE_ANONYMOUS]]
25-05-20 09:36:46.961 [http-nio-8080-exec-1] TRACE o.s.s.w.a.ExceptionTranslationFilter - Sending AnonymousAuthenticationToken [Principal=anonymousUser, Credentials=[PROTECTED], Authenticated=true, Details=WebAuthenticationDetails [RemoteIpAddress=0:0:0:0:0:0:0:1, SessionId=null], Granted Authorities=[ROLE_ANONYMOUS]] to authentication entry point since access is denied
org.springframework.security.access.AccessDeniedException: Access Denied
	at org.springframework.security.web.access.intercept.AuthorizationFilter.doFilter(AuthorizationFilter.java:98)
	at org.springframework.security.web.ObservationFilterChainDecorator$ObservationFilter.wrapFilter(ObservationFilterChainDecorator.java:240)
	at org.springframework.security.web.ObservationFilterChainDecorator$ObservationFilter.doFilter(ObservationFilterChainDecorator.java:227)
	at org.springframework.security.web.ObservationFilterChainDecorator$VirtualFilterChain.doFilter(ObservationFilterChainDecorator.java:137)
	at org.springframework.security.web.access.ExceptionTranslationFilter.doFilter(ExceptionTranslationFilter.java:126)
	at org.springframework.security.web.access.ExceptionTranslationFilter.doFilter(ExceptionTranslationFilter.java:120)
	at org.springframework.security.web.ObservationFilterChainDecorator$ObservationFilter.wrapFilter(ObservationFilterChainDecorator.java:240)
	at org.springframework.security.web.ObservationFilterChainDecorator$ObservationFilter.doFilter(ObservationFilterChainDecorator.java:227)
	at org.springframework.security.web.ObservationFilterChainDecorator$VirtualFilterChain.doFilter(ObservationFilterChainDecorator.java:137)
	at org.springframework.security.web.authentication.AnonymousAuthenticationFilter.doFilter(AnonymousAuthenticationFilter.java:100)
	at org.springframework.security.web.ObservationFilterChainDecorator$ObservationFilter.wrapFilter(ObservationFilterChainDecorator.java:240)
	at org.springframework.security.web.ObservationFilterChainDecorator$ObservationFilter.doFilter(ObservationFilterChainDecorator.java:227)
	at org.springframework.security.web.ObservationFilterChainDecorator$VirtualFilterChain.doFilter(ObservationFilterChainDecorator.java:137)
	at org.springframework.security.web.servletapi.SecurityContextHolderAwareRequestFilter.doFilter(SecurityContextHolderAwareRequestFilter.java:179)
	at org.springframework.security.web.ObservationFilterChainDecorator$ObservationFilter.wrapFilter(ObservationFilterChainDecorator.java:240)
	at org.springframework.security.web.ObservationFilterChainDecorator$ObservationFilter.doFilter(ObservationFilterChainDecorator.java:227)
	at org.springframework.security.web.ObservationFilterChainDecorator$VirtualFilterChain.doFilter(ObservationFilterChainDecorator.java:137)
	at org.springframework.security.web.savedrequest.RequestCacheAwareFilter.doFilter(RequestCacheAwareFilter.java:63)
	at org.springframework.security.web.ObservationFilterChainDecorator$ObservationFilter.wrapFilter(ObservationFilterChainDecorator.java:240)
	at org.springframework.security.web.ObservationFilterChainDecorator$ObservationFilter.doFilter(ObservationFilterChainDecorator.java:227)
	at org.springframework.security.web.ObservationFilterChainDecorator$VirtualFilterChain.doFilter(ObservationFilterChainDecorator.java:137)
	at org.springframework.web.filter.OncePerRequestFilter.doFilter(OncePerRequestFilter.java:110)
	at org.springframework.security.web.ObservationFilterChainDecorator$ObservationFilter.wrapFilter(ObservationFilterChainDecorator.java:240)
	at org.springframework.security.web.ObservationFilterChainDecorator$ObservationFilter.doFilter(ObservationFilterChainDecorator.java:227)
	at org.springframework.security.web.ObservationFilterChainDecorator$VirtualFilterChain.doFilter(ObservationFilterChainDecorator.java:137)
	at org.springframework.web.filter.OncePerRequestFilter.doFilter(OncePerRequestFilter.java:110)
	at org.springframework.security.web.ObservationFilterChainDecorator$ObservationFilter.wrapFilter(ObservationFilterChainDecorator.java:240)
	at org.springframework.security.web.ObservationFilterChainDecorator$ObservationFilter.doFilter(ObservationFilterChainDecorator.java:227)
	at org.springframework.security.web.ObservationFilterChainDecorator$VirtualFilterChain.doFilter(ObservationFilterChainDecorator.java:137)
	at org.springframework.web.filter.OncePerRequestFilter.doFilter(OncePerRequestFilter.java:110)
	at org.springframework.security.web.ObservationFilterChainDecorator$ObservationFilter.wrapFilter(ObservationFilterChainDecorator.java:240)
	at org.springframework.security.web.ObservationFilterChainDecorator$ObservationFilter.doFilter(ObservationFilterChainDecorator.java:227)
	at org.springframework.security.web.ObservationFilterChainDecorator$VirtualFilterChain.doFilter(ObservationFilterChainDecorator.java:137)
	at org.springframework.security.web.context.SecurityContextHolderFilter.doFilter(SecurityContextHolderFilter.java:75)
	at org.springframework.security.web.context.SecurityContextHolderFilter.doFilter(SecurityContextHolderFilter.java:69)
	at org.springframework.security.web.ObservationFilterChainDecorator$ObservationFilter.wrapFilter(ObservationFilterChainDecorator.java:240)
	at org.springframework.security.web.ObservationFilterChainDecorator$ObservationFilter.doFilter(ObservationFilterChainDecorator.java:227)
	at org.springframework.security.web.ObservationFilterChainDecorator$VirtualFilterChain.doFilter(ObservationFilterChainDecorator.java:137)
	at org.springframework.web.filter.OncePerRequestFilter.doFilter(OncePerRequestFilter.java:110)
	at org.springframework.security.web.ObservationFilterChainDecorator$ObservationFilter.wrapFilter(ObservationFilterChainDecorator.java:240)
	at org.springframework.security.web.ObservationFilterChainDecorator$ObservationFilter.doFilter(ObservationFilterChainDecorator.java:227)
	at org.springframework.security.web.ObservationFilterChainDecorator$VirtualFilterChain.doFilter(ObservationFilterChainDecorator.java:137)
	at org.springframework.web.filter.OncePerRequestFilter.doFilter(OncePerRequestFilter.java:110)
	at org.springframework.security.web.ObservationFilterChainDecorator$ObservationFilter.wrapFilter(ObservationFilterChainDecorator.java:240)
	at org.springframework.security.web.ObservationFilterChainDecorator$AroundFilterObservation$SimpleAroundFilterObservation.lambda$wrap$0(ObservationFilterChainDecorator.java:323)
	at org.springframework.security.web.ObservationFilterChainDecorator$ObservationFilter.doFilter(ObservationFilterChainDecorator.java:224)
	at org.springframework.security.web.ObservationFilterChainDecorator$VirtualFilterChain.doFilter(ObservationFilterChainDecorator.java:137)
	at org.springframework.security.web.FilterChainProxy.doFilterInternal(FilterChainProxy.java:233)
	at org.springframework.security.web.FilterChainProxy.doFilter(FilterChainProxy.java:186)
	at org.springframework.web.filter.CompositeFilter$VirtualFilterChain.doFilter(CompositeFilter.java:113)
	at org.springframework.web.servlet.handler.HandlerMappingIntrospector.lambda$createCacheFilter$3(HandlerMappingIntrospector.java:195)
	at org.springframework.web.filter.CompositeFilter$VirtualFilterChain.doFilter(CompositeFilter.java:113)
	at org.springframework.web.filter.CompositeFilter.doFilter(CompositeFilter.java:74)
	at org.springframework.security.config.annotation.web.configuration.WebMvcSecurityConfiguration$CompositeFilterChainProxy.doFilter(WebMvcSecurityConfiguration.java:230)
	at org.springframework.web.filter.DelegatingFilterProxy.invokeDelegate(DelegatingFilterProxy.java:362)
	at org.springframework.web.filter.DelegatingFilterProxy.doFilter(DelegatingFilterProxy.java:278)
	at org.apache.catalina.core.ApplicationFilterChain.internalDoFilter(ApplicationFilterChain.java:164)
	at org.apache.catalina.core.ApplicationFilterChain.doFilter(ApplicationFilterChain.java:140)
	at org.springframework.web.filter.OncePerRequestFilter.doFilter(OncePerRequestFilter.java:110)
	at org.apache.catalina.core.ApplicationFilterChain.internalDoFilter(ApplicationFilterChain.java:164)
	at org.apache.catalina.core.ApplicationFilterChain.doFilter(ApplicationFilterChain.java:140)
	at org.springframework.web.filter.OncePerRequestFilter.doFilter(OncePerRequestFilter.java:110)
	at org.apache.catalina.core.ApplicationFilterChain.internalDoFilter(ApplicationFilterChain.java:164)
	at org.apache.catalina.core.ApplicationFilterChain.doFilter(ApplicationFilterChain.java:140)
	at org.springframework.web.filter.OncePerRequestFilter.doFilter(OncePerRequestFilter.java:110)
	at org.apache.catalina.core.ApplicationFilterChain.internalDoFilter(ApplicationFilterChain.java:164)
	at org.apache.catalina.core.ApplicationFilterChain.doFilter(ApplicationFilterChain.java:140)
	at org.apache.catalina.core.ApplicationDispatcher.invoke(ApplicationDispatcher.java:632)
	at org.apache.catalina.core.ApplicationDispatcher.processRequest(ApplicationDispatcher.java:408)
	at org.apache.catalina.core.ApplicationDispatcher.doForward(ApplicationDispatcher.java:330)
	at org.apache.catalina.core.ApplicationDispatcher.forward(ApplicationDispatcher.java:267)
	at org.springframework.security.web.header.HeaderWriterFilter$HeaderWriterRequestDispatcher.forward(HeaderWriterFilter.java:170)
	at org.springframework.web.servlet.view.InternalResourceView.renderMergedOutputModel(InternalResourceView.java:171)
	at org.springframework.web.servlet.view.AbstractView.render(AbstractView.java:314)
	at org.springframework.web.servlet.DispatcherServlet.render(DispatcherServlet.java:1432)
	at org.springframework.web.servlet.DispatcherServlet.processDispatchResult(DispatcherServlet.java:1168)
	at org.springframework.web.servlet.DispatcherServlet.doDispatch(DispatcherServlet.java:1106)
	at org.springframework.web.servlet.DispatcherServlet.doService(DispatcherServlet.java:979)
	at org.springframework.web.servlet.FrameworkServlet.processRequest(FrameworkServlet.java:1014)
	at org.springframework.web.servlet.FrameworkServlet.doGet(FrameworkServlet.java:903)
	at jakarta.servlet.http.HttpServlet.service(HttpServlet.java:564)
	at org.springframework.web.servlet.FrameworkServlet.service(FrameworkServlet.java:885)
	at jakarta.servlet.http.HttpServlet.service(HttpServlet.java:658)
	at org.apache.catalina.core.ApplicationFilterChain.internalDoFilter(ApplicationFilterChain.java:195)
	at org.apache.catalina.core.ApplicationFilterChain.doFilter(ApplicationFilterChain.java:140)
	at org.apache.tomcat.websocket.server.WsFilter.doFilter(WsFilter.java:51)
	at org.apache.catalina.core.ApplicationFilterChain.internalDoFilter(ApplicationFilterChain.java:164)
	at org.apache.catalina.core.ApplicationFilterChain.doFilter(ApplicationFilterChain.java:140)
	at org.springframework.web.filter.CompositeFilter$VirtualFilterChain.doFilter(CompositeFilter.java:108)
	at org.springframework.security.web.FilterChainProxy.lambda$doFilterInternal$3(FilterChainProxy.java:231)
	at org.springframework.security.web.ObservationFilterChainDecorator$FilterObservation$SimpleFilterObservation.lambda$wrap$1(ObservationFilterChainDecorator.java:479)
	at org.springframework.security.web.ObservationFilterChainDecorator$AroundFilterObservation$SimpleAroundFilterObservation.lambda$wrap$1(ObservationFilterChainDecorator.java:340)
	at org.springframework.security.web.ObservationFilterChainDecorator.lambda$wrapSecured$0(ObservationFilterChainDecorator.java:82)
	at org.springframework.security.web.ObservationFilterChainDecorator$VirtualFilterChain.doFilter(ObservationFilterChainDecorator.java:128)
	at org.springframework.security.web.access.intercept.AuthorizationFilter.doFilter(AuthorizationFilter.java:100)
	at org.springframework.security.web.ObservationFilterChainDecorator$ObservationFilter.wrapFilter(ObservationFilterChainDecorator.java:240)
	at org.springframework.security.web.ObservationFilterChainDecorator$ObservationFilter.doFilter(ObservationFilterChainDecorator.java:227)
	at org.springframework.security.web.ObservationFilterChainDecorator$VirtualFilterChain.doFilter(ObservationFilterChainDecorator.java:137)
	at org.springframework.security.web.access.ExceptionTranslationFilter.doFilter(ExceptionTranslationFilter.java:126)
	at org.springframework.security.web.access.ExceptionTranslationFilter.doFilter(ExceptionTranslationFilter.java:120)
	at org.springframework.security.web.ObservationFilterChainDecorator$ObservationFilter.wrapFilter(ObservationFilterChainDecorator.java:240)
	at org.springframework.security.web.ObservationFilterChainDecorator$ObservationFilter.doFilter(ObservationFilterChainDecorator.java:227)
	at org.springframework.security.web.ObservationFilterChainDecorator$VirtualFilterChain.doFilter(ObservationFilterChainDecorator.java:137)
	at org.springframework.security.web.authentication.AnonymousAuthenticationFilter.doFilter(AnonymousAuthenticationFilter.java:100)
	at org.springframework.security.web.ObservationFilterChainDecorator$ObservationFilter.wrapFilter(ObservationFilterChainDecorator.java:240)
	at org.springframework.security.web.ObservationFilterChainDecorator$ObservationFilter.doFilter(ObservationFilterChainDecorator.java:227)
	at org.springframework.security.web.ObservationFilterChainDecorator$VirtualFilterChain.doFilter(ObservationFilterChainDecorator.java:137)
	at org.springframework.security.web.servletapi.SecurityContextHolderAwareRequestFilter.doFilter(SecurityContextHolderAwareRequestFilter.java:179)
	at org.springframework.security.web.ObservationFilterChainDecorator$ObservationFilter.wrapFilter(ObservationFilterChainDecorator.java:240)
	at org.springframework.security.web.ObservationFilterChainDecorator$ObservationFilter.doFilter(ObservationFilterChainDecorator.java:227)
	at org.springframework.security.web.ObservationFilterChainDecorator$VirtualFilterChain.doFilter(ObservationFilterChainDecorator.java:137)
	at org.springframework.security.web.savedrequest.RequestCacheAwareFilter.doFilter(RequestCacheAwareFilter.java:63)
	at org.springframework.security.web.ObservationFilterChainDecorator$ObservationFilter.wrapFilter(ObservationFilterChainDecorator.java:240)
	at org.springframework.security.web.ObservationFilterChainDecorator$ObservationFilter.doFilter(ObservationFilterChainDecorator.java:227)
	at org.springframework.security.web.ObservationFilterChainDecorator$VirtualFilterChain.doFilter(ObservationFilterChainDecorator.java:137)
	at org.springframework.security.web.authentication.www.BasicAuthenticationFilter.doFilterInternal(BasicAuthenticationFilter.java:181)
	at org.springframework.web.filter.OncePerRequestFilter.doFilter(OncePerRequestFilter.java:116)
	at org.springframework.security.web.ObservationFilterChainDecorator$ObservationFilter.wrapFilter(ObservationFilterChainDecorator.java:240)
	at org.springframework.security.web.ObservationFilterChainDecorator$ObservationFilter.doFilter(ObservationFilterChainDecorator.java:227)
	at org.springframework.security.web.ObservationFilterChainDecorator$VirtualFilterChain.doFilter(ObservationFilterChainDecorator.java:137)
	at org.springframework.security.web.csrf.CsrfFilter.doFilterInternal(CsrfFilter.java:117)
	at org.springframework.web.filter.OncePerRequestFilter.doFilter(OncePerRequestFilter.java:116)
	at org.springframework.security.web.ObservationFilterChainDecorator$ObservationFilter.wrapFilter(ObservationFilterChainDecorator.java:240)
	at org.springframework.security.web.ObservationFilterChainDecorator$ObservationFilter.doFilter(ObservationFilterChainDecorator.java:227)
	at org.springframework.security.web.ObservationFilterChainDecorator$VirtualFilterChain.doFilter(ObservationFilterChainDecorator.java:137)
	at org.springframework.security.web.header.HeaderWriterFilter.doHeadersAfter(HeaderWriterFilter.java:90)
	at org.springframework.security.web.header.HeaderWriterFilter.doFilterInternal(HeaderWriterFilter.java:75)
	at org.springframework.web.filter.OncePerRequestFilter.doFilter(OncePerRequestFilter.java:116)
	at org.springframework.security.web.ObservationFilterChainDecorator$ObservationFilter.wrapFilter(ObservationFilterChainDecorator.java:240)
	at org.springframework.security.web.ObservationFilterChainDecorator$ObservationFilter.doFilter(ObservationFilterChainDecorator.java:227)
	at org.springframework.security.web.ObservationFilterChainDecorator$VirtualFilterChain.doFilter(ObservationFilterChainDecorator.java:137)
	at org.springframework.security.web.context.SecurityContextHolderFilter.doFilter(SecurityContextHolderFilter.java:82)
	at org.springframework.security.web.context.SecurityContextHolderFilter.doFilter(SecurityContextHolderFilter.java:69)
	at org.springframework.security.web.ObservationFilterChainDecorator$ObservationFilter.wrapFilter(ObservationFilterChainDecorator.java:240)
	at org.springframework.security.web.ObservationFilterChainDecorator$ObservationFilter.doFilter(ObservationFilterChainDecorator.java:227)
	at org.springframework.security.web.ObservationFilterChainDecorator$VirtualFilterChain.doFilter(ObservationFilterChainDecorator.java:137)
	at org.springframework.security.web.context.request.async.WebAsyncManagerIntegrationFilter.doFilterInternal(WebAsyncManagerIntegrationFilter.java:62)
	at org.springframework.web.filter.OncePerRequestFilter.doFilter(OncePerRequestFilter.java:116)
	at org.springframework.security.web.ObservationFilterChainDecorator$ObservationFilter.wrapFilter(ObservationFilterChainDecorator.java:240)
	at org.springframework.security.web.ObservationFilterChainDecorator$ObservationFilter.doFilter(ObservationFilterChainDecorator.java:227)
	at org.springframework.security.web.ObservationFilterChainDecorator$VirtualFilterChain.doFilter(ObservationFilterChainDecorator.java:137)
	at org.springframework.security.web.session.DisableEncodeUrlFilter.doFilterInternal(DisableEncodeUrlFilter.java:42)
	at org.springframework.web.filter.OncePerRequestFilter.doFilter(OncePerRequestFilter.java:116)
	at org.springframework.security.web.ObservationFilterChainDecorator$ObservationFilter.wrapFilter(ObservationFilterChainDecorator.java:240)
	at org.springframework.security.web.ObservationFilterChainDecorator$AroundFilterObservation$SimpleAroundFilterObservation.lambda$wrap$0(ObservationFilterChainDecorator.java:323)
	at org.springframework.security.web.ObservationFilterChainDecorator$ObservationFilter.doFilter(ObservationFilterChainDecorator.java:224)
	at org.springframework.security.web.ObservationFilterChainDecorator$VirtualFilterChain.doFilter(ObservationFilterChainDecorator.java:137)
	at org.springframework.security.web.FilterChainProxy.doFilterInternal(FilterChainProxy.java:233)
	at org.springframework.security.web.FilterChainProxy.doFilter(FilterChainProxy.java:191)
	at org.springframework.web.filter.CompositeFilter$VirtualFilterChain.doFilter(CompositeFilter.java:113)
	at org.springframework.web.servlet.handler.HandlerMappingIntrospector.lambda$createCacheFilter$3(HandlerMappingIntrospector.java:195)
	at org.springframework.web.filter.CompositeFilter$VirtualFilterChain.doFilter(CompositeFilter.java:113)
	at org.springframework.web.filter.CompositeFilter.doFilter(CompositeFilter.java:74)
	at org.springframework.security.config.annotation.web.configuration.WebMvcSecurityConfiguration$CompositeFilterChainProxy.doFilter(WebMvcSecurityConfiguration.java:230)
	at org.springframework.web.filter.DelegatingFilterProxy.invokeDelegate(DelegatingFilterProxy.java:362)
	at org.springframework.web.filter.DelegatingFilterProxy.doFilter(DelegatingFilterProxy.java:278)
	at org.apache.catalina.core.ApplicationFilterChain.internalDoFilter(ApplicationFilterChain.java:164)
	at org.apache.catalina.core.ApplicationFilterChain.doFilter(ApplicationFilterChain.java:140)
	at org.springframework.web.filter.RequestContextFilter.doFilterInternal(RequestContextFilter.java:100)
	at org.springframework.web.filter.OncePerRequestFilter.doFilter(OncePerRequestFilter.java:116)
	at org.apache.catalina.core.ApplicationFilterChain.internalDoFilter(ApplicationFilterChain.java:164)
	at org.apache.catalina.core.ApplicationFilterChain.doFilter(ApplicationFilterChain.java:140)
	at org.springframework.web.filter.FormContentFilter.doFilterInternal(FormContentFilter.java:93)
	at org.springframework.web.filter.OncePerRequestFilter.doFilter(OncePerRequestFilter.java:116)
	at org.apache.catalina.core.ApplicationFilterChain.internalDoFilter(ApplicationFilterChain.java:164)
	at org.apache.catalina.core.ApplicationFilterChain.doFilter(ApplicationFilterChain.java:140)
	at org.springframework.web.filter.ServerHttpObservationFilter.doFilterInternal(ServerHttpObservationFilter.java:113)
	at org.springframework.web.filter.OncePerRequestFilter.doFilter(OncePerRequestFilter.java:116)
	at org.apache.catalina.core.ApplicationFilterChain.internalDoFilter(ApplicationFilterChain.java:164)
	at org.apache.catalina.core.ApplicationFilterChain.doFilter(ApplicationFilterChain.java:140)
	at org.springframework.web.filter.CharacterEncodingFilter.doFilterInternal(CharacterEncodingFilter.java:201)
	at org.springframework.web.filter.OncePerRequestFilter.doFilter(OncePerRequestFilter.java:116)
	at org.apache.catalina.core.ApplicationFilterChain.internalDoFilter(ApplicationFilterChain.java:164)
	at org.apache.catalina.core.ApplicationFilterChain.doFilter(ApplicationFilterChain.java:140)
	at org.apache.catalina.core.StandardWrapperValve.invoke(StandardWrapperValve.java:167)
	at org.apache.catalina.core.StandardContextValve.invoke(StandardContextValve.java:90)
	at org.apache.catalina.authenticator.AuthenticatorBase.invoke(AuthenticatorBase.java:483)
	at org.apache.catalina.core.StandardHostValve.invoke(StandardHostValve.java:115)
	at org.apache.catalina.valves.ErrorReportValve.invoke(ErrorReportValve.java:93)
	at org.apache.catalina.core.StandardEngineValve.invoke(StandardEngineValve.java:74)
	at org.apache.catalina.connector.CoyoteAdapter.service(CoyoteAdapter.java:344)
	at org.apache.coyote.http11.Http11Processor.service(Http11Processor.java:397)
	at org.apache.coyote.AbstractProcessorLight.process(AbstractProcessorLight.java:63)
	at org.apache.coyote.AbstractProtocol$ConnectionHandler.process(AbstractProtocol.java:905)
	at org.apache.tomcat.util.net.NioEndpoint$SocketProcessor.doRun(NioEndpoint.java:1741)
	at org.apache.tomcat.util.net.SocketProcessorBase.run(SocketProcessorBase.java:52)
	at org.apache.tomcat.util.threads.ThreadPoolExecutor.runWorker(ThreadPoolExecutor.java:1190)
	at org.apache.tomcat.util.threads.ThreadPoolExecutor$Worker.run(ThreadPoolExecutor.java:659)
	at org.apache.tomcat.util.threads.TaskThread$WrappingRunnable.run(TaskThread.java:63)
	at java.base/java.lang.Thread.run(Thread.java:840)
25-05-20 09:36:47.414 [http-nio-8080-exec-1] WARN  o.a.c.util.SessionIdGeneratorBase - Creation of SecureRandom instance for session ID generation using [SHA1PRNG] took [425] milliseconds.
25-05-20 09:36:47.420 [http-nio-8080-exec-1] DEBUG o.s.s.w.s.HttpSessionRequestCache - Saved request http://localhost:8080/index.html?continue to session
25-05-20 09:36:47.421 [http-nio-8080-exec-1] DEBUG o.s.s.w.a.DelegatingAuthenticationEntryPoint - Trying to match using RequestHeaderRequestMatcher [expectedHeaderName=X-Requested-With, expectedHeaderValue=XMLHttpRequest]
25-05-20 09:36:47.421 [http-nio-8080-exec-1] DEBUG o.s.s.w.a.DelegatingAuthenticationEntryPoint - No match found. Using default entry point org.springframework.security.web.authentication.www.BasicAuthenticationEntryPoint@4e649d02
25-05-20 09:36:47.422 [http-nio-8080-exec-1] TRACE o.s.s.w.h.writers.HstsHeaderWriter - Not injecting HSTS header since it did not match request to [Is Secure]
25-05-20 09:36:47.434 [http-nio-8080-exec-1] TRACE o.s.security.web.FilterChainProxy - Trying to match request against DefaultSecurityFilterChain [RequestMatcher=any request, Filters=[org.springframework.security.web.session.DisableEncodeUrlFilter@426cda96, org.springframework.security.web.context.request.async.WebAsyncManagerIntegrationFilter@2619d0d8, org.springframework.security.web.context.SecurityContextHolderFilter@5aeaee3, org.springframework.security.web.header.HeaderWriterFilter@41f05f1, org.springframework.security.web.csrf.CsrfFilter@31c87223, org.springframework.security.web.authentication.www.BasicAuthenticationFilter@4dd31687, org.springframework.security.web.savedrequest.RequestCacheAwareFilter@3af1b643, org.springframework.security.web.servletapi.SecurityContextHolderAwareRequestFilter@4c475547, org.springframework.security.web.authentication.AnonymousAuthenticationFilter@6d3a1808, org.springframework.security.web.access.ExceptionTranslationFilter@3a42610, org.springframework.security.web.access.intercept.AuthorizationFilter@4be8c1bb]] (1/1)
25-05-20 09:36:47.434 [http-nio-8080-exec-1] DEBUG o.s.security.web.FilterChainProxy - Securing GET /error
25-05-20 09:36:47.434 [http-nio-8080-exec-1] TRACE o.s.security.web.FilterChainProxy - Invoking DisableEncodeUrlFilter (1/11)
25-05-20 09:36:47.435 [http-nio-8080-exec-1] TRACE o.s.security.web.FilterChainProxy - Invoking WebAsyncManagerIntegrationFilter (2/11)
25-05-20 09:36:47.435 [http-nio-8080-exec-1] TRACE o.s.security.web.FilterChainProxy - Invoking SecurityContextHolderFilter (3/11)
25-05-20 09:36:47.436 [http-nio-8080-exec-1] TRACE o.s.security.web.FilterChainProxy - Invoking HeaderWriterFilter (4/11)
25-05-20 09:36:47.436 [http-nio-8080-exec-1] TRACE o.s.security.web.FilterChainProxy - Invoking CsrfFilter (5/11)
25-05-20 09:36:47.436 [http-nio-8080-exec-1] TRACE o.s.security.web.FilterChainProxy - Invoking BasicAuthenticationFilter (6/11)
25-05-20 09:36:47.436 [http-nio-8080-exec-1] TRACE o.s.security.web.FilterChainProxy - Invoking RequestCacheAwareFilter (7/11)
25-05-20 09:36:47.436 [http-nio-8080-exec-1] TRACE o.s.s.w.s.HttpSessionRequestCache - matchingRequestParameterName is required for getMatchingRequest to lookup a value, but not provided
25-05-20 09:36:47.438 [http-nio-8080-exec-1] TRACE o.s.security.web.FilterChainProxy - Invoking SecurityContextHolderAwareRequestFilter (8/11)
25-05-20 09:36:47.438 [http-nio-8080-exec-1] TRACE o.s.security.web.FilterChainProxy - Invoking AnonymousAuthenticationFilter (9/11)
25-05-20 09:36:47.439 [http-nio-8080-exec-1] TRACE o.s.security.web.FilterChainProxy - Invoking ExceptionTranslationFilter (10/11)
25-05-20 09:36:47.439 [http-nio-8080-exec-1] TRACE o.s.security.web.FilterChainProxy - Invoking AuthorizationFilter (11/11)
25-05-20 09:36:47.440 [http-nio-8080-exec-1] TRACE o.s.s.w.a.i.RequestMatcherDelegatingAuthorizationManager - Authorizing GET /error
25-05-20 09:36:47.441 [http-nio-8080-exec-1] TRACE o.s.s.w.a.i.RequestMatcherDelegatingAuthorizationManager - Checking authorization on GET /error using org.springframework.security.authorization.AuthenticatedAuthorizationManager@6ac2bbeb
25-05-20 09:36:47.441 [http-nio-8080-exec-1] TRACE o.s.s.w.c.HttpSessionSecurityContextRepository - Did not find SecurityContext in HttpSession 6E28F95C74C52CAA871EA0EA79A8FDBF using the SPRING_SECURITY_CONTEXT session attribute
25-05-20 09:36:47.441 [http-nio-8080-exec-1] TRACE o.s.s.w.c.SupplierDeferredSecurityContext - Created SecurityContextImpl [Null authentication]
25-05-20 09:36:47.441 [http-nio-8080-exec-1] TRACE o.s.s.w.c.SupplierDeferredSecurityContext - Created SecurityContextImpl [Null authentication]
25-05-20 09:36:47.441 [http-nio-8080-exec-1] TRACE o.s.s.w.a.AnonymousAuthenticationFilter - Set SecurityContextHolder to AnonymousAuthenticationToken [Principal=anonymousUser, Credentials=[PROTECTED], Authenticated=true, Details=WebAuthenticationDetails [RemoteIpAddress=0:0:0:0:0:0:0:1, SessionId=6E28F95C74C52CAA871EA0EA79A8FDBF], Granted Authorities=[ROLE_ANONYMOUS]]
25-05-20 09:36:47.442 [http-nio-8080-exec-1] TRACE o.s.s.w.a.ExceptionTranslationFilter - Sending AnonymousAuthenticationToken [Principal=anonymousUser, Credentials=[PROTECTED], Authenticated=true, Details=WebAuthenticationDetails [RemoteIpAddress=0:0:0:0:0:0:0:1, SessionId=6E28F95C74C52CAA871EA0EA79A8FDBF], Granted Authorities=[ROLE_ANONYMOUS]] to authentication entry point since access is denied
org.springframework.security.access.AccessDeniedException: Access Denied
	at org.springframework.security.web.access.intercept.AuthorizationFilter.doFilter(AuthorizationFilter.java:98)
	at org.springframework.security.web.ObservationFilterChainDecorator$ObservationFilter.wrapFilter(ObservationFilterChainDecorator.java:240)
	at org.springframework.security.web.ObservationFilterChainDecorator$ObservationFilter.doFilter(ObservationFilterChainDecorator.java:227)
	at org.springframework.security.web.ObservationFilterChainDecorator$VirtualFilterChain.doFilter(ObservationFilterChainDecorator.java:137)
	at org.springframework.security.web.access.ExceptionTranslationFilter.doFilter(ExceptionTranslationFilter.java:126)
	at org.springframework.security.web.access.ExceptionTranslationFilter.doFilter(ExceptionTranslationFilter.java:120)
	at org.springframework.security.web.ObservationFilterChainDecorator$ObservationFilter.wrapFilter(ObservationFilterChainDecorator.java:240)
	at org.springframework.security.web.ObservationFilterChainDecorator$ObservationFilter.doFilter(ObservationFilterChainDecorator.java:227)
	at org.springframework.security.web.ObservationFilterChainDecorator$VirtualFilterChain.doFilter(ObservationFilterChainDecorator.java:137)
	at org.springframework.security.web.authentication.AnonymousAuthenticationFilter.doFilter(AnonymousAuthenticationFilter.java:100)
	at org.springframework.security.web.ObservationFilterChainDecorator$ObservationFilter.wrapFilter(ObservationFilterChainDecorator.java:240)
	at org.springframework.security.web.ObservationFilterChainDecorator$ObservationFilter.doFilter(ObservationFilterChainDecorator.java:227)
	at org.springframework.security.web.ObservationFilterChainDecorator$VirtualFilterChain.doFilter(ObservationFilterChainDecorator.java:137)
	at org.springframework.security.web.servletapi.SecurityContextHolderAwareRequestFilter.doFilter(SecurityContextHolderAwareRequestFilter.java:179)
	at org.springframework.security.web.ObservationFilterChainDecorator$ObservationFilter.wrapFilter(ObservationFilterChainDecorator.java:240)
	at org.springframework.security.web.ObservationFilterChainDecorator$ObservationFilter.doFilter(ObservationFilterChainDecorator.java:227)
	at org.springframework.security.web.ObservationFilterChainDecorator$VirtualFilterChain.doFilter(ObservationFilterChainDecorator.java:137)
	at org.springframework.security.web.savedrequest.RequestCacheAwareFilter.doFilter(RequestCacheAwareFilter.java:63)
	at org.springframework.security.web.ObservationFilterChainDecorator$ObservationFilter.wrapFilter(ObservationFilterChainDecorator.java:240)
	at org.springframework.security.web.ObservationFilterChainDecorator$ObservationFilter.doFilter(ObservationFilterChainDecorator.java:227)
	at org.springframework.security.web.ObservationFilterChainDecorator$VirtualFilterChain.doFilter(ObservationFilterChainDecorator.java:137)
	at org.springframework.web.filter.OncePerRequestFilter.doFilter(OncePerRequestFilter.java:101)
	at org.springframework.security.web.ObservationFilterChainDecorator$ObservationFilter.wrapFilter(ObservationFilterChainDecorator.java:240)
	at org.springframework.security.web.ObservationFilterChainDecorator$ObservationFilter.doFilter(ObservationFilterChainDecorator.java:227)
	at org.springframework.security.web.ObservationFilterChainDecorator$VirtualFilterChain.doFilter(ObservationFilterChainDecorator.java:137)
	at org.springframework.web.filter.OncePerRequestFilter.doFilter(OncePerRequestFilter.java:101)
	at org.springframework.security.web.ObservationFilterChainDecorator$ObservationFilter.wrapFilter(ObservationFilterChainDecorator.java:240)
	at org.springframework.security.web.ObservationFilterChainDecorator$ObservationFilter.doFilter(ObservationFilterChainDecorator.java:227)
	at org.springframework.security.web.ObservationFilterChainDecorator$VirtualFilterChain.doFilter(ObservationFilterChainDecorator.java:137)
	at org.springframework.web.filter.OncePerRequestFilter.doFilter(OncePerRequestFilter.java:101)
	at org.springframework.security.web.ObservationFilterChainDecorator$ObservationFilter.wrapFilter(ObservationFilterChainDecorator.java:240)
	at org.springframework.security.web.ObservationFilterChainDecorator$ObservationFilter.doFilter(ObservationFilterChainDecorator.java:227)
	at org.springframework.security.web.ObservationFilterChainDecorator$VirtualFilterChain.doFilter(ObservationFilterChainDecorator.java:137)
	at org.springframework.security.web.context.SecurityContextHolderFilter.doFilter(SecurityContextHolderFilter.java:82)
	at org.springframework.security.web.context.SecurityContextHolderFilter.doFilter(SecurityContextHolderFilter.java:69)
	at org.springframework.security.web.ObservationFilterChainDecorator$ObservationFilter.wrapFilter(ObservationFilterChainDecorator.java:240)
	at org.springframework.security.web.ObservationFilterChainDecorator$ObservationFilter.doFilter(ObservationFilterChainDecorator.java:227)
	at org.springframework.security.web.ObservationFilterChainDecorator$VirtualFilterChain.doFilter(ObservationFilterChainDecorator.java:137)
	at org.springframework.web.filter.OncePerRequestFilter.doFilter(OncePerRequestFilter.java:101)
	at org.springframework.security.web.ObservationFilterChainDecorator$ObservationFilter.wrapFilter(ObservationFilterChainDecorator.java:240)
	at org.springframework.security.web.ObservationFilterChainDecorator$ObservationFilter.doFilter(ObservationFilterChainDecorator.java:227)
	at org.springframework.security.web.ObservationFilterChainDecorator$VirtualFilterChain.doFilter(ObservationFilterChainDecorator.java:137)
	at org.springframework.web.filter.OncePerRequestFilter.doFilter(OncePerRequestFilter.java:101)
	at org.springframework.security.web.ObservationFilterChainDecorator$ObservationFilter.wrapFilter(ObservationFilterChainDecorator.java:240)
	at org.springframework.security.web.ObservationFilterChainDecorator$AroundFilterObservation$SimpleAroundFilterObservation.lambda$wrap$0(ObservationFilterChainDecorator.java:323)
	at org.springframework.security.web.ObservationFilterChainDecorator$ObservationFilter.doFilter(ObservationFilterChainDecorator.java:224)
	at org.springframework.security.web.ObservationFilterChainDecorator$VirtualFilterChain.doFilter(ObservationFilterChainDecorator.java:137)
	at org.springframework.security.web.FilterChainProxy.doFilterInternal(FilterChainProxy.java:233)
	at org.springframework.security.web.FilterChainProxy.doFilter(FilterChainProxy.java:191)
	at org.springframework.web.filter.CompositeFilter$VirtualFilterChain.doFilter(CompositeFilter.java:113)
	at org.springframework.web.servlet.handler.HandlerMappingIntrospector.lambda$createCacheFilter$3(HandlerMappingIntrospector.java:195)
	at org.springframework.web.filter.CompositeFilter$VirtualFilterChain.doFilter(CompositeFilter.java:113)
	at org.springframework.web.filter.CompositeFilter.doFilter(CompositeFilter.java:74)
	at org.springframework.security.config.annotation.web.configuration.WebMvcSecurityConfiguration$CompositeFilterChainProxy.doFilter(WebMvcSecurityConfiguration.java:230)
	at org.springframework.web.filter.DelegatingFilterProxy.invokeDelegate(DelegatingFilterProxy.java:362)
	at org.springframework.web.filter.DelegatingFilterProxy.doFilter(DelegatingFilterProxy.java:278)
	at org.apache.catalina.core.ApplicationFilterChain.internalDoFilter(ApplicationFilterChain.java:164)
	at org.apache.catalina.core.ApplicationFilterChain.doFilter(ApplicationFilterChain.java:140)
	at org.springframework.web.filter.RequestContextFilter.doFilterInternal(RequestContextFilter.java:100)
	at org.springframework.web.filter.OncePerRequestFilter.doFilter(OncePerRequestFilter.java:116)
	at org.apache.catalina.core.ApplicationFilterChain.internalDoFilter(ApplicationFilterChain.java:164)
	at org.apache.catalina.core.ApplicationFilterChain.doFilter(ApplicationFilterChain.java:140)
	at org.springframework.web.filter.OncePerRequestFilter.doFilter(OncePerRequestFilter.java:101)
	at org.apache.catalina.core.ApplicationFilterChain.internalDoFilter(ApplicationFilterChain.java:164)
	at org.apache.catalina.core.ApplicationFilterChain.doFilter(ApplicationFilterChain.java:140)
	at org.springframework.web.filter.OncePerRequestFilter.doFilter(OncePerRequestFilter.java:101)
	at org.apache.catalina.core.ApplicationFilterChain.internalDoFilter(ApplicationFilterChain.java:164)
	at org.apache.catalina.core.ApplicationFilterChain.doFilter(ApplicationFilterChain.java:140)
	at org.apache.catalina.core.ApplicationDispatcher.invoke(ApplicationDispatcher.java:632)
	at org.apache.catalina.core.ApplicationDispatcher.processRequest(ApplicationDispatcher.java:410)
	at org.apache.catalina.core.ApplicationDispatcher.doForward(ApplicationDispatcher.java:330)
	at org.apache.catalina.core.ApplicationDispatcher.forward(ApplicationDispatcher.java:267)
	at org.apache.catalina.core.StandardHostValve.custom(StandardHostValve.java:362)
	at org.apache.catalina.core.StandardHostValve.status(StandardHostValve.java:222)
	at org.apache.catalina.core.StandardHostValve.invoke(StandardHostValve.java:151)
	at org.apache.catalina.valves.ErrorReportValve.invoke(ErrorReportValve.java:93)
	at org.apache.catalina.core.StandardEngineValve.invoke(StandardEngineValve.java:74)
	at org.apache.catalina.connector.CoyoteAdapter.service(CoyoteAdapter.java:344)
	at org.apache.coyote.http11.Http11Processor.service(Http11Processor.java:397)
	at org.apache.coyote.AbstractProcessorLight.process(AbstractProcessorLight.java:63)
	at org.apache.coyote.AbstractProtocol$ConnectionHandler.process(AbstractProtocol.java:905)
	at org.apache.tomcat.util.net.NioEndpoint$SocketProcessor.doRun(NioEndpoint.java:1741)
	at org.apache.tomcat.util.net.SocketProcessorBase.run(SocketProcessorBase.java:52)
	at org.apache.tomcat.util.threads.ThreadPoolExecutor.runWorker(ThreadPoolExecutor.java:1190)
	at org.apache.tomcat.util.threads.ThreadPoolExecutor$Worker.run(ThreadPoolExecutor.java:659)
	at org.apache.tomcat.util.threads.TaskThread$WrappingRunnable.run(TaskThread.java:63)
	at java.base/java.lang.Thread.run(Thread.java:840)
25-05-20 09:36:47.444 [http-nio-8080-exec-1] DEBUG o.s.s.w.s.HttpSessionRequestCache - Saved request http://localhost:8080/error?continue to session
25-05-20 09:36:47.446 [http-nio-8080-exec-1] DEBUG o.s.s.w.a.DelegatingAuthenticationEntryPoint - Trying to match using RequestHeaderRequestMatcher [expectedHeaderName=X-Requested-With, expectedHeaderValue=XMLHttpRequest]
25-05-20 09:36:47.446 [http-nio-8080-exec-1] DEBUG o.s.s.w.a.DelegatingAuthenticationEntryPoint - No match found. Using default entry point org.springframework.security.web.authentication.www.BasicAuthenticationEntryPoint@4e649d02
25-05-20 09:36:47.466 [http-nio-8080-exec-2] TRACE o.s.security.web.FilterChainProxy - Trying to match request against DefaultSecurityFilterChain [RequestMatcher=any request, Filters=[org.springframework.security.web.session.DisableEncodeUrlFilter@426cda96, org.springframework.security.web.context.request.async.WebAsyncManagerIntegrationFilter@2619d0d8, org.springframework.security.web.context.SecurityContextHolderFilter@5aeaee3, org.springframework.security.web.header.HeaderWriterFilter@41f05f1, org.springframework.security.web.csrf.CsrfFilter@31c87223, org.springframework.security.web.authentication.www.BasicAuthenticationFilter@4dd31687, org.springframework.security.web.savedrequest.RequestCacheAwareFilter@3af1b643, org.springframework.security.web.servletapi.SecurityContextHolderAwareRequestFilter@4c475547, org.springframework.security.web.authentication.AnonymousAuthenticationFilter@6d3a1808, org.springframework.security.web.access.ExceptionTranslationFilter@3a42610, org.springframework.security.web.access.intercept.AuthorizationFilter@4be8c1bb]] (1/1)
25-05-20 09:36:47.467 [http-nio-8080-exec-2] DEBUG o.s.security.web.FilterChainProxy - Securing GET /
25-05-20 09:36:47.467 [http-nio-8080-exec-2] TRACE o.s.security.web.FilterChainProxy - Invoking DisableEncodeUrlFilter (1/11)
25-05-20 09:36:47.468 [http-nio-8080-exec-2] TRACE o.s.security.web.FilterChainProxy - Invoking WebAsyncManagerIntegrationFilter (2/11)
25-05-20 09:36:47.469 [http-nio-8080-exec-2] TRACE o.s.security.web.FilterChainProxy - Invoking SecurityContextHolderFilter (3/11)
25-05-20 09:36:47.469 [http-nio-8080-exec-2] TRACE o.s.security.web.FilterChainProxy - Invoking HeaderWriterFilter (4/11)
25-05-20 09:36:47.470 [http-nio-8080-exec-2] TRACE o.s.security.web.FilterChainProxy - Invoking CsrfFilter (5/11)
25-05-20 09:36:47.471 [http-nio-8080-exec-2] TRACE o.s.security.web.csrf.CsrfFilter - Did not protect against CSRF since request did not match CsrfNotRequired [TRACE, HEAD, GET, OPTIONS]
25-05-20 09:36:47.471 [http-nio-8080-exec-2] TRACE o.s.security.web.FilterChainProxy - Invoking BasicAuthenticationFilter (6/11)
25-05-20 09:36:47.472 [http-nio-8080-exec-2] TRACE o.s.s.w.a.w.BasicAuthenticationFilter - Did not process authentication request since failed to find username and password in Basic Authorization header
25-05-20 09:36:47.472 [http-nio-8080-exec-2] TRACE o.s.security.web.FilterChainProxy - Invoking RequestCacheAwareFilter (7/11)
25-05-20 09:36:47.473 [http-nio-8080-exec-2] TRACE o.s.s.w.s.HttpSessionRequestCache - matchingRequestParameterName is required for getMatchingRequest to lookup a value, but not provided
25-05-20 09:36:47.473 [http-nio-8080-exec-2] TRACE o.s.security.web.FilterChainProxy - Invoking SecurityContextHolderAwareRequestFilter (8/11)
25-05-20 09:36:47.473 [http-nio-8080-exec-2] TRACE o.s.security.web.FilterChainProxy - Invoking AnonymousAuthenticationFilter (9/11)
25-05-20 09:36:47.473 [http-nio-8080-exec-2] TRACE o.s.security.web.FilterChainProxy - Invoking ExceptionTranslationFilter (10/11)
25-05-20 09:36:47.474 [http-nio-8080-exec-2] TRACE o.s.security.web.FilterChainProxy - Invoking AuthorizationFilter (11/11)
25-05-20 09:36:47.474 [http-nio-8080-exec-2] TRACE o.s.s.w.a.i.RequestMatcherDelegatingAuthorizationManager - Authorizing GET /
25-05-20 09:36:47.475 [http-nio-8080-exec-2] TRACE o.s.s.w.a.i.RequestMatcherDelegatingAuthorizationManager - Checking authorization on GET / using org.springframework.security.config.annotation.web.configurers.AuthorizeHttpRequestsConfigurer$$Lambda$1541/0x0000020426b35a80@5261b5e9
25-05-20 09:36:47.475 [http-nio-8080-exec-2] DEBUG o.s.security.web.FilterChainProxy - Secured GET /
25-05-20 09:36:47.479 [http-nio-8080-exec-2] TRACE o.s.security.web.FilterChainProxy - Trying to match request against DefaultSecurityFilterChain [RequestMatcher=any request, Filters=[org.springframework.security.web.session.DisableEncodeUrlFilter@426cda96, org.springframework.security.web.context.request.async.WebAsyncManagerIntegrationFilter@2619d0d8, org.springframework.security.web.context.SecurityContextHolderFilter@5aeaee3, org.springframework.security.web.header.HeaderWriterFilter@41f05f1, org.springframework.security.web.csrf.CsrfFilter@31c87223, org.springframework.security.web.authentication.www.BasicAuthenticationFilter@4dd31687, org.springframework.security.web.savedrequest.RequestCacheAwareFilter@3af1b643, org.springframework.security.web.servletapi.SecurityContextHolderAwareRequestFilter@4c475547, org.springframework.security.web.authentication.AnonymousAuthenticationFilter@6d3a1808, org.springframework.security.web.access.ExceptionTranslationFilter@3a42610, org.springframework.security.web.access.intercept.AuthorizationFilter@4be8c1bb]] (1/1)
25-05-20 09:36:47.480 [http-nio-8080-exec-2] DEBUG o.s.security.web.FilterChainProxy - Securing GET /index.html
25-05-20 09:36:47.480 [http-nio-8080-exec-2] TRACE o.s.security.web.FilterChainProxy - Invoking DisableEncodeUrlFilter (1/11)
25-05-20 09:36:47.481 [http-nio-8080-exec-2] TRACE o.s.security.web.FilterChainProxy - Invoking WebAsyncManagerIntegrationFilter (2/11)
25-05-20 09:36:47.481 [http-nio-8080-exec-2] TRACE o.s.security.web.FilterChainProxy - Invoking SecurityContextHolderFilter (3/11)
25-05-20 09:36:47.482 [http-nio-8080-exec-2] TRACE o.s.security.web.FilterChainProxy - Invoking HeaderWriterFilter (4/11)
25-05-20 09:36:47.482 [http-nio-8080-exec-2] TRACE o.s.security.web.FilterChainProxy - Invoking CsrfFilter (5/11)
25-05-20 09:36:47.483 [http-nio-8080-exec-2] TRACE o.s.security.web.FilterChainProxy - Invoking BasicAuthenticationFilter (6/11)
25-05-20 09:36:47.483 [http-nio-8080-exec-2] TRACE o.s.security.web.FilterChainProxy - Invoking RequestCacheAwareFilter (7/11)
25-05-20 09:36:47.483 [http-nio-8080-exec-2] TRACE o.s.s.w.s.HttpSessionRequestCache - matchingRequestParameterName is required for getMatchingRequest to lookup a value, but not provided
25-05-20 09:36:47.483 [http-nio-8080-exec-2] TRACE o.s.security.web.FilterChainProxy - Invoking SecurityContextHolderAwareRequestFilter (8/11)
25-05-20 09:36:47.484 [http-nio-8080-exec-2] TRACE o.s.security.web.FilterChainProxy - Invoking AnonymousAuthenticationFilter (9/11)
25-05-20 09:36:47.484 [http-nio-8080-exec-2] TRACE o.s.security.web.FilterChainProxy - Invoking ExceptionTranslationFilter (10/11)
25-05-20 09:36:47.485 [http-nio-8080-exec-2] TRACE o.s.security.web.FilterChainProxy - Invoking AuthorizationFilter (11/11)
25-05-20 09:36:47.486 [http-nio-8080-exec-2] TRACE o.s.s.w.a.i.RequestMatcherDelegatingAuthorizationManager - Authorizing GET /index.html
25-05-20 09:36:47.486 [http-nio-8080-exec-2] TRACE o.s.s.w.a.i.RequestMatcherDelegatingAuthorizationManager - Checking authorization on GET /index.html using org.springframework.security.authorization.AuthenticatedAuthorizationManager@6ac2bbeb
25-05-20 09:36:47.487 [http-nio-8080-exec-2] TRACE o.s.s.w.c.HttpSessionSecurityContextRepository - Did not find SecurityContext in HttpSession 6E28F95C74C52CAA871EA0EA79A8FDBF using the SPRING_SECURITY_CONTEXT session attribute
25-05-20 09:36:47.487 [http-nio-8080-exec-2] TRACE o.s.s.w.c.SupplierDeferredSecurityContext - Created SecurityContextImpl [Null authentication]
25-05-20 09:36:47.487 [http-nio-8080-exec-2] TRACE o.s.s.w.c.SupplierDeferredSecurityContext - Created SecurityContextImpl [Null authentication]
25-05-20 09:36:47.487 [http-nio-8080-exec-2] TRACE o.s.s.w.a.AnonymousAuthenticationFilter - Set SecurityContextHolder to AnonymousAuthenticationToken [Principal=anonymousUser, Credentials=[PROTECTED], Authenticated=true, Details=WebAuthenticationDetails [RemoteIpAddress=0:0:0:0:0:0:0:1, SessionId=6E28F95C74C52CAA871EA0EA79A8FDBF], Granted Authorities=[ROLE_ANONYMOUS]]
25-05-20 09:36:47.487 [http-nio-8080-exec-2] TRACE o.s.s.w.a.AnonymousAuthenticationFilter - Did not set SecurityContextHolder since already authenticated AnonymousAuthenticationToken [Principal=anonymousUser, Credentials=[PROTECTED], Authenticated=true, Details=WebAuthenticationDetails [RemoteIpAddress=0:0:0:0:0:0:0:1, SessionId=6E28F95C74C52CAA871EA0EA79A8FDBF], Granted Authorities=[ROLE_ANONYMOUS]]
25-05-20 09:36:47.488 [http-nio-8080-exec-2] TRACE o.s.s.w.a.ExceptionTranslationFilter - Sending AnonymousAuthenticationToken [Principal=anonymousUser, Credentials=[PROTECTED], Authenticated=true, Details=WebAuthenticationDetails [RemoteIpAddress=0:0:0:0:0:0:0:1, SessionId=6E28F95C74C52CAA871EA0EA79A8FDBF], Granted Authorities=[ROLE_ANONYMOUS]] to authentication entry point since access is denied
org.springframework.security.access.AccessDeniedException: Access Denied
	at org.springframework.security.web.access.intercept.AuthorizationFilter.doFilter(AuthorizationFilter.java:98)
	at org.springframework.security.web.ObservationFilterChainDecorator$ObservationFilter.wrapFilter(ObservationFilterChainDecorator.java:240)
	at org.springframework.security.web.ObservationFilterChainDecorator$ObservationFilter.doFilter(ObservationFilterChainDecorator.java:227)
	at org.springframework.security.web.ObservationFilterChainDecorator$VirtualFilterChain.doFilter(ObservationFilterChainDecorator.java:137)
	at org.springframework.security.web.access.ExceptionTranslationFilter.doFilter(ExceptionTranslationFilter.java:126)
	at org.springframework.security.web.access.ExceptionTranslationFilter.doFilter(ExceptionTranslationFilter.java:120)
	at org.springframework.security.web.ObservationFilterChainDecorator$ObservationFilter.wrapFilter(ObservationFilterChainDecorator.java:240)
	at org.springframework.security.web.ObservationFilterChainDecorator$ObservationFilter.doFilter(ObservationFilterChainDecorator.java:227)
	at org.springframework.security.web.ObservationFilterChainDecorator$VirtualFilterChain.doFilter(ObservationFilterChainDecorator.java:137)
	at org.springframework.security.web.authentication.AnonymousAuthenticationFilter.doFilter(AnonymousAuthenticationFilter.java:100)
	at org.springframework.security.web.ObservationFilterChainDecorator$ObservationFilter.wrapFilter(ObservationFilterChainDecorator.java:240)
	at org.springframework.security.web.ObservationFilterChainDecorator$ObservationFilter.doFilter(ObservationFilterChainDecorator.java:227)
	at org.springframework.security.web.ObservationFilterChainDecorator$VirtualFilterChain.doFilter(ObservationFilterChainDecorator.java:137)
	at org.springframework.security.web.servletapi.SecurityContextHolderAwareRequestFilter.doFilter(SecurityContextHolderAwareRequestFilter.java:179)
	at org.springframework.security.web.ObservationFilterChainDecorator$ObservationFilter.wrapFilter(ObservationFilterChainDecorator.java:240)
	at org.springframework.security.web.ObservationFilterChainDecorator$ObservationFilter.doFilter(ObservationFilterChainDecorator.java:227)
	at org.springframework.security.web.ObservationFilterChainDecorator$VirtualFilterChain.doFilter(ObservationFilterChainDecorator.java:137)
	at org.springframework.security.web.savedrequest.RequestCacheAwareFilter.doFilter(RequestCacheAwareFilter.java:63)
	at org.springframework.security.web.ObservationFilterChainDecorator$ObservationFilter.wrapFilter(ObservationFilterChainDecorator.java:240)
	at org.springframework.security.web.ObservationFilterChainDecorator$ObservationFilter.doFilter(ObservationFilterChainDecorator.java:227)
	at org.springframework.security.web.ObservationFilterChainDecorator$VirtualFilterChain.doFilter(ObservationFilterChainDecorator.java:137)
	at org.springframework.web.filter.OncePerRequestFilter.doFilter(OncePerRequestFilter.java:110)
	at org.springframework.security.web.ObservationFilterChainDecorator$ObservationFilter.wrapFilter(ObservationFilterChainDecorator.java:240)
	at org.springframework.security.web.ObservationFilterChainDecorator$ObservationFilter.doFilter(ObservationFilterChainDecorator.java:227)
	at org.springframework.security.web.ObservationFilterChainDecorator$VirtualFilterChain.doFilter(ObservationFilterChainDecorator.java:137)
	at org.springframework.web.filter.OncePerRequestFilter.doFilter(OncePerRequestFilter.java:110)
	at org.springframework.security.web.ObservationFilterChainDecorator$ObservationFilter.wrapFilter(ObservationFilterChainDecorator.java:240)
	at org.springframework.security.web.ObservationFilterChainDecorator$ObservationFilter.doFilter(ObservationFilterChainDecorator.java:227)
	at org.springframework.security.web.ObservationFilterChainDecorator$VirtualFilterChain.doFilter(ObservationFilterChainDecorator.java:137)
	at org.springframework.web.filter.OncePerRequestFilter.doFilter(OncePerRequestFilter.java:110)
	at org.springframework.security.web.ObservationFilterChainDecorator$ObservationFilter.wrapFilter(ObservationFilterChainDecorator.java:240)
	at org.springframework.security.web.ObservationFilterChainDecorator$ObservationFilter.doFilter(ObservationFilterChainDecorator.java:227)
	at org.springframework.security.web.ObservationFilterChainDecorator$VirtualFilterChain.doFilter(ObservationFilterChainDecorator.java:137)
	at org.springframework.security.web.context.SecurityContextHolderFilter.doFilter(SecurityContextHolderFilter.java:75)
	at org.springframework.security.web.context.SecurityContextHolderFilter.doFilter(SecurityContextHolderFilter.java:69)
	at org.springframework.security.web.ObservationFilterChainDecorator$ObservationFilter.wrapFilter(ObservationFilterChainDecorator.java:240)
	at org.springframework.security.web.ObservationFilterChainDecorator$ObservationFilter.doFilter(ObservationFilterChainDecorator.java:227)
	at org.springframework.security.web.ObservationFilterChainDecorator$VirtualFilterChain.doFilter(ObservationFilterChainDecorator.java:137)
	at org.springframework.web.filter.OncePerRequestFilter.doFilter(OncePerRequestFilter.java:110)
	at org.springframework.security.web.ObservationFilterChainDecorator$ObservationFilter.wrapFilter(ObservationFilterChainDecorator.java:240)
	at org.springframework.security.web.ObservationFilterChainDecorator$ObservationFilter.doFilter(ObservationFilterChainDecorator.java:227)
	at org.springframework.security.web.ObservationFilterChainDecorator$VirtualFilterChain.doFilter(ObservationFilterChainDecorator.java:137)
	at org.springframework.web.filter.OncePerRequestFilter.doFilter(OncePerRequestFilter.java:110)
	at org.springframework.security.web.ObservationFilterChainDecorator$ObservationFilter.wrapFilter(ObservationFilterChainDecorator.java:240)
	at org.springframework.security.web.ObservationFilterChainDecorator$AroundFilterObservation$SimpleAroundFilterObservation.lambda$wrap$0(ObservationFilterChainDecorator.java:323)
	at org.springframework.security.web.ObservationFilterChainDecorator$ObservationFilter.doFilter(ObservationFilterChainDecorator.java:224)
	at org.springframework.security.web.ObservationFilterChainDecorator$VirtualFilterChain.doFilter(ObservationFilterChainDecorator.java:137)
	at org.springframework.security.web.FilterChainProxy.doFilterInternal(FilterChainProxy.java:233)
	at org.springframework.security.web.FilterChainProxy.doFilter(FilterChainProxy.java:186)
	at org.springframework.web.filter.CompositeFilter$VirtualFilterChain.doFilter(CompositeFilter.java:113)
	at org.springframework.web.servlet.handler.HandlerMappingIntrospector.lambda$createCacheFilter$3(HandlerMappingIntrospector.java:195)
	at org.springframework.web.filter.CompositeFilter$VirtualFilterChain.doFilter(CompositeFilter.java:113)
	at org.springframework.web.filter.CompositeFilter.doFilter(CompositeFilter.java:74)
	at org.springframework.security.config.annotation.web.configuration.WebMvcSecurityConfiguration$CompositeFilterChainProxy.doFilter(WebMvcSecurityConfiguration.java:230)
	at org.springframework.web.filter.DelegatingFilterProxy.invokeDelegate(DelegatingFilterProxy.java:362)
	at org.springframework.web.filter.DelegatingFilterProxy.doFilter(DelegatingFilterProxy.java:278)
	at org.apache.catalina.core.ApplicationFilterChain.internalDoFilter(ApplicationFilterChain.java:164)
	at org.apache.catalina.core.ApplicationFilterChain.doFilter(ApplicationFilterChain.java:140)
	at org.springframework.web.filter.OncePerRequestFilter.doFilter(OncePerRequestFilter.java:110)
	at org.apache.catalina.core.ApplicationFilterChain.internalDoFilter(ApplicationFilterChain.java:164)
	at org.apache.catalina.core.ApplicationFilterChain.doFilter(ApplicationFilterChain.java:140)
	at org.springframework.web.filter.OncePerRequestFilter.doFilter(OncePerRequestFilter.java:110)
	at org.apache.catalina.core.ApplicationFilterChain.internalDoFilter(ApplicationFilterChain.java:164)
	at org.apache.catalina.core.ApplicationFilterChain.doFilter(ApplicationFilterChain.java:140)
	at org.springframework.web.filter.OncePerRequestFilter.doFilter(OncePerRequestFilter.java:110)
	at org.apache.catalina.core.ApplicationFilterChain.internalDoFilter(ApplicationFilterChain.java:164)
	at org.apache.catalina.core.ApplicationFilterChain.doFilter(ApplicationFilterChain.java:140)
	at org.apache.catalina.core.ApplicationDispatcher.invoke(ApplicationDispatcher.java:632)
	at org.apache.catalina.core.ApplicationDispatcher.processRequest(ApplicationDispatcher.java:408)
	at org.apache.catalina.core.ApplicationDispatcher.doForward(ApplicationDispatcher.java:330)
	at org.apache.catalina.core.ApplicationDispatcher.forward(ApplicationDispatcher.java:267)
	at org.springframework.security.web.header.HeaderWriterFilter$HeaderWriterRequestDispatcher.forward(HeaderWriterFilter.java:170)
	at org.springframework.web.servlet.view.InternalResourceView.renderMergedOutputModel(InternalResourceView.java:171)
	at org.springframework.web.servlet.view.AbstractView.render(AbstractView.java:314)
	at org.springframework.web.servlet.DispatcherServlet.render(DispatcherServlet.java:1432)
	at org.springframework.web.servlet.DispatcherServlet.processDispatchResult(DispatcherServlet.java:1168)
	at org.springframework.web.servlet.DispatcherServlet.doDispatch(DispatcherServlet.java:1106)
	at org.springframework.web.servlet.DispatcherServlet.doService(DispatcherServlet.java:979)
	at org.springframework.web.servlet.FrameworkServlet.processRequest(FrameworkServlet.java:1014)
	at org.springframework.web.servlet.FrameworkServlet.doGet(FrameworkServlet.java:903)
	at jakarta.servlet.http.HttpServlet.service(HttpServlet.java:564)
	at org.springframework.web.servlet.FrameworkServlet.service(FrameworkServlet.java:885)
	at jakarta.servlet.http.HttpServlet.service(HttpServlet.java:658)
	at org.apache.catalina.core.ApplicationFilterChain.internalDoFilter(ApplicationFilterChain.java:195)
	at org.apache.catalina.core.ApplicationFilterChain.doFilter(ApplicationFilterChain.java:140)
	at org.apache.tomcat.websocket.server.WsFilter.doFilter(WsFilter.java:51)
	at org.apache.catalina.core.ApplicationFilterChain.internalDoFilter(ApplicationFilterChain.java:164)
	at org.apache.catalina.core.ApplicationFilterChain.doFilter(ApplicationFilterChain.java:140)
	at org.springframework.web.filter.CompositeFilter$VirtualFilterChain.doFilter(CompositeFilter.java:108)
	at org.springframework.security.web.FilterChainProxy.lambda$doFilterInternal$3(FilterChainProxy.java:231)
	at org.springframework.security.web.ObservationFilterChainDecorator$FilterObservation$SimpleFilterObservation.lambda$wrap$1(ObservationFilterChainDecorator.java:479)
	at org.springframework.security.web.ObservationFilterChainDecorator$AroundFilterObservation$SimpleAroundFilterObservation.lambda$wrap$1(ObservationFilterChainDecorator.java:340)
	at org.springframework.security.web.ObservationFilterChainDecorator.lambda$wrapSecured$0(ObservationFilterChainDecorator.java:82)
	at org.springframework.security.web.ObservationFilterChainDecorator$VirtualFilterChain.doFilter(ObservationFilterChainDecorator.java:128)
	at org.springframework.security.web.access.intercept.AuthorizationFilter.doFilter(AuthorizationFilter.java:100)
	at org.springframework.security.web.ObservationFilterChainDecorator$ObservationFilter.wrapFilter(ObservationFilterChainDecorator.java:240)
	at org.springframework.security.web.ObservationFilterChainDecorator$ObservationFilter.doFilter(ObservationFilterChainDecorator.java:227)
	at org.springframework.security.web.ObservationFilterChainDecorator$VirtualFilterChain.doFilter(ObservationFilterChainDecorator.java:137)
	at org.springframework.security.web.access.ExceptionTranslationFilter.doFilter(ExceptionTranslationFilter.java:126)
	at org.springframework.security.web.access.ExceptionTranslationFilter.doFilter(ExceptionTranslationFilter.java:120)
	at org.springframework.security.web.ObservationFilterChainDecorator$ObservationFilter.wrapFilter(ObservationFilterChainDecorator.java:240)
	at org.springframework.security.web.ObservationFilterChainDecorator$ObservationFilter.doFilter(ObservationFilterChainDecorator.java:227)
	at org.springframework.security.web.ObservationFilterChainDecorator$VirtualFilterChain.doFilter(ObservationFilterChainDecorator.java:137)
	at org.springframework.security.web.authentication.AnonymousAuthenticationFilter.doFilter(AnonymousAuthenticationFilter.java:100)
	at org.springframework.security.web.ObservationFilterChainDecorator$ObservationFilter.wrapFilter(ObservationFilterChainDecorator.java:240)
	at org.springframework.security.web.ObservationFilterChainDecorator$ObservationFilter.doFilter(ObservationFilterChainDecorator.java:227)
	at org.springframework.security.web.ObservationFilterChainDecorator$VirtualFilterChain.doFilter(ObservationFilterChainDecorator.java:137)
	at org.springframework.security.web.servletapi.SecurityContextHolderAwareRequestFilter.doFilter(SecurityContextHolderAwareRequestFilter.java:179)
	at org.springframework.security.web.ObservationFilterChainDecorator$ObservationFilter.wrapFilter(ObservationFilterChainDecorator.java:240)
	at org.springframework.security.web.ObservationFilterChainDecorator$ObservationFilter.doFilter(ObservationFilterChainDecorator.java:227)
	at org.springframework.security.web.ObservationFilterChainDecorator$VirtualFilterChain.doFilter(ObservationFilterChainDecorator.java:137)
	at org.springframework.security.web.savedrequest.RequestCacheAwareFilter.doFilter(RequestCacheAwareFilter.java:63)
	at org.springframework.security.web.ObservationFilterChainDecorator$ObservationFilter.wrapFilter(ObservationFilterChainDecorator.java:240)
	at org.springframework.security.web.ObservationFilterChainDecorator$ObservationFilter.doFilter(ObservationFilterChainDecorator.java:227)
	at org.springframework.security.web.ObservationFilterChainDecorator$VirtualFilterChain.doFilter(ObservationFilterChainDecorator.java:137)
	at org.springframework.security.web.authentication.www.BasicAuthenticationFilter.doFilterInternal(BasicAuthenticationFilter.java:181)
	at org.springframework.web.filter.OncePerRequestFilter.doFilter(OncePerRequestFilter.java:116)
	at org.springframework.security.web.ObservationFilterChainDecorator$ObservationFilter.wrapFilter(ObservationFilterChainDecorator.java:240)
	at org.springframework.security.web.ObservationFilterChainDecorator$ObservationFilter.doFilter(ObservationFilterChainDecorator.java:227)
	at org.springframework.security.web.ObservationFilterChainDecorator$VirtualFilterChain.doFilter(ObservationFilterChainDecorator.java:137)
	at org.springframework.security.web.csrf.CsrfFilter.doFilterInternal(CsrfFilter.java:117)
	at org.springframework.web.filter.OncePerRequestFilter.doFilter(OncePerRequestFilter.java:116)
	at org.springframework.security.web.ObservationFilterChainDecorator$ObservationFilter.wrapFilter(ObservationFilterChainDecorator.java:240)
	at org.springframework.security.web.ObservationFilterChainDecorator$ObservationFilter.doFilter(ObservationFilterChainDecorator.java:227)
	at org.springframework.security.web.ObservationFilterChainDecorator$VirtualFilterChain.doFilter(ObservationFilterChainDecorator.java:137)
	at org.springframework.security.web.header.HeaderWriterFilter.doHeadersAfter(HeaderWriterFilter.java:90)
	at org.springframework.security.web.header.HeaderWriterFilter.doFilterInternal(HeaderWriterFilter.java:75)
	at org.springframework.web.filter.OncePerRequestFilter.doFilter(OncePerRequestFilter.java:116)
	at org.springframework.security.web.ObservationFilterChainDecorator$ObservationFilter.wrapFilter(ObservationFilterChainDecorator.java:240)
	at org.springframework.security.web.ObservationFilterChainDecorator$ObservationFilter.doFilter(ObservationFilterChainDecorator.java:227)
	at org.springframework.security.web.ObservationFilterChainDecorator$VirtualFilterChain.doFilter(ObservationFilterChainDecorator.java:137)
	at org.springframework.security.web.context.SecurityContextHolderFilter.doFilter(SecurityContextHolderFilter.java:82)
	at org.springframework.security.web.context.SecurityContextHolderFilter.doFilter(SecurityContextHolderFilter.java:69)
	at org.springframework.security.web.ObservationFilterChainDecorator$ObservationFilter.wrapFilter(ObservationFilterChainDecorator.java:240)
	at org.springframework.security.web.ObservationFilterChainDecorator$ObservationFilter.doFilter(ObservationFilterChainDecorator.java:227)
	at org.springframework.security.web.ObservationFilterChainDecorator$VirtualFilterChain.doFilter(ObservationFilterChainDecorator.java:137)
	at org.springframework.security.web.context.request.async.WebAsyncManagerIntegrationFilter.doFilterInternal(WebAsyncManagerIntegrationFilter.java:62)
	at org.springframework.web.filter.OncePerRequestFilter.doFilter(OncePerRequestFilter.java:116)
	at org.springframework.security.web.ObservationFilterChainDecorator$ObservationFilter.wrapFilter(ObservationFilterChainDecorator.java:240)
	at org.springframework.security.web.ObservationFilterChainDecorator$ObservationFilter.doFilter(ObservationFilterChainDecorator.java:227)
	at org.springframework.security.web.ObservationFilterChainDecorator$VirtualFilterChain.doFilter(ObservationFilterChainDecorator.java:137)
	at org.springframework.security.web.session.DisableEncodeUrlFilter.doFilterInternal(DisableEncodeUrlFilter.java:42)
	at org.springframework.web.filter.OncePerRequestFilter.doFilter(OncePerRequestFilter.java:116)
	at org.springframework.security.web.ObservationFilterChainDecorator$ObservationFilter.wrapFilter(ObservationFilterChainDecorator.java:240)
	at org.springframework.security.web.ObservationFilterChainDecorator$AroundFilterObservation$SimpleAroundFilterObservation.lambda$wrap$0(ObservationFilterChainDecorator.java:323)
	at org.springframework.security.web.ObservationFilterChainDecorator$ObservationFilter.doFilter(ObservationFilterChainDecorator.java:224)
	at org.springframework.security.web.ObservationFilterChainDecorator$VirtualFilterChain.doFilter(ObservationFilterChainDecorator.java:137)
	at org.springframework.security.web.FilterChainProxy.doFilterInternal(FilterChainProxy.java:233)
	at org.springframework.security.web.FilterChainProxy.doFilter(FilterChainProxy.java:191)
	at org.springframework.web.filter.CompositeFilter$VirtualFilterChain.doFilter(CompositeFilter.java:113)
	at org.springframework.web.servlet.handler.HandlerMappingIntrospector.lambda$createCacheFilter$3(HandlerMappingIntrospector.java:195)
	at org.springframework.web.filter.CompositeFilter$VirtualFilterChain.doFilter(CompositeFilter.java:113)
	at org.springframework.web.filter.CompositeFilter.doFilter(CompositeFilter.java:74)
	at org.springframework.security.config.annotation.web.configuration.WebMvcSecurityConfiguration$CompositeFilterChainProxy.doFilter(WebMvcSecurityConfiguration.java:230)
	at org.springframework.web.filter.DelegatingFilterProxy.invokeDelegate(DelegatingFilterProxy.java:362)
	at org.springframework.web.filter.DelegatingFilterProxy.doFilter(DelegatingFilterProxy.java:278)
	at org.apache.catalina.core.ApplicationFilterChain.internalDoFilter(ApplicationFilterChain.java:164)
	at org.apache.catalina.core.ApplicationFilterChain.doFilter(ApplicationFilterChain.java:140)
	at org.springframework.web.filter.RequestContextFilter.doFilterInternal(RequestContextFilter.java:100)
	at org.springframework.web.filter.OncePerRequestFilter.doFilter(OncePerRequestFilter.java:116)
	at org.apache.catalina.core.ApplicationFilterChain.internalDoFilter(ApplicationFilterChain.java:164)
	at org.apache.catalina.core.ApplicationFilterChain.doFilter(ApplicationFilterChain.java:140)
	at org.springframework.web.filter.FormContentFilter.doFilterInternal(FormContentFilter.java:93)
	at org.springframework.web.filter.OncePerRequestFilter.doFilter(OncePerRequestFilter.java:116)
	at org.apache.catalina.core.ApplicationFilterChain.internalDoFilter(ApplicationFilterChain.java:164)
	at org.apache.catalina.core.ApplicationFilterChain.doFilter(ApplicationFilterChain.java:140)
	at org.springframework.web.filter.ServerHttpObservationFilter.doFilterInternal(ServerHttpObservationFilter.java:113)
	at org.springframework.web.filter.OncePerRequestFilter.doFilter(OncePerRequestFilter.java:116)
	at org.apache.catalina.core.ApplicationFilterChain.internalDoFilter(ApplicationFilterChain.java:164)
	at org.apache.catalina.core.ApplicationFilterChain.doFilter(ApplicationFilterChain.java:140)
	at org.springframework.web.filter.CharacterEncodingFilter.doFilterInternal(CharacterEncodingFilter.java:201)
	at org.springframework.web.filter.OncePerRequestFilter.doFilter(OncePerRequestFilter.java:116)
	at org.apache.catalina.core.ApplicationFilterChain.internalDoFilter(ApplicationFilterChain.java:164)
	at org.apache.catalina.core.ApplicationFilterChain.doFilter(ApplicationFilterChain.java:140)
	at org.apache.catalina.core.StandardWrapperValve.invoke(StandardWrapperValve.java:167)
	at org.apache.catalina.core.StandardContextValve.invoke(StandardContextValve.java:90)
	at org.apache.catalina.authenticator.AuthenticatorBase.invoke(AuthenticatorBase.java:483)
	at org.apache.catalina.core.StandardHostValve.invoke(StandardHostValve.java:115)
	at org.apache.catalina.valves.ErrorReportValve.invoke(ErrorReportValve.java:93)
	at org.apache.catalina.core.StandardEngineValve.invoke(StandardEngineValve.java:74)
	at org.apache.catalina.connector.CoyoteAdapter.service(CoyoteAdapter.java:344)
	at org.apache.coyote.http11.Http11Processor.service(Http11Processor.java:397)
	at org.apache.coyote.AbstractProcessorLight.process(AbstractProcessorLight.java:63)
	at org.apache.coyote.AbstractProtocol$ConnectionHandler.process(AbstractProtocol.java:905)
	at org.apache.tomcat.util.net.NioEndpoint$SocketProcessor.doRun(NioEndpoint.java:1741)
	at org.apache.tomcat.util.net.SocketProcessorBase.run(SocketProcessorBase.java:52)
	at org.apache.tomcat.util.threads.ThreadPoolExecutor.runWorker(ThreadPoolExecutor.java:1190)
	at org.apache.tomcat.util.threads.ThreadPoolExecutor$Worker.run(ThreadPoolExecutor.java:659)
	at org.apache.tomcat.util.threads.TaskThread$WrappingRunnable.run(TaskThread.java:63)
	at java.base/java.lang.Thread.run(Thread.java:840)
25-05-20 09:36:47.492 [http-nio-8080-exec-2] DEBUG o.s.s.w.s.HttpSessionRequestCache - Saved request http://localhost:8080/index.html?continue to session
25-05-20 09:36:47.493 [http-nio-8080-exec-2] DEBUG o.s.s.w.a.DelegatingAuthenticationEntryPoint - Trying to match using RequestHeaderRequestMatcher [expectedHeaderName=X-Requested-With, expectedHeaderValue=XMLHttpRequest]
25-05-20 09:36:47.493 [http-nio-8080-exec-2] DEBUG o.s.s.w.a.DelegatingAuthenticationEntryPoint - No match found. Using default entry point org.springframework.security.web.authentication.www.BasicAuthenticationEntryPoint@4e649d02
25-05-20 09:36:47.494 [http-nio-8080-exec-2] TRACE o.s.s.w.h.writers.HstsHeaderWriter - Not injecting HSTS header since it did not match request to [Is Secure]
25-05-20 09:36:47.499 [http-nio-8080-exec-2] TRACE o.s.security.web.FilterChainProxy - Trying to match request against DefaultSecurityFilterChain [RequestMatcher=any request, Filters=[org.springframework.security.web.session.DisableEncodeUrlFilter@426cda96, org.springframework.security.web.context.request.async.WebAsyncManagerIntegrationFilter@2619d0d8, org.springframework.security.web.context.SecurityContextHolderFilter@5aeaee3, org.springframework.security.web.header.HeaderWriterFilter@41f05f1, org.springframework.security.web.csrf.CsrfFilter@31c87223, org.springframework.security.web.authentication.www.BasicAuthenticationFilter@4dd31687, org.springframework.security.web.savedrequest.RequestCacheAwareFilter@3af1b643, org.springframework.security.web.servletapi.SecurityContextHolderAwareRequestFilter@4c475547, org.springframework.security.web.authentication.AnonymousAuthenticationFilter@6d3a1808, org.springframework.security.web.access.ExceptionTranslationFilter@3a42610, org.springframework.security.web.access.intercept.AuthorizationFilter@4be8c1bb]] (1/1)
25-05-20 09:36:47.500 [http-nio-8080-exec-2] DEBUG o.s.security.web.FilterChainProxy - Securing GET /error
25-05-20 09:36:47.500 [http-nio-8080-exec-2] TRACE o.s.security.web.FilterChainProxy - Invoking DisableEncodeUrlFilter (1/11)
25-05-20 09:36:47.501 [http-nio-8080-exec-2] TRACE o.s.security.web.FilterChainProxy - Invoking WebAsyncManagerIntegrationFilter (2/11)
25-05-20 09:36:47.502 [http-nio-8080-exec-2] TRACE o.s.security.web.FilterChainProxy - Invoking SecurityContextHolderFilter (3/11)
25-05-20 09:36:47.502 [http-nio-8080-exec-2] TRACE o.s.security.web.FilterChainProxy - Invoking HeaderWriterFilter (4/11)
25-05-20 09:36:47.502 [http-nio-8080-exec-2] TRACE o.s.security.web.FilterChainProxy - Invoking CsrfFilter (5/11)
25-05-20 09:36:47.503 [http-nio-8080-exec-2] TRACE o.s.security.web.FilterChainProxy - Invoking BasicAuthenticationFilter (6/11)
25-05-20 09:36:47.503 [http-nio-8080-exec-2] TRACE o.s.security.web.FilterChainProxy - Invoking RequestCacheAwareFilter (7/11)
25-05-20 09:36:47.504 [http-nio-8080-exec-2] TRACE o.s.s.w.s.HttpSessionRequestCache - matchingRequestParameterName is required for getMatchingRequest to lookup a value, but not provided
25-05-20 09:36:47.504 [http-nio-8080-exec-2] TRACE o.s.security.web.FilterChainProxy - Invoking SecurityContextHolderAwareRequestFilter (8/11)
25-05-20 09:36:47.504 [http-nio-8080-exec-2] TRACE o.s.security.web.FilterChainProxy - Invoking AnonymousAuthenticationFilter (9/11)
25-05-20 09:36:47.505 [http-nio-8080-exec-2] TRACE o.s.security.web.FilterChainProxy - Invoking ExceptionTranslationFilter (10/11)
25-05-20 09:36:47.505 [http-nio-8080-exec-2] TRACE o.s.security.web.FilterChainProxy - Invoking AuthorizationFilter (11/11)
25-05-20 09:36:47.507 [http-nio-8080-exec-2] TRACE o.s.s.w.a.i.RequestMatcherDelegatingAuthorizationManager - Authorizing GET /error
25-05-20 09:36:47.507 [http-nio-8080-exec-2] TRACE o.s.s.w.a.i.RequestMatcherDelegatingAuthorizationManager - Checking authorization on GET /error using org.springframework.security.authorization.AuthenticatedAuthorizationManager@6ac2bbeb
25-05-20 09:36:47.507 [http-nio-8080-exec-2] TRACE o.s.s.w.c.HttpSessionSecurityContextRepository - Did not find SecurityContext in HttpSession 6E28F95C74C52CAA871EA0EA79A8FDBF using the SPRING_SECURITY_CONTEXT session attribute
25-05-20 09:36:47.507 [http-nio-8080-exec-2] TRACE o.s.s.w.c.SupplierDeferredSecurityContext - Created SecurityContextImpl [Null authentication]
25-05-20 09:36:47.508 [http-nio-8080-exec-2] TRACE o.s.s.w.c.SupplierDeferredSecurityContext - Created SecurityContextImpl [Null authentication]
25-05-20 09:36:47.508 [http-nio-8080-exec-2] TRACE o.s.s.w.a.AnonymousAuthenticationFilter - Set SecurityContextHolder to AnonymousAuthenticationToken [Principal=anonymousUser, Credentials=[PROTECTED], Authenticated=true, Details=WebAuthenticationDetails [RemoteIpAddress=0:0:0:0:0:0:0:1, SessionId=6E28F95C74C52CAA871EA0EA79A8FDBF], Granted Authorities=[ROLE_ANONYMOUS]]
25-05-20 09:36:47.509 [http-nio-8080-exec-2] TRACE o.s.s.w.a.ExceptionTranslationFilter - Sending AnonymousAuthenticationToken [Principal=anonymousUser, Credentials=[PROTECTED], Authenticated=true, Details=WebAuthenticationDetails [RemoteIpAddress=0:0:0:0:0:0:0:1, SessionId=6E28F95C74C52CAA871EA0EA79A8FDBF], Granted Authorities=[ROLE_ANONYMOUS]] to authentication entry point since access is denied
org.springframework.security.access.AccessDeniedException: Access Denied
	at org.springframework.security.web.access.intercept.AuthorizationFilter.doFilter(AuthorizationFilter.java:98)
	at org.springframework.security.web.ObservationFilterChainDecorator$ObservationFilter.wrapFilter(ObservationFilterChainDecorator.java:240)
	at org.springframework.security.web.ObservationFilterChainDecorator$ObservationFilter.doFilter(ObservationFilterChainDecorator.java:227)
	at org.springframework.security.web.ObservationFilterChainDecorator$VirtualFilterChain.doFilter(ObservationFilterChainDecorator.java:137)
	at org.springframework.security.web.access.ExceptionTranslationFilter.doFilter(ExceptionTranslationFilter.java:126)
	at org.springframework.security.web.access.ExceptionTranslationFilter.doFilter(ExceptionTranslationFilter.java:120)
	at org.springframework.security.web.ObservationFilterChainDecorator$ObservationFilter.wrapFilter(ObservationFilterChainDecorator.java:240)
	at org.springframework.security.web.ObservationFilterChainDecorator$ObservationFilter.doFilter(ObservationFilterChainDecorator.java:227)
	at org.springframework.security.web.ObservationFilterChainDecorator$VirtualFilterChain.doFilter(ObservationFilterChainDecorator.java:137)
	at org.springframework.security.web.authentication.AnonymousAuthenticationFilter.doFilter(AnonymousAuthenticationFilter.java:100)
	at org.springframework.security.web.ObservationFilterChainDecorator$ObservationFilter.wrapFilter(ObservationFilterChainDecorator.java:240)
	at org.springframework.security.web.ObservationFilterChainDecorator$ObservationFilter.doFilter(ObservationFilterChainDecorator.java:227)
	at org.springframework.security.web.ObservationFilterChainDecorator$VirtualFilterChain.doFilter(ObservationFilterChainDecorator.java:137)
	at org.springframework.security.web.servletapi.SecurityContextHolderAwareRequestFilter.doFilter(SecurityContextHolderAwareRequestFilter.java:179)
	at org.springframework.security.web.ObservationFilterChainDecorator$ObservationFilter.wrapFilter(ObservationFilterChainDecorator.java:240)
	at org.springframework.security.web.ObservationFilterChainDecorator$ObservationFilter.doFilter(ObservationFilterChainDecorator.java:227)
	at org.springframework.security.web.ObservationFilterChainDecorator$VirtualFilterChain.doFilter(ObservationFilterChainDecorator.java:137)
	at org.springframework.security.web.savedrequest.RequestCacheAwareFilter.doFilter(RequestCacheAwareFilter.java:63)
	at org.springframework.security.web.ObservationFilterChainDecorator$ObservationFilter.wrapFilter(ObservationFilterChainDecorator.java:240)
	at org.springframework.security.web.ObservationFilterChainDecorator$ObservationFilter.doFilter(ObservationFilterChainDecorator.java:227)
	at org.springframework.security.web.ObservationFilterChainDecorator$VirtualFilterChain.doFilter(ObservationFilterChainDecorator.java:137)
	at org.springframework.web.filter.OncePerRequestFilter.doFilter(OncePerRequestFilter.java:101)
	at org.springframework.security.web.ObservationFilterChainDecorator$ObservationFilter.wrapFilter(ObservationFilterChainDecorator.java:240)
	at org.springframework.security.web.ObservationFilterChainDecorator$ObservationFilter.doFilter(ObservationFilterChainDecorator.java:227)
	at org.springframework.security.web.ObservationFilterChainDecorator$VirtualFilterChain.doFilter(ObservationFilterChainDecorator.java:137)
	at org.springframework.web.filter.OncePerRequestFilter.doFilter(OncePerRequestFilter.java:101)
	at org.springframework.security.web.ObservationFilterChainDecorator$ObservationFilter.wrapFilter(ObservationFilterChainDecorator.java:240)
	at org.springframework.security.web.ObservationFilterChainDecorator$ObservationFilter.doFilter(ObservationFilterChainDecorator.java:227)
	at org.springframework.security.web.ObservationFilterChainDecorator$VirtualFilterChain.doFilter(ObservationFilterChainDecorator.java:137)
	at org.springframework.web.filter.OncePerRequestFilter.doFilter(OncePerRequestFilter.java:101)
	at org.springframework.security.web.ObservationFilterChainDecorator$ObservationFilter.wrapFilter(ObservationFilterChainDecorator.java:240)
	at org.springframework.security.web.ObservationFilterChainDecorator$ObservationFilter.doFilter(ObservationFilterChainDecorator.java:227)
	at org.springframework.security.web.ObservationFilterChainDecorator$VirtualFilterChain.doFilter(ObservationFilterChainDecorator.java:137)
	at org.springframework.security.web.context.SecurityContextHolderFilter.doFilter(SecurityContextHolderFilter.java:82)
	at org.springframework.security.web.context.SecurityContextHolderFilter.doFilter(SecurityContextHolderFilter.java:69)
	at org.springframework.security.web.ObservationFilterChainDecorator$ObservationFilter.wrapFilter(ObservationFilterChainDecorator.java:240)
	at org.springframework.security.web.ObservationFilterChainDecorator$ObservationFilter.doFilter(ObservationFilterChainDecorator.java:227)
	at org.springframework.security.web.ObservationFilterChainDecorator$VirtualFilterChain.doFilter(ObservationFilterChainDecorator.java:137)
	at org.springframework.web.filter.OncePerRequestFilter.doFilter(OncePerRequestFilter.java:101)
	at org.springframework.security.web.ObservationFilterChainDecorator$ObservationFilter.wrapFilter(ObservationFilterChainDecorator.java:240)
	at org.springframework.security.web.ObservationFilterChainDecorator$ObservationFilter.doFilter(ObservationFilterChainDecorator.java:227)
	at org.springframework.security.web.ObservationFilterChainDecorator$VirtualFilterChain.doFilter(ObservationFilterChainDecorator.java:137)
	at org.springframework.web.filter.OncePerRequestFilter.doFilter(OncePerRequestFilter.java:101)
	at org.springframework.security.web.ObservationFilterChainDecorator$ObservationFilter.wrapFilter(ObservationFilterChainDecorator.java:240)
	at org.springframework.security.web.ObservationFilterChainDecorator$AroundFilterObservation$SimpleAroundFilterObservation.lambda$wrap$0(ObservationFilterChainDecorator.java:323)
	at org.springframework.security.web.ObservationFilterChainDecorator$ObservationFilter.doFilter(ObservationFilterChainDecorator.java:224)
	at org.springframework.security.web.ObservationFilterChainDecorator$VirtualFilterChain.doFilter(ObservationFilterChainDecorator.java:137)
	at org.springframework.security.web.FilterChainProxy.doFilterInternal(FilterChainProxy.java:233)
	at org.springframework.security.web.FilterChainProxy.doFilter(FilterChainProxy.java:191)
	at org.springframework.web.filter.CompositeFilter$VirtualFilterChain.doFilter(CompositeFilter.java:113)
	at org.springframework.web.servlet.handler.HandlerMappingIntrospector.lambda$createCacheFilter$3(HandlerMappingIntrospector.java:195)
	at org.springframework.web.filter.CompositeFilter$VirtualFilterChain.doFilter(CompositeFilter.java:113)
	at org.springframework.web.filter.CompositeFilter.doFilter(CompositeFilter.java:74)
	at org.springframework.security.config.annotation.web.configuration.WebMvcSecurityConfiguration$CompositeFilterChainProxy.doFilter(WebMvcSecurityConfiguration.java:230)
	at org.springframework.web.filter.DelegatingFilterProxy.invokeDelegate(DelegatingFilterProxy.java:362)
	at org.springframework.web.filter.DelegatingFilterProxy.doFilter(DelegatingFilterProxy.java:278)
	at org.apache.catalina.core.ApplicationFilterChain.internalDoFilter(ApplicationFilterChain.java:164)
	at org.apache.catalina.core.ApplicationFilterChain.doFilter(ApplicationFilterChain.java:140)
	at org.springframework.web.filter.RequestContextFilter.doFilterInternal(RequestContextFilter.java:100)
	at org.springframework.web.filter.OncePerRequestFilter.doFilter(OncePerRequestFilter.java:116)
	at org.apache.catalina.core.ApplicationFilterChain.internalDoFilter(ApplicationFilterChain.java:164)
	at org.apache.catalina.core.ApplicationFilterChain.doFilter(ApplicationFilterChain.java:140)
	at org.springframework.web.filter.OncePerRequestFilter.doFilter(OncePerRequestFilter.java:101)
	at org.apache.catalina.core.ApplicationFilterChain.internalDoFilter(ApplicationFilterChain.java:164)
	at org.apache.catalina.core.ApplicationFilterChain.doFilter(ApplicationFilterChain.java:140)
	at org.springframework.web.filter.OncePerRequestFilter.doFilter(OncePerRequestFilter.java:101)
	at org.apache.catalina.core.ApplicationFilterChain.internalDoFilter(ApplicationFilterChain.java:164)
	at org.apache.catalina.core.ApplicationFilterChain.doFilter(ApplicationFilterChain.java:140)
	at org.apache.catalina.core.ApplicationDispatcher.invoke(ApplicationDispatcher.java:632)
	at org.apache.catalina.core.ApplicationDispatcher.processRequest(ApplicationDispatcher.java:410)
	at org.apache.catalina.core.ApplicationDispatcher.doForward(ApplicationDispatcher.java:330)
	at org.apache.catalina.core.ApplicationDispatcher.forward(ApplicationDispatcher.java:267)
	at org.apache.catalina.core.StandardHostValve.custom(StandardHostValve.java:362)
	at org.apache.catalina.core.StandardHostValve.status(StandardHostValve.java:222)
	at org.apache.catalina.core.StandardHostValve.invoke(StandardHostValve.java:151)
	at org.apache.catalina.valves.ErrorReportValve.invoke(ErrorReportValve.java:93)
	at org.apache.catalina.core.StandardEngineValve.invoke(StandardEngineValve.java:74)
	at org.apache.catalina.connector.CoyoteAdapter.service(CoyoteAdapter.java:344)
	at org.apache.coyote.http11.Http11Processor.service(Http11Processor.java:397)
	at org.apache.coyote.AbstractProcessorLight.process(AbstractProcessorLight.java:63)
	at org.apache.coyote.AbstractProtocol$ConnectionHandler.process(AbstractProtocol.java:905)
	at org.apache.tomcat.util.net.NioEndpoint$SocketProcessor.doRun(NioEndpoint.java:1741)
	at org.apache.tomcat.util.net.SocketProcessorBase.run(SocketProcessorBase.java:52)
	at org.apache.tomcat.util.threads.ThreadPoolExecutor.runWorker(ThreadPoolExecutor.java:1190)
	at org.apache.tomcat.util.threads.ThreadPoolExecutor$Worker.run(ThreadPoolExecutor.java:659)
	at org.apache.tomcat.util.threads.TaskThread$WrappingRunnable.run(TaskThread.java:63)
	at java.base/java.lang.Thread.run(Thread.java:840)
25-05-20 09:36:47.510 [http-nio-8080-exec-2] DEBUG o.s.s.w.s.HttpSessionRequestCache - Saved request http://localhost:8080/error?continue to session
25-05-20 09:36:47.511 [http-nio-8080-exec-2] DEBUG o.s.s.w.a.DelegatingAuthenticationEntryPoint - Trying to match using RequestHeaderRequestMatcher [expectedHeaderName=X-Requested-With, expectedHeaderValue=XMLHttpRequest]
25-05-20 09:36:47.511 [http-nio-8080-exec-2] DEBUG o.s.s.w.a.DelegatingAuthenticationEntryPoint - No match found. Using default entry point org.springframework.security.web.authentication.www.BasicAuthenticationEntryPoint@4e649d02
25-05-20 09:37:07.599 [http-nio-8080-exec-3] TRACE o.s.security.web.FilterChainProxy - Trying to match request against DefaultSecurityFilterChain [RequestMatcher=any request, Filters=[org.springframework.security.web.session.DisableEncodeUrlFilter@426cda96, org.springframework.security.web.context.request.async.WebAsyncManagerIntegrationFilter@2619d0d8, org.springframework.security.web.context.SecurityContextHolderFilter@5aeaee3, org.springframework.security.web.header.HeaderWriterFilter@41f05f1, org.springframework.security.web.csrf.CsrfFilter@31c87223, org.springframework.security.web.authentication.www.BasicAuthenticationFilter@4dd31687, org.springframework.security.web.savedrequest.RequestCacheAwareFilter@3af1b643, org.springframework.security.web.servletapi.SecurityContextHolderAwareRequestFilter@4c475547, org.springframework.security.web.authentication.AnonymousAuthenticationFilter@6d3a1808, org.springframework.security.web.access.ExceptionTranslationFilter@3a42610, org.springframework.security.web.access.intercept.AuthorizationFilter@4be8c1bb]] (1/1)
25-05-20 09:37:07.599 [http-nio-8080-exec-3] DEBUG o.s.security.web.FilterChainProxy - Securing GET /index.html?continue
25-05-20 09:37:07.600 [http-nio-8080-exec-3] TRACE o.s.security.web.FilterChainProxy - Invoking DisableEncodeUrlFilter (1/11)
25-05-20 09:37:07.600 [http-nio-8080-exec-3] TRACE o.s.security.web.FilterChainProxy - Invoking WebAsyncManagerIntegrationFilter (2/11)
25-05-20 09:37:07.600 [http-nio-8080-exec-3] TRACE o.s.security.web.FilterChainProxy - Invoking SecurityContextHolderFilter (3/11)
25-05-20 09:37:07.600 [http-nio-8080-exec-3] TRACE o.s.security.web.FilterChainProxy - Invoking HeaderWriterFilter (4/11)
25-05-20 09:37:07.600 [http-nio-8080-exec-3] TRACE o.s.security.web.FilterChainProxy - Invoking CsrfFilter (5/11)
25-05-20 09:37:07.600 [http-nio-8080-exec-3] TRACE o.s.security.web.csrf.CsrfFilter - Did not protect against CSRF since request did not match CsrfNotRequired [TRACE, HEAD, GET, OPTIONS]
25-05-20 09:37:07.600 [http-nio-8080-exec-3] TRACE o.s.security.web.FilterChainProxy - Invoking BasicAuthenticationFilter (6/11)
25-05-20 09:37:07.601 [http-nio-8080-exec-3] TRACE o.s.s.w.a.w.BasicAuthenticationFilter - Did not process authentication request since failed to find username and password in Basic Authorization header
25-05-20 09:37:07.601 [http-nio-8080-exec-3] TRACE o.s.security.web.FilterChainProxy - Invoking RequestCacheAwareFilter (7/11)
25-05-20 09:37:07.611 [http-nio-8080-exec-3] TRACE o.s.s.w.s.HttpSessionRequestCache - Did not match request /index.html?continue to the saved one DefaultSavedRequest [http://localhost:8080/error?continue]
25-05-20 09:37:07.612 [http-nio-8080-exec-3] TRACE o.s.security.web.FilterChainProxy - Invoking SecurityContextHolderAwareRequestFilter (8/11)
25-05-20 09:37:07.612 [http-nio-8080-exec-3] TRACE o.s.security.web.FilterChainProxy - Invoking AnonymousAuthenticationFilter (9/11)
25-05-20 09:37:07.612 [http-nio-8080-exec-3] TRACE o.s.security.web.FilterChainProxy - Invoking ExceptionTranslationFilter (10/11)
25-05-20 09:37:07.613 [http-nio-8080-exec-3] TRACE o.s.security.web.FilterChainProxy - Invoking AuthorizationFilter (11/11)
25-05-20 09:37:07.613 [http-nio-8080-exec-3] TRACE o.s.s.w.a.i.RequestMatcherDelegatingAuthorizationManager - Authorizing GET /index.html?continue
25-05-20 09:37:07.613 [http-nio-8080-exec-3] TRACE o.s.s.w.a.i.RequestMatcherDelegatingAuthorizationManager - Checking authorization on GET /index.html?continue using org.springframework.security.authorization.AuthenticatedAuthorizationManager@6ac2bbeb
25-05-20 09:37:07.613 [http-nio-8080-exec-3] TRACE o.s.s.w.c.HttpSessionSecurityContextRepository - Did not find SecurityContext in HttpSession 6E28F95C74C52CAA871EA0EA79A8FDBF using the SPRING_SECURITY_CONTEXT session attribute
25-05-20 09:37:07.614 [http-nio-8080-exec-3] TRACE o.s.s.w.c.SupplierDeferredSecurityContext - Created SecurityContextImpl [Null authentication]
25-05-20 09:37:07.614 [http-nio-8080-exec-3] TRACE o.s.s.w.c.SupplierDeferredSecurityContext - Created SecurityContextImpl [Null authentication]
25-05-20 09:37:07.614 [http-nio-8080-exec-3] TRACE o.s.s.w.a.AnonymousAuthenticationFilter - Set SecurityContextHolder to AnonymousAuthenticationToken [Principal=anonymousUser, Credentials=[PROTECTED], Authenticated=true, Details=WebAuthenticationDetails [RemoteIpAddress=0:0:0:0:0:0:0:1, SessionId=6E28F95C74C52CAA871EA0EA79A8FDBF], Granted Authorities=[ROLE_ANONYMOUS]]
25-05-20 09:37:07.614 [http-nio-8080-exec-3] TRACE o.s.s.w.a.ExceptionTranslationFilter - Sending AnonymousAuthenticationToken [Principal=anonymousUser, Credentials=[PROTECTED], Authenticated=true, Details=WebAuthenticationDetails [RemoteIpAddress=0:0:0:0:0:0:0:1, SessionId=6E28F95C74C52CAA871EA0EA79A8FDBF], Granted Authorities=[ROLE_ANONYMOUS]] to authentication entry point since access is denied
org.springframework.security.access.AccessDeniedException: Access Denied
	at org.springframework.security.web.access.intercept.AuthorizationFilter.doFilter(AuthorizationFilter.java:98)
	at org.springframework.security.web.ObservationFilterChainDecorator$ObservationFilter.wrapFilter(ObservationFilterChainDecorator.java:240)
	at org.springframework.security.web.ObservationFilterChainDecorator$ObservationFilter.doFilter(ObservationFilterChainDecorator.java:227)
	at org.springframework.security.web.ObservationFilterChainDecorator$VirtualFilterChain.doFilter(ObservationFilterChainDecorator.java:137)
	at org.springframework.security.web.access.ExceptionTranslationFilter.doFilter(ExceptionTranslationFilter.java:126)
	at org.springframework.security.web.access.ExceptionTranslationFilter.doFilter(ExceptionTranslationFilter.java:120)
	at org.springframework.security.web.ObservationFilterChainDecorator$ObservationFilter.wrapFilter(ObservationFilterChainDecorator.java:240)
	at org.springframework.security.web.ObservationFilterChainDecorator$ObservationFilter.doFilter(ObservationFilterChainDecorator.java:227)
	at org.springframework.security.web.ObservationFilterChainDecorator$VirtualFilterChain.doFilter(ObservationFilterChainDecorator.java:137)
	at org.springframework.security.web.authentication.AnonymousAuthenticationFilter.doFilter(AnonymousAuthenticationFilter.java:100)
	at org.springframework.security.web.ObservationFilterChainDecorator$ObservationFilter.wrapFilter(ObservationFilterChainDecorator.java:240)
	at org.springframework.security.web.ObservationFilterChainDecorator$ObservationFilter.doFilter(ObservationFilterChainDecorator.java:227)
	at org.springframework.security.web.ObservationFilterChainDecorator$VirtualFilterChain.doFilter(ObservationFilterChainDecorator.java:137)
	at org.springframework.security.web.servletapi.SecurityContextHolderAwareRequestFilter.doFilter(SecurityContextHolderAwareRequestFilter.java:179)
	at org.springframework.security.web.ObservationFilterChainDecorator$ObservationFilter.wrapFilter(ObservationFilterChainDecorator.java:240)
	at org.springframework.security.web.ObservationFilterChainDecorator$ObservationFilter.doFilter(ObservationFilterChainDecorator.java:227)
	at org.springframework.security.web.ObservationFilterChainDecorator$VirtualFilterChain.doFilter(ObservationFilterChainDecorator.java:137)
	at org.springframework.security.web.savedrequest.RequestCacheAwareFilter.doFilter(RequestCacheAwareFilter.java:63)
	at org.springframework.security.web.ObservationFilterChainDecorator$ObservationFilter.wrapFilter(ObservationFilterChainDecorator.java:240)
	at org.springframework.security.web.ObservationFilterChainDecorator$ObservationFilter.doFilter(ObservationFilterChainDecorator.java:227)
	at org.springframework.security.web.ObservationFilterChainDecorator$VirtualFilterChain.doFilter(ObservationFilterChainDecorator.java:137)
	at org.springframework.security.web.authentication.www.BasicAuthenticationFilter.doFilterInternal(BasicAuthenticationFilter.java:181)
	at org.springframework.web.filter.OncePerRequestFilter.doFilter(OncePerRequestFilter.java:116)
	at org.springframework.security.web.ObservationFilterChainDecorator$ObservationFilter.wrapFilter(ObservationFilterChainDecorator.java:240)
	at org.springframework.security.web.ObservationFilterChainDecorator$ObservationFilter.doFilter(ObservationFilterChainDecorator.java:227)
	at org.springframework.security.web.ObservationFilterChainDecorator$VirtualFilterChain.doFilter(ObservationFilterChainDecorator.java:137)
	at org.springframework.security.web.csrf.CsrfFilter.doFilterInternal(CsrfFilter.java:117)
	at org.springframework.web.filter.OncePerRequestFilter.doFilter(OncePerRequestFilter.java:116)
	at org.springframework.security.web.ObservationFilterChainDecorator$ObservationFilter.wrapFilter(ObservationFilterChainDecorator.java:240)
	at org.springframework.security.web.ObservationFilterChainDecorator$ObservationFilter.doFilter(ObservationFilterChainDecorator.java:227)
	at org.springframework.security.web.ObservationFilterChainDecorator$VirtualFilterChain.doFilter(ObservationFilterChainDecorator.java:137)
	at org.springframework.security.web.header.HeaderWriterFilter.doHeadersAfter(HeaderWriterFilter.java:90)
	at org.springframework.security.web.header.HeaderWriterFilter.doFilterInternal(HeaderWriterFilter.java:75)
	at org.springframework.web.filter.OncePerRequestFilter.doFilter(OncePerRequestFilter.java:116)
	at org.springframework.security.web.ObservationFilterChainDecorator$ObservationFilter.wrapFilter(ObservationFilterChainDecorator.java:240)
	at org.springframework.security.web.ObservationFilterChainDecorator$ObservationFilter.doFilter(ObservationFilterChainDecorator.java:227)
	at org.springframework.security.web.ObservationFilterChainDecorator$VirtualFilterChain.doFilter(ObservationFilterChainDecorator.java:137)
	at org.springframework.security.web.context.SecurityContextHolderFilter.doFilter(SecurityContextHolderFilter.java:82)
	at org.springframework.security.web.context.SecurityContextHolderFilter.doFilter(SecurityContextHolderFilter.java:69)
	at org.springframework.security.web.ObservationFilterChainDecorator$ObservationFilter.wrapFilter(ObservationFilterChainDecorator.java:240)
	at org.springframework.security.web.ObservationFilterChainDecorator$ObservationFilter.doFilter(ObservationFilterChainDecorator.java:227)
	at org.springframework.security.web.ObservationFilterChainDecorator$VirtualFilterChain.doFilter(ObservationFilterChainDecorator.java:137)
	at org.springframework.security.web.context.request.async.WebAsyncManagerIntegrationFilter.doFilterInternal(WebAsyncManagerIntegrationFilter.java:62)
	at org.springframework.web.filter.OncePerRequestFilter.doFilter(OncePerRequestFilter.java:116)
	at org.springframework.security.web.ObservationFilterChainDecorator$ObservationFilter.wrapFilter(ObservationFilterChainDecorator.java:240)
	at org.springframework.security.web.ObservationFilterChainDecorator$ObservationFilter.doFilter(ObservationFilterChainDecorator.java:227)
	at org.springframework.security.web.ObservationFilterChainDecorator$VirtualFilterChain.doFilter(ObservationFilterChainDecorator.java:137)
	at org.springframework.security.web.session.DisableEncodeUrlFilter.doFilterInternal(DisableEncodeUrlFilter.java:42)
	at org.springframework.web.filter.OncePerRequestFilter.doFilter(OncePerRequestFilter.java:116)
	at org.springframework.security.web.ObservationFilterChainDecorator$ObservationFilter.wrapFilter(ObservationFilterChainDecorator.java:240)
	at org.springframework.security.web.ObservationFilterChainDecorator$AroundFilterObservation$SimpleAroundFilterObservation.lambda$wrap$0(ObservationFilterChainDecorator.java:323)
	at org.springframework.security.web.ObservationFilterChainDecorator$ObservationFilter.doFilter(ObservationFilterChainDecorator.java:224)
	at org.springframework.security.web.ObservationFilterChainDecorator$VirtualFilterChain.doFilter(ObservationFilterChainDecorator.java:137)
	at org.springframework.security.web.FilterChainProxy.doFilterInternal(FilterChainProxy.java:233)
	at org.springframework.security.web.FilterChainProxy.doFilter(FilterChainProxy.java:191)
	at org.springframework.web.filter.CompositeFilter$VirtualFilterChain.doFilter(CompositeFilter.java:113)
	at org.springframework.web.servlet.handler.HandlerMappingIntrospector.lambda$createCacheFilter$3(HandlerMappingIntrospector.java:195)
	at org.springframework.web.filter.CompositeFilter$VirtualFilterChain.doFilter(CompositeFilter.java:113)
	at org.springframework.web.filter.CompositeFilter.doFilter(CompositeFilter.java:74)
	at org.springframework.security.config.annotation.web.configuration.WebMvcSecurityConfiguration$CompositeFilterChainProxy.doFilter(WebMvcSecurityConfiguration.java:230)
	at org.springframework.web.filter.DelegatingFilterProxy.invokeDelegate(DelegatingFilterProxy.java:362)
	at org.springframework.web.filter.DelegatingFilterProxy.doFilter(DelegatingFilterProxy.java:278)
	at org.apache.catalina.core.ApplicationFilterChain.internalDoFilter(ApplicationFilterChain.java:164)
	at org.apache.catalina.core.ApplicationFilterChain.doFilter(ApplicationFilterChain.java:140)
	at org.springframework.web.filter.RequestContextFilter.doFilterInternal(RequestContextFilter.java:100)
	at org.springframework.web.filter.OncePerRequestFilter.doFilter(OncePerRequestFilter.java:116)
	at org.apache.catalina.core.ApplicationFilterChain.internalDoFilter(ApplicationFilterChain.java:164)
	at org.apache.catalina.core.ApplicationFilterChain.doFilter(ApplicationFilterChain.java:140)
	at org.springframework.web.filter.FormContentFilter.doFilterInternal(FormContentFilter.java:93)
	at org.springframework.web.filter.OncePerRequestFilter.doFilter(OncePerRequestFilter.java:116)
	at org.apache.catalina.core.ApplicationFilterChain.internalDoFilter(ApplicationFilterChain.java:164)
	at org.apache.catalina.core.ApplicationFilterChain.doFilter(ApplicationFilterChain.java:140)
	at org.springframework.web.filter.ServerHttpObservationFilter.doFilterInternal(ServerHttpObservationFilter.java:113)
	at org.springframework.web.filter.OncePerRequestFilter.doFilter(OncePerRequestFilter.java:116)
	at org.apache.catalina.core.ApplicationFilterChain.internalDoFilter(ApplicationFilterChain.java:164)
	at org.apache.catalina.core.ApplicationFilterChain.doFilter(ApplicationFilterChain.java:140)
	at org.springframework.web.filter.CharacterEncodingFilter.doFilterInternal(CharacterEncodingFilter.java:201)
	at org.springframework.web.filter.OncePerRequestFilter.doFilter(OncePerRequestFilter.java:116)
	at org.apache.catalina.core.ApplicationFilterChain.internalDoFilter(ApplicationFilterChain.java:164)
	at org.apache.catalina.core.ApplicationFilterChain.doFilter(ApplicationFilterChain.java:140)
	at org.apache.catalina.core.StandardWrapperValve.invoke(StandardWrapperValve.java:167)
	at org.apache.catalina.core.StandardContextValve.invoke(StandardContextValve.java:90)
	at org.apache.catalina.authenticator.AuthenticatorBase.invoke(AuthenticatorBase.java:483)
	at org.apache.catalina.core.StandardHostValve.invoke(StandardHostValve.java:115)
	at org.apache.catalina.valves.ErrorReportValve.invoke(ErrorReportValve.java:93)
	at org.apache.catalina.core.StandardEngineValve.invoke(StandardEngineValve.java:74)
	at org.apache.catalina.connector.CoyoteAdapter.service(CoyoteAdapter.java:344)
	at org.apache.coyote.http11.Http11Processor.service(Http11Processor.java:397)
	at org.apache.coyote.AbstractProcessorLight.process(AbstractProcessorLight.java:63)
	at org.apache.coyote.AbstractProtocol$ConnectionHandler.process(AbstractProtocol.java:905)
	at org.apache.tomcat.util.net.NioEndpoint$SocketProcessor.doRun(NioEndpoint.java:1741)
	at org.apache.tomcat.util.net.SocketProcessorBase.run(SocketProcessorBase.java:52)
	at org.apache.tomcat.util.threads.ThreadPoolExecutor.runWorker(ThreadPoolExecutor.java:1190)
	at org.apache.tomcat.util.threads.ThreadPoolExecutor$Worker.run(ThreadPoolExecutor.java:659)
	at org.apache.tomcat.util.threads.TaskThread$WrappingRunnable.run(TaskThread.java:63)
	at java.base/java.lang.Thread.run(Thread.java:840)
25-05-20 09:37:07.618 [http-nio-8080-exec-3] DEBUG o.s.s.w.s.HttpSessionRequestCache - Saved request http://localhost:8080/index.html?continue to session
25-05-20 09:37:07.618 [http-nio-8080-exec-3] DEBUG o.s.s.w.a.DelegatingAuthenticationEntryPoint - Trying to match using RequestHeaderRequestMatcher [expectedHeaderName=X-Requested-With, expectedHeaderValue=XMLHttpRequest]
25-05-20 09:37:07.618 [http-nio-8080-exec-3] DEBUG o.s.s.w.a.DelegatingAuthenticationEntryPoint - No match found. Using default entry point org.springframework.security.web.authentication.www.BasicAuthenticationEntryPoint@4e649d02
25-05-20 09:37:07.618 [http-nio-8080-exec-3] TRACE o.s.s.w.h.writers.HstsHeaderWriter - Not injecting HSTS header since it did not match request to [Is Secure]
25-05-20 09:37:07.620 [http-nio-8080-exec-3] TRACE o.s.security.web.FilterChainProxy - Trying to match request against DefaultSecurityFilterChain [RequestMatcher=any request, Filters=[org.springframework.security.web.session.DisableEncodeUrlFilter@426cda96, org.springframework.security.web.context.request.async.WebAsyncManagerIntegrationFilter@2619d0d8, org.springframework.security.web.context.SecurityContextHolderFilter@5aeaee3, org.springframework.security.web.header.HeaderWriterFilter@41f05f1, org.springframework.security.web.csrf.CsrfFilter@31c87223, org.springframework.security.web.authentication.www.BasicAuthenticationFilter@4dd31687, org.springframework.security.web.savedrequest.RequestCacheAwareFilter@3af1b643, org.springframework.security.web.servletapi.SecurityContextHolderAwareRequestFilter@4c475547, org.springframework.security.web.authentication.AnonymousAuthenticationFilter@6d3a1808, org.springframework.security.web.access.ExceptionTranslationFilter@3a42610, org.springframework.security.web.access.intercept.AuthorizationFilter@4be8c1bb]] (1/1)
25-05-20 09:37:07.620 [http-nio-8080-exec-3] DEBUG o.s.security.web.FilterChainProxy - Securing GET /error?continue
25-05-20 09:37:07.620 [http-nio-8080-exec-3] TRACE o.s.security.web.FilterChainProxy - Invoking DisableEncodeUrlFilter (1/11)
25-05-20 09:37:07.620 [http-nio-8080-exec-3] TRACE o.s.security.web.FilterChainProxy - Invoking WebAsyncManagerIntegrationFilter (2/11)
25-05-20 09:37:07.620 [http-nio-8080-exec-3] TRACE o.s.security.web.FilterChainProxy - Invoking SecurityContextHolderFilter (3/11)
25-05-20 09:37:07.621 [http-nio-8080-exec-3] TRACE o.s.security.web.FilterChainProxy - Invoking HeaderWriterFilter (4/11)
25-05-20 09:37:07.621 [http-nio-8080-exec-3] TRACE o.s.security.web.FilterChainProxy - Invoking CsrfFilter (5/11)
25-05-20 09:37:07.621 [http-nio-8080-exec-3] TRACE o.s.security.web.FilterChainProxy - Invoking BasicAuthenticationFilter (6/11)
25-05-20 09:37:07.621 [http-nio-8080-exec-3] TRACE o.s.security.web.FilterChainProxy - Invoking RequestCacheAwareFilter (7/11)
25-05-20 09:37:07.621 [http-nio-8080-exec-3] TRACE o.s.s.w.s.HttpSessionRequestCache - Did not match request /error?continue to the saved one DefaultSavedRequest [http://localhost:8080/index.html?continue]
25-05-20 09:37:07.621 [http-nio-8080-exec-3] TRACE o.s.security.web.FilterChainProxy - Invoking SecurityContextHolderAwareRequestFilter (8/11)
25-05-20 09:37:07.621 [http-nio-8080-exec-3] TRACE o.s.security.web.FilterChainProxy - Invoking AnonymousAuthenticationFilter (9/11)
25-05-20 09:37:07.621 [http-nio-8080-exec-3] TRACE o.s.security.web.FilterChainProxy - Invoking ExceptionTranslationFilter (10/11)
25-05-20 09:37:07.621 [http-nio-8080-exec-3] TRACE o.s.security.web.FilterChainProxy - Invoking AuthorizationFilter (11/11)
25-05-20 09:37:07.622 [http-nio-8080-exec-3] TRACE o.s.s.w.a.i.RequestMatcherDelegatingAuthorizationManager - Authorizing GET /error?continue
25-05-20 09:37:07.623 [http-nio-8080-exec-3] TRACE o.s.s.w.a.i.RequestMatcherDelegatingAuthorizationManager - Checking authorization on GET /error?continue using org.springframework.security.authorization.AuthenticatedAuthorizationManager@6ac2bbeb
25-05-20 09:37:07.623 [http-nio-8080-exec-3] TRACE o.s.s.w.c.HttpSessionSecurityContextRepository - Did not find SecurityContext in HttpSession 6E28F95C74C52CAA871EA0EA79A8FDBF using the SPRING_SECURITY_CONTEXT session attribute
25-05-20 09:37:07.623 [http-nio-8080-exec-3] TRACE o.s.s.w.c.SupplierDeferredSecurityContext - Created SecurityContextImpl [Null authentication]
25-05-20 09:37:07.623 [http-nio-8080-exec-3] TRACE o.s.s.w.c.SupplierDeferredSecurityContext - Created SecurityContextImpl [Null authentication]
25-05-20 09:37:07.623 [http-nio-8080-exec-3] TRACE o.s.s.w.a.AnonymousAuthenticationFilter - Set SecurityContextHolder to AnonymousAuthenticationToken [Principal=anonymousUser, Credentials=[PROTECTED], Authenticated=true, Details=WebAuthenticationDetails [RemoteIpAddress=0:0:0:0:0:0:0:1, SessionId=6E28F95C74C52CAA871EA0EA79A8FDBF], Granted Authorities=[ROLE_ANONYMOUS]]
25-05-20 09:37:07.623 [http-nio-8080-exec-3] TRACE o.s.s.w.a.ExceptionTranslationFilter - Sending AnonymousAuthenticationToken [Principal=anonymousUser, Credentials=[PROTECTED], Authenticated=true, Details=WebAuthenticationDetails [RemoteIpAddress=0:0:0:0:0:0:0:1, SessionId=6E28F95C74C52CAA871EA0EA79A8FDBF], Granted Authorities=[ROLE_ANONYMOUS]] to authentication entry point since access is denied
org.springframework.security.access.AccessDeniedException: Access Denied
	at org.springframework.security.web.access.intercept.AuthorizationFilter.doFilter(AuthorizationFilter.java:98)
	at org.springframework.security.web.ObservationFilterChainDecorator$ObservationFilter.wrapFilter(ObservationFilterChainDecorator.java:240)
	at org.springframework.security.web.ObservationFilterChainDecorator$ObservationFilter.doFilter(ObservationFilterChainDecorator.java:227)
	at org.springframework.security.web.ObservationFilterChainDecorator$VirtualFilterChain.doFilter(ObservationFilterChainDecorator.java:137)
	at org.springframework.security.web.access.ExceptionTranslationFilter.doFilter(ExceptionTranslationFilter.java:126)
	at org.springframework.security.web.access.ExceptionTranslationFilter.doFilter(ExceptionTranslationFilter.java:120)
	at org.springframework.security.web.ObservationFilterChainDecorator$ObservationFilter.wrapFilter(ObservationFilterChainDecorator.java:240)
	at org.springframework.security.web.ObservationFilterChainDecorator$ObservationFilter.doFilter(ObservationFilterChainDecorator.java:227)
	at org.springframework.security.web.ObservationFilterChainDecorator$VirtualFilterChain.doFilter(ObservationFilterChainDecorator.java:137)
	at org.springframework.security.web.authentication.AnonymousAuthenticationFilter.doFilter(AnonymousAuthenticationFilter.java:100)
	at org.springframework.security.web.ObservationFilterChainDecorator$ObservationFilter.wrapFilter(ObservationFilterChainDecorator.java:240)
	at org.springframework.security.web.ObservationFilterChainDecorator$ObservationFilter.doFilter(ObservationFilterChainDecorator.java:227)
	at org.springframework.security.web.ObservationFilterChainDecorator$VirtualFilterChain.doFilter(ObservationFilterChainDecorator.java:137)
	at org.springframework.security.web.servletapi.SecurityContextHolderAwareRequestFilter.doFilter(SecurityContextHolderAwareRequestFilter.java:179)
	at org.springframework.security.web.ObservationFilterChainDecorator$ObservationFilter.wrapFilter(ObservationFilterChainDecorator.java:240)
	at org.springframework.security.web.ObservationFilterChainDecorator$ObservationFilter.doFilter(ObservationFilterChainDecorator.java:227)
	at org.springframework.security.web.ObservationFilterChainDecorator$VirtualFilterChain.doFilter(ObservationFilterChainDecorator.java:137)
	at org.springframework.security.web.savedrequest.RequestCacheAwareFilter.doFilter(RequestCacheAwareFilter.java:63)
	at org.springframework.security.web.ObservationFilterChainDecorator$ObservationFilter.wrapFilter(ObservationFilterChainDecorator.java:240)
	at org.springframework.security.web.ObservationFilterChainDecorator$ObservationFilter.doFilter(ObservationFilterChainDecorator.java:227)
	at org.springframework.security.web.ObservationFilterChainDecorator$VirtualFilterChain.doFilter(ObservationFilterChainDecorator.java:137)
	at org.springframework.web.filter.OncePerRequestFilter.doFilter(OncePerRequestFilter.java:101)
	at org.springframework.security.web.ObservationFilterChainDecorator$ObservationFilter.wrapFilter(ObservationFilterChainDecorator.java:240)
	at org.springframework.security.web.ObservationFilterChainDecorator$ObservationFilter.doFilter(ObservationFilterChainDecorator.java:227)
	at org.springframework.security.web.ObservationFilterChainDecorator$VirtualFilterChain.doFilter(ObservationFilterChainDecorator.java:137)
	at org.springframework.web.filter.OncePerRequestFilter.doFilter(OncePerRequestFilter.java:101)
	at org.springframework.security.web.ObservationFilterChainDecorator$ObservationFilter.wrapFilter(ObservationFilterChainDecorator.java:240)
	at org.springframework.security.web.ObservationFilterChainDecorator$ObservationFilter.doFilter(ObservationFilterChainDecorator.java:227)
	at org.springframework.security.web.ObservationFilterChainDecorator$VirtualFilterChain.doFilter(ObservationFilterChainDecorator.java:137)
	at org.springframework.web.filter.OncePerRequestFilter.doFilter(OncePerRequestFilter.java:101)
	at org.springframework.security.web.ObservationFilterChainDecorator$ObservationFilter.wrapFilter(ObservationFilterChainDecorator.java:240)
	at org.springframework.security.web.ObservationFilterChainDecorator$ObservationFilter.doFilter(ObservationFilterChainDecorator.java:227)
	at org.springframework.security.web.ObservationFilterChainDecorator$VirtualFilterChain.doFilter(ObservationFilterChainDecorator.java:137)
	at org.springframework.security.web.context.SecurityContextHolderFilter.doFilter(SecurityContextHolderFilter.java:82)
	at org.springframework.security.web.context.SecurityContextHolderFilter.doFilter(SecurityContextHolderFilter.java:69)
	at org.springframework.security.web.ObservationFilterChainDecorator$ObservationFilter.wrapFilter(ObservationFilterChainDecorator.java:240)
	at org.springframework.security.web.ObservationFilterChainDecorator$ObservationFilter.doFilter(ObservationFilterChainDecorator.java:227)
	at org.springframework.security.web.ObservationFilterChainDecorator$VirtualFilterChain.doFilter(ObservationFilterChainDecorator.java:137)
	at org.springframework.web.filter.OncePerRequestFilter.doFilter(OncePerRequestFilter.java:101)
	at org.springframework.security.web.ObservationFilterChainDecorator$ObservationFilter.wrapFilter(ObservationFilterChainDecorator.java:240)
	at org.springframework.security.web.ObservationFilterChainDecorator$ObservationFilter.doFilter(ObservationFilterChainDecorator.java:227)
	at org.springframework.security.web.ObservationFilterChainDecorator$VirtualFilterChain.doFilter(ObservationFilterChainDecorator.java:137)
	at org.springframework.web.filter.OncePerRequestFilter.doFilter(OncePerRequestFilter.java:101)
	at org.springframework.security.web.ObservationFilterChainDecorator$ObservationFilter.wrapFilter(ObservationFilterChainDecorator.java:240)
	at org.springframework.security.web.ObservationFilterChainDecorator$AroundFilterObservation$SimpleAroundFilterObservation.lambda$wrap$0(ObservationFilterChainDecorator.java:323)
	at org.springframework.security.web.ObservationFilterChainDecorator$ObservationFilter.doFilter(ObservationFilterChainDecorator.java:224)
	at org.springframework.security.web.ObservationFilterChainDecorator$VirtualFilterChain.doFilter(ObservationFilterChainDecorator.java:137)
	at org.springframework.security.web.FilterChainProxy.doFilterInternal(FilterChainProxy.java:233)
	at org.springframework.security.web.FilterChainProxy.doFilter(FilterChainProxy.java:191)
	at org.springframework.web.filter.CompositeFilter$VirtualFilterChain.doFilter(CompositeFilter.java:113)
	at org.springframework.web.servlet.handler.HandlerMappingIntrospector.lambda$createCacheFilter$3(HandlerMappingIntrospector.java:195)
	at org.springframework.web.filter.CompositeFilter$VirtualFilterChain.doFilter(CompositeFilter.java:113)
	at org.springframework.web.filter.CompositeFilter.doFilter(CompositeFilter.java:74)
	at org.springframework.security.config.annotation.web.configuration.WebMvcSecurityConfiguration$CompositeFilterChainProxy.doFilter(WebMvcSecurityConfiguration.java:230)
	at org.springframework.web.filter.DelegatingFilterProxy.invokeDelegate(DelegatingFilterProxy.java:362)
	at org.springframework.web.filter.DelegatingFilterProxy.doFilter(DelegatingFilterProxy.java:278)
	at org.apache.catalina.core.ApplicationFilterChain.internalDoFilter(ApplicationFilterChain.java:164)
	at org.apache.catalina.core.ApplicationFilterChain.doFilter(ApplicationFilterChain.java:140)
	at org.springframework.web.filter.RequestContextFilter.doFilterInternal(RequestContextFilter.java:100)
	at org.springframework.web.filter.OncePerRequestFilter.doFilter(OncePerRequestFilter.java:116)
	at org.apache.catalina.core.ApplicationFilterChain.internalDoFilter(ApplicationFilterChain.java:164)
	at org.apache.catalina.core.ApplicationFilterChain.doFilter(ApplicationFilterChain.java:140)
	at org.springframework.web.filter.OncePerRequestFilter.doFilter(OncePerRequestFilter.java:101)
	at org.apache.catalina.core.ApplicationFilterChain.internalDoFilter(ApplicationFilterChain.java:164)
	at org.apache.catalina.core.ApplicationFilterChain.doFilter(ApplicationFilterChain.java:140)
	at org.springframework.web.filter.OncePerRequestFilter.doFilter(OncePerRequestFilter.java:101)
	at org.apache.catalina.core.ApplicationFilterChain.internalDoFilter(ApplicationFilterChain.java:164)
	at org.apache.catalina.core.ApplicationFilterChain.doFilter(ApplicationFilterChain.java:140)
	at org.apache.catalina.core.ApplicationDispatcher.invoke(ApplicationDispatcher.java:632)
	at org.apache.catalina.core.ApplicationDispatcher.processRequest(ApplicationDispatcher.java:410)
	at org.apache.catalina.core.ApplicationDispatcher.doForward(ApplicationDispatcher.java:330)
	at org.apache.catalina.core.ApplicationDispatcher.forward(ApplicationDispatcher.java:267)
	at org.apache.catalina.core.StandardHostValve.custom(StandardHostValve.java:362)
	at org.apache.catalina.core.StandardHostValve.status(StandardHostValve.java:222)
	at org.apache.catalina.core.StandardHostValve.invoke(StandardHostValve.java:151)
	at org.apache.catalina.valves.ErrorReportValve.invoke(ErrorReportValve.java:93)
	at org.apache.catalina.core.StandardEngineValve.invoke(StandardEngineValve.java:74)
	at org.apache.catalina.connector.CoyoteAdapter.service(CoyoteAdapter.java:344)
	at org.apache.coyote.http11.Http11Processor.service(Http11Processor.java:397)
	at org.apache.coyote.AbstractProcessorLight.process(AbstractProcessorLight.java:63)
	at org.apache.coyote.AbstractProtocol$ConnectionHandler.process(AbstractProtocol.java:905)
	at org.apache.tomcat.util.net.NioEndpoint$SocketProcessor.doRun(NioEndpoint.java:1741)
	at org.apache.tomcat.util.net.SocketProcessorBase.run(SocketProcessorBase.java:52)
	at org.apache.tomcat.util.threads.ThreadPoolExecutor.runWorker(ThreadPoolExecutor.java:1190)
	at org.apache.tomcat.util.threads.ThreadPoolExecutor$Worker.run(ThreadPoolExecutor.java:659)
	at org.apache.tomcat.util.threads.TaskThread$WrappingRunnable.run(TaskThread.java:63)
	at java.base/java.lang.Thread.run(Thread.java:840)
25-05-20 09:37:07.624 [http-nio-8080-exec-3] DEBUG o.s.s.w.s.HttpSessionRequestCache - Saved request http://localhost:8080/error?continue to session
25-05-20 09:37:07.624 [http-nio-8080-exec-3] DEBUG o.s.s.w.a.DelegatingAuthenticationEntryPoint - Trying to match using RequestHeaderRequestMatcher [expectedHeaderName=X-Requested-With, expectedHeaderValue=XMLHttpRequest]
25-05-20 09:37:07.624 [http-nio-8080-exec-3] DEBUG o.s.s.w.a.DelegatingAuthenticationEntryPoint - No match found. Using default entry point org.springframework.security.web.authentication.www.BasicAuthenticationEntryPoint@4e649d02
25-05-20 09:37:17.632 [http-nio-8080-exec-4] TRACE o.s.security.web.FilterChainProxy - Trying to match request against DefaultSecurityFilterChain [RequestMatcher=any request, Filters=[org.springframework.security.web.session.DisableEncodeUrlFilter@426cda96, org.springframework.security.web.context.request.async.WebAsyncManagerIntegrationFilter@2619d0d8, org.springframework.security.web.context.SecurityContextHolderFilter@5aeaee3, org.springframework.security.web.header.HeaderWriterFilter@41f05f1, org.springframework.security.web.csrf.CsrfFilter@31c87223, org.springframework.security.web.authentication.www.BasicAuthenticationFilter@4dd31687, org.springframework.security.web.savedrequest.RequestCacheAwareFilter@3af1b643, org.springframework.security.web.servletapi.SecurityContextHolderAwareRequestFilter@4c475547, org.springframework.security.web.authentication.AnonymousAuthenticationFilter@6d3a1808, org.springframework.security.web.access.ExceptionTranslationFilter@3a42610, org.springframework.security.web.access.intercept.AuthorizationFilter@4be8c1bb]] (1/1)
25-05-20 09:37:17.632 [http-nio-8080-exec-4] DEBUG o.s.security.web.FilterChainProxy - Securing GET /index.html?continue
25-05-20 09:37:17.633 [http-nio-8080-exec-4] TRACE o.s.security.web.FilterChainProxy - Invoking DisableEncodeUrlFilter (1/11)
25-05-20 09:37:17.633 [http-nio-8080-exec-4] TRACE o.s.security.web.FilterChainProxy - Invoking WebAsyncManagerIntegrationFilter (2/11)
25-05-20 09:37:17.633 [http-nio-8080-exec-4] TRACE o.s.security.web.FilterChainProxy - Invoking SecurityContextHolderFilter (3/11)
25-05-20 09:37:17.633 [http-nio-8080-exec-4] TRACE o.s.security.web.FilterChainProxy - Invoking HeaderWriterFilter (4/11)
25-05-20 09:37:17.633 [http-nio-8080-exec-4] TRACE o.s.security.web.FilterChainProxy - Invoking CsrfFilter (5/11)
25-05-20 09:37:17.633 [http-nio-8080-exec-4] TRACE o.s.security.web.csrf.CsrfFilter - Did not protect against CSRF since request did not match CsrfNotRequired [TRACE, HEAD, GET, OPTIONS]
25-05-20 09:37:17.633 [http-nio-8080-exec-4] TRACE o.s.security.web.FilterChainProxy - Invoking BasicAuthenticationFilter (6/11)
25-05-20 09:37:17.633 [http-nio-8080-exec-4] TRACE o.s.s.w.a.w.BasicAuthenticationFilter - Did not process authentication request since failed to find username and password in Basic Authorization header
25-05-20 09:37:17.633 [http-nio-8080-exec-4] TRACE o.s.security.web.FilterChainProxy - Invoking RequestCacheAwareFilter (7/11)
25-05-20 09:37:17.634 [http-nio-8080-exec-4] TRACE o.s.s.w.s.HttpSessionRequestCache - Did not match request /index.html?continue to the saved one DefaultSavedRequest [http://localhost:8080/error?continue]
25-05-20 09:37:17.634 [http-nio-8080-exec-4] TRACE o.s.security.web.FilterChainProxy - Invoking SecurityContextHolderAwareRequestFilter (8/11)
25-05-20 09:37:17.634 [http-nio-8080-exec-4] TRACE o.s.security.web.FilterChainProxy - Invoking AnonymousAuthenticationFilter (9/11)
25-05-20 09:37:17.634 [http-nio-8080-exec-4] TRACE o.s.security.web.FilterChainProxy - Invoking ExceptionTranslationFilter (10/11)
25-05-20 09:37:17.634 [http-nio-8080-exec-4] TRACE o.s.security.web.FilterChainProxy - Invoking AuthorizationFilter (11/11)
25-05-20 09:37:17.634 [http-nio-8080-exec-4] TRACE o.s.s.w.a.i.RequestMatcherDelegatingAuthorizationManager - Authorizing GET /index.html?continue
25-05-20 09:37:17.634 [http-nio-8080-exec-4] TRACE o.s.s.w.a.i.RequestMatcherDelegatingAuthorizationManager - Checking authorization on GET /index.html?continue using org.springframework.security.authorization.AuthenticatedAuthorizationManager@6ac2bbeb
25-05-20 09:37:17.634 [http-nio-8080-exec-4] TRACE o.s.s.w.c.HttpSessionSecurityContextRepository - Did not find SecurityContext in HttpSession 6E28F95C74C52CAA871EA0EA79A8FDBF using the SPRING_SECURITY_CONTEXT session attribute
25-05-20 09:37:17.634 [http-nio-8080-exec-4] TRACE o.s.s.w.c.SupplierDeferredSecurityContext - Created SecurityContextImpl [Null authentication]
25-05-20 09:37:17.634 [http-nio-8080-exec-4] TRACE o.s.s.w.c.SupplierDeferredSecurityContext - Created SecurityContextImpl [Null authentication]
25-05-20 09:37:17.634 [http-nio-8080-exec-4] TRACE o.s.s.w.a.AnonymousAuthenticationFilter - Set SecurityContextHolder to AnonymousAuthenticationToken [Principal=anonymousUser, Credentials=[PROTECTED], Authenticated=true, Details=WebAuthenticationDetails [RemoteIpAddress=0:0:0:0:0:0:0:1, SessionId=6E28F95C74C52CAA871EA0EA79A8FDBF], Granted Authorities=[ROLE_ANONYMOUS]]
25-05-20 09:37:17.634 [http-nio-8080-exec-4] TRACE o.s.s.w.a.ExceptionTranslationFilter - Sending AnonymousAuthenticationToken [Principal=anonymousUser, Credentials=[PROTECTED], Authenticated=true, Details=WebAuthenticationDetails [RemoteIpAddress=0:0:0:0:0:0:0:1, SessionId=6E28F95C74C52CAA871EA0EA79A8FDBF], Granted Authorities=[ROLE_ANONYMOUS]] to authentication entry point since access is denied
org.springframework.security.access.AccessDeniedException: Access Denied
	at org.springframework.security.web.access.intercept.AuthorizationFilter.doFilter(AuthorizationFilter.java:98)
	at org.springframework.security.web.ObservationFilterChainDecorator$ObservationFilter.wrapFilter(ObservationFilterChainDecorator.java:240)
	at org.springframework.security.web.ObservationFilterChainDecorator$ObservationFilter.doFilter(ObservationFilterChainDecorator.java:227)
	at org.springframework.security.web.ObservationFilterChainDecorator$VirtualFilterChain.doFilter(ObservationFilterChainDecorator.java:137)
	at org.springframework.security.web.access.ExceptionTranslationFilter.doFilter(ExceptionTranslationFilter.java:126)
	at org.springframework.security.web.access.ExceptionTranslationFilter.doFilter(ExceptionTranslationFilter.java:120)
	at org.springframework.security.web.ObservationFilterChainDecorator$ObservationFilter.wrapFilter(ObservationFilterChainDecorator.java:240)
	at org.springframework.security.web.ObservationFilterChainDecorator$ObservationFilter.doFilter(ObservationFilterChainDecorator.java:227)
	at org.springframework.security.web.ObservationFilterChainDecorator$VirtualFilterChain.doFilter(ObservationFilterChainDecorator.java:137)
	at org.springframework.security.web.authentication.AnonymousAuthenticationFilter.doFilter(AnonymousAuthenticationFilter.java:100)
	at org.springframework.security.web.ObservationFilterChainDecorator$ObservationFilter.wrapFilter(ObservationFilterChainDecorator.java:240)
	at org.springframework.security.web.ObservationFilterChainDecorator$ObservationFilter.doFilter(ObservationFilterChainDecorator.java:227)
	at org.springframework.security.web.ObservationFilterChainDecorator$VirtualFilterChain.doFilter(ObservationFilterChainDecorator.java:137)
	at org.springframework.security.web.servletapi.SecurityContextHolderAwareRequestFilter.doFilter(SecurityContextHolderAwareRequestFilter.java:179)
	at org.springframework.security.web.ObservationFilterChainDecorator$ObservationFilter.wrapFilter(ObservationFilterChainDecorator.java:240)
	at org.springframework.security.web.ObservationFilterChainDecorator$ObservationFilter.doFilter(ObservationFilterChainDecorator.java:227)
	at org.springframework.security.web.ObservationFilterChainDecorator$VirtualFilterChain.doFilter(ObservationFilterChainDecorator.java:137)
	at org.springframework.security.web.savedrequest.RequestCacheAwareFilter.doFilter(RequestCacheAwareFilter.java:63)
	at org.springframework.security.web.ObservationFilterChainDecorator$ObservationFilter.wrapFilter(ObservationFilterChainDecorator.java:240)
	at org.springframework.security.web.ObservationFilterChainDecorator$ObservationFilter.doFilter(ObservationFilterChainDecorator.java:227)
	at org.springframework.security.web.ObservationFilterChainDecorator$VirtualFilterChain.doFilter(ObservationFilterChainDecorator.java:137)
	at org.springframework.security.web.authentication.www.BasicAuthenticationFilter.doFilterInternal(BasicAuthenticationFilter.java:181)
	at org.springframework.web.filter.OncePerRequestFilter.doFilter(OncePerRequestFilter.java:116)
	at org.springframework.security.web.ObservationFilterChainDecorator$ObservationFilter.wrapFilter(ObservationFilterChainDecorator.java:240)
	at org.springframework.security.web.ObservationFilterChainDecorator$ObservationFilter.doFilter(ObservationFilterChainDecorator.java:227)
	at org.springframework.security.web.ObservationFilterChainDecorator$VirtualFilterChain.doFilter(ObservationFilterChainDecorator.java:137)
	at org.springframework.security.web.csrf.CsrfFilter.doFilterInternal(CsrfFilter.java:117)
	at org.springframework.web.filter.OncePerRequestFilter.doFilter(OncePerRequestFilter.java:116)
	at org.springframework.security.web.ObservationFilterChainDecorator$ObservationFilter.wrapFilter(ObservationFilterChainDecorator.java:240)
	at org.springframework.security.web.ObservationFilterChainDecorator$ObservationFilter.doFilter(ObservationFilterChainDecorator.java:227)
	at org.springframework.security.web.ObservationFilterChainDecorator$VirtualFilterChain.doFilter(ObservationFilterChainDecorator.java:137)
	at org.springframework.security.web.header.HeaderWriterFilter.doHeadersAfter(HeaderWriterFilter.java:90)
	at org.springframework.security.web.header.HeaderWriterFilter.doFilterInternal(HeaderWriterFilter.java:75)
	at org.springframework.web.filter.OncePerRequestFilter.doFilter(OncePerRequestFilter.java:116)
	at org.springframework.security.web.ObservationFilterChainDecorator$ObservationFilter.wrapFilter(ObservationFilterChainDecorator.java:240)
	at org.springframework.security.web.ObservationFilterChainDecorator$ObservationFilter.doFilter(ObservationFilterChainDecorator.java:227)
	at org.springframework.security.web.ObservationFilterChainDecorator$VirtualFilterChain.doFilter(ObservationFilterChainDecorator.java:137)
	at org.springframework.security.web.context.SecurityContextHolderFilter.doFilter(SecurityContextHolderFilter.java:82)
	at org.springframework.security.web.context.SecurityContextHolderFilter.doFilter(SecurityContextHolderFilter.java:69)
	at org.springframework.security.web.ObservationFilterChainDecorator$ObservationFilter.wrapFilter(ObservationFilterChainDecorator.java:240)
	at org.springframework.security.web.ObservationFilterChainDecorator$ObservationFilter.doFilter(ObservationFilterChainDecorator.java:227)
	at org.springframework.security.web.ObservationFilterChainDecorator$VirtualFilterChain.doFilter(ObservationFilterChainDecorator.java:137)
	at org.springframework.security.web.context.request.async.WebAsyncManagerIntegrationFilter.doFilterInternal(WebAsyncManagerIntegrationFilter.java:62)
	at org.springframework.web.filter.OncePerRequestFilter.doFilter(OncePerRequestFilter.java:116)
	at org.springframework.security.web.ObservationFilterChainDecorator$ObservationFilter.wrapFilter(ObservationFilterChainDecorator.java:240)
	at org.springframework.security.web.ObservationFilterChainDecorator$ObservationFilter.doFilter(ObservationFilterChainDecorator.java:227)
	at org.springframework.security.web.ObservationFilterChainDecorator$VirtualFilterChain.doFilter(ObservationFilterChainDecorator.java:137)
	at org.springframework.security.web.session.DisableEncodeUrlFilter.doFilterInternal(DisableEncodeUrlFilter.java:42)
	at org.springframework.web.filter.OncePerRequestFilter.doFilter(OncePerRequestFilter.java:116)
	at org.springframework.security.web.ObservationFilterChainDecorator$ObservationFilter.wrapFilter(ObservationFilterChainDecorator.java:240)
	at org.springframework.security.web.ObservationFilterChainDecorator$AroundFilterObservation$SimpleAroundFilterObservation.lambda$wrap$0(ObservationFilterChainDecorator.java:323)
	at org.springframework.security.web.ObservationFilterChainDecorator$ObservationFilter.doFilter(ObservationFilterChainDecorator.java:224)
	at org.springframework.security.web.ObservationFilterChainDecorator$VirtualFilterChain.doFilter(ObservationFilterChainDecorator.java:137)
	at org.springframework.security.web.FilterChainProxy.doFilterInternal(FilterChainProxy.java:233)
	at org.springframework.security.web.FilterChainProxy.doFilter(FilterChainProxy.java:191)
	at org.springframework.web.filter.CompositeFilter$VirtualFilterChain.doFilter(CompositeFilter.java:113)
	at org.springframework.web.servlet.handler.HandlerMappingIntrospector.lambda$createCacheFilter$3(HandlerMappingIntrospector.java:195)
	at org.springframework.web.filter.CompositeFilter$VirtualFilterChain.doFilter(CompositeFilter.java:113)
	at org.springframework.web.filter.CompositeFilter.doFilter(CompositeFilter.java:74)
	at org.springframework.security.config.annotation.web.configuration.WebMvcSecurityConfiguration$CompositeFilterChainProxy.doFilter(WebMvcSecurityConfiguration.java:230)
	at org.springframework.web.filter.DelegatingFilterProxy.invokeDelegate(DelegatingFilterProxy.java:362)
	at org.springframework.web.filter.DelegatingFilterProxy.doFilter(DelegatingFilterProxy.java:278)
	at org.apache.catalina.core.ApplicationFilterChain.internalDoFilter(ApplicationFilterChain.java:164)
	at org.apache.catalina.core.ApplicationFilterChain.doFilter(ApplicationFilterChain.java:140)
	at org.springframework.web.filter.RequestContextFilter.doFilterInternal(RequestContextFilter.java:100)
	at org.springframework.web.filter.OncePerRequestFilter.doFilter(OncePerRequestFilter.java:116)
	at org.apache.catalina.core.ApplicationFilterChain.internalDoFilter(ApplicationFilterChain.java:164)
	at org.apache.catalina.core.ApplicationFilterChain.doFilter(ApplicationFilterChain.java:140)
	at org.springframework.web.filter.FormContentFilter.doFilterInternal(FormContentFilter.java:93)
	at org.springframework.web.filter.OncePerRequestFilter.doFilter(OncePerRequestFilter.java:116)
	at org.apache.catalina.core.ApplicationFilterChain.internalDoFilter(ApplicationFilterChain.java:164)
	at org.apache.catalina.core.ApplicationFilterChain.doFilter(ApplicationFilterChain.java:140)
	at org.springframework.web.filter.ServerHttpObservationFilter.doFilterInternal(ServerHttpObservationFilter.java:113)
	at org.springframework.web.filter.OncePerRequestFilter.doFilter(OncePerRequestFilter.java:116)
	at org.apache.catalina.core.ApplicationFilterChain.internalDoFilter(ApplicationFilterChain.java:164)
	at org.apache.catalina.core.ApplicationFilterChain.doFilter(ApplicationFilterChain.java:140)
	at org.springframework.web.filter.CharacterEncodingFilter.doFilterInternal(CharacterEncodingFilter.java:201)
	at org.springframework.web.filter.OncePerRequestFilter.doFilter(OncePerRequestFilter.java:116)
	at org.apache.catalina.core.ApplicationFilterChain.internalDoFilter(ApplicationFilterChain.java:164)
	at org.apache.catalina.core.ApplicationFilterChain.doFilter(ApplicationFilterChain.java:140)
	at org.apache.catalina.core.StandardWrapperValve.invoke(StandardWrapperValve.java:167)
	at org.apache.catalina.core.StandardContextValve.invoke(StandardContextValve.java:90)
	at org.apache.catalina.authenticator.AuthenticatorBase.invoke(AuthenticatorBase.java:483)
	at org.apache.catalina.core.StandardHostValve.invoke(StandardHostValve.java:115)
	at org.apache.catalina.valves.ErrorReportValve.invoke(ErrorReportValve.java:93)
	at org.apache.catalina.core.StandardEngineValve.invoke(StandardEngineValve.java:74)
	at org.apache.catalina.connector.CoyoteAdapter.service(CoyoteAdapter.java:344)
	at org.apache.coyote.http11.Http11Processor.service(Http11Processor.java:397)
	at org.apache.coyote.AbstractProcessorLight.process(AbstractProcessorLight.java:63)
	at org.apache.coyote.AbstractProtocol$ConnectionHandler.process(AbstractProtocol.java:905)
	at org.apache.tomcat.util.net.NioEndpoint$SocketProcessor.doRun(NioEndpoint.java:1741)
	at org.apache.tomcat.util.net.SocketProcessorBase.run(SocketProcessorBase.java:52)
	at org.apache.tomcat.util.threads.ThreadPoolExecutor.runWorker(ThreadPoolExecutor.java:1190)
	at org.apache.tomcat.util.threads.ThreadPoolExecutor$Worker.run(ThreadPoolExecutor.java:659)
	at org.apache.tomcat.util.threads.TaskThread$WrappingRunnable.run(TaskThread.java:63)
	at java.base/java.lang.Thread.run(Thread.java:840)
25-05-20 09:37:17.635 [http-nio-8080-exec-4] DEBUG o.s.s.w.s.HttpSessionRequestCache - Saved request http://localhost:8080/index.html?continue to session
25-05-20 09:37:17.635 [http-nio-8080-exec-4] DEBUG o.s.s.w.a.DelegatingAuthenticationEntryPoint - Trying to match using RequestHeaderRequestMatcher [expectedHeaderName=X-Requested-With, expectedHeaderValue=XMLHttpRequest]
25-05-20 09:37:17.635 [http-nio-8080-exec-4] DEBUG o.s.s.w.a.DelegatingAuthenticationEntryPoint - No match found. Using default entry point org.springframework.security.web.authentication.www.BasicAuthenticationEntryPoint@4e649d02
25-05-20 09:37:17.636 [http-nio-8080-exec-4] TRACE o.s.s.w.h.writers.HstsHeaderWriter - Not injecting HSTS header since it did not match request to [Is Secure]
25-05-20 09:37:17.638 [http-nio-8080-exec-4] TRACE o.s.security.web.FilterChainProxy - Trying to match request against DefaultSecurityFilterChain [RequestMatcher=any request, Filters=[org.springframework.security.web.session.DisableEncodeUrlFilter@426cda96, org.springframework.security.web.context.request.async.WebAsyncManagerIntegrationFilter@2619d0d8, org.springframework.security.web.context.SecurityContextHolderFilter@5aeaee3, org.springframework.security.web.header.HeaderWriterFilter@41f05f1, org.springframework.security.web.csrf.CsrfFilter@31c87223, org.springframework.security.web.authentication.www.BasicAuthenticationFilter@4dd31687, org.springframework.security.web.savedrequest.RequestCacheAwareFilter@3af1b643, org.springframework.security.web.servletapi.SecurityContextHolderAwareRequestFilter@4c475547, org.springframework.security.web.authentication.AnonymousAuthenticationFilter@6d3a1808, org.springframework.security.web.access.ExceptionTranslationFilter@3a42610, org.springframework.security.web.access.intercept.AuthorizationFilter@4be8c1bb]] (1/1)
25-05-20 09:37:17.638 [http-nio-8080-exec-4] DEBUG o.s.security.web.FilterChainProxy - Securing GET /error?continue
25-05-20 09:37:17.638 [http-nio-8080-exec-4] TRACE o.s.security.web.FilterChainProxy - Invoking DisableEncodeUrlFilter (1/11)
25-05-20 09:37:17.638 [http-nio-8080-exec-4] TRACE o.s.security.web.FilterChainProxy - Invoking WebAsyncManagerIntegrationFilter (2/11)
25-05-20 09:37:17.638 [http-nio-8080-exec-4] TRACE o.s.security.web.FilterChainProxy - Invoking SecurityContextHolderFilter (3/11)
25-05-20 09:37:17.638 [http-nio-8080-exec-4] TRACE o.s.security.web.FilterChainProxy - Invoking HeaderWriterFilter (4/11)
25-05-20 09:37:17.638 [http-nio-8080-exec-4] TRACE o.s.security.web.FilterChainProxy - Invoking CsrfFilter (5/11)
25-05-20 09:37:17.638 [http-nio-8080-exec-4] TRACE o.s.security.web.FilterChainProxy - Invoking BasicAuthenticationFilter (6/11)
25-05-20 09:37:17.638 [http-nio-8080-exec-4] TRACE o.s.security.web.FilterChainProxy - Invoking RequestCacheAwareFilter (7/11)
25-05-20 09:37:17.639 [http-nio-8080-exec-4] TRACE o.s.s.w.s.HttpSessionRequestCache - Did not match request /error?continue to the saved one DefaultSavedRequest [http://localhost:8080/index.html?continue]
25-05-20 09:37:17.639 [http-nio-8080-exec-4] TRACE o.s.security.web.FilterChainProxy - Invoking SecurityContextHolderAwareRequestFilter (8/11)
25-05-20 09:37:17.639 [http-nio-8080-exec-4] TRACE o.s.security.web.FilterChainProxy - Invoking AnonymousAuthenticationFilter (9/11)
25-05-20 09:37:17.639 [http-nio-8080-exec-4] TRACE o.s.security.web.FilterChainProxy - Invoking ExceptionTranslationFilter (10/11)
25-05-20 09:37:17.639 [http-nio-8080-exec-4] TRACE o.s.security.web.FilterChainProxy - Invoking AuthorizationFilter (11/11)
25-05-20 09:37:17.639 [http-nio-8080-exec-4] TRACE o.s.s.w.a.i.RequestMatcherDelegatingAuthorizationManager - Authorizing GET /error?continue
25-05-20 09:37:17.640 [http-nio-8080-exec-4] TRACE o.s.s.w.a.i.RequestMatcherDelegatingAuthorizationManager - Checking authorization on GET /error?continue using org.springframework.security.authorization.AuthenticatedAuthorizationManager@6ac2bbeb
25-05-20 09:37:17.640 [http-nio-8080-exec-4] TRACE o.s.s.w.c.HttpSessionSecurityContextRepository - Did not find SecurityContext in HttpSession 6E28F95C74C52CAA871EA0EA79A8FDBF using the SPRING_SECURITY_CONTEXT session attribute
25-05-20 09:37:17.640 [http-nio-8080-exec-4] TRACE o.s.s.w.c.SupplierDeferredSecurityContext - Created SecurityContextImpl [Null authentication]
25-05-20 09:37:17.640 [http-nio-8080-exec-4] TRACE o.s.s.w.c.SupplierDeferredSecurityContext - Created SecurityContextImpl [Null authentication]
25-05-20 09:37:17.640 [http-nio-8080-exec-4] TRACE o.s.s.w.a.AnonymousAuthenticationFilter - Set SecurityContextHolder to AnonymousAuthenticationToken [Principal=anonymousUser, Credentials=[PROTECTED], Authenticated=true, Details=WebAuthenticationDetails [RemoteIpAddress=0:0:0:0:0:0:0:1, SessionId=6E28F95C74C52CAA871EA0EA79A8FDBF], Granted Authorities=[ROLE_ANONYMOUS]]
25-05-20 09:37:17.640 [http-nio-8080-exec-4] TRACE o.s.s.w.a.ExceptionTranslationFilter - Sending AnonymousAuthenticationToken [Principal=anonymousUser, Credentials=[PROTECTED], Authenticated=true, Details=WebAuthenticationDetails [RemoteIpAddress=0:0:0:0:0:0:0:1, SessionId=6E28F95C74C52CAA871EA0EA79A8FDBF], Granted Authorities=[ROLE_ANONYMOUS]] to authentication entry point since access is denied
org.springframework.security.access.AccessDeniedException: Access Denied
	at org.springframework.security.web.access.intercept.AuthorizationFilter.doFilter(AuthorizationFilter.java:98)
	at org.springframework.security.web.ObservationFilterChainDecorator$ObservationFilter.wrapFilter(ObservationFilterChainDecorator.java:240)
	at org.springframework.security.web.ObservationFilterChainDecorator$ObservationFilter.doFilter(ObservationFilterChainDecorator.java:227)
	at org.springframework.security.web.ObservationFilterChainDecorator$VirtualFilterChain.doFilter(ObservationFilterChainDecorator.java:137)
	at org.springframework.security.web.access.ExceptionTranslationFilter.doFilter(ExceptionTranslationFilter.java:126)
	at org.springframework.security.web.access.ExceptionTranslationFilter.doFilter(ExceptionTranslationFilter.java:120)
	at org.springframework.security.web.ObservationFilterChainDecorator$ObservationFilter.wrapFilter(ObservationFilterChainDecorator.java:240)
	at org.springframework.security.web.ObservationFilterChainDecorator$ObservationFilter.doFilter(ObservationFilterChainDecorator.java:227)
	at org.springframework.security.web.ObservationFilterChainDecorator$VirtualFilterChain.doFilter(ObservationFilterChainDecorator.java:137)
	at org.springframework.security.web.authentication.AnonymousAuthenticationFilter.doFilter(AnonymousAuthenticationFilter.java:100)
	at org.springframework.security.web.ObservationFilterChainDecorator$ObservationFilter.wrapFilter(ObservationFilterChainDecorator.java:240)
	at org.springframework.security.web.ObservationFilterChainDecorator$ObservationFilter.doFilter(ObservationFilterChainDecorator.java:227)
	at org.springframework.security.web.ObservationFilterChainDecorator$VirtualFilterChain.doFilter(ObservationFilterChainDecorator.java:137)
	at org.springframework.security.web.servletapi.SecurityContextHolderAwareRequestFilter.doFilter(SecurityContextHolderAwareRequestFilter.java:179)
	at org.springframework.security.web.ObservationFilterChainDecorator$ObservationFilter.wrapFilter(ObservationFilterChainDecorator.java:240)
	at org.springframework.security.web.ObservationFilterChainDecorator$ObservationFilter.doFilter(ObservationFilterChainDecorator.java:227)
	at org.springframework.security.web.ObservationFilterChainDecorator$VirtualFilterChain.doFilter(ObservationFilterChainDecorator.java:137)
	at org.springframework.security.web.savedrequest.RequestCacheAwareFilter.doFilter(RequestCacheAwareFilter.java:63)
	at org.springframework.security.web.ObservationFilterChainDecorator$ObservationFilter.wrapFilter(ObservationFilterChainDecorator.java:240)
	at org.springframework.security.web.ObservationFilterChainDecorator$ObservationFilter.doFilter(ObservationFilterChainDecorator.java:227)
	at org.springframework.security.web.ObservationFilterChainDecorator$VirtualFilterChain.doFilter(ObservationFilterChainDecorator.java:137)
	at org.springframework.web.filter.OncePerRequestFilter.doFilter(OncePerRequestFilter.java:101)
	at org.springframework.security.web.ObservationFilterChainDecorator$ObservationFilter.wrapFilter(ObservationFilterChainDecorator.java:240)
	at org.springframework.security.web.ObservationFilterChainDecorator$ObservationFilter.doFilter(ObservationFilterChainDecorator.java:227)
	at org.springframework.security.web.ObservationFilterChainDecorator$VirtualFilterChain.doFilter(ObservationFilterChainDecorator.java:137)
	at org.springframework.web.filter.OncePerRequestFilter.doFilter(OncePerRequestFilter.java:101)
	at org.springframework.security.web.ObservationFilterChainDecorator$ObservationFilter.wrapFilter(ObservationFilterChainDecorator.java:240)
	at org.springframework.security.web.ObservationFilterChainDecorator$ObservationFilter.doFilter(ObservationFilterChainDecorator.java:227)
	at org.springframework.security.web.ObservationFilterChainDecorator$VirtualFilterChain.doFilter(ObservationFilterChainDecorator.java:137)
	at org.springframework.web.filter.OncePerRequestFilter.doFilter(OncePerRequestFilter.java:101)
	at org.springframework.security.web.ObservationFilterChainDecorator$ObservationFilter.wrapFilter(ObservationFilterChainDecorator.java:240)
	at org.springframework.security.web.ObservationFilterChainDecorator$ObservationFilter.doFilter(ObservationFilterChainDecorator.java:227)
	at org.springframework.security.web.ObservationFilterChainDecorator$VirtualFilterChain.doFilter(ObservationFilterChainDecorator.java:137)
	at org.springframework.security.web.context.SecurityContextHolderFilter.doFilter(SecurityContextHolderFilter.java:82)
	at org.springframework.security.web.context.SecurityContextHolderFilter.doFilter(SecurityContextHolderFilter.java:69)
	at org.springframework.security.web.ObservationFilterChainDecorator$ObservationFilter.wrapFilter(ObservationFilterChainDecorator.java:240)
	at org.springframework.security.web.ObservationFilterChainDecorator$ObservationFilter.doFilter(ObservationFilterChainDecorator.java:227)
	at org.springframework.security.web.ObservationFilterChainDecorator$VirtualFilterChain.doFilter(ObservationFilterChainDecorator.java:137)
	at org.springframework.web.filter.OncePerRequestFilter.doFilter(OncePerRequestFilter.java:101)
	at org.springframework.security.web.ObservationFilterChainDecorator$ObservationFilter.wrapFilter(ObservationFilterChainDecorator.java:240)
	at org.springframework.security.web.ObservationFilterChainDecorator$ObservationFilter.doFilter(ObservationFilterChainDecorator.java:227)
	at org.springframework.security.web.ObservationFilterChainDecorator$VirtualFilterChain.doFilter(ObservationFilterChainDecorator.java:137)
	at org.springframework.web.filter.OncePerRequestFilter.doFilter(OncePerRequestFilter.java:101)
	at org.springframework.security.web.ObservationFilterChainDecorator$ObservationFilter.wrapFilter(ObservationFilterChainDecorator.java:240)
	at org.springframework.security.web.ObservationFilterChainDecorator$AroundFilterObservation$SimpleAroundFilterObservation.lambda$wrap$0(ObservationFilterChainDecorator.java:323)
	at org.springframework.security.web.ObservationFilterChainDecorator$ObservationFilter.doFilter(ObservationFilterChainDecorator.java:224)
	at org.springframework.security.web.ObservationFilterChainDecorator$VirtualFilterChain.doFilter(ObservationFilterChainDecorator.java:137)
	at org.springframework.security.web.FilterChainProxy.doFilterInternal(FilterChainProxy.java:233)
	at org.springframework.security.web.FilterChainProxy.doFilter(FilterChainProxy.java:191)
	at org.springframework.web.filter.CompositeFilter$VirtualFilterChain.doFilter(CompositeFilter.java:113)
	at org.springframework.web.servlet.handler.HandlerMappingIntrospector.lambda$createCacheFilter$3(HandlerMappingIntrospector.java:195)
	at org.springframework.web.filter.CompositeFilter$VirtualFilterChain.doFilter(CompositeFilter.java:113)
	at org.springframework.web.filter.CompositeFilter.doFilter(CompositeFilter.java:74)
	at org.springframework.security.config.annotation.web.configuration.WebMvcSecurityConfiguration$CompositeFilterChainProxy.doFilter(WebMvcSecurityConfiguration.java:230)
	at org.springframework.web.filter.DelegatingFilterProxy.invokeDelegate(DelegatingFilterProxy.java:362)
	at org.springframework.web.filter.DelegatingFilterProxy.doFilter(DelegatingFilterProxy.java:278)
	at org.apache.catalina.core.ApplicationFilterChain.internalDoFilter(ApplicationFilterChain.java:164)
	at org.apache.catalina.core.ApplicationFilterChain.doFilter(ApplicationFilterChain.java:140)
	at org.springframework.web.filter.RequestContextFilter.doFilterInternal(RequestContextFilter.java:100)
	at org.springframework.web.filter.OncePerRequestFilter.doFilter(OncePerRequestFilter.java:116)
	at org.apache.catalina.core.ApplicationFilterChain.internalDoFilter(ApplicationFilterChain.java:164)
	at org.apache.catalina.core.ApplicationFilterChain.doFilter(ApplicationFilterChain.java:140)
	at org.springframework.web.filter.OncePerRequestFilter.doFilter(OncePerRequestFilter.java:101)
	at org.apache.catalina.core.ApplicationFilterChain.internalDoFilter(ApplicationFilterChain.java:164)
	at org.apache.catalina.core.ApplicationFilterChain.doFilter(ApplicationFilterChain.java:140)
	at org.springframework.web.filter.OncePerRequestFilter.doFilter(OncePerRequestFilter.java:101)
	at org.apache.catalina.core.ApplicationFilterChain.internalDoFilter(ApplicationFilterChain.java:164)
	at org.apache.catalina.core.ApplicationFilterChain.doFilter(ApplicationFilterChain.java:140)
	at org.apache.catalina.core.ApplicationDispatcher.invoke(ApplicationDispatcher.java:632)
	at org.apache.catalina.core.ApplicationDispatcher.processRequest(ApplicationDispatcher.java:410)
	at org.apache.catalina.core.ApplicationDispatcher.doForward(ApplicationDispatcher.java:330)
	at org.apache.catalina.core.ApplicationDispatcher.forward(ApplicationDispatcher.java:267)
	at org.apache.catalina.core.StandardHostValve.custom(StandardHostValve.java:362)
	at org.apache.catalina.core.StandardHostValve.status(StandardHostValve.java:222)
	at org.apache.catalina.core.StandardHostValve.invoke(StandardHostValve.java:151)
	at org.apache.catalina.valves.ErrorReportValve.invoke(ErrorReportValve.java:93)
	at org.apache.catalina.core.StandardEngineValve.invoke(StandardEngineValve.java:74)
	at org.apache.catalina.connector.CoyoteAdapter.service(CoyoteAdapter.java:344)
	at org.apache.coyote.http11.Http11Processor.service(Http11Processor.java:397)
	at org.apache.coyote.AbstractProcessorLight.process(AbstractProcessorLight.java:63)
	at org.apache.coyote.AbstractProtocol$ConnectionHandler.process(AbstractProtocol.java:905)
	at org.apache.tomcat.util.net.NioEndpoint$SocketProcessor.doRun(NioEndpoint.java:1741)
	at org.apache.tomcat.util.net.SocketProcessorBase.run(SocketProcessorBase.java:52)
	at org.apache.tomcat.util.threads.ThreadPoolExecutor.runWorker(ThreadPoolExecutor.java:1190)
	at org.apache.tomcat.util.threads.ThreadPoolExecutor$Worker.run(ThreadPoolExecutor.java:659)
	at org.apache.tomcat.util.threads.TaskThread$WrappingRunnable.run(TaskThread.java:63)
	at java.base/java.lang.Thread.run(Thread.java:840)
25-05-20 09:37:17.641 [http-nio-8080-exec-4] DEBUG o.s.s.w.s.HttpSessionRequestCache - Saved request http://localhost:8080/error?continue to session
25-05-20 09:37:17.641 [http-nio-8080-exec-4] DEBUG o.s.s.w.a.DelegatingAuthenticationEntryPoint - Trying to match using RequestHeaderRequestMatcher [expectedHeaderName=X-Requested-With, expectedHeaderValue=XMLHttpRequest]
25-05-20 09:37:17.641 [http-nio-8080-exec-4] DEBUG o.s.s.w.a.DelegatingAuthenticationEntryPoint - No match found. Using default entry point org.springframework.security.web.authentication.www.BasicAuthenticationEntryPoint@4e649d02
25-05-20 09:42:03.013 [http-nio-8080-exec-7] TRACE o.s.security.web.FilterChainProxy - Trying to match request against DefaultSecurityFilterChain [RequestMatcher=any request, Filters=[org.springframework.security.web.session.DisableEncodeUrlFilter@426cda96, org.springframework.security.web.context.request.async.WebAsyncManagerIntegrationFilter@2619d0d8, org.springframework.security.web.context.SecurityContextHolderFilter@5aeaee3, org.springframework.security.web.header.HeaderWriterFilter@41f05f1, org.springframework.security.web.csrf.CsrfFilter@31c87223, org.springframework.security.web.authentication.www.BasicAuthenticationFilter@4dd31687, org.springframework.security.web.savedrequest.RequestCacheAwareFilter@3af1b643, org.springframework.security.web.servletapi.SecurityContextHolderAwareRequestFilter@4c475547, org.springframework.security.web.authentication.AnonymousAuthenticationFilter@6d3a1808, org.springframework.security.web.access.ExceptionTranslationFilter@3a42610, org.springframework.security.web.access.intercept.AuthorizationFilter@4be8c1bb]] (1/1)
25-05-20 09:42:03.014 [http-nio-8080-exec-7] DEBUG o.s.security.web.FilterChainProxy - Securing GET /index.html?continue
25-05-20 09:42:03.014 [http-nio-8080-exec-7] TRACE o.s.security.web.FilterChainProxy - Invoking DisableEncodeUrlFilter (1/11)
25-05-20 09:42:03.014 [http-nio-8080-exec-7] TRACE o.s.security.web.FilterChainProxy - Invoking WebAsyncManagerIntegrationFilter (2/11)
25-05-20 09:42:03.014 [http-nio-8080-exec-7] TRACE o.s.security.web.FilterChainProxy - Invoking SecurityContextHolderFilter (3/11)
25-05-20 09:42:03.014 [http-nio-8080-exec-7] TRACE o.s.security.web.FilterChainProxy - Invoking HeaderWriterFilter (4/11)
25-05-20 09:42:03.016 [http-nio-8080-exec-7] TRACE o.s.security.web.FilterChainProxy - Invoking CsrfFilter (5/11)
25-05-20 09:42:03.016 [http-nio-8080-exec-7] TRACE o.s.security.web.csrf.CsrfFilter - Did not protect against CSRF since request did not match CsrfNotRequired [TRACE, HEAD, GET, OPTIONS]
25-05-20 09:42:03.016 [http-nio-8080-exec-7] TRACE o.s.security.web.FilterChainProxy - Invoking BasicAuthenticationFilter (6/11)
25-05-20 09:42:03.020 [http-nio-8080-exec-7] TRACE o.s.s.w.a.w.BasicAuthenticationFilter - Found username 'User1' in Basic Authorization header
25-05-20 09:42:03.020 [http-nio-8080-exec-7] TRACE o.s.s.w.c.HttpSessionSecurityContextRepository - Did not find SecurityContext in HttpSession 6E28F95C74C52CAA871EA0EA79A8FDBF using the SPRING_SECURITY_CONTEXT session attribute
25-05-20 09:42:03.020 [http-nio-8080-exec-7] TRACE o.s.s.w.c.SupplierDeferredSecurityContext - Created SecurityContextImpl [Null authentication]
25-05-20 09:42:03.020 [http-nio-8080-exec-7] TRACE o.s.s.w.c.SupplierDeferredSecurityContext - Created SecurityContextImpl [Null authentication]
25-05-20 09:42:03.022 [http-nio-8080-exec-7] TRACE o.s.s.authentication.ProviderManager - Authenticating request with DaoAuthenticationProvider (1/1)
25-05-20 09:42:03.231 [http-nio-8080-exec-7] DEBUG o.s.s.a.d.DaoAuthenticationProvider - Failed to find user 'User1'
25-05-20 09:42:03.232 [http-nio-8080-exec-7] DEBUG o.s.s.w.a.w.BasicAuthenticationFilter - Failed to process authentication request
org.springframework.security.authentication.BadCredentialsException: 자격 증명에 실패하였습니다.
	at org.springframework.security.authentication.dao.AbstractUserDetailsAuthenticationProvider.authenticate(AbstractUserDetailsAuthenticationProvider.java:141)
	at org.springframework.security.authentication.ProviderManager.authenticate(ProviderManager.java:182)
	at org.springframework.security.authentication.ProviderManager.authenticate(ProviderManager.java:201)
	at org.springframework.security.authentication.ObservationAuthenticationManager.lambda$authenticate$1(ObservationAuthenticationManager.java:54)
	at io.micrometer.observation.Observation.observe(Observation.java:565)
	at org.springframework.security.authentication.ObservationAuthenticationManager.authenticate(ObservationAuthenticationManager.java:53)
	at org.springframework.security.web.authentication.www.BasicAuthenticationFilter.doFilterInternal(BasicAuthenticationFilter.java:187)
	at org.springframework.web.filter.OncePerRequestFilter.doFilter(OncePerRequestFilter.java:116)
	at org.springframework.security.web.ObservationFilterChainDecorator$ObservationFilter.wrapFilter(ObservationFilterChainDecorator.java:240)
	at org.springframework.security.web.ObservationFilterChainDecorator$ObservationFilter.doFilter(ObservationFilterChainDecorator.java:227)
	at org.springframework.security.web.ObservationFilterChainDecorator$VirtualFilterChain.doFilter(ObservationFilterChainDecorator.java:137)
	at org.springframework.security.web.csrf.CsrfFilter.doFilterInternal(CsrfFilter.java:117)
	at org.springframework.web.filter.OncePerRequestFilter.doFilter(OncePerRequestFilter.java:116)
	at org.springframework.security.web.ObservationFilterChainDecorator$ObservationFilter.wrapFilter(ObservationFilterChainDecorator.java:240)
	at org.springframework.security.web.ObservationFilterChainDecorator$ObservationFilter.doFilter(ObservationFilterChainDecorator.java:227)
	at org.springframework.security.web.ObservationFilterChainDecorator$VirtualFilterChain.doFilter(ObservationFilterChainDecorator.java:137)
	at org.springframework.security.web.header.HeaderWriterFilter.doHeadersAfter(HeaderWriterFilter.java:90)
	at org.springframework.security.web.header.HeaderWriterFilter.doFilterInternal(HeaderWriterFilter.java:75)
	at org.springframework.web.filter.OncePerRequestFilter.doFilter(OncePerRequestFilter.java:116)
	at org.springframework.security.web.ObservationFilterChainDecorator$ObservationFilter.wrapFilter(ObservationFilterChainDecorator.java:240)
	at org.springframework.security.web.ObservationFilterChainDecorator$ObservationFilter.doFilter(ObservationFilterChainDecorator.java:227)
	at org.springframework.security.web.ObservationFilterChainDecorator$VirtualFilterChain.doFilter(ObservationFilterChainDecorator.java:137)
	at org.springframework.security.web.context.SecurityContextHolderFilter.doFilter(SecurityContextHolderFilter.java:82)
	at org.springframework.security.web.context.SecurityContextHolderFilter.doFilter(SecurityContextHolderFilter.java:69)
	at org.springframework.security.web.ObservationFilterChainDecorator$ObservationFilter.wrapFilter(ObservationFilterChainDecorator.java:240)
	at org.springframework.security.web.ObservationFilterChainDecorator$ObservationFilter.doFilter(ObservationFilterChainDecorator.java:227)
	at org.springframework.security.web.ObservationFilterChainDecorator$VirtualFilterChain.doFilter(ObservationFilterChainDecorator.java:137)
	at org.springframework.security.web.context.request.async.WebAsyncManagerIntegrationFilter.doFilterInternal(WebAsyncManagerIntegrationFilter.java:62)
	at org.springframework.web.filter.OncePerRequestFilter.doFilter(OncePerRequestFilter.java:116)
	at org.springframework.security.web.ObservationFilterChainDecorator$ObservationFilter.wrapFilter(ObservationFilterChainDecorator.java:240)
	at org.springframework.security.web.ObservationFilterChainDecorator$ObservationFilter.doFilter(ObservationFilterChainDecorator.java:227)
	at org.springframework.security.web.ObservationFilterChainDecorator$VirtualFilterChain.doFilter(ObservationFilterChainDecorator.java:137)
	at org.springframework.security.web.session.DisableEncodeUrlFilter.doFilterInternal(DisableEncodeUrlFilter.java:42)
	at org.springframework.web.filter.OncePerRequestFilter.doFilter(OncePerRequestFilter.java:116)
	at org.springframework.security.web.ObservationFilterChainDecorator$ObservationFilter.wrapFilter(ObservationFilterChainDecorator.java:240)
	at org.springframework.security.web.ObservationFilterChainDecorator$AroundFilterObservation$SimpleAroundFilterObservation.lambda$wrap$0(ObservationFilterChainDecorator.java:323)
	at org.springframework.security.web.ObservationFilterChainDecorator$ObservationFilter.doFilter(ObservationFilterChainDecorator.java:224)
	at org.springframework.security.web.ObservationFilterChainDecorator$VirtualFilterChain.doFilter(ObservationFilterChainDecorator.java:137)
	at org.springframework.security.web.FilterChainProxy.doFilterInternal(FilterChainProxy.java:233)
	at org.springframework.security.web.FilterChainProxy.doFilter(FilterChainProxy.java:191)
	at org.springframework.web.filter.CompositeFilter$VirtualFilterChain.doFilter(CompositeFilter.java:113)
	at org.springframework.web.servlet.handler.HandlerMappingIntrospector.lambda$createCacheFilter$3(HandlerMappingIntrospector.java:195)
	at org.springframework.web.filter.CompositeFilter$VirtualFilterChain.doFilter(CompositeFilter.java:113)
	at org.springframework.web.filter.CompositeFilter.doFilter(CompositeFilter.java:74)
	at org.springframework.security.config.annotation.web.configuration.WebMvcSecurityConfiguration$CompositeFilterChainProxy.doFilter(WebMvcSecurityConfiguration.java:230)
	at org.springframework.web.filter.DelegatingFilterProxy.invokeDelegate(DelegatingFilterProxy.java:362)
	at org.springframework.web.filter.DelegatingFilterProxy.doFilter(DelegatingFilterProxy.java:278)
	at org.apache.catalina.core.ApplicationFilterChain.internalDoFilter(ApplicationFilterChain.java:164)
	at org.apache.catalina.core.ApplicationFilterChain.doFilter(ApplicationFilterChain.java:140)
	at org.springframework.web.filter.RequestContextFilter.doFilterInternal(RequestContextFilter.java:100)
	at org.springframework.web.filter.OncePerRequestFilter.doFilter(OncePerRequestFilter.java:116)
	at org.apache.catalina.core.ApplicationFilterChain.internalDoFilter(ApplicationFilterChain.java:164)
	at org.apache.catalina.core.ApplicationFilterChain.doFilter(ApplicationFilterChain.java:140)
	at org.springframework.web.filter.FormContentFilter.doFilterInternal(FormContentFilter.java:93)
	at org.springframework.web.filter.OncePerRequestFilter.doFilter(OncePerRequestFilter.java:116)
	at org.apache.catalina.core.ApplicationFilterChain.internalDoFilter(ApplicationFilterChain.java:164)
	at org.apache.catalina.core.ApplicationFilterChain.doFilter(ApplicationFilterChain.java:140)
	at org.springframework.web.filter.ServerHttpObservationFilter.doFilterInternal(ServerHttpObservationFilter.java:113)
	at org.springframework.web.filter.OncePerRequestFilter.doFilter(OncePerRequestFilter.java:116)
	at org.apache.catalina.core.ApplicationFilterChain.internalDoFilter(ApplicationFilterChain.java:164)
	at org.apache.catalina.core.ApplicationFilterChain.doFilter(ApplicationFilterChain.java:140)
	at org.springframework.web.filter.CharacterEncodingFilter.doFilterInternal(CharacterEncodingFilter.java:201)
	at org.springframework.web.filter.OncePerRequestFilter.doFilter(OncePerRequestFilter.java:116)
	at org.apache.catalina.core.ApplicationFilterChain.internalDoFilter(ApplicationFilterChain.java:164)
	at org.apache.catalina.core.ApplicationFilterChain.doFilter(ApplicationFilterChain.java:140)
	at org.apache.catalina.core.StandardWrapperValve.invoke(StandardWrapperValve.java:167)
	at org.apache.catalina.core.StandardContextValve.invoke(StandardContextValve.java:90)
	at org.apache.catalina.authenticator.AuthenticatorBase.invoke(AuthenticatorBase.java:483)
	at org.apache.catalina.core.StandardHostValve.invoke(StandardHostValve.java:115)
	at org.apache.catalina.valves.ErrorReportValve.invoke(ErrorReportValve.java:93)
	at org.apache.catalina.core.StandardEngineValve.invoke(StandardEngineValve.java:74)
	at org.apache.catalina.connector.CoyoteAdapter.service(CoyoteAdapter.java:344)
	at org.apache.coyote.http11.Http11Processor.service(Http11Processor.java:397)
	at org.apache.coyote.AbstractProcessorLight.process(AbstractProcessorLight.java:63)
	at org.apache.coyote.AbstractProtocol$ConnectionHandler.process(AbstractProtocol.java:905)
	at org.apache.tomcat.util.net.NioEndpoint$SocketProcessor.doRun(NioEndpoint.java:1741)
	at org.apache.tomcat.util.net.SocketProcessorBase.run(SocketProcessorBase.java:52)
	at org.apache.tomcat.util.threads.ThreadPoolExecutor.runWorker(ThreadPoolExecutor.java:1190)
	at org.apache.tomcat.util.threads.ThreadPoolExecutor$Worker.run(ThreadPoolExecutor.java:659)
	at org.apache.tomcat.util.threads.TaskThread$WrappingRunnable.run(TaskThread.java:63)
	at java.base/java.lang.Thread.run(Thread.java:840)
25-05-20 09:42:03.235 [http-nio-8080-exec-7] DEBUG o.s.s.w.a.DelegatingAuthenticationEntryPoint - Trying to match using RequestHeaderRequestMatcher [expectedHeaderName=X-Requested-With, expectedHeaderValue=XMLHttpRequest]
25-05-20 09:42:03.235 [http-nio-8080-exec-7] DEBUG o.s.s.w.a.DelegatingAuthenticationEntryPoint - No match found. Using default entry point org.springframework.security.web.authentication.www.BasicAuthenticationEntryPoint@4e649d02
25-05-20 09:42:03.235 [http-nio-8080-exec-7] TRACE o.s.s.w.h.writers.HstsHeaderWriter - Not injecting HSTS header since it did not match request to [Is Secure]
25-05-20 09:42:03.237 [http-nio-8080-exec-7] TRACE o.s.security.web.FilterChainProxy - Trying to match request against DefaultSecurityFilterChain [RequestMatcher=any request, Filters=[org.springframework.security.web.session.DisableEncodeUrlFilter@426cda96, org.springframework.security.web.context.request.async.WebAsyncManagerIntegrationFilter@2619d0d8, org.springframework.security.web.context.SecurityContextHolderFilter@5aeaee3, org.springframework.security.web.header.HeaderWriterFilter@41f05f1, org.springframework.security.web.csrf.CsrfFilter@31c87223, org.springframework.security.web.authentication.www.BasicAuthenticationFilter@4dd31687, org.springframework.security.web.savedrequest.RequestCacheAwareFilter@3af1b643, org.springframework.security.web.servletapi.SecurityContextHolderAwareRequestFilter@4c475547, org.springframework.security.web.authentication.AnonymousAuthenticationFilter@6d3a1808, org.springframework.security.web.access.ExceptionTranslationFilter@3a42610, org.springframework.security.web.access.intercept.AuthorizationFilter@4be8c1bb]] (1/1)
25-05-20 09:42:03.237 [http-nio-8080-exec-7] DEBUG o.s.security.web.FilterChainProxy - Securing GET /error?continue
25-05-20 09:42:03.237 [http-nio-8080-exec-7] TRACE o.s.security.web.FilterChainProxy - Invoking DisableEncodeUrlFilter (1/11)
25-05-20 09:42:03.237 [http-nio-8080-exec-7] TRACE o.s.security.web.FilterChainProxy - Invoking WebAsyncManagerIntegrationFilter (2/11)
25-05-20 09:42:03.237 [http-nio-8080-exec-7] TRACE o.s.security.web.FilterChainProxy - Invoking SecurityContextHolderFilter (3/11)
25-05-20 09:42:03.237 [http-nio-8080-exec-7] TRACE o.s.security.web.FilterChainProxy - Invoking HeaderWriterFilter (4/11)
25-05-20 09:42:03.237 [http-nio-8080-exec-7] TRACE o.s.security.web.FilterChainProxy - Invoking CsrfFilter (5/11)
25-05-20 09:42:03.237 [http-nio-8080-exec-7] TRACE o.s.security.web.FilterChainProxy - Invoking BasicAuthenticationFilter (6/11)
25-05-20 09:42:03.237 [http-nio-8080-exec-7] TRACE o.s.security.web.FilterChainProxy - Invoking RequestCacheAwareFilter (7/11)
25-05-20 09:42:03.237 [http-nio-8080-exec-7] TRACE o.s.s.w.s.HttpSessionRequestCache - Removing DefaultSavedRequest from session if present
25-05-20 09:42:03.237 [http-nio-8080-exec-7] DEBUG o.s.s.w.s.HttpSessionRequestCache - Loaded matching saved request http://localhost:8080/error?continue
25-05-20 09:42:03.239 [http-nio-8080-exec-7] TRACE o.s.security.web.FilterChainProxy - Invoking SecurityContextHolderAwareRequestFilter (8/11)
25-05-20 09:42:03.240 [http-nio-8080-exec-7] TRACE o.s.security.web.FilterChainProxy - Invoking AnonymousAuthenticationFilter (9/11)
25-05-20 09:42:03.240 [http-nio-8080-exec-7] TRACE o.s.security.web.FilterChainProxy - Invoking ExceptionTranslationFilter (10/11)
25-05-20 09:42:03.240 [http-nio-8080-exec-7] TRACE o.s.security.web.FilterChainProxy - Invoking AuthorizationFilter (11/11)
25-05-20 09:42:03.240 [http-nio-8080-exec-7] TRACE o.s.s.w.a.i.RequestMatcherDelegatingAuthorizationManager - Authorizing GET /error?continue
25-05-20 09:42:03.240 [http-nio-8080-exec-7] TRACE o.s.s.w.a.i.RequestMatcherDelegatingAuthorizationManager - Checking authorization on GET /error?continue using org.springframework.security.authorization.AuthenticatedAuthorizationManager@6ac2bbeb
25-05-20 09:42:03.240 [http-nio-8080-exec-7] TRACE o.s.s.w.c.HttpSessionSecurityContextRepository - Did not find SecurityContext in HttpSession 6E28F95C74C52CAA871EA0EA79A8FDBF using the SPRING_SECURITY_CONTEXT session attribute
25-05-20 09:42:03.240 [http-nio-8080-exec-7] TRACE o.s.s.w.c.SupplierDeferredSecurityContext - Created SecurityContextImpl [Null authentication]
25-05-20 09:42:03.240 [http-nio-8080-exec-7] TRACE o.s.s.w.c.SupplierDeferredSecurityContext - Created SecurityContextImpl [Null authentication]
25-05-20 09:42:03.240 [http-nio-8080-exec-7] TRACE o.s.s.w.a.AnonymousAuthenticationFilter - Set SecurityContextHolder to AnonymousAuthenticationToken [Principal=anonymousUser, Credentials=[PROTECTED], Authenticated=true, Details=WebAuthenticationDetails [RemoteIpAddress=0:0:0:0:0:0:0:1, SessionId=6E28F95C74C52CAA871EA0EA79A8FDBF], Granted Authorities=[ROLE_ANONYMOUS]]
25-05-20 09:42:03.241 [http-nio-8080-exec-7] TRACE o.s.s.w.a.ExceptionTranslationFilter - Sending AnonymousAuthenticationToken [Principal=anonymousUser, Credentials=[PROTECTED], Authenticated=true, Details=WebAuthenticationDetails [RemoteIpAddress=0:0:0:0:0:0:0:1, SessionId=6E28F95C74C52CAA871EA0EA79A8FDBF], Granted Authorities=[ROLE_ANONYMOUS]] to authentication entry point since access is denied
org.springframework.security.access.AccessDeniedException: Access Denied
	at org.springframework.security.web.access.intercept.AuthorizationFilter.doFilter(AuthorizationFilter.java:98)
	at org.springframework.security.web.ObservationFilterChainDecorator$ObservationFilter.wrapFilter(ObservationFilterChainDecorator.java:240)
	at org.springframework.security.web.ObservationFilterChainDecorator$ObservationFilter.doFilter(ObservationFilterChainDecorator.java:227)
	at org.springframework.security.web.ObservationFilterChainDecorator$VirtualFilterChain.doFilter(ObservationFilterChainDecorator.java:137)
	at org.springframework.security.web.access.ExceptionTranslationFilter.doFilter(ExceptionTranslationFilter.java:126)
	at org.springframework.security.web.access.ExceptionTranslationFilter.doFilter(ExceptionTranslationFilter.java:120)
	at org.springframework.security.web.ObservationFilterChainDecorator$ObservationFilter.wrapFilter(ObservationFilterChainDecorator.java:240)
	at org.springframework.security.web.ObservationFilterChainDecorator$ObservationFilter.doFilter(ObservationFilterChainDecorator.java:227)
	at org.springframework.security.web.ObservationFilterChainDecorator$VirtualFilterChain.doFilter(ObservationFilterChainDecorator.java:137)
	at org.springframework.security.web.authentication.AnonymousAuthenticationFilter.doFilter(AnonymousAuthenticationFilter.java:100)
	at org.springframework.security.web.ObservationFilterChainDecorator$ObservationFilter.wrapFilter(ObservationFilterChainDecorator.java:240)
	at org.springframework.security.web.ObservationFilterChainDecorator$ObservationFilter.doFilter(ObservationFilterChainDecorator.java:227)
	at org.springframework.security.web.ObservationFilterChainDecorator$VirtualFilterChain.doFilter(ObservationFilterChainDecorator.java:137)
	at org.springframework.security.web.servletapi.SecurityContextHolderAwareRequestFilter.doFilter(SecurityContextHolderAwareRequestFilter.java:179)
	at org.springframework.security.web.ObservationFilterChainDecorator$ObservationFilter.wrapFilter(ObservationFilterChainDecorator.java:240)
	at org.springframework.security.web.ObservationFilterChainDecorator$ObservationFilter.doFilter(ObservationFilterChainDecorator.java:227)
	at org.springframework.security.web.ObservationFilterChainDecorator$VirtualFilterChain.doFilter(ObservationFilterChainDecorator.java:137)
	at org.springframework.security.web.savedrequest.RequestCacheAwareFilter.doFilter(RequestCacheAwareFilter.java:63)
	at org.springframework.security.web.ObservationFilterChainDecorator$ObservationFilter.wrapFilter(ObservationFilterChainDecorator.java:240)
	at org.springframework.security.web.ObservationFilterChainDecorator$ObservationFilter.doFilter(ObservationFilterChainDecorator.java:227)
	at org.springframework.security.web.ObservationFilterChainDecorator$VirtualFilterChain.doFilter(ObservationFilterChainDecorator.java:137)
	at org.springframework.web.filter.OncePerRequestFilter.doFilter(OncePerRequestFilter.java:101)
	at org.springframework.security.web.ObservationFilterChainDecorator$ObservationFilter.wrapFilter(ObservationFilterChainDecorator.java:240)
	at org.springframework.security.web.ObservationFilterChainDecorator$ObservationFilter.doFilter(ObservationFilterChainDecorator.java:227)
	at org.springframework.security.web.ObservationFilterChainDecorator$VirtualFilterChain.doFilter(ObservationFilterChainDecorator.java:137)
	at org.springframework.web.filter.OncePerRequestFilter.doFilter(OncePerRequestFilter.java:101)
	at org.springframework.security.web.ObservationFilterChainDecorator$ObservationFilter.wrapFilter(ObservationFilterChainDecorator.java:240)
	at org.springframework.security.web.ObservationFilterChainDecorator$ObservationFilter.doFilter(ObservationFilterChainDecorator.java:227)
	at org.springframework.security.web.ObservationFilterChainDecorator$VirtualFilterChain.doFilter(ObservationFilterChainDecorator.java:137)
	at org.springframework.web.filter.OncePerRequestFilter.doFilter(OncePerRequestFilter.java:101)
	at org.springframework.security.web.ObservationFilterChainDecorator$ObservationFilter.wrapFilter(ObservationFilterChainDecorator.java:240)
	at org.springframework.security.web.ObservationFilterChainDecorator$ObservationFilter.doFilter(ObservationFilterChainDecorator.java:227)
	at org.springframework.security.web.ObservationFilterChainDecorator$VirtualFilterChain.doFilter(ObservationFilterChainDecorator.java:137)
	at org.springframework.security.web.context.SecurityContextHolderFilter.doFilter(SecurityContextHolderFilter.java:82)
	at org.springframework.security.web.context.SecurityContextHolderFilter.doFilter(SecurityContextHolderFilter.java:69)
	at org.springframework.security.web.ObservationFilterChainDecorator$ObservationFilter.wrapFilter(ObservationFilterChainDecorator.java:240)
	at org.springframework.security.web.ObservationFilterChainDecorator$ObservationFilter.doFilter(ObservationFilterChainDecorator.java:227)
	at org.springframework.security.web.ObservationFilterChainDecorator$VirtualFilterChain.doFilter(ObservationFilterChainDecorator.java:137)
	at org.springframework.web.filter.OncePerRequestFilter.doFilter(OncePerRequestFilter.java:101)
	at org.springframework.security.web.ObservationFilterChainDecorator$ObservationFilter.wrapFilter(ObservationFilterChainDecorator.java:240)
	at org.springframework.security.web.ObservationFilterChainDecorator$ObservationFilter.doFilter(ObservationFilterChainDecorator.java:227)
	at org.springframework.security.web.ObservationFilterChainDecorator$VirtualFilterChain.doFilter(ObservationFilterChainDecorator.java:137)
	at org.springframework.web.filter.OncePerRequestFilter.doFilter(OncePerRequestFilter.java:101)
	at org.springframework.security.web.ObservationFilterChainDecorator$ObservationFilter.wrapFilter(ObservationFilterChainDecorator.java:240)
	at org.springframework.security.web.ObservationFilterChainDecorator$AroundFilterObservation$SimpleAroundFilterObservation.lambda$wrap$0(ObservationFilterChainDecorator.java:323)
	at org.springframework.security.web.ObservationFilterChainDecorator$ObservationFilter.doFilter(ObservationFilterChainDecorator.java:224)
	at org.springframework.security.web.ObservationFilterChainDecorator$VirtualFilterChain.doFilter(ObservationFilterChainDecorator.java:137)
	at org.springframework.security.web.FilterChainProxy.doFilterInternal(FilterChainProxy.java:233)
	at org.springframework.security.web.FilterChainProxy.doFilter(FilterChainProxy.java:191)
	at org.springframework.web.filter.CompositeFilter$VirtualFilterChain.doFilter(CompositeFilter.java:113)
	at org.springframework.web.servlet.handler.HandlerMappingIntrospector.lambda$createCacheFilter$3(HandlerMappingIntrospector.java:195)
	at org.springframework.web.filter.CompositeFilter$VirtualFilterChain.doFilter(CompositeFilter.java:113)
	at org.springframework.web.filter.CompositeFilter.doFilter(CompositeFilter.java:74)
	at org.springframework.security.config.annotation.web.configuration.WebMvcSecurityConfiguration$CompositeFilterChainProxy.doFilter(WebMvcSecurityConfiguration.java:230)
	at org.springframework.web.filter.DelegatingFilterProxy.invokeDelegate(DelegatingFilterProxy.java:362)
	at org.springframework.web.filter.DelegatingFilterProxy.doFilter(DelegatingFilterProxy.java:278)
	at org.apache.catalina.core.ApplicationFilterChain.internalDoFilter(ApplicationFilterChain.java:164)
	at org.apache.catalina.core.ApplicationFilterChain.doFilter(ApplicationFilterChain.java:140)
	at org.springframework.web.filter.RequestContextFilter.doFilterInternal(RequestContextFilter.java:100)
	at org.springframework.web.filter.OncePerRequestFilter.doFilter(OncePerRequestFilter.java:116)
	at org.apache.catalina.core.ApplicationFilterChain.internalDoFilter(ApplicationFilterChain.java:164)
	at org.apache.catalina.core.ApplicationFilterChain.doFilter(ApplicationFilterChain.java:140)
	at org.springframework.web.filter.OncePerRequestFilter.doFilter(OncePerRequestFilter.java:101)
	at org.apache.catalina.core.ApplicationFilterChain.internalDoFilter(ApplicationFilterChain.java:164)
	at org.apache.catalina.core.ApplicationFilterChain.doFilter(ApplicationFilterChain.java:140)
	at org.springframework.web.filter.OncePerRequestFilter.doFilter(OncePerRequestFilter.java:101)
	at org.apache.catalina.core.ApplicationFilterChain.internalDoFilter(ApplicationFilterChain.java:164)
	at org.apache.catalina.core.ApplicationFilterChain.doFilter(ApplicationFilterChain.java:140)
	at org.apache.catalina.core.ApplicationDispatcher.invoke(ApplicationDispatcher.java:632)
	at org.apache.catalina.core.ApplicationDispatcher.processRequest(ApplicationDispatcher.java:410)
	at org.apache.catalina.core.ApplicationDispatcher.doForward(ApplicationDispatcher.java:330)
	at org.apache.catalina.core.ApplicationDispatcher.forward(ApplicationDispatcher.java:267)
	at org.apache.catalina.core.StandardHostValve.custom(StandardHostValve.java:362)
	at org.apache.catalina.core.StandardHostValve.status(StandardHostValve.java:222)
	at org.apache.catalina.core.StandardHostValve.invoke(StandardHostValve.java:151)
	at org.apache.catalina.valves.ErrorReportValve.invoke(ErrorReportValve.java:93)
	at org.apache.catalina.core.StandardEngineValve.invoke(StandardEngineValve.java:74)
	at org.apache.catalina.connector.CoyoteAdapter.service(CoyoteAdapter.java:344)
	at org.apache.coyote.http11.Http11Processor.service(Http11Processor.java:397)
	at org.apache.coyote.AbstractProcessorLight.process(AbstractProcessorLight.java:63)
	at org.apache.coyote.AbstractProtocol$ConnectionHandler.process(AbstractProtocol.java:905)
	at org.apache.tomcat.util.net.NioEndpoint$SocketProcessor.doRun(NioEndpoint.java:1741)
	at org.apache.tomcat.util.net.SocketProcessorBase.run(SocketProcessorBase.java:52)
	at org.apache.tomcat.util.threads.ThreadPoolExecutor.runWorker(ThreadPoolExecutor.java:1190)
	at org.apache.tomcat.util.threads.ThreadPoolExecutor$Worker.run(ThreadPoolExecutor.java:659)
	at org.apache.tomcat.util.threads.TaskThread$WrappingRunnable.run(TaskThread.java:63)
	at java.base/java.lang.Thread.run(Thread.java:840)
25-05-20 09:42:03.242 [http-nio-8080-exec-7] DEBUG o.s.s.w.s.HttpSessionRequestCache - Saved request http://localhost:8080/error?continue to session
25-05-20 09:42:03.242 [http-nio-8080-exec-7] DEBUG o.s.s.w.a.DelegatingAuthenticationEntryPoint - Trying to match using RequestHeaderRequestMatcher [expectedHeaderName=X-Requested-With, expectedHeaderValue=XMLHttpRequest]
25-05-20 09:42:03.242 [http-nio-8080-exec-7] DEBUG o.s.s.w.a.DelegatingAuthenticationEntryPoint - No match found. Using default entry point org.springframework.security.web.authentication.www.BasicAuthenticationEntryPoint@4e649d02
25-05-20 09:42:13.832 [http-nio-8080-exec-8] TRACE o.s.security.web.FilterChainProxy - Trying to match request against DefaultSecurityFilterChain [RequestMatcher=any request, Filters=[org.springframework.security.web.session.DisableEncodeUrlFilter@426cda96, org.springframework.security.web.context.request.async.WebAsyncManagerIntegrationFilter@2619d0d8, org.springframework.security.web.context.SecurityContextHolderFilter@5aeaee3, org.springframework.security.web.header.HeaderWriterFilter@41f05f1, org.springframework.security.web.csrf.CsrfFilter@31c87223, org.springframework.security.web.authentication.www.BasicAuthenticationFilter@4dd31687, org.springframework.security.web.savedrequest.RequestCacheAwareFilter@3af1b643, org.springframework.security.web.servletapi.SecurityContextHolderAwareRequestFilter@4c475547, org.springframework.security.web.authentication.AnonymousAuthenticationFilter@6d3a1808, org.springframework.security.web.access.ExceptionTranslationFilter@3a42610, org.springframework.security.web.access.intercept.AuthorizationFilter@4be8c1bb]] (1/1)
25-05-20 09:42:13.832 [http-nio-8080-exec-8] DEBUG o.s.security.web.FilterChainProxy - Securing GET /index.html?continue
25-05-20 09:42:13.834 [http-nio-8080-exec-8] TRACE o.s.security.web.FilterChainProxy - Invoking DisableEncodeUrlFilter (1/11)
25-05-20 09:42:13.834 [http-nio-8080-exec-8] TRACE o.s.security.web.FilterChainProxy - Invoking WebAsyncManagerIntegrationFilter (2/11)
25-05-20 09:42:13.835 [http-nio-8080-exec-8] TRACE o.s.security.web.FilterChainProxy - Invoking SecurityContextHolderFilter (3/11)
25-05-20 09:42:13.835 [http-nio-8080-exec-8] TRACE o.s.security.web.FilterChainProxy - Invoking HeaderWriterFilter (4/11)
25-05-20 09:42:13.835 [http-nio-8080-exec-8] TRACE o.s.security.web.FilterChainProxy - Invoking CsrfFilter (5/11)
25-05-20 09:42:13.836 [http-nio-8080-exec-8] TRACE o.s.security.web.csrf.CsrfFilter - Did not protect against CSRF since request did not match CsrfNotRequired [TRACE, HEAD, GET, OPTIONS]
25-05-20 09:42:13.836 [http-nio-8080-exec-8] TRACE o.s.security.web.FilterChainProxy - Invoking BasicAuthenticationFilter (6/11)
25-05-20 09:42:13.836 [http-nio-8080-exec-8] TRACE o.s.s.w.a.w.BasicAuthenticationFilter - Found username 'User1' in Basic Authorization header
25-05-20 09:42:13.836 [http-nio-8080-exec-8] TRACE o.s.s.w.c.HttpSessionSecurityContextRepository - Did not find SecurityContext in HttpSession 6E28F95C74C52CAA871EA0EA79A8FDBF using the SPRING_SECURITY_CONTEXT session attribute
25-05-20 09:42:13.836 [http-nio-8080-exec-8] TRACE o.s.s.w.c.SupplierDeferredSecurityContext - Created SecurityContextImpl [Null authentication]
25-05-20 09:42:13.837 [http-nio-8080-exec-8] TRACE o.s.s.w.c.SupplierDeferredSecurityContext - Created SecurityContextImpl [Null authentication]
25-05-20 09:42:13.837 [http-nio-8080-exec-8] TRACE o.s.s.authentication.ProviderManager - Authenticating request with DaoAuthenticationProvider (1/1)
25-05-20 09:42:13.935 [http-nio-8080-exec-8] DEBUG o.s.s.a.d.DaoAuthenticationProvider - Failed to find user 'User1'
25-05-20 09:42:13.935 [http-nio-8080-exec-8] DEBUG o.s.s.w.a.w.BasicAuthenticationFilter - Failed to process authentication request
org.springframework.security.authentication.BadCredentialsException: 자격 증명에 실패하였습니다.
	at org.springframework.security.authentication.dao.AbstractUserDetailsAuthenticationProvider.authenticate(AbstractUserDetailsAuthenticationProvider.java:141)
	at org.springframework.security.authentication.ProviderManager.authenticate(ProviderManager.java:182)
	at org.springframework.security.authentication.ProviderManager.authenticate(ProviderManager.java:201)
	at org.springframework.security.authentication.ObservationAuthenticationManager.lambda$authenticate$1(ObservationAuthenticationManager.java:54)
	at io.micrometer.observation.Observation.observe(Observation.java:565)
	at org.springframework.security.authentication.ObservationAuthenticationManager.authenticate(ObservationAuthenticationManager.java:53)
	at org.springframework.security.web.authentication.www.BasicAuthenticationFilter.doFilterInternal(BasicAuthenticationFilter.java:187)
	at org.springframework.web.filter.OncePerRequestFilter.doFilter(OncePerRequestFilter.java:116)
	at org.springframework.security.web.ObservationFilterChainDecorator$ObservationFilter.wrapFilter(ObservationFilterChainDecorator.java:240)
	at org.springframework.security.web.ObservationFilterChainDecorator$ObservationFilter.doFilter(ObservationFilterChainDecorator.java:227)
	at org.springframework.security.web.ObservationFilterChainDecorator$VirtualFilterChain.doFilter(ObservationFilterChainDecorator.java:137)
	at org.springframework.security.web.csrf.CsrfFilter.doFilterInternal(CsrfFilter.java:117)
	at org.springframework.web.filter.OncePerRequestFilter.doFilter(OncePerRequestFilter.java:116)
	at org.springframework.security.web.ObservationFilterChainDecorator$ObservationFilter.wrapFilter(ObservationFilterChainDecorator.java:240)
	at org.springframework.security.web.ObservationFilterChainDecorator$ObservationFilter.doFilter(ObservationFilterChainDecorator.java:227)
	at org.springframework.security.web.ObservationFilterChainDecorator$VirtualFilterChain.doFilter(ObservationFilterChainDecorator.java:137)
	at org.springframework.security.web.header.HeaderWriterFilter.doHeadersAfter(HeaderWriterFilter.java:90)
	at org.springframework.security.web.header.HeaderWriterFilter.doFilterInternal(HeaderWriterFilter.java:75)
	at org.springframework.web.filter.OncePerRequestFilter.doFilter(OncePerRequestFilter.java:116)
	at org.springframework.security.web.ObservationFilterChainDecorator$ObservationFilter.wrapFilter(ObservationFilterChainDecorator.java:240)
	at org.springframework.security.web.ObservationFilterChainDecorator$ObservationFilter.doFilter(ObservationFilterChainDecorator.java:227)
	at org.springframework.security.web.ObservationFilterChainDecorator$VirtualFilterChain.doFilter(ObservationFilterChainDecorator.java:137)
	at org.springframework.security.web.context.SecurityContextHolderFilter.doFilter(SecurityContextHolderFilter.java:82)
	at org.springframework.security.web.context.SecurityContextHolderFilter.doFilter(SecurityContextHolderFilter.java:69)
	at org.springframework.security.web.ObservationFilterChainDecorator$ObservationFilter.wrapFilter(ObservationFilterChainDecorator.java:240)
	at org.springframework.security.web.ObservationFilterChainDecorator$ObservationFilter.doFilter(ObservationFilterChainDecorator.java:227)
	at org.springframework.security.web.ObservationFilterChainDecorator$VirtualFilterChain.doFilter(ObservationFilterChainDecorator.java:137)
	at org.springframework.security.web.context.request.async.WebAsyncManagerIntegrationFilter.doFilterInternal(WebAsyncManagerIntegrationFilter.java:62)
	at org.springframework.web.filter.OncePerRequestFilter.doFilter(OncePerRequestFilter.java:116)
	at org.springframework.security.web.ObservationFilterChainDecorator$ObservationFilter.wrapFilter(ObservationFilterChainDecorator.java:240)
	at org.springframework.security.web.ObservationFilterChainDecorator$ObservationFilter.doFilter(ObservationFilterChainDecorator.java:227)
	at org.springframework.security.web.ObservationFilterChainDecorator$VirtualFilterChain.doFilter(ObservationFilterChainDecorator.java:137)
	at org.springframework.security.web.session.DisableEncodeUrlFilter.doFilterInternal(DisableEncodeUrlFilter.java:42)
	at org.springframework.web.filter.OncePerRequestFilter.doFilter(OncePerRequestFilter.java:116)
	at org.springframework.security.web.ObservationFilterChainDecorator$ObservationFilter.wrapFilter(ObservationFilterChainDecorator.java:240)
	at org.springframework.security.web.ObservationFilterChainDecorator$AroundFilterObservation$SimpleAroundFilterObservation.lambda$wrap$0(ObservationFilterChainDecorator.java:323)
	at org.springframework.security.web.ObservationFilterChainDecorator$ObservationFilter.doFilter(ObservationFilterChainDecorator.java:224)
	at org.springframework.security.web.ObservationFilterChainDecorator$VirtualFilterChain.doFilter(ObservationFilterChainDecorator.java:137)
	at org.springframework.security.web.FilterChainProxy.doFilterInternal(FilterChainProxy.java:233)
	at org.springframework.security.web.FilterChainProxy.doFilter(FilterChainProxy.java:191)
	at org.springframework.web.filter.CompositeFilter$VirtualFilterChain.doFilter(CompositeFilter.java:113)
	at org.springframework.web.servlet.handler.HandlerMappingIntrospector.lambda$createCacheFilter$3(HandlerMappingIntrospector.java:195)
	at org.springframework.web.filter.CompositeFilter$VirtualFilterChain.doFilter(CompositeFilter.java:113)
	at org.springframework.web.filter.CompositeFilter.doFilter(CompositeFilter.java:74)
	at org.springframework.security.config.annotation.web.configuration.WebMvcSecurityConfiguration$CompositeFilterChainProxy.doFilter(WebMvcSecurityConfiguration.java:230)
	at org.springframework.web.filter.DelegatingFilterProxy.invokeDelegate(DelegatingFilterProxy.java:362)
	at org.springframework.web.filter.DelegatingFilterProxy.doFilter(DelegatingFilterProxy.java:278)
	at org.apache.catalina.core.ApplicationFilterChain.internalDoFilter(ApplicationFilterChain.java:164)
	at org.apache.catalina.core.ApplicationFilterChain.doFilter(ApplicationFilterChain.java:140)
	at org.springframework.web.filter.RequestContextFilter.doFilterInternal(RequestContextFilter.java:100)
	at org.springframework.web.filter.OncePerRequestFilter.doFilter(OncePerRequestFilter.java:116)
	at org.apache.catalina.core.ApplicationFilterChain.internalDoFilter(ApplicationFilterChain.java:164)
	at org.apache.catalina.core.ApplicationFilterChain.doFilter(ApplicationFilterChain.java:140)
	at org.springframework.web.filter.FormContentFilter.doFilterInternal(FormContentFilter.java:93)
	at org.springframework.web.filter.OncePerRequestFilter.doFilter(OncePerRequestFilter.java:116)
	at org.apache.catalina.core.ApplicationFilterChain.internalDoFilter(ApplicationFilterChain.java:164)
	at org.apache.catalina.core.ApplicationFilterChain.doFilter(ApplicationFilterChain.java:140)
	at org.springframework.web.filter.ServerHttpObservationFilter.doFilterInternal(ServerHttpObservationFilter.java:113)
	at org.springframework.web.filter.OncePerRequestFilter.doFilter(OncePerRequestFilter.java:116)
	at org.apache.catalina.core.ApplicationFilterChain.internalDoFilter(ApplicationFilterChain.java:164)
	at org.apache.catalina.core.ApplicationFilterChain.doFilter(ApplicationFilterChain.java:140)
	at org.springframework.web.filter.CharacterEncodingFilter.doFilterInternal(CharacterEncodingFilter.java:201)
	at org.springframework.web.filter.OncePerRequestFilter.doFilter(OncePerRequestFilter.java:116)
	at org.apache.catalina.core.ApplicationFilterChain.internalDoFilter(ApplicationFilterChain.java:164)
	at org.apache.catalina.core.ApplicationFilterChain.doFilter(ApplicationFilterChain.java:140)
	at org.apache.catalina.core.StandardWrapperValve.invoke(StandardWrapperValve.java:167)
	at org.apache.catalina.core.StandardContextValve.invoke(StandardContextValve.java:90)
	at org.apache.catalina.authenticator.AuthenticatorBase.invoke(AuthenticatorBase.java:483)
	at org.apache.catalina.core.StandardHostValve.invoke(StandardHostValve.java:115)
	at org.apache.catalina.valves.ErrorReportValve.invoke(ErrorReportValve.java:93)
	at org.apache.catalina.core.StandardEngineValve.invoke(StandardEngineValve.java:74)
	at org.apache.catalina.connector.CoyoteAdapter.service(CoyoteAdapter.java:344)
	at org.apache.coyote.http11.Http11Processor.service(Http11Processor.java:397)
	at org.apache.coyote.AbstractProcessorLight.process(AbstractProcessorLight.java:63)
	at org.apache.coyote.AbstractProtocol$ConnectionHandler.process(AbstractProtocol.java:905)
	at org.apache.tomcat.util.net.NioEndpoint$SocketProcessor.doRun(NioEndpoint.java:1741)
	at org.apache.tomcat.util.net.SocketProcessorBase.run(SocketProcessorBase.java:52)
	at org.apache.tomcat.util.threads.ThreadPoolExecutor.runWorker(ThreadPoolExecutor.java:1190)
	at org.apache.tomcat.util.threads.ThreadPoolExecutor$Worker.run(ThreadPoolExecutor.java:659)
	at org.apache.tomcat.util.threads.TaskThread$WrappingRunnable.run(TaskThread.java:63)
	at java.base/java.lang.Thread.run(Thread.java:840)
25-05-20 09:42:13.937 [http-nio-8080-exec-8] DEBUG o.s.s.w.a.DelegatingAuthenticationEntryPoint - Trying to match using RequestHeaderRequestMatcher [expectedHeaderName=X-Requested-With, expectedHeaderValue=XMLHttpRequest]
25-05-20 09:42:13.937 [http-nio-8080-exec-8] DEBUG o.s.s.w.a.DelegatingAuthenticationEntryPoint - No match found. Using default entry point org.springframework.security.web.authentication.www.BasicAuthenticationEntryPoint@4e649d02
25-05-20 09:42:13.937 [http-nio-8080-exec-8] TRACE o.s.s.w.h.writers.HstsHeaderWriter - Not injecting HSTS header since it did not match request to [Is Secure]
25-05-20 09:42:13.938 [http-nio-8080-exec-8] TRACE o.s.security.web.FilterChainProxy - Trying to match request against DefaultSecurityFilterChain [RequestMatcher=any request, Filters=[org.springframework.security.web.session.DisableEncodeUrlFilter@426cda96, org.springframework.security.web.context.request.async.WebAsyncManagerIntegrationFilter@2619d0d8, org.springframework.security.web.context.SecurityContextHolderFilter@5aeaee3, org.springframework.security.web.header.HeaderWriterFilter@41f05f1, org.springframework.security.web.csrf.CsrfFilter@31c87223, org.springframework.security.web.authentication.www.BasicAuthenticationFilter@4dd31687, org.springframework.security.web.savedrequest.RequestCacheAwareFilter@3af1b643, org.springframework.security.web.servletapi.SecurityContextHolderAwareRequestFilter@4c475547, org.springframework.security.web.authentication.AnonymousAuthenticationFilter@6d3a1808, org.springframework.security.web.access.ExceptionTranslationFilter@3a42610, org.springframework.security.web.access.intercept.AuthorizationFilter@4be8c1bb]] (1/1)
25-05-20 09:42:13.938 [http-nio-8080-exec-8] DEBUG o.s.security.web.FilterChainProxy - Securing GET /error?continue
25-05-20 09:42:13.938 [http-nio-8080-exec-8] TRACE o.s.security.web.FilterChainProxy - Invoking DisableEncodeUrlFilter (1/11)
25-05-20 09:42:13.938 [http-nio-8080-exec-8] TRACE o.s.security.web.FilterChainProxy - Invoking WebAsyncManagerIntegrationFilter (2/11)
25-05-20 09:42:13.938 [http-nio-8080-exec-8] TRACE o.s.security.web.FilterChainProxy - Invoking SecurityContextHolderFilter (3/11)
25-05-20 09:42:13.939 [http-nio-8080-exec-8] TRACE o.s.security.web.FilterChainProxy - Invoking HeaderWriterFilter (4/11)
25-05-20 09:42:13.939 [http-nio-8080-exec-8] TRACE o.s.security.web.FilterChainProxy - Invoking CsrfFilter (5/11)
25-05-20 09:42:13.939 [http-nio-8080-exec-8] TRACE o.s.security.web.FilterChainProxy - Invoking BasicAuthenticationFilter (6/11)
25-05-20 09:42:13.939 [http-nio-8080-exec-8] TRACE o.s.security.web.FilterChainProxy - Invoking RequestCacheAwareFilter (7/11)
25-05-20 09:42:13.939 [http-nio-8080-exec-8] TRACE o.s.s.w.s.HttpSessionRequestCache - Removing DefaultSavedRequest from session if present
25-05-20 09:42:13.939 [http-nio-8080-exec-8] DEBUG o.s.s.w.s.HttpSessionRequestCache - Loaded matching saved request http://localhost:8080/error?continue
25-05-20 09:42:13.939 [http-nio-8080-exec-8] TRACE o.s.security.web.FilterChainProxy - Invoking SecurityContextHolderAwareRequestFilter (8/11)
25-05-20 09:42:13.939 [http-nio-8080-exec-8] TRACE o.s.security.web.FilterChainProxy - Invoking AnonymousAuthenticationFilter (9/11)
25-05-20 09:42:13.940 [http-nio-8080-exec-8] TRACE o.s.security.web.FilterChainProxy - Invoking ExceptionTranslationFilter (10/11)
25-05-20 09:42:13.940 [http-nio-8080-exec-8] TRACE o.s.security.web.FilterChainProxy - Invoking AuthorizationFilter (11/11)
25-05-20 09:42:13.940 [http-nio-8080-exec-8] TRACE o.s.s.w.a.i.RequestMatcherDelegatingAuthorizationManager - Authorizing GET /error?continue
25-05-20 09:42:13.940 [http-nio-8080-exec-8] TRACE o.s.s.w.a.i.RequestMatcherDelegatingAuthorizationManager - Checking authorization on GET /error?continue using org.springframework.security.authorization.AuthenticatedAuthorizationManager@6ac2bbeb
25-05-20 09:42:13.940 [http-nio-8080-exec-8] TRACE o.s.s.w.c.HttpSessionSecurityContextRepository - Did not find SecurityContext in HttpSession 6E28F95C74C52CAA871EA0EA79A8FDBF using the SPRING_SECURITY_CONTEXT session attribute
25-05-20 09:42:13.940 [http-nio-8080-exec-8] TRACE o.s.s.w.c.SupplierDeferredSecurityContext - Created SecurityContextImpl [Null authentication]
25-05-20 09:42:13.940 [http-nio-8080-exec-8] TRACE o.s.s.w.c.SupplierDeferredSecurityContext - Created SecurityContextImpl [Null authentication]
25-05-20 09:42:13.940 [http-nio-8080-exec-8] TRACE o.s.s.w.a.AnonymousAuthenticationFilter - Set SecurityContextHolder to AnonymousAuthenticationToken [Principal=anonymousUser, Credentials=[PROTECTED], Authenticated=true, Details=WebAuthenticationDetails [RemoteIpAddress=0:0:0:0:0:0:0:1, SessionId=6E28F95C74C52CAA871EA0EA79A8FDBF], Granted Authorities=[ROLE_ANONYMOUS]]
25-05-20 09:42:13.940 [http-nio-8080-exec-8] TRACE o.s.s.w.a.ExceptionTranslationFilter - Sending AnonymousAuthenticationToken [Principal=anonymousUser, Credentials=[PROTECTED], Authenticated=true, Details=WebAuthenticationDetails [RemoteIpAddress=0:0:0:0:0:0:0:1, SessionId=6E28F95C74C52CAA871EA0EA79A8FDBF], Granted Authorities=[ROLE_ANONYMOUS]] to authentication entry point since access is denied
org.springframework.security.access.AccessDeniedException: Access Denied
	at org.springframework.security.web.access.intercept.AuthorizationFilter.doFilter(AuthorizationFilter.java:98)
	at org.springframework.security.web.ObservationFilterChainDecorator$ObservationFilter.wrapFilter(ObservationFilterChainDecorator.java:240)
	at org.springframework.security.web.ObservationFilterChainDecorator$ObservationFilter.doFilter(ObservationFilterChainDecorator.java:227)
	at org.springframework.security.web.ObservationFilterChainDecorator$VirtualFilterChain.doFilter(ObservationFilterChainDecorator.java:137)
	at org.springframework.security.web.access.ExceptionTranslationFilter.doFilter(ExceptionTranslationFilter.java:126)
	at org.springframework.security.web.access.ExceptionTranslationFilter.doFilter(ExceptionTranslationFilter.java:120)
	at org.springframework.security.web.ObservationFilterChainDecorator$ObservationFilter.wrapFilter(ObservationFilterChainDecorator.java:240)
	at org.springframework.security.web.ObservationFilterChainDecorator$ObservationFilter.doFilter(ObservationFilterChainDecorator.java:227)
	at org.springframework.security.web.ObservationFilterChainDecorator$VirtualFilterChain.doFilter(ObservationFilterChainDecorator.java:137)
	at org.springframework.security.web.authentication.AnonymousAuthenticationFilter.doFilter(AnonymousAuthenticationFilter.java:100)
	at org.springframework.security.web.ObservationFilterChainDecorator$ObservationFilter.wrapFilter(ObservationFilterChainDecorator.java:240)
	at org.springframework.security.web.ObservationFilterChainDecorator$ObservationFilter.doFilter(ObservationFilterChainDecorator.java:227)
	at org.springframework.security.web.ObservationFilterChainDecorator$VirtualFilterChain.doFilter(ObservationFilterChainDecorator.java:137)
	at org.springframework.security.web.servletapi.SecurityContextHolderAwareRequestFilter.doFilter(SecurityContextHolderAwareRequestFilter.java:179)
	at org.springframework.security.web.ObservationFilterChainDecorator$ObservationFilter.wrapFilter(ObservationFilterChainDecorator.java:240)
	at org.springframework.security.web.ObservationFilterChainDecorator$ObservationFilter.doFilter(ObservationFilterChainDecorator.java:227)
	at org.springframework.security.web.ObservationFilterChainDecorator$VirtualFilterChain.doFilter(ObservationFilterChainDecorator.java:137)
	at org.springframework.security.web.savedrequest.RequestCacheAwareFilter.doFilter(RequestCacheAwareFilter.java:63)
	at org.springframework.security.web.ObservationFilterChainDecorator$ObservationFilter.wrapFilter(ObservationFilterChainDecorator.java:240)
	at org.springframework.security.web.ObservationFilterChainDecorator$ObservationFilter.doFilter(ObservationFilterChainDecorator.java:227)
	at org.springframework.security.web.ObservationFilterChainDecorator$VirtualFilterChain.doFilter(ObservationFilterChainDecorator.java:137)
	at org.springframework.web.filter.OncePerRequestFilter.doFilter(OncePerRequestFilter.java:101)
	at org.springframework.security.web.ObservationFilterChainDecorator$ObservationFilter.wrapFilter(ObservationFilterChainDecorator.java:240)
	at org.springframework.security.web.ObservationFilterChainDecorator$ObservationFilter.doFilter(ObservationFilterChainDecorator.java:227)
	at org.springframework.security.web.ObservationFilterChainDecorator$VirtualFilterChain.doFilter(ObservationFilterChainDecorator.java:137)
	at org.springframework.web.filter.OncePerRequestFilter.doFilter(OncePerRequestFilter.java:101)
	at org.springframework.security.web.ObservationFilterChainDecorator$ObservationFilter.wrapFilter(ObservationFilterChainDecorator.java:240)
	at org.springframework.security.web.ObservationFilterChainDecorator$ObservationFilter.doFilter(ObservationFilterChainDecorator.java:227)
	at org.springframework.security.web.ObservationFilterChainDecorator$VirtualFilterChain.doFilter(ObservationFilterChainDecorator.java:137)
	at org.springframework.web.filter.OncePerRequestFilter.doFilter(OncePerRequestFilter.java:101)
	at org.springframework.security.web.ObservationFilterChainDecorator$ObservationFilter.wrapFilter(ObservationFilterChainDecorator.java:240)
	at org.springframework.security.web.ObservationFilterChainDecorator$ObservationFilter.doFilter(ObservationFilterChainDecorator.java:227)
	at org.springframework.security.web.ObservationFilterChainDecorator$VirtualFilterChain.doFilter(ObservationFilterChainDecorator.java:137)
	at org.springframework.security.web.context.SecurityContextHolderFilter.doFilter(SecurityContextHolderFilter.java:82)
	at org.springframework.security.web.context.SecurityContextHolderFilter.doFilter(SecurityContextHolderFilter.java:69)
	at org.springframework.security.web.ObservationFilterChainDecorator$ObservationFilter.wrapFilter(ObservationFilterChainDecorator.java:240)
	at org.springframework.security.web.ObservationFilterChainDecorator$ObservationFilter.doFilter(ObservationFilterChainDecorator.java:227)
	at org.springframework.security.web.ObservationFilterChainDecorator$VirtualFilterChain.doFilter(ObservationFilterChainDecorator.java:137)
	at org.springframework.web.filter.OncePerRequestFilter.doFilter(OncePerRequestFilter.java:101)
	at org.springframework.security.web.ObservationFilterChainDecorator$ObservationFilter.wrapFilter(ObservationFilterChainDecorator.java:240)
	at org.springframework.security.web.ObservationFilterChainDecorator$ObservationFilter.doFilter(ObservationFilterChainDecorator.java:227)
	at org.springframework.security.web.ObservationFilterChainDecorator$VirtualFilterChain.doFilter(ObservationFilterChainDecorator.java:137)
	at org.springframework.web.filter.OncePerRequestFilter.doFilter(OncePerRequestFilter.java:101)
	at org.springframework.security.web.ObservationFilterChainDecorator$ObservationFilter.wrapFilter(ObservationFilterChainDecorator.java:240)
	at org.springframework.security.web.ObservationFilterChainDecorator$AroundFilterObservation$SimpleAroundFilterObservation.lambda$wrap$0(ObservationFilterChainDecorator.java:323)
	at org.springframework.security.web.ObservationFilterChainDecorator$ObservationFilter.doFilter(ObservationFilterChainDecorator.java:224)
	at org.springframework.security.web.ObservationFilterChainDecorator$VirtualFilterChain.doFilter(ObservationFilterChainDecorator.java:137)
	at org.springframework.security.web.FilterChainProxy.doFilterInternal(FilterChainProxy.java:233)
	at org.springframework.security.web.FilterChainProxy.doFilter(FilterChainProxy.java:191)
	at org.springframework.web.filter.CompositeFilter$VirtualFilterChain.doFilter(CompositeFilter.java:113)
	at org.springframework.web.servlet.handler.HandlerMappingIntrospector.lambda$createCacheFilter$3(HandlerMappingIntrospector.java:195)
	at org.springframework.web.filter.CompositeFilter$VirtualFilterChain.doFilter(CompositeFilter.java:113)
	at org.springframework.web.filter.CompositeFilter.doFilter(CompositeFilter.java:74)
	at org.springframework.security.config.annotation.web.configuration.WebMvcSecurityConfiguration$CompositeFilterChainProxy.doFilter(WebMvcSecurityConfiguration.java:230)
	at org.springframework.web.filter.DelegatingFilterProxy.invokeDelegate(DelegatingFilterProxy.java:362)
	at org.springframework.web.filter.DelegatingFilterProxy.doFilter(DelegatingFilterProxy.java:278)
	at org.apache.catalina.core.ApplicationFilterChain.internalDoFilter(ApplicationFilterChain.java:164)
	at org.apache.catalina.core.ApplicationFilterChain.doFilter(ApplicationFilterChain.java:140)
	at org.springframework.web.filter.RequestContextFilter.doFilterInternal(RequestContextFilter.java:100)
	at org.springframework.web.filter.OncePerRequestFilter.doFilter(OncePerRequestFilter.java:116)
	at org.apache.catalina.core.ApplicationFilterChain.internalDoFilter(ApplicationFilterChain.java:164)
	at org.apache.catalina.core.ApplicationFilterChain.doFilter(ApplicationFilterChain.java:140)
	at org.springframework.web.filter.OncePerRequestFilter.doFilter(OncePerRequestFilter.java:101)
	at org.apache.catalina.core.ApplicationFilterChain.internalDoFilter(ApplicationFilterChain.java:164)
	at org.apache.catalina.core.ApplicationFilterChain.doFilter(ApplicationFilterChain.java:140)
	at org.springframework.web.filter.OncePerRequestFilter.doFilter(OncePerRequestFilter.java:101)
	at org.apache.catalina.core.ApplicationFilterChain.internalDoFilter(ApplicationFilterChain.java:164)
	at org.apache.catalina.core.ApplicationFilterChain.doFilter(ApplicationFilterChain.java:140)
	at org.apache.catalina.core.ApplicationDispatcher.invoke(ApplicationDispatcher.java:632)
	at org.apache.catalina.core.ApplicationDispatcher.processRequest(ApplicationDispatcher.java:410)
	at org.apache.catalina.core.ApplicationDispatcher.doForward(ApplicationDispatcher.java:330)
	at org.apache.catalina.core.ApplicationDispatcher.forward(ApplicationDispatcher.java:267)
	at org.apache.catalina.core.StandardHostValve.custom(StandardHostValve.java:362)
	at org.apache.catalina.core.StandardHostValve.status(StandardHostValve.java:222)
	at org.apache.catalina.core.StandardHostValve.invoke(StandardHostValve.java:151)
	at org.apache.catalina.valves.ErrorReportValve.invoke(ErrorReportValve.java:93)
	at org.apache.catalina.core.StandardEngineValve.invoke(StandardEngineValve.java:74)
	at org.apache.catalina.connector.CoyoteAdapter.service(CoyoteAdapter.java:344)
	at org.apache.coyote.http11.Http11Processor.service(Http11Processor.java:397)
	at org.apache.coyote.AbstractProcessorLight.process(AbstractProcessorLight.java:63)
	at org.apache.coyote.AbstractProtocol$ConnectionHandler.process(AbstractProtocol.java:905)
	at org.apache.tomcat.util.net.NioEndpoint$SocketProcessor.doRun(NioEndpoint.java:1741)
	at org.apache.tomcat.util.net.SocketProcessorBase.run(SocketProcessorBase.java:52)
	at org.apache.tomcat.util.threads.ThreadPoolExecutor.runWorker(ThreadPoolExecutor.java:1190)
	at org.apache.tomcat.util.threads.ThreadPoolExecutor$Worker.run(ThreadPoolExecutor.java:659)
	at org.apache.tomcat.util.threads.TaskThread$WrappingRunnable.run(TaskThread.java:63)
	at java.base/java.lang.Thread.run(Thread.java:840)
25-05-20 09:42:13.941 [http-nio-8080-exec-8] DEBUG o.s.s.w.s.HttpSessionRequestCache - Saved request http://localhost:8080/error?continue to session
25-05-20 09:42:13.941 [http-nio-8080-exec-8] DEBUG o.s.s.w.a.DelegatingAuthenticationEntryPoint - Trying to match using RequestHeaderRequestMatcher [expectedHeaderName=X-Requested-With, expectedHeaderValue=XMLHttpRequest]
25-05-20 09:42:13.941 [http-nio-8080-exec-8] DEBUG o.s.s.w.a.DelegatingAuthenticationEntryPoint - No match found. Using default entry point org.springframework.security.web.authentication.www.BasicAuthenticationEntryPoint@4e649d02
25-05-20 09:44:49.002 [SpringApplicationShutdownHook] INFO  o.s.o.j.LocalContainerEntityManagerFactoryBean - Closing JPA EntityManagerFactory for persistence unit 'default'
25-05-20 09:44:49.005 [SpringApplicationShutdownHook] INFO  com.zaxxer.hikari.HikariDataSource - HikariPool-1 - Shutdown initiated...
25-05-20 09:44:49.010 [SpringApplicationShutdownHook] INFO  com.zaxxer.hikari.HikariDataSource - HikariPool-1 - Shutdown completed.
25-05-20 10:19:03.722 [background-preinit] INFO  o.h.validator.internal.util.Version - HV000001: Hibernate Validator 8.0.1.Final
25-05-20 10:19:03.801 [main] INFO  c.s.m.discodeit.DiscodeitApplication - Starting DiscodeitApplication using Java 17.0.12 with PID 11924 (C:\Users\User\OneDrive\Desktop\codeit\1-sprint-mission\build\classes\java\main started by User in C:\Users\User\OneDrive\Desktop\codeit\1-sprint-mission)
25-05-20 10:19:03.801 [main] INFO  c.s.m.discodeit.DiscodeitApplication - The following 1 profile is active: "test"
25-05-20 10:19:05.739 [main] INFO  o.s.d.r.c.RepositoryConfigurationDelegate - Bootstrapping Spring Data JPA repositories in DEFAULT mode.
25-05-20 10:19:05.951 [main] INFO  o.s.d.r.c.RepositoryConfigurationDelegate - Finished Spring Data repository scanning in 199 ms. Found 6 JPA repository interfaces.
25-05-20 10:19:07.447 [main] INFO  o.s.b.w.e.tomcat.TomcatWebServer - Tomcat initialized with port 8080 (http)
25-05-20 10:19:07.468 [main] INFO  o.a.coyote.http11.Http11NioProtocol - Initializing ProtocolHandler ["http-nio-8080"]
25-05-20 10:19:07.470 [main] INFO  o.a.catalina.core.StandardService - Starting service [Tomcat]
25-05-20 10:19:07.471 [main] INFO  o.a.catalina.core.StandardEngine - Starting Servlet engine: [Apache Tomcat/10.1.33]
25-05-20 10:19:07.638 [main] INFO  o.a.c.c.C.[Tomcat].[localhost].[/] - Initializing Spring embedded WebApplicationContext
25-05-20 10:19:07.639 [main] INFO  o.s.b.w.s.c.ServletWebServerApplicationContext - Root WebApplicationContext: initialization completed in 3780 ms
25-05-20 10:19:07.819 [main] INFO  com.zaxxer.hikari.HikariDataSource - HikariPool-1 - Starting...
25-05-20 10:19:08.295 [main] INFO  com.zaxxer.hikari.pool.HikariPool - HikariPool-1 - Added connection conn0: url=jdbc:h2:mem:devDB user=DEVUSER
25-05-20 10:19:08.297 [main] INFO  com.zaxxer.hikari.HikariDataSource - HikariPool-1 - Start completed.
25-05-20 10:19:08.312 [main] INFO  o.s.b.a.h.H2ConsoleAutoConfiguration - H2 console available at '/h2-console'. Database available at 'jdbc:h2:mem:devDB'
25-05-20 10:19:08.689 [main] INFO  o.h.jpa.internal.util.LogHelper - HHH000204: Processing PersistenceUnitInfo [name: default]
25-05-20 10:19:08.808 [main] INFO  org.hibernate.Version - HHH000412: Hibernate ORM core version 6.5.3.Final
25-05-20 10:19:08.875 [main] INFO  o.h.c.i.RegionFactoryInitiator - HHH000026: Second-level cache disabled
25-05-20 10:19:09.431 [main] INFO  o.s.o.j.p.SpringPersistenceUnitInfo - No LoadTimeWeaver setup: ignoring JPA class transformer
25-05-20 10:19:11.242 [main] INFO  o.h.e.t.j.p.i.JtaPlatformInitiator - HHH000489: No JTA platform available (set 'hibernate.transaction.jta.platform' to enable JTA platform integration)
25-05-20 10:19:11.248 [main] INFO  o.s.o.j.LocalContainerEntityManagerFactoryBean - Initialized JPA EntityManagerFactory for persistence unit 'default'
25-05-20 10:19:12.127 [main] WARN  o.s.b.a.o.j.JpaBaseConfiguration$JpaWebConfiguration - spring.jpa.open-in-view is enabled by default. Therefore, database queries may be performed during view rendering. Explicitly configure spring.jpa.open-in-view to disable this warning
25-05-20 10:19:12.182 [main] TRACE o.s.s.c.a.a.c.AuthenticationConfiguration$EnableGlobalAuthenticationAutowiredConfigurer - Eagerly initializing {org.springframework.boot.autoconfigure.security.servlet.SpringBootWebSecurityConfiguration$WebSecurityEnablerConfiguration=org.springframework.boot.autoconfigure.security.servlet.SpringBootWebSecurityConfiguration$WebSecurityEnablerConfiguration@492d0748}
25-05-20 10:19:12.192 [main] WARN  o.s.b.a.s.s.UserDetailsServiceAutoConfiguration - 

Using generated security password: 124b388c-ffdf-4708-99c6-ddba26ced101

This generated password is for development use only. Your security configuration must be updated before running your application in production.

25-05-20 10:19:12.208 [main] INFO  o.s.s.c.a.a.c.InitializeUserDetailsBeanManagerConfigurer$InitializeUserDetailsManagerConfigurer - Global AuthenticationManager configured with UserDetailsService bean with name inMemoryUserDetailsManager
25-05-20 10:19:12.352 [main] INFO  o.s.b.a.w.s.WelcomePageHandlerMapping - Adding welcome page: class path resource [static/index.html]
25-05-20 10:19:13.988 [main] INFO  o.s.b.a.e.web.EndpointLinksResolver - Exposing 4 endpoints beneath base path '/actuator'
25-05-20 10:19:14.067 [main] DEBUG o.s.s.web.DefaultSecurityFilterChain - Will secure any request with filters: DisableEncodeUrlFilter, WebAsyncManagerIntegrationFilter, SecurityContextHolderFilter, HeaderWriterFilter, CsrfFilter, BasicAuthenticationFilter, RequestCacheAwareFilter, SecurityContextHolderAwareRequestFilter, AnonymousAuthenticationFilter, ExceptionTranslationFilter, AuthorizationFilter
25-05-20 10:19:14.802 [main] INFO  o.a.coyote.http11.Http11NioProtocol - Starting ProtocolHandler ["http-nio-8080"]
25-05-20 10:19:14.839 [main] INFO  o.s.b.w.e.tomcat.TomcatWebServer - Tomcat started on port 8080 (http) with context path '/'
25-05-20 10:19:14.858 [main] INFO  c.s.m.discodeit.DiscodeitApplication - Started DiscodeitApplication in 11.906 seconds (process running for 13.038)
25-05-20 10:19:15.399 [RMI TCP Connection(1)-192.168.0.11] INFO  o.a.c.c.C.[Tomcat].[localhost].[/] - Initializing Spring DispatcherServlet 'dispatcherServlet'
25-05-20 10:19:15.400 [RMI TCP Connection(1)-192.168.0.11] INFO  o.s.web.servlet.DispatcherServlet - Initializing Servlet 'dispatcherServlet'
25-05-20 10:19:15.405 [RMI TCP Connection(1)-192.168.0.11] INFO  o.s.web.servlet.DispatcherServlet - Completed initialization in 4 ms
25-05-20 10:19:16.604 [http-nio-8080-exec-3] TRACE o.s.security.web.FilterChainProxy - Trying to match request against DefaultSecurityFilterChain [RequestMatcher=any request, Filters=[org.springframework.security.web.session.DisableEncodeUrlFilter@1cf920f8, org.springframework.security.web.context.request.async.WebAsyncManagerIntegrationFilter@214a298e, org.springframework.security.web.context.SecurityContextHolderFilter@43f670f3, org.springframework.security.web.header.HeaderWriterFilter@5f49c09d, org.springframework.security.web.csrf.CsrfFilter@7c068c7b, org.springframework.security.web.authentication.www.BasicAuthenticationFilter@53eb4dae, org.springframework.security.web.savedrequest.RequestCacheAwareFilter@610640e3, org.springframework.security.web.servletapi.SecurityContextHolderAwareRequestFilter@362d91ef, org.springframework.security.web.authentication.AnonymousAuthenticationFilter@4aa9c765, org.springframework.security.web.access.ExceptionTranslationFilter@66227940, org.springframework.security.web.access.intercept.AuthorizationFilter@6daeaff2]] (1/1)
25-05-20 10:19:16.605 [http-nio-8080-exec-3] DEBUG o.s.security.web.FilterChainProxy - Securing GET /index.html
25-05-20 10:19:16.608 [http-nio-8080-exec-3] TRACE o.s.security.web.FilterChainProxy - Invoking DisableEncodeUrlFilter (1/11)
25-05-20 10:19:16.614 [http-nio-8080-exec-3] TRACE o.s.security.web.FilterChainProxy - Invoking WebAsyncManagerIntegrationFilter (2/11)
25-05-20 10:19:16.618 [http-nio-8080-exec-3] TRACE o.s.security.web.FilterChainProxy - Invoking SecurityContextHolderFilter (3/11)
25-05-20 10:19:16.620 [http-nio-8080-exec-3] TRACE o.s.security.web.FilterChainProxy - Invoking HeaderWriterFilter (4/11)
25-05-20 10:19:16.622 [http-nio-8080-exec-3] TRACE o.s.security.web.FilterChainProxy - Invoking CsrfFilter (5/11)
25-05-20 10:19:16.625 [http-nio-8080-exec-3] TRACE o.s.security.web.csrf.CsrfFilter - Did not protect against CSRF since request did not match CsrfNotRequired [TRACE, HEAD, GET, OPTIONS]
25-05-20 10:19:16.625 [http-nio-8080-exec-3] TRACE o.s.security.web.FilterChainProxy - Invoking BasicAuthenticationFilter (6/11)
25-05-20 10:19:16.626 [http-nio-8080-exec-3] TRACE o.s.s.w.a.w.BasicAuthenticationFilter - Did not process authentication request since failed to find username and password in Basic Authorization header
25-05-20 10:19:16.626 [http-nio-8080-exec-3] TRACE o.s.security.web.FilterChainProxy - Invoking RequestCacheAwareFilter (7/11)
25-05-20 10:19:16.626 [http-nio-8080-exec-3] TRACE o.s.s.w.s.HttpSessionRequestCache - matchingRequestParameterName is required for getMatchingRequest to lookup a value, but not provided
25-05-20 10:19:16.626 [http-nio-8080-exec-3] TRACE o.s.security.web.FilterChainProxy - Invoking SecurityContextHolderAwareRequestFilter (8/11)
25-05-20 10:19:16.628 [http-nio-8080-exec-3] TRACE o.s.security.web.FilterChainProxy - Invoking AnonymousAuthenticationFilter (9/11)
25-05-20 10:19:16.628 [http-nio-8080-exec-3] TRACE o.s.security.web.FilterChainProxy - Invoking ExceptionTranslationFilter (10/11)
25-05-20 10:19:16.629 [http-nio-8080-exec-3] TRACE o.s.security.web.FilterChainProxy - Invoking AuthorizationFilter (11/11)
25-05-20 10:19:16.630 [http-nio-8080-exec-3] TRACE o.s.s.w.a.i.RequestMatcherDelegatingAuthorizationManager - Authorizing GET /index.html
25-05-20 10:19:16.634 [http-nio-8080-exec-3] TRACE o.s.s.w.a.i.RequestMatcherDelegatingAuthorizationManager - Checking authorization on GET /index.html using org.springframework.security.authorization.AuthenticatedAuthorizationManager@3240b900
25-05-20 10:19:16.634 [http-nio-8080-exec-3] TRACE o.s.s.w.c.HttpSessionSecurityContextRepository - No HttpSession currently exists
25-05-20 10:19:16.634 [http-nio-8080-exec-3] TRACE o.s.s.w.c.SupplierDeferredSecurityContext - Created SecurityContextImpl [Null authentication]
25-05-20 10:19:16.635 [http-nio-8080-exec-3] TRACE o.s.s.w.c.SupplierDeferredSecurityContext - Created SecurityContextImpl [Null authentication]
25-05-20 10:19:16.635 [http-nio-8080-exec-3] TRACE o.s.s.w.a.AnonymousAuthenticationFilter - Set SecurityContextHolder to AnonymousAuthenticationToken [Principal=anonymousUser, Credentials=[PROTECTED], Authenticated=true, Details=WebAuthenticationDetails [RemoteIpAddress=0:0:0:0:0:0:0:1, SessionId=null], Granted Authorities=[ROLE_ANONYMOUS]]
25-05-20 10:19:16.642 [http-nio-8080-exec-3] TRACE o.s.s.w.a.ExceptionTranslationFilter - Sending AnonymousAuthenticationToken [Principal=anonymousUser, Credentials=[PROTECTED], Authenticated=true, Details=WebAuthenticationDetails [RemoteIpAddress=0:0:0:0:0:0:0:1, SessionId=null], Granted Authorities=[ROLE_ANONYMOUS]] to authentication entry point since access is denied
org.springframework.security.access.AccessDeniedException: Access Denied
	at org.springframework.security.web.access.intercept.AuthorizationFilter.doFilter(AuthorizationFilter.java:98)
	at org.springframework.security.web.ObservationFilterChainDecorator$ObservationFilter.wrapFilter(ObservationFilterChainDecorator.java:240)
	at org.springframework.security.web.ObservationFilterChainDecorator$ObservationFilter.doFilter(ObservationFilterChainDecorator.java:227)
	at org.springframework.security.web.ObservationFilterChainDecorator$VirtualFilterChain.doFilter(ObservationFilterChainDecorator.java:137)
	at org.springframework.security.web.access.ExceptionTranslationFilter.doFilter(ExceptionTranslationFilter.java:126)
	at org.springframework.security.web.access.ExceptionTranslationFilter.doFilter(ExceptionTranslationFilter.java:120)
	at org.springframework.security.web.ObservationFilterChainDecorator$ObservationFilter.wrapFilter(ObservationFilterChainDecorator.java:240)
	at org.springframework.security.web.ObservationFilterChainDecorator$ObservationFilter.doFilter(ObservationFilterChainDecorator.java:227)
	at org.springframework.security.web.ObservationFilterChainDecorator$VirtualFilterChain.doFilter(ObservationFilterChainDecorator.java:137)
	at org.springframework.security.web.authentication.AnonymousAuthenticationFilter.doFilter(AnonymousAuthenticationFilter.java:100)
	at org.springframework.security.web.ObservationFilterChainDecorator$ObservationFilter.wrapFilter(ObservationFilterChainDecorator.java:240)
	at org.springframework.security.web.ObservationFilterChainDecorator$ObservationFilter.doFilter(ObservationFilterChainDecorator.java:227)
	at org.springframework.security.web.ObservationFilterChainDecorator$VirtualFilterChain.doFilter(ObservationFilterChainDecorator.java:137)
	at org.springframework.security.web.servletapi.SecurityContextHolderAwareRequestFilter.doFilter(SecurityContextHolderAwareRequestFilter.java:179)
	at org.springframework.security.web.ObservationFilterChainDecorator$ObservationFilter.wrapFilter(ObservationFilterChainDecorator.java:240)
	at org.springframework.security.web.ObservationFilterChainDecorator$ObservationFilter.doFilter(ObservationFilterChainDecorator.java:227)
	at org.springframework.security.web.ObservationFilterChainDecorator$VirtualFilterChain.doFilter(ObservationFilterChainDecorator.java:137)
	at org.springframework.security.web.savedrequest.RequestCacheAwareFilter.doFilter(RequestCacheAwareFilter.java:63)
	at org.springframework.security.web.ObservationFilterChainDecorator$ObservationFilter.wrapFilter(ObservationFilterChainDecorator.java:240)
	at org.springframework.security.web.ObservationFilterChainDecorator$ObservationFilter.doFilter(ObservationFilterChainDecorator.java:227)
	at org.springframework.security.web.ObservationFilterChainDecorator$VirtualFilterChain.doFilter(ObservationFilterChainDecorator.java:137)
	at org.springframework.security.web.authentication.www.BasicAuthenticationFilter.doFilterInternal(BasicAuthenticationFilter.java:181)
	at org.springframework.web.filter.OncePerRequestFilter.doFilter(OncePerRequestFilter.java:116)
	at org.springframework.security.web.ObservationFilterChainDecorator$ObservationFilter.wrapFilter(ObservationFilterChainDecorator.java:240)
	at org.springframework.security.web.ObservationFilterChainDecorator$ObservationFilter.doFilter(ObservationFilterChainDecorator.java:227)
	at org.springframework.security.web.ObservationFilterChainDecorator$VirtualFilterChain.doFilter(ObservationFilterChainDecorator.java:137)
	at org.springframework.security.web.csrf.CsrfFilter.doFilterInternal(CsrfFilter.java:117)
	at org.springframework.web.filter.OncePerRequestFilter.doFilter(OncePerRequestFilter.java:116)
	at org.springframework.security.web.ObservationFilterChainDecorator$ObservationFilter.wrapFilter(ObservationFilterChainDecorator.java:240)
	at org.springframework.security.web.ObservationFilterChainDecorator$ObservationFilter.doFilter(ObservationFilterChainDecorator.java:227)
	at org.springframework.security.web.ObservationFilterChainDecorator$VirtualFilterChain.doFilter(ObservationFilterChainDecorator.java:137)
	at org.springframework.security.web.header.HeaderWriterFilter.doHeadersAfter(HeaderWriterFilter.java:90)
	at org.springframework.security.web.header.HeaderWriterFilter.doFilterInternal(HeaderWriterFilter.java:75)
	at org.springframework.web.filter.OncePerRequestFilter.doFilter(OncePerRequestFilter.java:116)
	at org.springframework.security.web.ObservationFilterChainDecorator$ObservationFilter.wrapFilter(ObservationFilterChainDecorator.java:240)
	at org.springframework.security.web.ObservationFilterChainDecorator$ObservationFilter.doFilter(ObservationFilterChainDecorator.java:227)
	at org.springframework.security.web.ObservationFilterChainDecorator$VirtualFilterChain.doFilter(ObservationFilterChainDecorator.java:137)
	at org.springframework.security.web.context.SecurityContextHolderFilter.doFilter(SecurityContextHolderFilter.java:82)
	at org.springframework.security.web.context.SecurityContextHolderFilter.doFilter(SecurityContextHolderFilter.java:69)
	at org.springframework.security.web.ObservationFilterChainDecorator$ObservationFilter.wrapFilter(ObservationFilterChainDecorator.java:240)
	at org.springframework.security.web.ObservationFilterChainDecorator$ObservationFilter.doFilter(ObservationFilterChainDecorator.java:227)
	at org.springframework.security.web.ObservationFilterChainDecorator$VirtualFilterChain.doFilter(ObservationFilterChainDecorator.java:137)
	at org.springframework.security.web.context.request.async.WebAsyncManagerIntegrationFilter.doFilterInternal(WebAsyncManagerIntegrationFilter.java:62)
	at org.springframework.web.filter.OncePerRequestFilter.doFilter(OncePerRequestFilter.java:116)
	at org.springframework.security.web.ObservationFilterChainDecorator$ObservationFilter.wrapFilter(ObservationFilterChainDecorator.java:240)
	at org.springframework.security.web.ObservationFilterChainDecorator$ObservationFilter.doFilter(ObservationFilterChainDecorator.java:227)
	at org.springframework.security.web.ObservationFilterChainDecorator$VirtualFilterChain.doFilter(ObservationFilterChainDecorator.java:137)
	at org.springframework.security.web.session.DisableEncodeUrlFilter.doFilterInternal(DisableEncodeUrlFilter.java:42)
	at org.springframework.web.filter.OncePerRequestFilter.doFilter(OncePerRequestFilter.java:116)
	at org.springframework.security.web.ObservationFilterChainDecorator$ObservationFilter.wrapFilter(ObservationFilterChainDecorator.java:240)
	at org.springframework.security.web.ObservationFilterChainDecorator$AroundFilterObservation$SimpleAroundFilterObservation.lambda$wrap$0(ObservationFilterChainDecorator.java:323)
	at org.springframework.security.web.ObservationFilterChainDecorator$ObservationFilter.doFilter(ObservationFilterChainDecorator.java:224)
	at org.springframework.security.web.ObservationFilterChainDecorator$VirtualFilterChain.doFilter(ObservationFilterChainDecorator.java:137)
	at org.springframework.security.web.FilterChainProxy.doFilterInternal(FilterChainProxy.java:233)
	at org.springframework.security.web.FilterChainProxy.doFilter(FilterChainProxy.java:191)
	at org.springframework.web.filter.CompositeFilter$VirtualFilterChain.doFilter(CompositeFilter.java:113)
	at org.springframework.web.servlet.handler.HandlerMappingIntrospector.lambda$createCacheFilter$3(HandlerMappingIntrospector.java:195)
	at org.springframework.web.filter.CompositeFilter$VirtualFilterChain.doFilter(CompositeFilter.java:113)
	at org.springframework.web.filter.CompositeFilter.doFilter(CompositeFilter.java:74)
	at org.springframework.security.config.annotation.web.configuration.WebMvcSecurityConfiguration$CompositeFilterChainProxy.doFilter(WebMvcSecurityConfiguration.java:230)
	at org.springframework.web.filter.DelegatingFilterProxy.invokeDelegate(DelegatingFilterProxy.java:362)
	at org.springframework.web.filter.DelegatingFilterProxy.doFilter(DelegatingFilterProxy.java:278)
	at org.apache.catalina.core.ApplicationFilterChain.internalDoFilter(ApplicationFilterChain.java:164)
	at org.apache.catalina.core.ApplicationFilterChain.doFilter(ApplicationFilterChain.java:140)
	at org.springframework.web.filter.RequestContextFilter.doFilterInternal(RequestContextFilter.java:100)
	at org.springframework.web.filter.OncePerRequestFilter.doFilter(OncePerRequestFilter.java:116)
	at org.apache.catalina.core.ApplicationFilterChain.internalDoFilter(ApplicationFilterChain.java:164)
	at org.apache.catalina.core.ApplicationFilterChain.doFilter(ApplicationFilterChain.java:140)
	at org.springframework.web.filter.FormContentFilter.doFilterInternal(FormContentFilter.java:93)
	at org.springframework.web.filter.OncePerRequestFilter.doFilter(OncePerRequestFilter.java:116)
	at org.apache.catalina.core.ApplicationFilterChain.internalDoFilter(ApplicationFilterChain.java:164)
	at org.apache.catalina.core.ApplicationFilterChain.doFilter(ApplicationFilterChain.java:140)
	at org.springframework.web.filter.ServerHttpObservationFilter.doFilterInternal(ServerHttpObservationFilter.java:113)
	at org.springframework.web.filter.OncePerRequestFilter.doFilter(OncePerRequestFilter.java:116)
	at org.apache.catalina.core.ApplicationFilterChain.internalDoFilter(ApplicationFilterChain.java:164)
	at org.apache.catalina.core.ApplicationFilterChain.doFilter(ApplicationFilterChain.java:140)
	at org.springframework.web.filter.CharacterEncodingFilter.doFilterInternal(CharacterEncodingFilter.java:201)
	at org.springframework.web.filter.OncePerRequestFilter.doFilter(OncePerRequestFilter.java:116)
	at org.apache.catalina.core.ApplicationFilterChain.internalDoFilter(ApplicationFilterChain.java:164)
	at org.apache.catalina.core.ApplicationFilterChain.doFilter(ApplicationFilterChain.java:140)
	at org.apache.catalina.core.StandardWrapperValve.invoke(StandardWrapperValve.java:167)
	at org.apache.catalina.core.StandardContextValve.invoke(StandardContextValve.java:90)
	at org.apache.catalina.authenticator.AuthenticatorBase.invoke(AuthenticatorBase.java:483)
	at org.apache.catalina.core.StandardHostValve.invoke(StandardHostValve.java:115)
	at org.apache.catalina.valves.ErrorReportValve.invoke(ErrorReportValve.java:93)
	at org.apache.catalina.core.StandardEngineValve.invoke(StandardEngineValve.java:74)
	at org.apache.catalina.connector.CoyoteAdapter.service(CoyoteAdapter.java:344)
	at org.apache.coyote.http11.Http11Processor.service(Http11Processor.java:397)
	at org.apache.coyote.AbstractProcessorLight.process(AbstractProcessorLight.java:63)
	at org.apache.coyote.AbstractProtocol$ConnectionHandler.process(AbstractProtocol.java:905)
	at org.apache.tomcat.util.net.NioEndpoint$SocketProcessor.doRun(NioEndpoint.java:1741)
	at org.apache.tomcat.util.net.SocketProcessorBase.run(SocketProcessorBase.java:52)
	at org.apache.tomcat.util.threads.ThreadPoolExecutor.runWorker(ThreadPoolExecutor.java:1190)
	at org.apache.tomcat.util.threads.ThreadPoolExecutor$Worker.run(ThreadPoolExecutor.java:659)
	at org.apache.tomcat.util.threads.TaskThread$WrappingRunnable.run(TaskThread.java:63)
	at java.base/java.lang.Thread.run(Thread.java:840)
25-05-20 10:19:16.790 [http-nio-8080-exec-3] WARN  o.a.c.util.SessionIdGeneratorBase - Creation of SecureRandom instance for session ID generation using [SHA1PRNG] took [134] milliseconds.
25-05-20 10:19:16.794 [http-nio-8080-exec-3] DEBUG o.s.s.w.s.HttpSessionRequestCache - Saved request http://localhost:8080/index.html?continue to session
25-05-20 10:19:16.794 [http-nio-8080-exec-3] DEBUG o.s.s.w.a.DelegatingAuthenticationEntryPoint - Trying to match using RequestHeaderRequestMatcher [expectedHeaderName=X-Requested-With, expectedHeaderValue=XMLHttpRequest]
25-05-20 10:19:16.795 [http-nio-8080-exec-3] DEBUG o.s.s.w.a.DelegatingAuthenticationEntryPoint - No match found. Using default entry point org.springframework.security.web.authentication.www.BasicAuthenticationEntryPoint@3c8c6d68
25-05-20 10:19:16.795 [http-nio-8080-exec-3] TRACE o.s.s.w.h.writers.HstsHeaderWriter - Not injecting HSTS header since it did not match request to [Is Secure]
25-05-20 10:19:16.805 [http-nio-8080-exec-3] TRACE o.s.security.web.FilterChainProxy - Trying to match request against DefaultSecurityFilterChain [RequestMatcher=any request, Filters=[org.springframework.security.web.session.DisableEncodeUrlFilter@1cf920f8, org.springframework.security.web.context.request.async.WebAsyncManagerIntegrationFilter@214a298e, org.springframework.security.web.context.SecurityContextHolderFilter@43f670f3, org.springframework.security.web.header.HeaderWriterFilter@5f49c09d, org.springframework.security.web.csrf.CsrfFilter@7c068c7b, org.springframework.security.web.authentication.www.BasicAuthenticationFilter@53eb4dae, org.springframework.security.web.savedrequest.RequestCacheAwareFilter@610640e3, org.springframework.security.web.servletapi.SecurityContextHolderAwareRequestFilter@362d91ef, org.springframework.security.web.authentication.AnonymousAuthenticationFilter@4aa9c765, org.springframework.security.web.access.ExceptionTranslationFilter@66227940, org.springframework.security.web.access.intercept.AuthorizationFilter@6daeaff2]] (1/1)
25-05-20 10:19:16.807 [http-nio-8080-exec-3] DEBUG o.s.security.web.FilterChainProxy - Securing GET /error
25-05-20 10:19:16.807 [http-nio-8080-exec-3] TRACE o.s.security.web.FilterChainProxy - Invoking DisableEncodeUrlFilter (1/11)
25-05-20 10:19:16.808 [http-nio-8080-exec-3] TRACE o.s.security.web.FilterChainProxy - Invoking WebAsyncManagerIntegrationFilter (2/11)
25-05-20 10:19:16.808 [http-nio-8080-exec-3] TRACE o.s.security.web.FilterChainProxy - Invoking SecurityContextHolderFilter (3/11)
25-05-20 10:19:16.808 [http-nio-8080-exec-3] TRACE o.s.security.web.FilterChainProxy - Invoking HeaderWriterFilter (4/11)
25-05-20 10:19:16.808 [http-nio-8080-exec-3] TRACE o.s.security.web.FilterChainProxy - Invoking CsrfFilter (5/11)
25-05-20 10:19:16.808 [http-nio-8080-exec-3] TRACE o.s.security.web.FilterChainProxy - Invoking BasicAuthenticationFilter (6/11)
25-05-20 10:19:16.808 [http-nio-8080-exec-3] TRACE o.s.security.web.FilterChainProxy - Invoking RequestCacheAwareFilter (7/11)
25-05-20 10:19:16.808 [http-nio-8080-exec-3] TRACE o.s.s.w.s.HttpSessionRequestCache - matchingRequestParameterName is required for getMatchingRequest to lookup a value, but not provided
25-05-20 10:19:16.808 [http-nio-8080-exec-3] TRACE o.s.security.web.FilterChainProxy - Invoking SecurityContextHolderAwareRequestFilter (8/11)
25-05-20 10:19:16.808 [http-nio-8080-exec-3] TRACE o.s.security.web.FilterChainProxy - Invoking AnonymousAuthenticationFilter (9/11)
25-05-20 10:19:16.809 [http-nio-8080-exec-3] TRACE o.s.security.web.FilterChainProxy - Invoking ExceptionTranslationFilter (10/11)
25-05-20 10:19:16.809 [http-nio-8080-exec-3] TRACE o.s.security.web.FilterChainProxy - Invoking AuthorizationFilter (11/11)
25-05-20 10:19:16.809 [http-nio-8080-exec-3] TRACE o.s.s.w.a.i.RequestMatcherDelegatingAuthorizationManager - Authorizing GET /error
25-05-20 10:19:16.809 [http-nio-8080-exec-3] TRACE o.s.s.w.a.i.RequestMatcherDelegatingAuthorizationManager - Checking authorization on GET /error using org.springframework.security.authorization.AuthenticatedAuthorizationManager@3240b900
25-05-20 10:19:16.809 [http-nio-8080-exec-3] TRACE o.s.s.w.c.HttpSessionSecurityContextRepository - Did not find SecurityContext in HttpSession 49906AD24741E22D5A7DBCF560071F59 using the SPRING_SECURITY_CONTEXT session attribute
25-05-20 10:19:16.809 [http-nio-8080-exec-3] TRACE o.s.s.w.c.SupplierDeferredSecurityContext - Created SecurityContextImpl [Null authentication]
25-05-20 10:19:16.809 [http-nio-8080-exec-3] TRACE o.s.s.w.c.SupplierDeferredSecurityContext - Created SecurityContextImpl [Null authentication]
25-05-20 10:19:16.810 [http-nio-8080-exec-3] TRACE o.s.s.w.a.AnonymousAuthenticationFilter - Set SecurityContextHolder to AnonymousAuthenticationToken [Principal=anonymousUser, Credentials=[PROTECTED], Authenticated=true, Details=WebAuthenticationDetails [RemoteIpAddress=0:0:0:0:0:0:0:1, SessionId=49906AD24741E22D5A7DBCF560071F59], Granted Authorities=[ROLE_ANONYMOUS]]
25-05-20 10:19:16.810 [http-nio-8080-exec-3] TRACE o.s.s.w.a.ExceptionTranslationFilter - Sending AnonymousAuthenticationToken [Principal=anonymousUser, Credentials=[PROTECTED], Authenticated=true, Details=WebAuthenticationDetails [RemoteIpAddress=0:0:0:0:0:0:0:1, SessionId=49906AD24741E22D5A7DBCF560071F59], Granted Authorities=[ROLE_ANONYMOUS]] to authentication entry point since access is denied
org.springframework.security.access.AccessDeniedException: Access Denied
	at org.springframework.security.web.access.intercept.AuthorizationFilter.doFilter(AuthorizationFilter.java:98)
	at org.springframework.security.web.ObservationFilterChainDecorator$ObservationFilter.wrapFilter(ObservationFilterChainDecorator.java:240)
	at org.springframework.security.web.ObservationFilterChainDecorator$ObservationFilter.doFilter(ObservationFilterChainDecorator.java:227)
	at org.springframework.security.web.ObservationFilterChainDecorator$VirtualFilterChain.doFilter(ObservationFilterChainDecorator.java:137)
	at org.springframework.security.web.access.ExceptionTranslationFilter.doFilter(ExceptionTranslationFilter.java:126)
	at org.springframework.security.web.access.ExceptionTranslationFilter.doFilter(ExceptionTranslationFilter.java:120)
	at org.springframework.security.web.ObservationFilterChainDecorator$ObservationFilter.wrapFilter(ObservationFilterChainDecorator.java:240)
	at org.springframework.security.web.ObservationFilterChainDecorator$ObservationFilter.doFilter(ObservationFilterChainDecorator.java:227)
	at org.springframework.security.web.ObservationFilterChainDecorator$VirtualFilterChain.doFilter(ObservationFilterChainDecorator.java:137)
	at org.springframework.security.web.authentication.AnonymousAuthenticationFilter.doFilter(AnonymousAuthenticationFilter.java:100)
	at org.springframework.security.web.ObservationFilterChainDecorator$ObservationFilter.wrapFilter(ObservationFilterChainDecorator.java:240)
	at org.springframework.security.web.ObservationFilterChainDecorator$ObservationFilter.doFilter(ObservationFilterChainDecorator.java:227)
	at org.springframework.security.web.ObservationFilterChainDecorator$VirtualFilterChain.doFilter(ObservationFilterChainDecorator.java:137)
	at org.springframework.security.web.servletapi.SecurityContextHolderAwareRequestFilter.doFilter(SecurityContextHolderAwareRequestFilter.java:179)
	at org.springframework.security.web.ObservationFilterChainDecorator$ObservationFilter.wrapFilter(ObservationFilterChainDecorator.java:240)
	at org.springframework.security.web.ObservationFilterChainDecorator$ObservationFilter.doFilter(ObservationFilterChainDecorator.java:227)
	at org.springframework.security.web.ObservationFilterChainDecorator$VirtualFilterChain.doFilter(ObservationFilterChainDecorator.java:137)
	at org.springframework.security.web.savedrequest.RequestCacheAwareFilter.doFilter(RequestCacheAwareFilter.java:63)
	at org.springframework.security.web.ObservationFilterChainDecorator$ObservationFilter.wrapFilter(ObservationFilterChainDecorator.java:240)
	at org.springframework.security.web.ObservationFilterChainDecorator$ObservationFilter.doFilter(ObservationFilterChainDecorator.java:227)
	at org.springframework.security.web.ObservationFilterChainDecorator$VirtualFilterChain.doFilter(ObservationFilterChainDecorator.java:137)
	at org.springframework.web.filter.OncePerRequestFilter.doFilter(OncePerRequestFilter.java:101)
	at org.springframework.security.web.ObservationFilterChainDecorator$ObservationFilter.wrapFilter(ObservationFilterChainDecorator.java:240)
	at org.springframework.security.web.ObservationFilterChainDecorator$ObservationFilter.doFilter(ObservationFilterChainDecorator.java:227)
	at org.springframework.security.web.ObservationFilterChainDecorator$VirtualFilterChain.doFilter(ObservationFilterChainDecorator.java:137)
	at org.springframework.web.filter.OncePerRequestFilter.doFilter(OncePerRequestFilter.java:101)
	at org.springframework.security.web.ObservationFilterChainDecorator$ObservationFilter.wrapFilter(ObservationFilterChainDecorator.java:240)
	at org.springframework.security.web.ObservationFilterChainDecorator$ObservationFilter.doFilter(ObservationFilterChainDecorator.java:227)
	at org.springframework.security.web.ObservationFilterChainDecorator$VirtualFilterChain.doFilter(ObservationFilterChainDecorator.java:137)
	at org.springframework.web.filter.OncePerRequestFilter.doFilter(OncePerRequestFilter.java:101)
	at org.springframework.security.web.ObservationFilterChainDecorator$ObservationFilter.wrapFilter(ObservationFilterChainDecorator.java:240)
	at org.springframework.security.web.ObservationFilterChainDecorator$ObservationFilter.doFilter(ObservationFilterChainDecorator.java:227)
	at org.springframework.security.web.ObservationFilterChainDecorator$VirtualFilterChain.doFilter(ObservationFilterChainDecorator.java:137)
	at org.springframework.security.web.context.SecurityContextHolderFilter.doFilter(SecurityContextHolderFilter.java:82)
	at org.springframework.security.web.context.SecurityContextHolderFilter.doFilter(SecurityContextHolderFilter.java:69)
	at org.springframework.security.web.ObservationFilterChainDecorator$ObservationFilter.wrapFilter(ObservationFilterChainDecorator.java:240)
	at org.springframework.security.web.ObservationFilterChainDecorator$ObservationFilter.doFilter(ObservationFilterChainDecorator.java:227)
	at org.springframework.security.web.ObservationFilterChainDecorator$VirtualFilterChain.doFilter(ObservationFilterChainDecorator.java:137)
	at org.springframework.web.filter.OncePerRequestFilter.doFilter(OncePerRequestFilter.java:101)
	at org.springframework.security.web.ObservationFilterChainDecorator$ObservationFilter.wrapFilter(ObservationFilterChainDecorator.java:240)
	at org.springframework.security.web.ObservationFilterChainDecorator$ObservationFilter.doFilter(ObservationFilterChainDecorator.java:227)
	at org.springframework.security.web.ObservationFilterChainDecorator$VirtualFilterChain.doFilter(ObservationFilterChainDecorator.java:137)
	at org.springframework.web.filter.OncePerRequestFilter.doFilter(OncePerRequestFilter.java:101)
	at org.springframework.security.web.ObservationFilterChainDecorator$ObservationFilter.wrapFilter(ObservationFilterChainDecorator.java:240)
	at org.springframework.security.web.ObservationFilterChainDecorator$AroundFilterObservation$SimpleAroundFilterObservation.lambda$wrap$0(ObservationFilterChainDecorator.java:323)
	at org.springframework.security.web.ObservationFilterChainDecorator$ObservationFilter.doFilter(ObservationFilterChainDecorator.java:224)
	at org.springframework.security.web.ObservationFilterChainDecorator$VirtualFilterChain.doFilter(ObservationFilterChainDecorator.java:137)
	at org.springframework.security.web.FilterChainProxy.doFilterInternal(FilterChainProxy.java:233)
	at org.springframework.security.web.FilterChainProxy.doFilter(FilterChainProxy.java:191)
	at org.springframework.web.filter.CompositeFilter$VirtualFilterChain.doFilter(CompositeFilter.java:113)
	at org.springframework.web.servlet.handler.HandlerMappingIntrospector.lambda$createCacheFilter$3(HandlerMappingIntrospector.java:195)
	at org.springframework.web.filter.CompositeFilter$VirtualFilterChain.doFilter(CompositeFilter.java:113)
	at org.springframework.web.filter.CompositeFilter.doFilter(CompositeFilter.java:74)
	at org.springframework.security.config.annotation.web.configuration.WebMvcSecurityConfiguration$CompositeFilterChainProxy.doFilter(WebMvcSecurityConfiguration.java:230)
	at org.springframework.web.filter.DelegatingFilterProxy.invokeDelegate(DelegatingFilterProxy.java:362)
	at org.springframework.web.filter.DelegatingFilterProxy.doFilter(DelegatingFilterProxy.java:278)
	at org.apache.catalina.core.ApplicationFilterChain.internalDoFilter(ApplicationFilterChain.java:164)
	at org.apache.catalina.core.ApplicationFilterChain.doFilter(ApplicationFilterChain.java:140)
	at org.springframework.web.filter.RequestContextFilter.doFilterInternal(RequestContextFilter.java:100)
	at org.springframework.web.filter.OncePerRequestFilter.doFilter(OncePerRequestFilter.java:116)
	at org.apache.catalina.core.ApplicationFilterChain.internalDoFilter(ApplicationFilterChain.java:164)
	at org.apache.catalina.core.ApplicationFilterChain.doFilter(ApplicationFilterChain.java:140)
	at org.springframework.web.filter.OncePerRequestFilter.doFilter(OncePerRequestFilter.java:101)
	at org.apache.catalina.core.ApplicationFilterChain.internalDoFilter(ApplicationFilterChain.java:164)
	at org.apache.catalina.core.ApplicationFilterChain.doFilter(ApplicationFilterChain.java:140)
	at org.springframework.web.filter.OncePerRequestFilter.doFilter(OncePerRequestFilter.java:101)
	at org.apache.catalina.core.ApplicationFilterChain.internalDoFilter(ApplicationFilterChain.java:164)
	at org.apache.catalina.core.ApplicationFilterChain.doFilter(ApplicationFilterChain.java:140)
	at org.apache.catalina.core.ApplicationDispatcher.invoke(ApplicationDispatcher.java:632)
	at org.apache.catalina.core.ApplicationDispatcher.processRequest(ApplicationDispatcher.java:410)
	at org.apache.catalina.core.ApplicationDispatcher.doForward(ApplicationDispatcher.java:330)
	at org.apache.catalina.core.ApplicationDispatcher.forward(ApplicationDispatcher.java:267)
	at org.apache.catalina.core.StandardHostValve.custom(StandardHostValve.java:362)
	at org.apache.catalina.core.StandardHostValve.status(StandardHostValve.java:222)
	at org.apache.catalina.core.StandardHostValve.invoke(StandardHostValve.java:151)
	at org.apache.catalina.valves.ErrorReportValve.invoke(ErrorReportValve.java:93)
	at org.apache.catalina.core.StandardEngineValve.invoke(StandardEngineValve.java:74)
	at org.apache.catalina.connector.CoyoteAdapter.service(CoyoteAdapter.java:344)
	at org.apache.coyote.http11.Http11Processor.service(Http11Processor.java:397)
	at org.apache.coyote.AbstractProcessorLight.process(AbstractProcessorLight.java:63)
	at org.apache.coyote.AbstractProtocol$ConnectionHandler.process(AbstractProtocol.java:905)
	at org.apache.tomcat.util.net.NioEndpoint$SocketProcessor.doRun(NioEndpoint.java:1741)
	at org.apache.tomcat.util.net.SocketProcessorBase.run(SocketProcessorBase.java:52)
	at org.apache.tomcat.util.threads.ThreadPoolExecutor.runWorker(ThreadPoolExecutor.java:1190)
	at org.apache.tomcat.util.threads.ThreadPoolExecutor$Worker.run(ThreadPoolExecutor.java:659)
	at org.apache.tomcat.util.threads.TaskThread$WrappingRunnable.run(TaskThread.java:63)
	at java.base/java.lang.Thread.run(Thread.java:840)
25-05-20 10:19:16.812 [http-nio-8080-exec-3] DEBUG o.s.s.w.s.HttpSessionRequestCache - Saved request http://localhost:8080/error?continue to session
25-05-20 10:19:16.812 [http-nio-8080-exec-3] DEBUG o.s.s.w.a.DelegatingAuthenticationEntryPoint - Trying to match using RequestHeaderRequestMatcher [expectedHeaderName=X-Requested-With, expectedHeaderValue=XMLHttpRequest]
25-05-20 10:19:16.812 [http-nio-8080-exec-3] DEBUG o.s.s.w.a.DelegatingAuthenticationEntryPoint - No match found. Using default entry point org.springframework.security.web.authentication.www.BasicAuthenticationEntryPoint@3c8c6d68
25-05-20 10:19:27.685 [http-nio-8080-exec-1] TRACE o.s.security.web.FilterChainProxy - Trying to match request against DefaultSecurityFilterChain [RequestMatcher=any request, Filters=[org.springframework.security.web.session.DisableEncodeUrlFilter@1cf920f8, org.springframework.security.web.context.request.async.WebAsyncManagerIntegrationFilter@214a298e, org.springframework.security.web.context.SecurityContextHolderFilter@43f670f3, org.springframework.security.web.header.HeaderWriterFilter@5f49c09d, org.springframework.security.web.csrf.CsrfFilter@7c068c7b, org.springframework.security.web.authentication.www.BasicAuthenticationFilter@53eb4dae, org.springframework.security.web.savedrequest.RequestCacheAwareFilter@610640e3, org.springframework.security.web.servletapi.SecurityContextHolderAwareRequestFilter@362d91ef, org.springframework.security.web.authentication.AnonymousAuthenticationFilter@4aa9c765, org.springframework.security.web.access.ExceptionTranslationFilter@66227940, org.springframework.security.web.access.intercept.AuthorizationFilter@6daeaff2]] (1/1)
25-05-20 10:19:27.685 [http-nio-8080-exec-1] DEBUG o.s.security.web.FilterChainProxy - Securing GET /
25-05-20 10:19:27.687 [http-nio-8080-exec-1] TRACE o.s.security.web.FilterChainProxy - Invoking DisableEncodeUrlFilter (1/11)
25-05-20 10:19:27.687 [http-nio-8080-exec-1] TRACE o.s.security.web.FilterChainProxy - Invoking WebAsyncManagerIntegrationFilter (2/11)
25-05-20 10:19:27.688 [http-nio-8080-exec-1] TRACE o.s.security.web.FilterChainProxy - Invoking SecurityContextHolderFilter (3/11)
25-05-20 10:19:27.688 [http-nio-8080-exec-1] TRACE o.s.security.web.FilterChainProxy - Invoking HeaderWriterFilter (4/11)
25-05-20 10:19:27.688 [http-nio-8080-exec-1] TRACE o.s.security.web.FilterChainProxy - Invoking CsrfFilter (5/11)
25-05-20 10:19:27.689 [http-nio-8080-exec-1] TRACE o.s.security.web.csrf.CsrfFilter - Did not protect against CSRF since request did not match CsrfNotRequired [TRACE, HEAD, GET, OPTIONS]
25-05-20 10:19:27.689 [http-nio-8080-exec-1] TRACE o.s.security.web.FilterChainProxy - Invoking BasicAuthenticationFilter (6/11)
25-05-20 10:19:27.689 [http-nio-8080-exec-1] TRACE o.s.s.w.a.w.BasicAuthenticationFilter - Did not process authentication request since failed to find username and password in Basic Authorization header
25-05-20 10:19:27.689 [http-nio-8080-exec-1] TRACE o.s.security.web.FilterChainProxy - Invoking RequestCacheAwareFilter (7/11)
25-05-20 10:19:27.690 [http-nio-8080-exec-1] TRACE o.s.s.w.s.HttpSessionRequestCache - matchingRequestParameterName is required for getMatchingRequest to lookup a value, but not provided
25-05-20 10:19:27.690 [http-nio-8080-exec-1] TRACE o.s.security.web.FilterChainProxy - Invoking SecurityContextHolderAwareRequestFilter (8/11)
25-05-20 10:19:27.690 [http-nio-8080-exec-1] TRACE o.s.security.web.FilterChainProxy - Invoking AnonymousAuthenticationFilter (9/11)
25-05-20 10:19:27.691 [http-nio-8080-exec-1] TRACE o.s.security.web.FilterChainProxy - Invoking ExceptionTranslationFilter (10/11)
25-05-20 10:19:27.691 [http-nio-8080-exec-1] TRACE o.s.security.web.FilterChainProxy - Invoking AuthorizationFilter (11/11)
25-05-20 10:19:27.692 [http-nio-8080-exec-1] TRACE o.s.s.w.a.i.RequestMatcherDelegatingAuthorizationManager - Authorizing GET /
25-05-20 10:19:27.692 [http-nio-8080-exec-1] TRACE o.s.s.w.a.i.RequestMatcherDelegatingAuthorizationManager - Checking authorization on GET / using org.springframework.security.config.annotation.web.configurers.AuthorizeHttpRequestsConfigurer$$Lambda$1541/0x000001c801b34d00@287b70f8
25-05-20 10:19:27.697 [http-nio-8080-exec-1] DEBUG o.s.security.web.FilterChainProxy - Secured GET /
25-05-20 10:19:27.745 [http-nio-8080-exec-1] TRACE o.s.security.web.FilterChainProxy - Trying to match request against DefaultSecurityFilterChain [RequestMatcher=any request, Filters=[org.springframework.security.web.session.DisableEncodeUrlFilter@1cf920f8, org.springframework.security.web.context.request.async.WebAsyncManagerIntegrationFilter@214a298e, org.springframework.security.web.context.SecurityContextHolderFilter@43f670f3, org.springframework.security.web.header.HeaderWriterFilter@5f49c09d, org.springframework.security.web.csrf.CsrfFilter@7c068c7b, org.springframework.security.web.authentication.www.BasicAuthenticationFilter@53eb4dae, org.springframework.security.web.savedrequest.RequestCacheAwareFilter@610640e3, org.springframework.security.web.servletapi.SecurityContextHolderAwareRequestFilter@362d91ef, org.springframework.security.web.authentication.AnonymousAuthenticationFilter@4aa9c765, org.springframework.security.web.access.ExceptionTranslationFilter@66227940, org.springframework.security.web.access.intercept.AuthorizationFilter@6daeaff2]] (1/1)
25-05-20 10:19:27.745 [http-nio-8080-exec-1] DEBUG o.s.security.web.FilterChainProxy - Securing GET /index.html
25-05-20 10:19:27.746 [http-nio-8080-exec-1] TRACE o.s.security.web.FilterChainProxy - Invoking DisableEncodeUrlFilter (1/11)
25-05-20 10:19:27.746 [http-nio-8080-exec-1] TRACE o.s.security.web.FilterChainProxy - Invoking WebAsyncManagerIntegrationFilter (2/11)
25-05-20 10:19:27.747 [http-nio-8080-exec-1] TRACE o.s.security.web.FilterChainProxy - Invoking SecurityContextHolderFilter (3/11)
25-05-20 10:19:27.747 [http-nio-8080-exec-1] TRACE o.s.security.web.FilterChainProxy - Invoking HeaderWriterFilter (4/11)
25-05-20 10:19:27.747 [http-nio-8080-exec-1] TRACE o.s.security.web.FilterChainProxy - Invoking CsrfFilter (5/11)
25-05-20 10:19:27.748 [http-nio-8080-exec-1] TRACE o.s.security.web.FilterChainProxy - Invoking BasicAuthenticationFilter (6/11)
25-05-20 10:19:27.749 [http-nio-8080-exec-1] TRACE o.s.security.web.FilterChainProxy - Invoking RequestCacheAwareFilter (7/11)
25-05-20 10:19:27.749 [http-nio-8080-exec-1] TRACE o.s.s.w.s.HttpSessionRequestCache - matchingRequestParameterName is required for getMatchingRequest to lookup a value, but not provided
25-05-20 10:19:27.749 [http-nio-8080-exec-1] TRACE o.s.security.web.FilterChainProxy - Invoking SecurityContextHolderAwareRequestFilter (8/11)
25-05-20 10:19:27.750 [http-nio-8080-exec-1] TRACE o.s.security.web.FilterChainProxy - Invoking AnonymousAuthenticationFilter (9/11)
25-05-20 10:19:27.750 [http-nio-8080-exec-1] TRACE o.s.security.web.FilterChainProxy - Invoking ExceptionTranslationFilter (10/11)
25-05-20 10:19:27.750 [http-nio-8080-exec-1] TRACE o.s.security.web.FilterChainProxy - Invoking AuthorizationFilter (11/11)
25-05-20 10:19:27.750 [http-nio-8080-exec-1] TRACE o.s.s.w.a.i.RequestMatcherDelegatingAuthorizationManager - Authorizing GET /index.html
25-05-20 10:19:27.751 [http-nio-8080-exec-1] TRACE o.s.s.w.a.i.RequestMatcherDelegatingAuthorizationManager - Checking authorization on GET /index.html using org.springframework.security.authorization.AuthenticatedAuthorizationManager@3240b900
25-05-20 10:19:27.751 [http-nio-8080-exec-1] TRACE o.s.s.w.c.HttpSessionSecurityContextRepository - Did not find SecurityContext in HttpSession 49906AD24741E22D5A7DBCF560071F59 using the SPRING_SECURITY_CONTEXT session attribute
25-05-20 10:19:27.752 [http-nio-8080-exec-1] TRACE o.s.s.w.c.SupplierDeferredSecurityContext - Created SecurityContextImpl [Null authentication]
25-05-20 10:19:27.752 [http-nio-8080-exec-1] TRACE o.s.s.w.c.SupplierDeferredSecurityContext - Created SecurityContextImpl [Null authentication]
25-05-20 10:19:27.752 [http-nio-8080-exec-1] TRACE o.s.s.w.a.AnonymousAuthenticationFilter - Set SecurityContextHolder to AnonymousAuthenticationToken [Principal=anonymousUser, Credentials=[PROTECTED], Authenticated=true, Details=WebAuthenticationDetails [RemoteIpAddress=0:0:0:0:0:0:0:1, SessionId=49906AD24741E22D5A7DBCF560071F59], Granted Authorities=[ROLE_ANONYMOUS]]
25-05-20 10:19:27.753 [http-nio-8080-exec-1] TRACE o.s.s.w.a.AnonymousAuthenticationFilter - Did not set SecurityContextHolder since already authenticated AnonymousAuthenticationToken [Principal=anonymousUser, Credentials=[PROTECTED], Authenticated=true, Details=WebAuthenticationDetails [RemoteIpAddress=0:0:0:0:0:0:0:1, SessionId=49906AD24741E22D5A7DBCF560071F59], Granted Authorities=[ROLE_ANONYMOUS]]
25-05-20 10:19:27.754 [http-nio-8080-exec-1] TRACE o.s.s.w.a.ExceptionTranslationFilter - Sending AnonymousAuthenticationToken [Principal=anonymousUser, Credentials=[PROTECTED], Authenticated=true, Details=WebAuthenticationDetails [RemoteIpAddress=0:0:0:0:0:0:0:1, SessionId=49906AD24741E22D5A7DBCF560071F59], Granted Authorities=[ROLE_ANONYMOUS]] to authentication entry point since access is denied
org.springframework.security.access.AccessDeniedException: Access Denied
	at org.springframework.security.web.access.intercept.AuthorizationFilter.doFilter(AuthorizationFilter.java:98)
	at org.springframework.security.web.ObservationFilterChainDecorator$ObservationFilter.wrapFilter(ObservationFilterChainDecorator.java:240)
	at org.springframework.security.web.ObservationFilterChainDecorator$ObservationFilter.doFilter(ObservationFilterChainDecorator.java:227)
	at org.springframework.security.web.ObservationFilterChainDecorator$VirtualFilterChain.doFilter(ObservationFilterChainDecorator.java:137)
	at org.springframework.security.web.access.ExceptionTranslationFilter.doFilter(ExceptionTranslationFilter.java:126)
	at org.springframework.security.web.access.ExceptionTranslationFilter.doFilter(ExceptionTranslationFilter.java:120)
	at org.springframework.security.web.ObservationFilterChainDecorator$ObservationFilter.wrapFilter(ObservationFilterChainDecorator.java:240)
	at org.springframework.security.web.ObservationFilterChainDecorator$ObservationFilter.doFilter(ObservationFilterChainDecorator.java:227)
	at org.springframework.security.web.ObservationFilterChainDecorator$VirtualFilterChain.doFilter(ObservationFilterChainDecorator.java:137)
	at org.springframework.security.web.authentication.AnonymousAuthenticationFilter.doFilter(AnonymousAuthenticationFilter.java:100)
	at org.springframework.security.web.ObservationFilterChainDecorator$ObservationFilter.wrapFilter(ObservationFilterChainDecorator.java:240)
	at org.springframework.security.web.ObservationFilterChainDecorator$ObservationFilter.doFilter(ObservationFilterChainDecorator.java:227)
	at org.springframework.security.web.ObservationFilterChainDecorator$VirtualFilterChain.doFilter(ObservationFilterChainDecorator.java:137)
	at org.springframework.security.web.servletapi.SecurityContextHolderAwareRequestFilter.doFilter(SecurityContextHolderAwareRequestFilter.java:179)
	at org.springframework.security.web.ObservationFilterChainDecorator$ObservationFilter.wrapFilter(ObservationFilterChainDecorator.java:240)
	at org.springframework.security.web.ObservationFilterChainDecorator$ObservationFilter.doFilter(ObservationFilterChainDecorator.java:227)
	at org.springframework.security.web.ObservationFilterChainDecorator$VirtualFilterChain.doFilter(ObservationFilterChainDecorator.java:137)
	at org.springframework.security.web.savedrequest.RequestCacheAwareFilter.doFilter(RequestCacheAwareFilter.java:63)
	at org.springframework.security.web.ObservationFilterChainDecorator$ObservationFilter.wrapFilter(ObservationFilterChainDecorator.java:240)
	at org.springframework.security.web.ObservationFilterChainDecorator$ObservationFilter.doFilter(ObservationFilterChainDecorator.java:227)
	at org.springframework.security.web.ObservationFilterChainDecorator$VirtualFilterChain.doFilter(ObservationFilterChainDecorator.java:137)
	at org.springframework.web.filter.OncePerRequestFilter.doFilter(OncePerRequestFilter.java:110)
	at org.springframework.security.web.ObservationFilterChainDecorator$ObservationFilter.wrapFilter(ObservationFilterChainDecorator.java:240)
	at org.springframework.security.web.ObservationFilterChainDecorator$ObservationFilter.doFilter(ObservationFilterChainDecorator.java:227)
	at org.springframework.security.web.ObservationFilterChainDecorator$VirtualFilterChain.doFilter(ObservationFilterChainDecorator.java:137)
	at org.springframework.web.filter.OncePerRequestFilter.doFilter(OncePerRequestFilter.java:110)
	at org.springframework.security.web.ObservationFilterChainDecorator$ObservationFilter.wrapFilter(ObservationFilterChainDecorator.java:240)
	at org.springframework.security.web.ObservationFilterChainDecorator$ObservationFilter.doFilter(ObservationFilterChainDecorator.java:227)
	at org.springframework.security.web.ObservationFilterChainDecorator$VirtualFilterChain.doFilter(ObservationFilterChainDecorator.java:137)
	at org.springframework.web.filter.OncePerRequestFilter.doFilter(OncePerRequestFilter.java:110)
	at org.springframework.security.web.ObservationFilterChainDecorator$ObservationFilter.wrapFilter(ObservationFilterChainDecorator.java:240)
	at org.springframework.security.web.ObservationFilterChainDecorator$ObservationFilter.doFilter(ObservationFilterChainDecorator.java:227)
	at org.springframework.security.web.ObservationFilterChainDecorator$VirtualFilterChain.doFilter(ObservationFilterChainDecorator.java:137)
	at org.springframework.security.web.context.SecurityContextHolderFilter.doFilter(SecurityContextHolderFilter.java:75)
	at org.springframework.security.web.context.SecurityContextHolderFilter.doFilter(SecurityContextHolderFilter.java:69)
	at org.springframework.security.web.ObservationFilterChainDecorator$ObservationFilter.wrapFilter(ObservationFilterChainDecorator.java:240)
	at org.springframework.security.web.ObservationFilterChainDecorator$ObservationFilter.doFilter(ObservationFilterChainDecorator.java:227)
	at org.springframework.security.web.ObservationFilterChainDecorator$VirtualFilterChain.doFilter(ObservationFilterChainDecorator.java:137)
	at org.springframework.web.filter.OncePerRequestFilter.doFilter(OncePerRequestFilter.java:110)
	at org.springframework.security.web.ObservationFilterChainDecorator$ObservationFilter.wrapFilter(ObservationFilterChainDecorator.java:240)
	at org.springframework.security.web.ObservationFilterChainDecorator$ObservationFilter.doFilter(ObservationFilterChainDecorator.java:227)
	at org.springframework.security.web.ObservationFilterChainDecorator$VirtualFilterChain.doFilter(ObservationFilterChainDecorator.java:137)
	at org.springframework.web.filter.OncePerRequestFilter.doFilter(OncePerRequestFilter.java:110)
	at org.springframework.security.web.ObservationFilterChainDecorator$ObservationFilter.wrapFilter(ObservationFilterChainDecorator.java:240)
	at org.springframework.security.web.ObservationFilterChainDecorator$AroundFilterObservation$SimpleAroundFilterObservation.lambda$wrap$0(ObservationFilterChainDecorator.java:323)
	at org.springframework.security.web.ObservationFilterChainDecorator$ObservationFilter.doFilter(ObservationFilterChainDecorator.java:224)
	at org.springframework.security.web.ObservationFilterChainDecorator$VirtualFilterChain.doFilter(ObservationFilterChainDecorator.java:137)
	at org.springframework.security.web.FilterChainProxy.doFilterInternal(FilterChainProxy.java:233)
	at org.springframework.security.web.FilterChainProxy.doFilter(FilterChainProxy.java:186)
	at org.springframework.web.filter.CompositeFilter$VirtualFilterChain.doFilter(CompositeFilter.java:113)
	at org.springframework.web.servlet.handler.HandlerMappingIntrospector.lambda$createCacheFilter$3(HandlerMappingIntrospector.java:195)
	at org.springframework.web.filter.CompositeFilter$VirtualFilterChain.doFilter(CompositeFilter.java:113)
	at org.springframework.web.filter.CompositeFilter.doFilter(CompositeFilter.java:74)
	at org.springframework.security.config.annotation.web.configuration.WebMvcSecurityConfiguration$CompositeFilterChainProxy.doFilter(WebMvcSecurityConfiguration.java:230)
	at org.springframework.web.filter.DelegatingFilterProxy.invokeDelegate(DelegatingFilterProxy.java:362)
	at org.springframework.web.filter.DelegatingFilterProxy.doFilter(DelegatingFilterProxy.java:278)
	at org.apache.catalina.core.ApplicationFilterChain.internalDoFilter(ApplicationFilterChain.java:164)
	at org.apache.catalina.core.ApplicationFilterChain.doFilter(ApplicationFilterChain.java:140)
	at org.springframework.web.filter.OncePerRequestFilter.doFilter(OncePerRequestFilter.java:110)
	at org.apache.catalina.core.ApplicationFilterChain.internalDoFilter(ApplicationFilterChain.java:164)
	at org.apache.catalina.core.ApplicationFilterChain.doFilter(ApplicationFilterChain.java:140)
	at org.springframework.web.filter.OncePerRequestFilter.doFilter(OncePerRequestFilter.java:110)
	at org.apache.catalina.core.ApplicationFilterChain.internalDoFilter(ApplicationFilterChain.java:164)
	at org.apache.catalina.core.ApplicationFilterChain.doFilter(ApplicationFilterChain.java:140)
	at org.springframework.web.filter.OncePerRequestFilter.doFilter(OncePerRequestFilter.java:110)
	at org.apache.catalina.core.ApplicationFilterChain.internalDoFilter(ApplicationFilterChain.java:164)
	at org.apache.catalina.core.ApplicationFilterChain.doFilter(ApplicationFilterChain.java:140)
	at org.apache.catalina.core.ApplicationDispatcher.invoke(ApplicationDispatcher.java:632)
	at org.apache.catalina.core.ApplicationDispatcher.processRequest(ApplicationDispatcher.java:408)
	at org.apache.catalina.core.ApplicationDispatcher.doForward(ApplicationDispatcher.java:330)
	at org.apache.catalina.core.ApplicationDispatcher.forward(ApplicationDispatcher.java:267)
	at org.springframework.security.web.header.HeaderWriterFilter$HeaderWriterRequestDispatcher.forward(HeaderWriterFilter.java:170)
	at org.springframework.web.servlet.view.InternalResourceView.renderMergedOutputModel(InternalResourceView.java:171)
	at org.springframework.web.servlet.view.AbstractView.render(AbstractView.java:314)
	at org.springframework.web.servlet.DispatcherServlet.render(DispatcherServlet.java:1432)
	at org.springframework.web.servlet.DispatcherServlet.processDispatchResult(DispatcherServlet.java:1168)
	at org.springframework.web.servlet.DispatcherServlet.doDispatch(DispatcherServlet.java:1106)
	at org.springframework.web.servlet.DispatcherServlet.doService(DispatcherServlet.java:979)
	at org.springframework.web.servlet.FrameworkServlet.processRequest(FrameworkServlet.java:1014)
	at org.springframework.web.servlet.FrameworkServlet.doGet(FrameworkServlet.java:903)
	at jakarta.servlet.http.HttpServlet.service(HttpServlet.java:564)
	at org.springframework.web.servlet.FrameworkServlet.service(FrameworkServlet.java:885)
	at jakarta.servlet.http.HttpServlet.service(HttpServlet.java:658)
	at org.apache.catalina.core.ApplicationFilterChain.internalDoFilter(ApplicationFilterChain.java:195)
	at org.apache.catalina.core.ApplicationFilterChain.doFilter(ApplicationFilterChain.java:140)
	at org.apache.tomcat.websocket.server.WsFilter.doFilter(WsFilter.java:51)
	at org.apache.catalina.core.ApplicationFilterChain.internalDoFilter(ApplicationFilterChain.java:164)
	at org.apache.catalina.core.ApplicationFilterChain.doFilter(ApplicationFilterChain.java:140)
	at org.springframework.web.filter.CompositeFilter$VirtualFilterChain.doFilter(CompositeFilter.java:108)
	at org.springframework.security.web.FilterChainProxy.lambda$doFilterInternal$3(FilterChainProxy.java:231)
	at org.springframework.security.web.ObservationFilterChainDecorator$FilterObservation$SimpleFilterObservation.lambda$wrap$1(ObservationFilterChainDecorator.java:479)
	at org.springframework.security.web.ObservationFilterChainDecorator$AroundFilterObservation$SimpleAroundFilterObservation.lambda$wrap$1(ObservationFilterChainDecorator.java:340)
	at org.springframework.security.web.ObservationFilterChainDecorator.lambda$wrapSecured$0(ObservationFilterChainDecorator.java:82)
	at org.springframework.security.web.ObservationFilterChainDecorator$VirtualFilterChain.doFilter(ObservationFilterChainDecorator.java:128)
	at org.springframework.security.web.access.intercept.AuthorizationFilter.doFilter(AuthorizationFilter.java:100)
	at org.springframework.security.web.ObservationFilterChainDecorator$ObservationFilter.wrapFilter(ObservationFilterChainDecorator.java:240)
	at org.springframework.security.web.ObservationFilterChainDecorator$ObservationFilter.doFilter(ObservationFilterChainDecorator.java:227)
	at org.springframework.security.web.ObservationFilterChainDecorator$VirtualFilterChain.doFilter(ObservationFilterChainDecorator.java:137)
	at org.springframework.security.web.access.ExceptionTranslationFilter.doFilter(ExceptionTranslationFilter.java:126)
	at org.springframework.security.web.access.ExceptionTranslationFilter.doFilter(ExceptionTranslationFilter.java:120)
	at org.springframework.security.web.ObservationFilterChainDecorator$ObservationFilter.wrapFilter(ObservationFilterChainDecorator.java:240)
	at org.springframework.security.web.ObservationFilterChainDecorator$ObservationFilter.doFilter(ObservationFilterChainDecorator.java:227)
	at org.springframework.security.web.ObservationFilterChainDecorator$VirtualFilterChain.doFilter(ObservationFilterChainDecorator.java:137)
	at org.springframework.security.web.authentication.AnonymousAuthenticationFilter.doFilter(AnonymousAuthenticationFilter.java:100)
	at org.springframework.security.web.ObservationFilterChainDecorator$ObservationFilter.wrapFilter(ObservationFilterChainDecorator.java:240)
	at org.springframework.security.web.ObservationFilterChainDecorator$ObservationFilter.doFilter(ObservationFilterChainDecorator.java:227)
	at org.springframework.security.web.ObservationFilterChainDecorator$VirtualFilterChain.doFilter(ObservationFilterChainDecorator.java:137)
	at org.springframework.security.web.servletapi.SecurityContextHolderAwareRequestFilter.doFilter(SecurityContextHolderAwareRequestFilter.java:179)
	at org.springframework.security.web.ObservationFilterChainDecorator$ObservationFilter.wrapFilter(ObservationFilterChainDecorator.java:240)
	at org.springframework.security.web.ObservationFilterChainDecorator$ObservationFilter.doFilter(ObservationFilterChainDecorator.java:227)
	at org.springframework.security.web.ObservationFilterChainDecorator$VirtualFilterChain.doFilter(ObservationFilterChainDecorator.java:137)
	at org.springframework.security.web.savedrequest.RequestCacheAwareFilter.doFilter(RequestCacheAwareFilter.java:63)
	at org.springframework.security.web.ObservationFilterChainDecorator$ObservationFilter.wrapFilter(ObservationFilterChainDecorator.java:240)
	at org.springframework.security.web.ObservationFilterChainDecorator$ObservationFilter.doFilter(ObservationFilterChainDecorator.java:227)
	at org.springframework.security.web.ObservationFilterChainDecorator$VirtualFilterChain.doFilter(ObservationFilterChainDecorator.java:137)
	at org.springframework.security.web.authentication.www.BasicAuthenticationFilter.doFilterInternal(BasicAuthenticationFilter.java:181)
	at org.springframework.web.filter.OncePerRequestFilter.doFilter(OncePerRequestFilter.java:116)
	at org.springframework.security.web.ObservationFilterChainDecorator$ObservationFilter.wrapFilter(ObservationFilterChainDecorator.java:240)
	at org.springframework.security.web.ObservationFilterChainDecorator$ObservationFilter.doFilter(ObservationFilterChainDecorator.java:227)
	at org.springframework.security.web.ObservationFilterChainDecorator$VirtualFilterChain.doFilter(ObservationFilterChainDecorator.java:137)
	at org.springframework.security.web.csrf.CsrfFilter.doFilterInternal(CsrfFilter.java:117)
	at org.springframework.web.filter.OncePerRequestFilter.doFilter(OncePerRequestFilter.java:116)
	at org.springframework.security.web.ObservationFilterChainDecorator$ObservationFilter.wrapFilter(ObservationFilterChainDecorator.java:240)
	at org.springframework.security.web.ObservationFilterChainDecorator$ObservationFilter.doFilter(ObservationFilterChainDecorator.java:227)
	at org.springframework.security.web.ObservationFilterChainDecorator$VirtualFilterChain.doFilter(ObservationFilterChainDecorator.java:137)
	at org.springframework.security.web.header.HeaderWriterFilter.doHeadersAfter(HeaderWriterFilter.java:90)
	at org.springframework.security.web.header.HeaderWriterFilter.doFilterInternal(HeaderWriterFilter.java:75)
	at org.springframework.web.filter.OncePerRequestFilter.doFilter(OncePerRequestFilter.java:116)
	at org.springframework.security.web.ObservationFilterChainDecorator$ObservationFilter.wrapFilter(ObservationFilterChainDecorator.java:240)
	at org.springframework.security.web.ObservationFilterChainDecorator$ObservationFilter.doFilter(ObservationFilterChainDecorator.java:227)
	at org.springframework.security.web.ObservationFilterChainDecorator$VirtualFilterChain.doFilter(ObservationFilterChainDecorator.java:137)
	at org.springframework.security.web.context.SecurityContextHolderFilter.doFilter(SecurityContextHolderFilter.java:82)
	at org.springframework.security.web.context.SecurityContextHolderFilter.doFilter(SecurityContextHolderFilter.java:69)
	at org.springframework.security.web.ObservationFilterChainDecorator$ObservationFilter.wrapFilter(ObservationFilterChainDecorator.java:240)
	at org.springframework.security.web.ObservationFilterChainDecorator$ObservationFilter.doFilter(ObservationFilterChainDecorator.java:227)
	at org.springframework.security.web.ObservationFilterChainDecorator$VirtualFilterChain.doFilter(ObservationFilterChainDecorator.java:137)
	at org.springframework.security.web.context.request.async.WebAsyncManagerIntegrationFilter.doFilterInternal(WebAsyncManagerIntegrationFilter.java:62)
	at org.springframework.web.filter.OncePerRequestFilter.doFilter(OncePerRequestFilter.java:116)
	at org.springframework.security.web.ObservationFilterChainDecorator$ObservationFilter.wrapFilter(ObservationFilterChainDecorator.java:240)
	at org.springframework.security.web.ObservationFilterChainDecorator$ObservationFilter.doFilter(ObservationFilterChainDecorator.java:227)
	at org.springframework.security.web.ObservationFilterChainDecorator$VirtualFilterChain.doFilter(ObservationFilterChainDecorator.java:137)
	at org.springframework.security.web.session.DisableEncodeUrlFilter.doFilterInternal(DisableEncodeUrlFilter.java:42)
	at org.springframework.web.filter.OncePerRequestFilter.doFilter(OncePerRequestFilter.java:116)
	at org.springframework.security.web.ObservationFilterChainDecorator$ObservationFilter.wrapFilter(ObservationFilterChainDecorator.java:240)
	at org.springframework.security.web.ObservationFilterChainDecorator$AroundFilterObservation$SimpleAroundFilterObservation.lambda$wrap$0(ObservationFilterChainDecorator.java:323)
	at org.springframework.security.web.ObservationFilterChainDecorator$ObservationFilter.doFilter(ObservationFilterChainDecorator.java:224)
	at org.springframework.security.web.ObservationFilterChainDecorator$VirtualFilterChain.doFilter(ObservationFilterChainDecorator.java:137)
	at org.springframework.security.web.FilterChainProxy.doFilterInternal(FilterChainProxy.java:233)
	at org.springframework.security.web.FilterChainProxy.doFilter(FilterChainProxy.java:191)
	at org.springframework.web.filter.CompositeFilter$VirtualFilterChain.doFilter(CompositeFilter.java:113)
	at org.springframework.web.servlet.handler.HandlerMappingIntrospector.lambda$createCacheFilter$3(HandlerMappingIntrospector.java:195)
	at org.springframework.web.filter.CompositeFilter$VirtualFilterChain.doFilter(CompositeFilter.java:113)
	at org.springframework.web.filter.CompositeFilter.doFilter(CompositeFilter.java:74)
	at org.springframework.security.config.annotation.web.configuration.WebMvcSecurityConfiguration$CompositeFilterChainProxy.doFilter(WebMvcSecurityConfiguration.java:230)
	at org.springframework.web.filter.DelegatingFilterProxy.invokeDelegate(DelegatingFilterProxy.java:362)
	at org.springframework.web.filter.DelegatingFilterProxy.doFilter(DelegatingFilterProxy.java:278)
	at org.apache.catalina.core.ApplicationFilterChain.internalDoFilter(ApplicationFilterChain.java:164)
	at org.apache.catalina.core.ApplicationFilterChain.doFilter(ApplicationFilterChain.java:140)
	at org.springframework.web.filter.RequestContextFilter.doFilterInternal(RequestContextFilter.java:100)
	at org.springframework.web.filter.OncePerRequestFilter.doFilter(OncePerRequestFilter.java:116)
	at org.apache.catalina.core.ApplicationFilterChain.internalDoFilter(ApplicationFilterChain.java:164)
	at org.apache.catalina.core.ApplicationFilterChain.doFilter(ApplicationFilterChain.java:140)
	at org.springframework.web.filter.FormContentFilter.doFilterInternal(FormContentFilter.java:93)
	at org.springframework.web.filter.OncePerRequestFilter.doFilter(OncePerRequestFilter.java:116)
	at org.apache.catalina.core.ApplicationFilterChain.internalDoFilter(ApplicationFilterChain.java:164)
	at org.apache.catalina.core.ApplicationFilterChain.doFilter(ApplicationFilterChain.java:140)
	at org.springframework.web.filter.ServerHttpObservationFilter.doFilterInternal(ServerHttpObservationFilter.java:113)
	at org.springframework.web.filter.OncePerRequestFilter.doFilter(OncePerRequestFilter.java:116)
	at org.apache.catalina.core.ApplicationFilterChain.internalDoFilter(ApplicationFilterChain.java:164)
	at org.apache.catalina.core.ApplicationFilterChain.doFilter(ApplicationFilterChain.java:140)
	at org.springframework.web.filter.CharacterEncodingFilter.doFilterInternal(CharacterEncodingFilter.java:201)
	at org.springframework.web.filter.OncePerRequestFilter.doFilter(OncePerRequestFilter.java:116)
	at org.apache.catalina.core.ApplicationFilterChain.internalDoFilter(ApplicationFilterChain.java:164)
	at org.apache.catalina.core.ApplicationFilterChain.doFilter(ApplicationFilterChain.java:140)
	at org.apache.catalina.core.StandardWrapperValve.invoke(StandardWrapperValve.java:167)
	at org.apache.catalina.core.StandardContextValve.invoke(StandardContextValve.java:90)
	at org.apache.catalina.authenticator.AuthenticatorBase.invoke(AuthenticatorBase.java:483)
	at org.apache.catalina.core.StandardHostValve.invoke(StandardHostValve.java:115)
	at org.apache.catalina.valves.ErrorReportValve.invoke(ErrorReportValve.java:93)
	at org.apache.catalina.core.StandardEngineValve.invoke(StandardEngineValve.java:74)
	at org.apache.catalina.connector.CoyoteAdapter.service(CoyoteAdapter.java:344)
	at org.apache.coyote.http11.Http11Processor.service(Http11Processor.java:397)
	at org.apache.coyote.AbstractProcessorLight.process(AbstractProcessorLight.java:63)
	at org.apache.coyote.AbstractProtocol$ConnectionHandler.process(AbstractProtocol.java:905)
	at org.apache.tomcat.util.net.NioEndpoint$SocketProcessor.doRun(NioEndpoint.java:1741)
	at org.apache.tomcat.util.net.SocketProcessorBase.run(SocketProcessorBase.java:52)
	at org.apache.tomcat.util.threads.ThreadPoolExecutor.runWorker(ThreadPoolExecutor.java:1190)
	at org.apache.tomcat.util.threads.ThreadPoolExecutor$Worker.run(ThreadPoolExecutor.java:659)
	at org.apache.tomcat.util.threads.TaskThread$WrappingRunnable.run(TaskThread.java:63)
	at java.base/java.lang.Thread.run(Thread.java:840)
25-05-20 10:19:27.758 [http-nio-8080-exec-1] DEBUG o.s.s.w.s.HttpSessionRequestCache - Saved request http://localhost:8080/index.html?continue to session
25-05-20 10:19:27.758 [http-nio-8080-exec-1] DEBUG o.s.s.w.a.DelegatingAuthenticationEntryPoint - Trying to match using RequestHeaderRequestMatcher [expectedHeaderName=X-Requested-With, expectedHeaderValue=XMLHttpRequest]
25-05-20 10:19:27.758 [http-nio-8080-exec-1] DEBUG o.s.s.w.a.DelegatingAuthenticationEntryPoint - No match found. Using default entry point org.springframework.security.web.authentication.www.BasicAuthenticationEntryPoint@3c8c6d68
25-05-20 10:19:27.758 [http-nio-8080-exec-1] TRACE o.s.s.w.h.writers.HstsHeaderWriter - Not injecting HSTS header since it did not match request to [Is Secure]
25-05-20 10:19:27.768 [http-nio-8080-exec-1] TRACE o.s.security.web.FilterChainProxy - Trying to match request against DefaultSecurityFilterChain [RequestMatcher=any request, Filters=[org.springframework.security.web.session.DisableEncodeUrlFilter@1cf920f8, org.springframework.security.web.context.request.async.WebAsyncManagerIntegrationFilter@214a298e, org.springframework.security.web.context.SecurityContextHolderFilter@43f670f3, org.springframework.security.web.header.HeaderWriterFilter@5f49c09d, org.springframework.security.web.csrf.CsrfFilter@7c068c7b, org.springframework.security.web.authentication.www.BasicAuthenticationFilter@53eb4dae, org.springframework.security.web.savedrequest.RequestCacheAwareFilter@610640e3, org.springframework.security.web.servletapi.SecurityContextHolderAwareRequestFilter@362d91ef, org.springframework.security.web.authentication.AnonymousAuthenticationFilter@4aa9c765, org.springframework.security.web.access.ExceptionTranslationFilter@66227940, org.springframework.security.web.access.intercept.AuthorizationFilter@6daeaff2]] (1/1)
25-05-20 10:19:27.768 [http-nio-8080-exec-1] DEBUG o.s.security.web.FilterChainProxy - Securing GET /error
25-05-20 10:19:27.768 [http-nio-8080-exec-1] TRACE o.s.security.web.FilterChainProxy - Invoking DisableEncodeUrlFilter (1/11)
25-05-20 10:19:27.769 [http-nio-8080-exec-1] TRACE o.s.security.web.FilterChainProxy - Invoking WebAsyncManagerIntegrationFilter (2/11)
25-05-20 10:19:27.770 [http-nio-8080-exec-1] TRACE o.s.security.web.FilterChainProxy - Invoking SecurityContextHolderFilter (3/11)
25-05-20 10:19:27.771 [http-nio-8080-exec-1] TRACE o.s.security.web.FilterChainProxy - Invoking HeaderWriterFilter (4/11)
25-05-20 10:19:27.771 [http-nio-8080-exec-1] TRACE o.s.security.web.FilterChainProxy - Invoking CsrfFilter (5/11)
25-05-20 10:19:27.771 [http-nio-8080-exec-1] TRACE o.s.security.web.FilterChainProxy - Invoking BasicAuthenticationFilter (6/11)
25-05-20 10:19:27.772 [http-nio-8080-exec-1] TRACE o.s.security.web.FilterChainProxy - Invoking RequestCacheAwareFilter (7/11)
25-05-20 10:19:27.772 [http-nio-8080-exec-1] TRACE o.s.s.w.s.HttpSessionRequestCache - matchingRequestParameterName is required for getMatchingRequest to lookup a value, but not provided
25-05-20 10:19:27.772 [http-nio-8080-exec-1] TRACE o.s.security.web.FilterChainProxy - Invoking SecurityContextHolderAwareRequestFilter (8/11)
25-05-20 10:19:27.773 [http-nio-8080-exec-1] TRACE o.s.security.web.FilterChainProxy - Invoking AnonymousAuthenticationFilter (9/11)
25-05-20 10:19:27.773 [http-nio-8080-exec-1] TRACE o.s.security.web.FilterChainProxy - Invoking ExceptionTranslationFilter (10/11)
25-05-20 10:19:27.773 [http-nio-8080-exec-1] TRACE o.s.security.web.FilterChainProxy - Invoking AuthorizationFilter (11/11)
25-05-20 10:19:27.774 [http-nio-8080-exec-1] TRACE o.s.s.w.a.i.RequestMatcherDelegatingAuthorizationManager - Authorizing GET /error
25-05-20 10:19:27.774 [http-nio-8080-exec-1] TRACE o.s.s.w.a.i.RequestMatcherDelegatingAuthorizationManager - Checking authorization on GET /error using org.springframework.security.authorization.AuthenticatedAuthorizationManager@3240b900
25-05-20 10:19:27.774 [http-nio-8080-exec-1] TRACE o.s.s.w.c.HttpSessionSecurityContextRepository - Did not find SecurityContext in HttpSession 49906AD24741E22D5A7DBCF560071F59 using the SPRING_SECURITY_CONTEXT session attribute
25-05-20 10:19:27.774 [http-nio-8080-exec-1] TRACE o.s.s.w.c.SupplierDeferredSecurityContext - Created SecurityContextImpl [Null authentication]
25-05-20 10:19:27.774 [http-nio-8080-exec-1] TRACE o.s.s.w.c.SupplierDeferredSecurityContext - Created SecurityContextImpl [Null authentication]
25-05-20 10:19:27.775 [http-nio-8080-exec-1] TRACE o.s.s.w.a.AnonymousAuthenticationFilter - Set SecurityContextHolder to AnonymousAuthenticationToken [Principal=anonymousUser, Credentials=[PROTECTED], Authenticated=true, Details=WebAuthenticationDetails [RemoteIpAddress=0:0:0:0:0:0:0:1, SessionId=49906AD24741E22D5A7DBCF560071F59], Granted Authorities=[ROLE_ANONYMOUS]]
25-05-20 10:19:27.775 [http-nio-8080-exec-1] TRACE o.s.s.w.a.ExceptionTranslationFilter - Sending AnonymousAuthenticationToken [Principal=anonymousUser, Credentials=[PROTECTED], Authenticated=true, Details=WebAuthenticationDetails [RemoteIpAddress=0:0:0:0:0:0:0:1, SessionId=49906AD24741E22D5A7DBCF560071F59], Granted Authorities=[ROLE_ANONYMOUS]] to authentication entry point since access is denied
org.springframework.security.access.AccessDeniedException: Access Denied
	at org.springframework.security.web.access.intercept.AuthorizationFilter.doFilter(AuthorizationFilter.java:98)
	at org.springframework.security.web.ObservationFilterChainDecorator$ObservationFilter.wrapFilter(ObservationFilterChainDecorator.java:240)
	at org.springframework.security.web.ObservationFilterChainDecorator$ObservationFilter.doFilter(ObservationFilterChainDecorator.java:227)
	at org.springframework.security.web.ObservationFilterChainDecorator$VirtualFilterChain.doFilter(ObservationFilterChainDecorator.java:137)
	at org.springframework.security.web.access.ExceptionTranslationFilter.doFilter(ExceptionTranslationFilter.java:126)
	at org.springframework.security.web.access.ExceptionTranslationFilter.doFilter(ExceptionTranslationFilter.java:120)
	at org.springframework.security.web.ObservationFilterChainDecorator$ObservationFilter.wrapFilter(ObservationFilterChainDecorator.java:240)
	at org.springframework.security.web.ObservationFilterChainDecorator$ObservationFilter.doFilter(ObservationFilterChainDecorator.java:227)
	at org.springframework.security.web.ObservationFilterChainDecorator$VirtualFilterChain.doFilter(ObservationFilterChainDecorator.java:137)
	at org.springframework.security.web.authentication.AnonymousAuthenticationFilter.doFilter(AnonymousAuthenticationFilter.java:100)
	at org.springframework.security.web.ObservationFilterChainDecorator$ObservationFilter.wrapFilter(ObservationFilterChainDecorator.java:240)
	at org.springframework.security.web.ObservationFilterChainDecorator$ObservationFilter.doFilter(ObservationFilterChainDecorator.java:227)
	at org.springframework.security.web.ObservationFilterChainDecorator$VirtualFilterChain.doFilter(ObservationFilterChainDecorator.java:137)
	at org.springframework.security.web.servletapi.SecurityContextHolderAwareRequestFilter.doFilter(SecurityContextHolderAwareRequestFilter.java:179)
	at org.springframework.security.web.ObservationFilterChainDecorator$ObservationFilter.wrapFilter(ObservationFilterChainDecorator.java:240)
	at org.springframework.security.web.ObservationFilterChainDecorator$ObservationFilter.doFilter(ObservationFilterChainDecorator.java:227)
	at org.springframework.security.web.ObservationFilterChainDecorator$VirtualFilterChain.doFilter(ObservationFilterChainDecorator.java:137)
	at org.springframework.security.web.savedrequest.RequestCacheAwareFilter.doFilter(RequestCacheAwareFilter.java:63)
	at org.springframework.security.web.ObservationFilterChainDecorator$ObservationFilter.wrapFilter(ObservationFilterChainDecorator.java:240)
	at org.springframework.security.web.ObservationFilterChainDecorator$ObservationFilter.doFilter(ObservationFilterChainDecorator.java:227)
	at org.springframework.security.web.ObservationFilterChainDecorator$VirtualFilterChain.doFilter(ObservationFilterChainDecorator.java:137)
	at org.springframework.web.filter.OncePerRequestFilter.doFilter(OncePerRequestFilter.java:101)
	at org.springframework.security.web.ObservationFilterChainDecorator$ObservationFilter.wrapFilter(ObservationFilterChainDecorator.java:240)
	at org.springframework.security.web.ObservationFilterChainDecorator$ObservationFilter.doFilter(ObservationFilterChainDecorator.java:227)
	at org.springframework.security.web.ObservationFilterChainDecorator$VirtualFilterChain.doFilter(ObservationFilterChainDecorator.java:137)
	at org.springframework.web.filter.OncePerRequestFilter.doFilter(OncePerRequestFilter.java:101)
	at org.springframework.security.web.ObservationFilterChainDecorator$ObservationFilter.wrapFilter(ObservationFilterChainDecorator.java:240)
	at org.springframework.security.web.ObservationFilterChainDecorator$ObservationFilter.doFilter(ObservationFilterChainDecorator.java:227)
	at org.springframework.security.web.ObservationFilterChainDecorator$VirtualFilterChain.doFilter(ObservationFilterChainDecorator.java:137)
	at org.springframework.web.filter.OncePerRequestFilter.doFilter(OncePerRequestFilter.java:101)
	at org.springframework.security.web.ObservationFilterChainDecorator$ObservationFilter.wrapFilter(ObservationFilterChainDecorator.java:240)
	at org.springframework.security.web.ObservationFilterChainDecorator$ObservationFilter.doFilter(ObservationFilterChainDecorator.java:227)
	at org.springframework.security.web.ObservationFilterChainDecorator$VirtualFilterChain.doFilter(ObservationFilterChainDecorator.java:137)
	at org.springframework.security.web.context.SecurityContextHolderFilter.doFilter(SecurityContextHolderFilter.java:82)
	at org.springframework.security.web.context.SecurityContextHolderFilter.doFilter(SecurityContextHolderFilter.java:69)
	at org.springframework.security.web.ObservationFilterChainDecorator$ObservationFilter.wrapFilter(ObservationFilterChainDecorator.java:240)
	at org.springframework.security.web.ObservationFilterChainDecorator$ObservationFilter.doFilter(ObservationFilterChainDecorator.java:227)
	at org.springframework.security.web.ObservationFilterChainDecorator$VirtualFilterChain.doFilter(ObservationFilterChainDecorator.java:137)
	at org.springframework.web.filter.OncePerRequestFilter.doFilter(OncePerRequestFilter.java:101)
	at org.springframework.security.web.ObservationFilterChainDecorator$ObservationFilter.wrapFilter(ObservationFilterChainDecorator.java:240)
	at org.springframework.security.web.ObservationFilterChainDecorator$ObservationFilter.doFilter(ObservationFilterChainDecorator.java:227)
	at org.springframework.security.web.ObservationFilterChainDecorator$VirtualFilterChain.doFilter(ObservationFilterChainDecorator.java:137)
	at org.springframework.web.filter.OncePerRequestFilter.doFilter(OncePerRequestFilter.java:101)
	at org.springframework.security.web.ObservationFilterChainDecorator$ObservationFilter.wrapFilter(ObservationFilterChainDecorator.java:240)
	at org.springframework.security.web.ObservationFilterChainDecorator$AroundFilterObservation$SimpleAroundFilterObservation.lambda$wrap$0(ObservationFilterChainDecorator.java:323)
	at org.springframework.security.web.ObservationFilterChainDecorator$ObservationFilter.doFilter(ObservationFilterChainDecorator.java:224)
	at org.springframework.security.web.ObservationFilterChainDecorator$VirtualFilterChain.doFilter(ObservationFilterChainDecorator.java:137)
	at org.springframework.security.web.FilterChainProxy.doFilterInternal(FilterChainProxy.java:233)
	at org.springframework.security.web.FilterChainProxy.doFilter(FilterChainProxy.java:191)
	at org.springframework.web.filter.CompositeFilter$VirtualFilterChain.doFilter(CompositeFilter.java:113)
	at org.springframework.web.servlet.handler.HandlerMappingIntrospector.lambda$createCacheFilter$3(HandlerMappingIntrospector.java:195)
	at org.springframework.web.filter.CompositeFilter$VirtualFilterChain.doFilter(CompositeFilter.java:113)
	at org.springframework.web.filter.CompositeFilter.doFilter(CompositeFilter.java:74)
	at org.springframework.security.config.annotation.web.configuration.WebMvcSecurityConfiguration$CompositeFilterChainProxy.doFilter(WebMvcSecurityConfiguration.java:230)
	at org.springframework.web.filter.DelegatingFilterProxy.invokeDelegate(DelegatingFilterProxy.java:362)
	at org.springframework.web.filter.DelegatingFilterProxy.doFilter(DelegatingFilterProxy.java:278)
	at org.apache.catalina.core.ApplicationFilterChain.internalDoFilter(ApplicationFilterChain.java:164)
	at org.apache.catalina.core.ApplicationFilterChain.doFilter(ApplicationFilterChain.java:140)
	at org.springframework.web.filter.RequestContextFilter.doFilterInternal(RequestContextFilter.java:100)
	at org.springframework.web.filter.OncePerRequestFilter.doFilter(OncePerRequestFilter.java:116)
	at org.apache.catalina.core.ApplicationFilterChain.internalDoFilter(ApplicationFilterChain.java:164)
	at org.apache.catalina.core.ApplicationFilterChain.doFilter(ApplicationFilterChain.java:140)
	at org.springframework.web.filter.OncePerRequestFilter.doFilter(OncePerRequestFilter.java:101)
	at org.apache.catalina.core.ApplicationFilterChain.internalDoFilter(ApplicationFilterChain.java:164)
	at org.apache.catalina.core.ApplicationFilterChain.doFilter(ApplicationFilterChain.java:140)
	at org.springframework.web.filter.OncePerRequestFilter.doFilter(OncePerRequestFilter.java:101)
	at org.apache.catalina.core.ApplicationFilterChain.internalDoFilter(ApplicationFilterChain.java:164)
	at org.apache.catalina.core.ApplicationFilterChain.doFilter(ApplicationFilterChain.java:140)
	at org.apache.catalina.core.ApplicationDispatcher.invoke(ApplicationDispatcher.java:632)
	at org.apache.catalina.core.ApplicationDispatcher.processRequest(ApplicationDispatcher.java:410)
	at org.apache.catalina.core.ApplicationDispatcher.doForward(ApplicationDispatcher.java:330)
	at org.apache.catalina.core.ApplicationDispatcher.forward(ApplicationDispatcher.java:267)
	at org.apache.catalina.core.StandardHostValve.custom(StandardHostValve.java:362)
	at org.apache.catalina.core.StandardHostValve.status(StandardHostValve.java:222)
	at org.apache.catalina.core.StandardHostValve.invoke(StandardHostValve.java:151)
	at org.apache.catalina.valves.ErrorReportValve.invoke(ErrorReportValve.java:93)
	at org.apache.catalina.core.StandardEngineValve.invoke(StandardEngineValve.java:74)
	at org.apache.catalina.connector.CoyoteAdapter.service(CoyoteAdapter.java:344)
	at org.apache.coyote.http11.Http11Processor.service(Http11Processor.java:397)
	at org.apache.coyote.AbstractProcessorLight.process(AbstractProcessorLight.java:63)
	at org.apache.coyote.AbstractProtocol$ConnectionHandler.process(AbstractProtocol.java:905)
	at org.apache.tomcat.util.net.NioEndpoint$SocketProcessor.doRun(NioEndpoint.java:1741)
	at org.apache.tomcat.util.net.SocketProcessorBase.run(SocketProcessorBase.java:52)
	at org.apache.tomcat.util.threads.ThreadPoolExecutor.runWorker(ThreadPoolExecutor.java:1190)
	at org.apache.tomcat.util.threads.ThreadPoolExecutor$Worker.run(ThreadPoolExecutor.java:659)
	at org.apache.tomcat.util.threads.TaskThread$WrappingRunnable.run(TaskThread.java:63)
	at java.base/java.lang.Thread.run(Thread.java:840)
25-05-20 10:19:27.776 [http-nio-8080-exec-1] DEBUG o.s.s.w.s.HttpSessionRequestCache - Saved request http://localhost:8080/error?continue to session
25-05-20 10:19:27.776 [http-nio-8080-exec-1] DEBUG o.s.s.w.a.DelegatingAuthenticationEntryPoint - Trying to match using RequestHeaderRequestMatcher [expectedHeaderName=X-Requested-With, expectedHeaderValue=XMLHttpRequest]
25-05-20 10:19:27.776 [http-nio-8080-exec-1] DEBUG o.s.s.w.a.DelegatingAuthenticationEntryPoint - No match found. Using default entry point org.springframework.security.web.authentication.www.BasicAuthenticationEntryPoint@3c8c6d68
25-05-20 10:19:53.900 [SpringApplicationShutdownHook] INFO  o.s.o.j.LocalContainerEntityManagerFactoryBean - Closing JPA EntityManagerFactory for persistence unit 'default'
25-05-20 10:19:53.902 [SpringApplicationShutdownHook] INFO  com.zaxxer.hikari.HikariDataSource - HikariPool-1 - Shutdown initiated...
25-05-20 10:19:53.906 [SpringApplicationShutdownHook] INFO  com.zaxxer.hikari.HikariDataSource - HikariPool-1 - Shutdown completed.
