2025-03-31 17:53:31.104 [main] INFO  com.sprint.mission.discodeit.DiscodeitApplication - Starting DiscodeitApplication using Java 17.0.12 with PID 11804 (C:\Users\qwert\1-sprint-mission\build\classes\java\main started by qwert in C:\Users\qwert\1-sprint-mission)
2025-03-31 17:53:31.114 [main] INFO  com.sprint.mission.discodeit.DiscodeitApplication - The following 1 profile is active: "test"
2025-03-31 17:53:33.680 [main] INFO  org.springframework.data.repository.config.RepositoryConfigurationDelegate - Bootstrapping Spring Data JPA repositories in DEFAULT mode.
2025-03-31 17:53:34.223 [main] INFO  org.springframework.data.repository.config.RepositoryConfigurationDelegate - Finished Spring Data repository scanning in 522 ms. Found 6 JPA repository interfaces.
2025-03-31 17:53:36.164 [main] INFO  org.springframework.boot.web.embedded.tomcat.TomcatWebServer - Tomcat initialized with port 8080 (http)
2025-03-31 17:53:36.201 [main] INFO  org.apache.catalina.core.StandardService - Starting service [Tomcat]
2025-03-31 17:53:36.201 [main] INFO  org.apache.catalina.core.StandardEngine - Starting Servlet engine: [Apache Tomcat/10.1.34]
2025-03-31 17:53:36.358 [main] INFO  org.apache.catalina.core.ContainerBase.[Tomcat].[localhost].[/] - Initializing Spring embedded WebApplicationContext
2025-03-31 17:53:36.359 [main] INFO  org.springframework.boot.web.servlet.context.ServletWebServerApplicationContext - Root WebApplicationContext: initialization completed in 5138 ms
2025-03-31 17:53:36.859 [main] INFO  com.zaxxer.hikari.HikariDataSource   - HikariPool-1 - Starting...
2025-03-31 17:53:37.378 [main] INFO  com.zaxxer.hikari.pool.HikariPool    - HikariPool-1 - Added connection conn0: url=jdbc:h2:mem:testdb user=SA
2025-03-31 17:53:37.387 [main] INFO  com.zaxxer.hikari.HikariDataSource   - HikariPool-1 - Start completed.
2025-03-31 17:53:37.513 [main] WARN  org.springframework.boot.web.servlet.context.AnnotationConfigServletWebServerApplicationContext - Exception encountered during context initialization - cancelling refresh attempt: org.springframework.beans.factory.BeanCreationException: Error creating bean with name 'entityManagerFactory' defined in class path resource [org/springframework/boot/autoconfigure/orm/jpa/HibernateJpaConfiguration.class]: Failed to initialize dependency 'dataSourceScriptDatabaseInitializer' of LoadTimeWeaverAware bean 'entityManagerFactory': Error creating bean with name 'dataSourceScriptDatabaseInitializer' defined in class path resource [org/springframework/boot/autoconfigure/sql/init/DataSourceInitializationConfiguration.class]: Failed to execute SQL script statement #4 of file [C:\Users\qwert\1-sprint-mission\build\resources\main\schema.sql]: CREATE TABLE messages ( id UUID PRIMARY KEY, created_at timestamp with time zone NOT NULL, updated_at timestamp with time zone, content TEXT, channel_id UUID NOT NULL, author_id UUID, CONSTRAINT fk_messages_channel FOREIGN KEY (channel_id) REFERENCES channels(id) ON DELETE CASCADE, CONSTRAINT fk_messages_author FOREIGN KEY (author_id) REFERENCES users(id) ON DELETE SET NULL )
2025-03-31 17:53:37.514 [main] INFO  com.zaxxer.hikari.HikariDataSource   - HikariPool-1 - Shutdown initiated...
2025-03-31 17:53:37.540 [main] INFO  com.zaxxer.hikari.HikariDataSource   - HikariPool-1 - Shutdown completed.
2025-03-31 17:53:37.550 [main] INFO  org.apache.catalina.core.StandardService - Stopping service [Tomcat]
2025-03-31 17:53:37.588 [main] INFO  org.springframework.boot.autoconfigure.logging.ConditionEvaluationReportLogger - 

Error starting ApplicationContext. To display the condition evaluation report re-run your application with 'debug' enabled.
2025-03-31 17:53:37.647 [main] ERROR org.springframework.boot.SpringApplication - Application run failed
org.springframework.beans.factory.BeanCreationException: Error creating bean with name 'entityManagerFactory' defined in class path resource [org/springframework/boot/autoconfigure/orm/jpa/HibernateJpaConfiguration.class]: Failed to initialize dependency 'dataSourceScriptDatabaseInitializer' of LoadTimeWeaverAware bean 'entityManagerFactory': Error creating bean with name 'dataSourceScriptDatabaseInitializer' defined in class path resource [org/springframework/boot/autoconfigure/sql/init/DataSourceInitializationConfiguration.class]: Failed to execute SQL script statement #4 of file [C:\Users\qwert\1-sprint-mission\build\resources\main\schema.sql]: CREATE TABLE messages ( id UUID PRIMARY KEY, created_at timestamp with time zone NOT NULL, updated_at timestamp with time zone, content TEXT, channel_id UUID NOT NULL, author_id UUID, CONSTRAINT fk_messages_channel FOREIGN KEY (channel_id) REFERENCES channels(id) ON DELETE CASCADE, CONSTRAINT fk_messages_author FOREIGN KEY (author_id) REFERENCES users(id) ON DELETE SET NULL )
	at org.springframework.beans.factory.support.AbstractBeanFactory.doGetBean(AbstractBeanFactory.java:325)
	at org.springframework.beans.factory.support.AbstractBeanFactory.getBean(AbstractBeanFactory.java:204)
	at org.springframework.context.support.AbstractApplicationContext.finishBeanFactoryInitialization(AbstractApplicationContext.java:970)
	at org.springframework.context.support.AbstractApplicationContext.refresh(AbstractApplicationContext.java:627)
	at org.springframework.boot.web.servlet.context.ServletWebServerApplicationContext.refresh(ServletWebServerApplicationContext.java:146)
	at org.springframework.boot.SpringApplication.refresh(SpringApplication.java:752)
	at org.springframework.boot.SpringApplication.refreshContext(SpringApplication.java:439)
	at org.springframework.boot.SpringApplication.run(SpringApplication.java:318)
	at org.springframework.boot.SpringApplication.run(SpringApplication.java:1361)
	at org.springframework.boot.SpringApplication.run(SpringApplication.java:1350)
	at com.sprint.mission.discodeit.DiscodeitApplication.main(DiscodeitApplication.java:12)
Caused by: org.springframework.beans.factory.BeanCreationException: Error creating bean with name 'dataSourceScriptDatabaseInitializer' defined in class path resource [org/springframework/boot/autoconfigure/sql/init/DataSourceInitializationConfiguration.class]: Failed to execute SQL script statement #4 of file [C:\Users\qwert\1-sprint-mission\build\resources\main\schema.sql]: CREATE TABLE messages ( id UUID PRIMARY KEY, created_at timestamp with time zone NOT NULL, updated_at timestamp with time zone, content TEXT, channel_id UUID NOT NULL, author_id UUID, CONSTRAINT fk_messages_channel FOREIGN KEY (channel_id) REFERENCES channels(id) ON DELETE CASCADE, CONSTRAINT fk_messages_author FOREIGN KEY (author_id) REFERENCES users(id) ON DELETE SET NULL )
	at org.springframework.beans.factory.support.AbstractAutowireCapableBeanFactory.initializeBean(AbstractAutowireCapableBeanFactory.java:1812)
	at org.springframework.beans.factory.support.AbstractAutowireCapableBeanFactory.doCreateBean(AbstractAutowireCapableBeanFactory.java:601)
	at org.springframework.beans.factory.support.AbstractAutowireCapableBeanFactory.createBean(AbstractAutowireCapableBeanFactory.java:523)
	at org.springframework.beans.factory.support.AbstractBeanFactory.lambda$doGetBean$0(AbstractBeanFactory.java:336)
	at org.springframework.beans.factory.support.DefaultSingletonBeanRegistry.getSingleton(DefaultSingletonBeanRegistry.java:307)
	at org.springframework.beans.factory.support.AbstractBeanFactory.doGetBean(AbstractBeanFactory.java:334)
	at org.springframework.beans.factory.support.AbstractBeanFactory.getBean(AbstractBeanFactory.java:199)
	at org.springframework.beans.factory.support.AbstractBeanFactory.doGetBean(AbstractBeanFactory.java:312)
	... 10 common frames omitted
Caused by: org.springframework.jdbc.datasource.init.ScriptStatementFailedException: Failed to execute SQL script statement #4 of file [C:\Users\qwert\1-sprint-mission\build\resources\main\schema.sql]: CREATE TABLE messages ( id UUID PRIMARY KEY, created_at timestamp with time zone NOT NULL, updated_at timestamp with time zone, content TEXT, channel_id UUID NOT NULL, author_id UUID, CONSTRAINT fk_messages_channel FOREIGN KEY (channel_id) REFERENCES channels(id) ON DELETE CASCADE, CONSTRAINT fk_messages_author FOREIGN KEY (author_id) REFERENCES users(id) ON DELETE SET NULL )
	at org.springframework.jdbc.datasource.init.ScriptUtils.executeSqlScript(ScriptUtils.java:282)
	at org.springframework.jdbc.datasource.init.ResourceDatabasePopulator.populate(ResourceDatabasePopulator.java:254)
	at org.springframework.jdbc.datasource.init.DatabasePopulatorUtils.execute(DatabasePopulatorUtils.java:54)
	at org.springframework.boot.jdbc.init.DataSourceScriptDatabaseInitializer.runScripts(DataSourceScriptDatabaseInitializer.java:87)
	at org.springframework.boot.sql.init.AbstractScriptDatabaseInitializer.runScripts(AbstractScriptDatabaseInitializer.java:146)
	at org.springframework.boot.sql.init.AbstractScriptDatabaseInitializer.applyScripts(AbstractScriptDatabaseInitializer.java:108)
	at org.springframework.boot.sql.init.AbstractScriptDatabaseInitializer.applySchemaScripts(AbstractScriptDatabaseInitializer.java:98)
	at org.springframework.boot.sql.init.AbstractScriptDatabaseInitializer.initializeDatabase(AbstractScriptDatabaseInitializer.java:76)
	at org.springframework.boot.sql.init.AbstractScriptDatabaseInitializer.afterPropertiesSet(AbstractScriptDatabaseInitializer.java:66)
	at org.springframework.beans.factory.support.AbstractAutowireCapableBeanFactory.invokeInitMethods(AbstractAutowireCapableBeanFactory.java:1859)
	at org.springframework.beans.factory.support.AbstractAutowireCapableBeanFactory.initializeBean(AbstractAutowireCapableBeanFactory.java:1808)
	... 17 common frames omitted
Caused by: org.h2.jdbc.JdbcSQLSyntaxErrorException: Table "USERS" not found; SQL statement:
CREATE TABLE messages ( id UUID PRIMARY KEY, created_at timestamp with time zone NOT NULL, updated_at timestamp with time zone, content TEXT, channel_id UUID NOT NULL, author_id UUID, CONSTRAINT fk_messages_channel FOREIGN KEY (channel_id) REFERENCES channels(id) ON DELETE CASCADE, CONSTRAINT fk_messages_author FOREIGN KEY (author_id) REFERENCES users(id) ON DELETE SET NULL ) [42102-232]
	at org.h2.message.DbException.getJdbcSQLException(DbException.java:514)
	at org.h2.message.DbException.getJdbcSQLException(DbException.java:489)
	at org.h2.message.DbException.get(DbException.java:223)
	at org.h2.message.DbException.get(DbException.java:199)
	at org.h2.command.ddl.AlterTableAddConstraint.tryUpdate(AlterTableAddConstraint.java:204)
	at org.h2.command.ddl.AlterTableAddConstraint.update(AlterTableAddConstraint.java:74)
	at org.h2.command.ddl.AlterTable.update(AlterTable.java:46)
	at org.h2.command.ddl.CommandWithColumns.createConstraints(CommandWithColumns.java:83)
	at org.h2.command.ddl.CreateTable.update(CreateTable.java:134)
	at org.h2.command.CommandContainer.update(CommandContainer.java:139)
	at org.h2.command.Command.executeUpdate(Command.java:304)
	at org.h2.command.Command.executeUpdate(Command.java:248)
	at org.h2.jdbc.JdbcStatement.executeInternal(JdbcStatement.java:262)
	at org.h2.jdbc.JdbcStatement.execute(JdbcStatement.java:231)
	at com.zaxxer.hikari.pool.ProxyStatement.execute(ProxyStatement.java:94)
	at com.zaxxer.hikari.pool.HikariProxyStatement.execute(HikariProxyStatement.java)
	at org.springframework.jdbc.datasource.init.ScriptUtils.executeSqlScript(ScriptUtils.java:261)
	... 27 common frames omitted
2025-03-31 17:54:52.959 [main] INFO  com.sprint.mission.discodeit.DiscodeitApplication - Starting DiscodeitApplication using Java 17.0.12 with PID 2240 (C:\Users\qwert\1-sprint-mission\build\classes\java\main started by qwert in C:\Users\qwert\1-sprint-mission)
2025-03-31 17:54:52.963 [main] INFO  com.sprint.mission.discodeit.DiscodeitApplication - The following 1 profile is active: "test"
2025-03-31 17:54:54.865 [main] INFO  org.springframework.data.repository.config.RepositoryConfigurationDelegate - Bootstrapping Spring Data JPA repositories in DEFAULT mode.
2025-03-31 17:54:55.137 [main] INFO  org.springframework.data.repository.config.RepositoryConfigurationDelegate - Finished Spring Data repository scanning in 256 ms. Found 6 JPA repository interfaces.
2025-03-31 17:54:56.271 [main] INFO  org.springframework.boot.web.embedded.tomcat.TomcatWebServer - Tomcat initialized with port 8080 (http)
2025-03-31 17:54:56.290 [main] INFO  org.apache.catalina.core.StandardService - Starting service [Tomcat]
2025-03-31 17:54:56.291 [main] INFO  org.apache.catalina.core.StandardEngine - Starting Servlet engine: [Apache Tomcat/10.1.34]
2025-03-31 17:54:56.424 [main] INFO  org.apache.catalina.core.ContainerBase.[Tomcat].[localhost].[/] - Initializing Spring embedded WebApplicationContext
2025-03-31 17:54:56.424 [main] INFO  org.springframework.boot.web.servlet.context.ServletWebServerApplicationContext - Root WebApplicationContext: initialization completed in 3386 ms
2025-03-31 17:54:56.763 [main] INFO  com.zaxxer.hikari.HikariDataSource   - HikariPool-1 - Starting...
2025-03-31 17:54:57.069 [main] INFO  com.zaxxer.hikari.pool.HikariPool    - HikariPool-1 - Added connection conn0: url=jdbc:h2:mem:testdb user=SA
2025-03-31 17:54:57.072 [main] INFO  com.zaxxer.hikari.HikariDataSource   - HikariPool-1 - Start completed.
2025-03-31 17:54:57.130 [main] WARN  org.springframework.boot.web.servlet.context.AnnotationConfigServletWebServerApplicationContext - Exception encountered during context initialization - cancelling refresh attempt: org.springframework.beans.factory.BeanCreationException: Error creating bean with name 'entityManagerFactory' defined in class path resource [org/springframework/boot/autoconfigure/orm/jpa/HibernateJpaConfiguration.class]: Failed to initialize dependency 'dataSourceScriptDatabaseInitializer' of LoadTimeWeaverAware bean 'entityManagerFactory': Error creating bean with name 'dataSourceScriptDatabaseInitializer' defined in class path resource [org/springframework/boot/autoconfigure/sql/init/DataSourceInitializationConfiguration.class]: Failed to execute SQL script statement #4 of class path resource [schema.sql]: CREATE TABLE messages ( id UUID PRIMARY KEY, created_at timestamp with time zone NOT NULL, updated_at timestamp with time zone, content TEXT, channel_id UUID NOT NULL, author_id UUID, CONSTRAINT fk_messages_channel FOREIGN KEY (channel_id) REFERENCES channels(id) ON DELETE CASCADE, CONSTRAINT fk_messages_author FOREIGN KEY (author_id) REFERENCES users(id) ON DELETE SET NULL )
2025-03-31 17:54:57.130 [main] INFO  com.zaxxer.hikari.HikariDataSource   - HikariPool-1 - Shutdown initiated...
2025-03-31 17:54:57.132 [main] INFO  com.zaxxer.hikari.HikariDataSource   - HikariPool-1 - Shutdown completed.
2025-03-31 17:54:57.136 [main] INFO  org.apache.catalina.core.StandardService - Stopping service [Tomcat]
2025-03-31 17:54:57.159 [main] INFO  org.springframework.boot.autoconfigure.logging.ConditionEvaluationReportLogger - 

Error starting ApplicationContext. To display the condition evaluation report re-run your application with 'debug' enabled.
2025-03-31 17:54:57.184 [main] ERROR org.springframework.boot.SpringApplication - Application run failed
org.springframework.beans.factory.BeanCreationException: Error creating bean with name 'entityManagerFactory' defined in class path resource [org/springframework/boot/autoconfigure/orm/jpa/HibernateJpaConfiguration.class]: Failed to initialize dependency 'dataSourceScriptDatabaseInitializer' of LoadTimeWeaverAware bean 'entityManagerFactory': Error creating bean with name 'dataSourceScriptDatabaseInitializer' defined in class path resource [org/springframework/boot/autoconfigure/sql/init/DataSourceInitializationConfiguration.class]: Failed to execute SQL script statement #4 of class path resource [schema.sql]: CREATE TABLE messages ( id UUID PRIMARY KEY, created_at timestamp with time zone NOT NULL, updated_at timestamp with time zone, content TEXT, channel_id UUID NOT NULL, author_id UUID, CONSTRAINT fk_messages_channel FOREIGN KEY (channel_id) REFERENCES channels(id) ON DELETE CASCADE, CONSTRAINT fk_messages_author FOREIGN KEY (author_id) REFERENCES users(id) ON DELETE SET NULL )
	at org.springframework.beans.factory.support.AbstractBeanFactory.doGetBean(AbstractBeanFactory.java:325)
	at org.springframework.beans.factory.support.AbstractBeanFactory.getBean(AbstractBeanFactory.java:204)
	at org.springframework.context.support.AbstractApplicationContext.finishBeanFactoryInitialization(AbstractApplicationContext.java:970)
	at org.springframework.context.support.AbstractApplicationContext.refresh(AbstractApplicationContext.java:627)
	at org.springframework.boot.web.servlet.context.ServletWebServerApplicationContext.refresh(ServletWebServerApplicationContext.java:146)
	at org.springframework.boot.SpringApplication.refresh(SpringApplication.java:752)
	at org.springframework.boot.SpringApplication.refreshContext(SpringApplication.java:439)
	at org.springframework.boot.SpringApplication.run(SpringApplication.java:318)
	at org.springframework.boot.SpringApplication.run(SpringApplication.java:1361)
	at org.springframework.boot.SpringApplication.run(SpringApplication.java:1350)
	at com.sprint.mission.discodeit.DiscodeitApplication.main(DiscodeitApplication.java:12)
Caused by: org.springframework.beans.factory.BeanCreationException: Error creating bean with name 'dataSourceScriptDatabaseInitializer' defined in class path resource [org/springframework/boot/autoconfigure/sql/init/DataSourceInitializationConfiguration.class]: Failed to execute SQL script statement #4 of class path resource [schema.sql]: CREATE TABLE messages ( id UUID PRIMARY KEY, created_at timestamp with time zone NOT NULL, updated_at timestamp with time zone, content TEXT, channel_id UUID NOT NULL, author_id UUID, CONSTRAINT fk_messages_channel FOREIGN KEY (channel_id) REFERENCES channels(id) ON DELETE CASCADE, CONSTRAINT fk_messages_author FOREIGN KEY (author_id) REFERENCES users(id) ON DELETE SET NULL )
	at org.springframework.beans.factory.support.AbstractAutowireCapableBeanFactory.initializeBean(AbstractAutowireCapableBeanFactory.java:1812)
	at org.springframework.beans.factory.support.AbstractAutowireCapableBeanFactory.doCreateBean(AbstractAutowireCapableBeanFactory.java:601)
	at org.springframework.beans.factory.support.AbstractAutowireCapableBeanFactory.createBean(AbstractAutowireCapableBeanFactory.java:523)
	at org.springframework.beans.factory.support.AbstractBeanFactory.lambda$doGetBean$0(AbstractBeanFactory.java:336)
	at org.springframework.beans.factory.support.DefaultSingletonBeanRegistry.getSingleton(DefaultSingletonBeanRegistry.java:307)
	at org.springframework.beans.factory.support.AbstractBeanFactory.doGetBean(AbstractBeanFactory.java:334)
	at org.springframework.beans.factory.support.AbstractBeanFactory.getBean(AbstractBeanFactory.java:199)
	at org.springframework.beans.factory.support.AbstractBeanFactory.doGetBean(AbstractBeanFactory.java:312)
	... 10 common frames omitted
Caused by: org.springframework.jdbc.datasource.init.ScriptStatementFailedException: Failed to execute SQL script statement #4 of class path resource [schema.sql]: CREATE TABLE messages ( id UUID PRIMARY KEY, created_at timestamp with time zone NOT NULL, updated_at timestamp with time zone, content TEXT, channel_id UUID NOT NULL, author_id UUID, CONSTRAINT fk_messages_channel FOREIGN KEY (channel_id) REFERENCES channels(id) ON DELETE CASCADE, CONSTRAINT fk_messages_author FOREIGN KEY (author_id) REFERENCES users(id) ON DELETE SET NULL )
	at org.springframework.jdbc.datasource.init.ScriptUtils.executeSqlScript(ScriptUtils.java:282)
	at org.springframework.jdbc.datasource.init.ResourceDatabasePopulator.populate(ResourceDatabasePopulator.java:254)
	at org.springframework.jdbc.datasource.init.DatabasePopulatorUtils.execute(DatabasePopulatorUtils.java:54)
	at org.springframework.boot.jdbc.init.DataSourceScriptDatabaseInitializer.runScripts(DataSourceScriptDatabaseInitializer.java:87)
	at org.springframework.boot.sql.init.AbstractScriptDatabaseInitializer.runScripts(AbstractScriptDatabaseInitializer.java:146)
	at org.springframework.boot.sql.init.AbstractScriptDatabaseInitializer.applyScripts(AbstractScriptDatabaseInitializer.java:108)
	at org.springframework.boot.sql.init.AbstractScriptDatabaseInitializer.applySchemaScripts(AbstractScriptDatabaseInitializer.java:98)
	at org.springframework.boot.sql.init.AbstractScriptDatabaseInitializer.initializeDatabase(AbstractScriptDatabaseInitializer.java:76)
	at org.springframework.boot.sql.init.AbstractScriptDatabaseInitializer.afterPropertiesSet(AbstractScriptDatabaseInitializer.java:66)
	at org.springframework.beans.factory.support.AbstractAutowireCapableBeanFactory.invokeInitMethods(AbstractAutowireCapableBeanFactory.java:1859)
	at org.springframework.beans.factory.support.AbstractAutowireCapableBeanFactory.initializeBean(AbstractAutowireCapableBeanFactory.java:1808)
	... 17 common frames omitted
Caused by: org.h2.jdbc.JdbcSQLSyntaxErrorException: Table "USERS" not found; SQL statement:
CREATE TABLE messages ( id UUID PRIMARY KEY, created_at timestamp with time zone NOT NULL, updated_at timestamp with time zone, content TEXT, channel_id UUID NOT NULL, author_id UUID, CONSTRAINT fk_messages_channel FOREIGN KEY (channel_id) REFERENCES channels(id) ON DELETE CASCADE, CONSTRAINT fk_messages_author FOREIGN KEY (author_id) REFERENCES users(id) ON DELETE SET NULL ) [42102-232]
	at org.h2.message.DbException.getJdbcSQLException(DbException.java:514)
	at org.h2.message.DbException.getJdbcSQLException(DbException.java:489)
	at org.h2.message.DbException.get(DbException.java:223)
	at org.h2.message.DbException.get(DbException.java:199)
	at org.h2.command.ddl.AlterTableAddConstraint.tryUpdate(AlterTableAddConstraint.java:204)
	at org.h2.command.ddl.AlterTableAddConstraint.update(AlterTableAddConstraint.java:74)
	at org.h2.command.ddl.AlterTable.update(AlterTable.java:46)
	at org.h2.command.ddl.CommandWithColumns.createConstraints(CommandWithColumns.java:83)
	at org.h2.command.ddl.CreateTable.update(CreateTable.java:134)
	at org.h2.command.CommandContainer.update(CommandContainer.java:139)
	at org.h2.command.Command.executeUpdate(Command.java:304)
	at org.h2.command.Command.executeUpdate(Command.java:248)
	at org.h2.jdbc.JdbcStatement.executeInternal(JdbcStatement.java:262)
	at org.h2.jdbc.JdbcStatement.execute(JdbcStatement.java:231)
	at com.zaxxer.hikari.pool.ProxyStatement.execute(ProxyStatement.java:94)
	at com.zaxxer.hikari.pool.HikariProxyStatement.execute(HikariProxyStatement.java)
	at org.springframework.jdbc.datasource.init.ScriptUtils.executeSqlScript(ScriptUtils.java:261)
	... 27 common frames omitted
2025-03-31 17:56:55.110 [main] INFO  com.sprint.mission.discodeit.DiscodeitApplication - Starting DiscodeitApplication using Java 17.0.12 with PID 9932 (C:\Users\qwert\1-sprint-mission\build\classes\java\main started by qwert in C:\Users\qwert\1-sprint-mission)
2025-03-31 17:56:55.118 [main] INFO  com.sprint.mission.discodeit.DiscodeitApplication - The following 1 profile is active: "test"
2025-03-31 17:56:57.332 [main] INFO  org.springframework.data.repository.config.RepositoryConfigurationDelegate - Bootstrapping Spring Data JPA repositories in DEFAULT mode.
2025-03-31 17:56:57.624 [main] INFO  org.springframework.data.repository.config.RepositoryConfigurationDelegate - Finished Spring Data repository scanning in 280 ms. Found 6 JPA repository interfaces.
2025-03-31 17:56:58.776 [main] INFO  org.springframework.boot.web.embedded.tomcat.TomcatWebServer - Tomcat initialized with port 8080 (http)
2025-03-31 17:56:58.794 [main] INFO  org.apache.catalina.core.StandardService - Starting service [Tomcat]
2025-03-31 17:56:58.795 [main] INFO  org.apache.catalina.core.StandardEngine - Starting Servlet engine: [Apache Tomcat/10.1.34]
2025-03-31 17:56:58.909 [main] INFO  org.apache.catalina.core.ContainerBase.[Tomcat].[localhost].[/] - Initializing Spring embedded WebApplicationContext
2025-03-31 17:56:58.909 [main] INFO  org.springframework.boot.web.servlet.context.ServletWebServerApplicationContext - Root WebApplicationContext: initialization completed in 3683 ms
2025-03-31 17:56:59.254 [main] INFO  com.zaxxer.hikari.HikariDataSource   - HikariPool-1 - Starting...
2025-03-31 17:56:59.551 [main] INFO  com.zaxxer.hikari.pool.HikariPool    - HikariPool-1 - Added connection conn0: url=jdbc:h2:mem:testdb user=SA
2025-03-31 17:56:59.554 [main] INFO  com.zaxxer.hikari.HikariDataSource   - HikariPool-1 - Start completed.
2025-03-31 17:56:59.575 [main] WARN  org.springframework.boot.web.servlet.context.AnnotationConfigServletWebServerApplicationContext - Exception encountered during context initialization - cancelling refresh attempt: org.springframework.beans.factory.BeanCreationException: Error creating bean with name 'entityManagerFactory' defined in class path resource [org/springframework/boot/autoconfigure/orm/jpa/HibernateJpaConfiguration.class]: Failed to initialize dependency 'dataSourceScriptDatabaseInitializer' of LoadTimeWeaverAware bean 'entityManagerFactory': Error creating bean with name 'dataSourceScriptDatabaseInitializer' defined in class path resource [org/springframework/boot/autoconfigure/sql/init/DataSourceInitializationConfiguration.class]: Failed to execute SQL script statement #1 of class path resource [schema-h2.sql]: CREATE TABLE binary_contents ( id UUID PRIMARY KEY, created_at timestamp NOT NULL, file_name VARCHAR(255) NOT NULL, size BIGINT NOT NULL, content_type VARCHAR(100) NOT NULL, bytes BLOB )
2025-03-31 17:56:59.575 [main] INFO  com.zaxxer.hikari.HikariDataSource   - HikariPool-1 - Shutdown initiated...
2025-03-31 17:56:59.578 [main] INFO  com.zaxxer.hikari.HikariDataSource   - HikariPool-1 - Shutdown completed.
2025-03-31 17:56:59.583 [main] INFO  org.apache.catalina.core.StandardService - Stopping service [Tomcat]
2025-03-31 17:56:59.606 [main] INFO  org.springframework.boot.autoconfigure.logging.ConditionEvaluationReportLogger - 

Error starting ApplicationContext. To display the condition evaluation report re-run your application with 'debug' enabled.
2025-03-31 17:56:59.631 [main] ERROR org.springframework.boot.SpringApplication - Application run failed
org.springframework.beans.factory.BeanCreationException: Error creating bean with name 'entityManagerFactory' defined in class path resource [org/springframework/boot/autoconfigure/orm/jpa/HibernateJpaConfiguration.class]: Failed to initialize dependency 'dataSourceScriptDatabaseInitializer' of LoadTimeWeaverAware bean 'entityManagerFactory': Error creating bean with name 'dataSourceScriptDatabaseInitializer' defined in class path resource [org/springframework/boot/autoconfigure/sql/init/DataSourceInitializationConfiguration.class]: Failed to execute SQL script statement #1 of class path resource [schema-h2.sql]: CREATE TABLE binary_contents ( id UUID PRIMARY KEY, created_at timestamp NOT NULL, file_name VARCHAR(255) NOT NULL, size BIGINT NOT NULL, content_type VARCHAR(100) NOT NULL, bytes BLOB )
	at org.springframework.beans.factory.support.AbstractBeanFactory.doGetBean(AbstractBeanFactory.java:325)
	at org.springframework.beans.factory.support.AbstractBeanFactory.getBean(AbstractBeanFactory.java:204)
	at org.springframework.context.support.AbstractApplicationContext.finishBeanFactoryInitialization(AbstractApplicationContext.java:970)
	at org.springframework.context.support.AbstractApplicationContext.refresh(AbstractApplicationContext.java:627)
	at org.springframework.boot.web.servlet.context.ServletWebServerApplicationContext.refresh(ServletWebServerApplicationContext.java:146)
	at org.springframework.boot.SpringApplication.refresh(SpringApplication.java:752)
	at org.springframework.boot.SpringApplication.refreshContext(SpringApplication.java:439)
	at org.springframework.boot.SpringApplication.run(SpringApplication.java:318)
	at org.springframework.boot.SpringApplication.run(SpringApplication.java:1361)
	at org.springframework.boot.SpringApplication.run(SpringApplication.java:1350)
	at com.sprint.mission.discodeit.DiscodeitApplication.main(DiscodeitApplication.java:12)
Caused by: org.springframework.beans.factory.BeanCreationException: Error creating bean with name 'dataSourceScriptDatabaseInitializer' defined in class path resource [org/springframework/boot/autoconfigure/sql/init/DataSourceInitializationConfiguration.class]: Failed to execute SQL script statement #1 of class path resource [schema-h2.sql]: CREATE TABLE binary_contents ( id UUID PRIMARY KEY, created_at timestamp NOT NULL, file_name VARCHAR(255) NOT NULL, size BIGINT NOT NULL, content_type VARCHAR(100) NOT NULL, bytes BLOB )
	at org.springframework.beans.factory.support.AbstractAutowireCapableBeanFactory.initializeBean(AbstractAutowireCapableBeanFactory.java:1812)
	at org.springframework.beans.factory.support.AbstractAutowireCapableBeanFactory.doCreateBean(AbstractAutowireCapableBeanFactory.java:601)
	at org.springframework.beans.factory.support.AbstractAutowireCapableBeanFactory.createBean(AbstractAutowireCapableBeanFactory.java:523)
	at org.springframework.beans.factory.support.AbstractBeanFactory.lambda$doGetBean$0(AbstractBeanFactory.java:336)
	at org.springframework.beans.factory.support.DefaultSingletonBeanRegistry.getSingleton(DefaultSingletonBeanRegistry.java:307)
	at org.springframework.beans.factory.support.AbstractBeanFactory.doGetBean(AbstractBeanFactory.java:334)
	at org.springframework.beans.factory.support.AbstractBeanFactory.getBean(AbstractBeanFactory.java:199)
	at org.springframework.beans.factory.support.AbstractBeanFactory.doGetBean(AbstractBeanFactory.java:312)
	... 10 common frames omitted
Caused by: org.springframework.jdbc.datasource.init.ScriptStatementFailedException: Failed to execute SQL script statement #1 of class path resource [schema-h2.sql]: CREATE TABLE binary_contents ( id UUID PRIMARY KEY, created_at timestamp NOT NULL, file_name VARCHAR(255) NOT NULL, size BIGINT NOT NULL, content_type VARCHAR(100) NOT NULL, bytes BLOB )
	at org.springframework.jdbc.datasource.init.ScriptUtils.executeSqlScript(ScriptUtils.java:282)
	at org.springframework.jdbc.datasource.init.ResourceDatabasePopulator.populate(ResourceDatabasePopulator.java:254)
	at org.springframework.jdbc.datasource.init.DatabasePopulatorUtils.execute(DatabasePopulatorUtils.java:54)
	at org.springframework.boot.jdbc.init.DataSourceScriptDatabaseInitializer.runScripts(DataSourceScriptDatabaseInitializer.java:87)
	at org.springframework.boot.sql.init.AbstractScriptDatabaseInitializer.runScripts(AbstractScriptDatabaseInitializer.java:146)
	at org.springframework.boot.sql.init.AbstractScriptDatabaseInitializer.applyScripts(AbstractScriptDatabaseInitializer.java:108)
	at org.springframework.boot.sql.init.AbstractScriptDatabaseInitializer.applySchemaScripts(AbstractScriptDatabaseInitializer.java:98)
	at org.springframework.boot.sql.init.AbstractScriptDatabaseInitializer.initializeDatabase(AbstractScriptDatabaseInitializer.java:76)
	at org.springframework.boot.sql.init.AbstractScriptDatabaseInitializer.afterPropertiesSet(AbstractScriptDatabaseInitializer.java:66)
	at org.springframework.beans.factory.support.AbstractAutowireCapableBeanFactory.invokeInitMethods(AbstractAutowireCapableBeanFactory.java:1859)
	at org.springframework.beans.factory.support.AbstractAutowireCapableBeanFactory.initializeBean(AbstractAutowireCapableBeanFactory.java:1808)
	... 17 common frames omitted
Caused by: org.h2.jdbc.JdbcSQLNonTransientException: Unknown data type: "BLOB"; SQL statement:
CREATE TABLE binary_contents ( id UUID PRIMARY KEY, created_at timestamp NOT NULL, file_name VARCHAR(255) NOT NULL, size BIGINT NOT NULL, content_type VARCHAR(100) NOT NULL, bytes BLOB ) [50004-232]
	at org.h2.message.DbException.getJdbcSQLException(DbException.java:566)
	at org.h2.message.DbException.getJdbcSQLException(DbException.java:489)
	at org.h2.message.DbException.get(DbException.java:223)
	at org.h2.message.DbException.get(DbException.java:199)
	at org.h2.command.Parser.readIfDataType1(Parser.java:5860)
	at org.h2.command.Parser.readIfDataType(Parser.java:5698)
	at org.h2.command.Parser.parseColumnWithType(Parser.java:5680)
	at org.h2.command.Parser.parseColumnForTable(Parser.java:5559)
	at org.h2.command.Parser.parseTableColumnDefinition(Parser.java:8876)
	at org.h2.command.Parser.parseCreateTable(Parser.java:8819)
	at org.h2.command.Parser.parseCreate(Parser.java:6398)
	at org.h2.command.Parser.parsePrepared(Parser.java:645)
	at org.h2.command.Parser.parse(Parser.java:581)
	at org.h2.command.Parser.parse(Parser.java:556)
	at org.h2.command.Parser.prepareCommand(Parser.java:484)
	at org.h2.engine.SessionLocal.prepareLocal(SessionLocal.java:645)
	at org.h2.engine.SessionLocal.prepareCommand(SessionLocal.java:561)
	at org.h2.jdbc.JdbcConnection.prepareCommand(JdbcConnection.java:1164)
	at org.h2.jdbc.JdbcStatement.executeInternal(JdbcStatement.java:245)
	at org.h2.jdbc.JdbcStatement.execute(JdbcStatement.java:231)
	at com.zaxxer.hikari.pool.ProxyStatement.execute(ProxyStatement.java:94)
	at com.zaxxer.hikari.pool.HikariProxyStatement.execute(HikariProxyStatement.java)
	at org.springframework.jdbc.datasource.init.ScriptUtils.executeSqlScript(ScriptUtils.java:261)
	... 27 common frames omitted
2025-03-31 17:58:43.738 [main] INFO  com.sprint.mission.discodeit.DiscodeitApplication - Starting DiscodeitApplication using Java 17.0.12 with PID 1464 (C:\Users\qwert\1-sprint-mission\build\classes\java\main started by qwert in C:\Users\qwert\1-sprint-mission)
2025-03-31 17:58:43.742 [main] INFO  com.sprint.mission.discodeit.DiscodeitApplication - The following 1 profile is active: "test"
2025-03-31 17:58:46.176 [main] INFO  org.springframework.data.repository.config.RepositoryConfigurationDelegate - Bootstrapping Spring Data JPA repositories in DEFAULT mode.
2025-03-31 17:58:46.517 [main] INFO  org.springframework.data.repository.config.RepositoryConfigurationDelegate - Finished Spring Data repository scanning in 329 ms. Found 6 JPA repository interfaces.
2025-03-31 17:58:47.877 [main] INFO  org.springframework.boot.web.embedded.tomcat.TomcatWebServer - Tomcat initialized with port 8080 (http)
2025-03-31 17:58:47.898 [main] INFO  org.apache.catalina.core.StandardService - Starting service [Tomcat]
2025-03-31 17:58:47.898 [main] INFO  org.apache.catalina.core.StandardEngine - Starting Servlet engine: [Apache Tomcat/10.1.34]
2025-03-31 17:58:48.053 [main] INFO  org.apache.catalina.core.ContainerBase.[Tomcat].[localhost].[/] - Initializing Spring embedded WebApplicationContext
2025-03-31 17:58:48.053 [main] INFO  org.springframework.boot.web.servlet.context.ServletWebServerApplicationContext - Root WebApplicationContext: initialization completed in 4197 ms
2025-03-31 17:58:48.455 [main] INFO  com.zaxxer.hikari.HikariDataSource   - HikariPool-1 - Starting...
2025-03-31 17:58:48.819 [main] INFO  com.zaxxer.hikari.pool.HikariPool    - HikariPool-1 - Added connection conn0: url=jdbc:h2:mem:testdb user=SA
2025-03-31 17:58:48.822 [main] INFO  com.zaxxer.hikari.HikariDataSource   - HikariPool-1 - Start completed.
2025-03-31 17:58:49.028 [main] INFO  org.hibernate.jpa.internal.util.LogHelper - HHH000204: Processing PersistenceUnitInfo [name: default]
2025-03-31 17:58:49.146 [main] INFO  org.hibernate.Version                - HHH000412: Hibernate ORM core version 6.6.5.Final
2025-03-31 17:58:49.209 [main] INFO  org.hibernate.cache.internal.RegionFactoryInitiator - HHH000026: Second-level cache disabled
2025-03-31 17:58:49.860 [main] INFO  org.springframework.orm.jpa.persistenceunit.SpringPersistenceUnitInfo - No LoadTimeWeaver setup: ignoring JPA class transformer
2025-03-31 17:58:49.965 [main] WARN  org.hibernate.dialect.Dialect        - HHH000511: The 2.3.232 version for [org.hibernate.dialect.PostgreSQLDialect] is no longer supported, hence certain features may not work properly. The minimum supported version is 12.0.0. Check the community dialects project for available legacy versions.
2025-03-31 17:58:49.973 [main] WARN  org.hibernate.orm.deprecation        - HHH90000025: PostgreSQLDialect does not need to be specified explicitly using 'hibernate.dialect' (remove the property setting and it will be selected by default)
2025-03-31 17:58:50.008 [main] INFO  org.hibernate.orm.connections.pooling - HHH10001005: Database info:
	Database JDBC URL [Connecting through datasource 'HikariDataSource (HikariPool-1)']
	Database driver: undefined/unknown
	Database version: 2.3.232
	Autocommit mode: undefined/unknown
	Isolation level: undefined/unknown
	Minimum pool size: undefined/unknown
	Maximum pool size: undefined/unknown
2025-03-31 17:58:52.258 [main] INFO  org.hibernate.engine.transaction.jta.platform.internal.JtaPlatformInitiator - HHH000489: No JTA platform available (set 'hibernate.transaction.jta.platform' to enable JTA platform integration)
2025-03-31 17:58:52.265 [main] INFO  org.springframework.orm.jpa.LocalContainerEntityManagerFactoryBean - Initialized JPA EntityManagerFactory for persistence unit 'default'
2025-03-31 17:58:53.224 [main] INFO  org.springframework.data.jpa.repository.query.QueryEnhancerFactory - Hibernate is in classpath; If applicable, HQL parser will be used.
2025-03-31 17:58:55.063 [main] INFO  org.springframework.boot.autoconfigure.web.servlet.WelcomePageHandlerMapping - Adding welcome page: class path resource [static/index.html]
2025-03-31 17:58:56.304 [main] INFO  org.springframework.boot.autoconfigure.h2.H2ConsoleAutoConfiguration - H2 console available at '/h2-console'. Database available at 'jdbc:h2:mem:testdb'
2025-03-31 17:58:56.367 [main] INFO  org.springframework.boot.actuate.endpoint.web.EndpointLinksResolver - Exposing 5 endpoints beneath base path '/actuator'
2025-03-31 17:58:56.656 [main] INFO  org.springframework.boot.web.embedded.tomcat.TomcatWebServer - Tomcat started on port 8080 (http) with context path '/'
2025-03-31 17:58:56.686 [main] INFO  com.sprint.mission.discodeit.DiscodeitApplication - Started DiscodeitApplication in 14.316 seconds (process running for 15.523)
2025-03-31 17:58:57.317 [RMI TCP Connection(1)-172.30.1.73] INFO  org.apache.catalina.core.ContainerBase.[Tomcat].[localhost].[/] - Initializing Spring DispatcherServlet 'dispatcherServlet'
2025-03-31 17:58:57.317 [RMI TCP Connection(1)-172.30.1.73] INFO  org.springframework.web.servlet.DispatcherServlet - Initializing Servlet 'dispatcherServlet'
2025-03-31 17:58:57.321 [RMI TCP Connection(1)-172.30.1.73] INFO  org.springframework.web.servlet.DispatcherServlet - Completed initialization in 4 ms
2025-03-31 17:59:31.285 [SpringApplicationShutdownHook] INFO  org.springframework.boot.web.embedded.tomcat.GracefulShutdown - Commencing graceful shutdown. Waiting for active requests to complete
2025-03-31 17:59:31.729 [tomcat-shutdown] INFO  org.springframework.boot.web.embedded.tomcat.GracefulShutdown - Graceful shutdown complete
2025-03-31 17:59:31.792 [SpringApplicationShutdownHook] INFO  org.springframework.orm.jpa.LocalContainerEntityManagerFactoryBean - Closing JPA EntityManagerFactory for persistence unit 'default'
2025-03-31 17:59:31.795 [SpringApplicationShutdownHook] INFO  com.zaxxer.hikari.HikariDataSource   - HikariPool-1 - Shutdown initiated...
2025-03-31 17:59:31.799 [SpringApplicationShutdownHook] INFO  com.zaxxer.hikari.HikariDataSource   - HikariPool-1 - Shutdown completed.
2025-03-31 18:10:53.400 [Test worker] INFO  com.sprint.mission.discodeit.repository.UserRepositoryTest - Starting UserRepositoryTest using Java 17.0.12 with PID 18492 (started by qwert in C:\Users\qwert\1-sprint-mission)
2025-03-31 18:10:53.405 [Test worker] INFO  com.sprint.mission.discodeit.repository.UserRepositoryTest - The following 1 profile is active: "test"
2025-03-31 18:10:55.302 [Test worker] WARN  org.springframework.context.annotation.AnnotationConfigApplicationContext - Exception encountered during context initialization - cancelling refresh attempt: org.springframework.beans.factory.support.BeanDefinitionOverrideException: Invalid bean definition with name 'jpaAuditingHandler' defined in null: Cannot register bean definition [Root bean: class=org.springframework.data.auditing.AuditingHandler; scope=; abstract=false; lazyInit=null; autowireMode=2; dependencyCheck=0; autowireCandidate=true; primary=false; fallback=false; factoryBeanName=null; factoryMethodName=from; initMethodNames=null; destroyMethodNames=null] for bean 'jpaAuditingHandler' since there is already [Root bean: class=org.springframework.data.auditing.AuditingHandler; scope=; abstract=false; lazyInit=null; autowireMode=2; dependencyCheck=0; autowireCandidate=true; primary=false; fallback=false; factoryBeanName=null; factoryMethodName=from; initMethodNames=null; destroyMethodNames=null] bound.
2025-03-31 18:10:56.430 [Test worker] INFO  org.springframework.boot.autoconfigure.logging.ConditionEvaluationReportLogger - 

Error starting ApplicationContext. To display the condition evaluation report re-run your application with 'debug' enabled.
2025-03-31 18:10:56.633 [Test worker] ERROR org.springframework.boot.diagnostics.LoggingFailureAnalysisReporter - 

***************************
APPLICATION FAILED TO START
***************************

Description:

The bean 'jpaAuditingHandler' could not be registered. A bean with that name has already been defined and overriding is disabled.

Action:

Consider renaming one of the beans or enabling overriding by setting spring.main.allow-bean-definition-overriding=true

2025-03-31 18:10:56.654 [Test worker] WARN  org.springframework.test.context.TestContextManager - Caught exception while allowing TestExecutionListener [org.springframework.test.context.support.DependencyInjectionTestExecutionListener] to prepare test instance [com.sprint.mission.discodeit.repository.UserRepositoryTest@357e7113]
java.lang.IllegalStateException: Failed to load ApplicationContext for [MergedContextConfiguration@6f071d0c testClass = com.sprint.mission.discodeit.repository.UserRepositoryTest, locations = [], classes = [com.sprint.mission.discodeit.DiscodeitApplication], contextInitializerClasses = [], activeProfiles = [], propertySourceDescriptors = [], propertySourceProperties = ["org.springframework.boot.test.autoconfigure.orm.jpa.DataJpaTestContextBootstrapper=true"], contextCustomizers = [org.springframework.boot.test.autoconfigure.OnFailureConditionReportContextCustomizerFactory$OnFailureConditionReportContextCustomizer@12d5c30e, org.springframework.boot.test.autoconfigure.OverrideAutoConfigurationContextCustomizerFactory$DisableAutoConfigurationContextCustomizer@52f57666, org.springframework.boot.test.autoconfigure.actuate.observability.ObservabilityContextCustomizerFactory$DisableObservabilityContextCustomizer@1f, org.springframework.boot.test.autoconfigure.filter.TypeExcludeFiltersContextCustomizer@34be3d80, org.springframework.boot.test.autoconfigure.properties.PropertyMappingContextCustomizer@fca58711, org.springframework.boot.test.autoconfigure.web.servlet.WebDriverContextCustomizer@29a98d9f, [ImportsContextCustomizer@138d978e key = [@org.springframework.boot.test.autoconfigure.orm.jpa.AutoConfigureDataJpa(), @org.springframework.boot.test.autoconfigure.jdbc.AutoConfigureTestDatabase(connection=NONE, replace=NON_TEST), @org.springframework.boot.test.autoconfigure.orm.jpa.AutoConfigureTestEntityManager(), @org.springframework.context.annotation.Import(value={org.springframework.data.jpa.repository.config.JpaAuditingRegistrar.class}), @org.springframework.test.context.BootstrapWith(value=org.springframework.boot.test.autoconfigure.orm.jpa.DataJpaTestContextBootstrapper.class), @org.springframework.context.annotation.Import(value={org.springframework.boot.autoconfigure.ImportAutoConfigurationImportSelector.class}), @org.springframework.data.jpa.repository.config.EnableJpaAuditing(auditorAwareRef="", setDates=true, modifyOnCreate=true, dateTimeProviderRef=""), @org.springframework.boot.test.autoconfigure.properties.PropertyMapping(skip=NO, value="spring.test.database"), @org.springframework.boot.test.autoconfigure.orm.jpa.DataJpaTest(bootstrapMode=DEFAULT, excludeAutoConfiguration={}, excludeFilters={}, includeFilters={}, properties={}, showSql=true, useDefaultFilters=true), @org.springframework.boot.autoconfigure.ImportAutoConfiguration(classes={}, exclude={}, value={}), @org.springframework.transaction.annotation.Transactional(isolation=DEFAULT, label={}, noRollbackFor={}, noRollbackForClassName={}, propagation=REQUIRED, readOnly=false, rollbackFor={}, rollbackForClassName={}, timeout=-1, timeoutString="", transactionManager="", value=""), @org.springframework.boot.test.autoconfigure.core.AutoConfigureCache(cacheProvider=NONE), @org.springframework.aot.hint.annotation.Reflective(processors={org.springframework.aot.hint.annotation.SimpleReflectiveProcessor.class}, value={org.springframework.aot.hint.annotation.SimpleReflectiveProcessor.class}), @org.springframework.boot.test.autoconfigure.OverrideAutoConfiguration(enabled=false), @org.springframework.boot.test.autoconfigure.filter.TypeExcludeFilters(value={org.springframework.boot.test.autoconfigure.orm.jpa.DataJpaTypeExcludeFilter.class})]], org.springframework.boot.test.context.filter.ExcludeFilterContextCustomizer@2e869098, org.springframework.boot.test.json.DuplicateJsonObjectContextCustomizerFactory$DuplicateJsonObjectContextCustomizer@1c8f6a90, org.springframework.boot.test.mock.mockito.MockitoContextCustomizer@0, org.springframework.boot.test.web.reactor.netty.DisableReactorResourceFactoryGlobalResourcesContextCustomizerFactory$DisableReactorResourceFactoryGlobalResourcesContextCustomizerCustomizer@80bfa9d, org.springframework.test.context.support.DynamicPropertiesContextCustomizer@0, org.springframework.boot.test.context.SpringBootTestAnnotation@dadfcbe9], contextLoader = org.springframework.boot.test.context.SpringBootContextLoader, parent = null]
	at org.springframework.test.context.cache.DefaultCacheAwareContextLoaderDelegate.loadContext(DefaultCacheAwareContextLoaderDelegate.java:180)
	at org.springframework.test.context.support.DefaultTestContext.getApplicationContext(DefaultTestContext.java:130)
	at org.springframework.test.context.support.DependencyInjectionTestExecutionListener.injectDependencies(DependencyInjectionTestExecutionListener.java:142)
	at org.springframework.test.context.support.DependencyInjectionTestExecutionListener.prepareTestInstance(DependencyInjectionTestExecutionListener.java:98)
	at org.springframework.test.context.TestContextManager.prepareTestInstance(TestContextManager.java:260)
	at org.springframework.test.context.junit.jupiter.SpringExtension.postProcessTestInstance(SpringExtension.java:160)
	at org.junit.jupiter.engine.descriptor.ClassBasedTestDescriptor.lambda$invokeTestInstancePostProcessors$11(ClassBasedTestDescriptor.java:378)
	at org.junit.jupiter.engine.descriptor.ClassBasedTestDescriptor.executeAndMaskThrowable(ClassBasedTestDescriptor.java:383)
	at org.junit.jupiter.engine.descriptor.ClassBasedTestDescriptor.lambda$invokeTestInstancePostProcessors$12(ClassBasedTestDescriptor.java:378)
	at java.base/java.util.stream.ForEachOps$ForEachOp$OfRef.accept(ForEachOps.java:183)
	at java.base/java.util.stream.ReferencePipeline$3$1.accept(ReferencePipeline.java:197)
	at java.base/java.util.stream.ReferencePipeline$2$1.accept(ReferencePipeline.java:179)
	at java.base/java.util.stream.ReferencePipeline$3$1.accept(ReferencePipeline.java:197)
	at java.base/java.util.ArrayList$ArrayListSpliterator.forEachRemaining(ArrayList.java:1625)
	at java.base/java.util.stream.AbstractPipeline.copyInto(AbstractPipeline.java:509)
	at java.base/java.util.stream.AbstractPipeline.wrapAndCopyInto(AbstractPipeline.java:499)
	at java.base/java.util.stream.ForEachOps$ForEachOp.evaluateSequential(ForEachOps.java:150)
	at java.base/java.util.stream.ForEachOps$ForEachOp$OfRef.evaluateSequential(ForEachOps.java:173)
	at java.base/java.util.stream.AbstractPipeline.evaluate(AbstractPipeline.java:234)
	at java.base/java.util.stream.ReferencePipeline.forEach(ReferencePipeline.java:596)
	at org.junit.jupiter.engine.descriptor.ClassBasedTestDescriptor.invokeTestInstancePostProcessors(ClassBasedTestDescriptor.java:377)
	at org.junit.jupiter.engine.descriptor.ClassBasedTestDescriptor.lambda$instantiateAndPostProcessTestInstance$7(ClassBasedTestDescriptor.java:290)
	at org.junit.platform.engine.support.hierarchical.ThrowableCollector.execute(ThrowableCollector.java:73)
	at org.junit.jupiter.engine.descriptor.ClassBasedTestDescriptor.instantiateAndPostProcessTestInstance(ClassBasedTestDescriptor.java:289)
	at org.junit.jupiter.engine.descriptor.ClassBasedTestDescriptor.lambda$testInstancesProvider$5(ClassBasedTestDescriptor.java:279)
	at java.base/java.util.Optional.orElseGet(Optional.java:364)
	at org.junit.jupiter.engine.descriptor.ClassBasedTestDescriptor.lambda$testInstancesProvider$6(ClassBasedTestDescriptor.java:278)
	at org.junit.jupiter.engine.execution.TestInstancesProvider.getTestInstances(TestInstancesProvider.java:31)
	at org.junit.jupiter.engine.descriptor.TestMethodTestDescriptor.lambda$prepare$1(TestMethodTestDescriptor.java:105)
	at org.junit.platform.engine.support.hierarchical.ThrowableCollector.execute(ThrowableCollector.java:73)
	at org.junit.jupiter.engine.descriptor.TestMethodTestDescriptor.prepare(TestMethodTestDescriptor.java:104)
	at org.junit.jupiter.engine.descriptor.TestMethodTestDescriptor.prepare(TestMethodTestDescriptor.java:68)
	at org.junit.platform.engine.support.hierarchical.NodeTestTask.lambda$prepare$2(NodeTestTask.java:128)
	at org.junit.platform.engine.support.hierarchical.ThrowableCollector.execute(ThrowableCollector.java:73)
	at org.junit.platform.engine.support.hierarchical.NodeTestTask.prepare(NodeTestTask.java:128)
	at org.junit.platform.engine.support.hierarchical.NodeTestTask.execute(NodeTestTask.java:95)
	at java.base/java.util.ArrayList.forEach(ArrayList.java:1511)
	at org.junit.platform.engine.support.hierarchical.SameThreadHierarchicalTestExecutorService.invokeAll(SameThreadHierarchicalTestExecutorService.java:41)
	at org.junit.platform.engine.support.hierarchical.NodeTestTask.lambda$executeRecursively$6(NodeTestTask.java:160)
	at org.junit.platform.engine.support.hierarchical.ThrowableCollector.execute(ThrowableCollector.java:73)
	at org.junit.platform.engine.support.hierarchical.NodeTestTask.lambda$executeRecursively$8(NodeTestTask.java:146)
	at org.junit.platform.engine.support.hierarchical.Node.around(Node.java:137)
	at org.junit.platform.engine.support.hierarchical.NodeTestTask.lambda$executeRecursively$9(NodeTestTask.java:144)
	at org.junit.platform.engine.support.hierarchical.ThrowableCollector.execute(ThrowableCollector.java:73)
	at org.junit.platform.engine.support.hierarchical.NodeTestTask.executeRecursively(NodeTestTask.java:143)
	at org.junit.platform.engine.support.hierarchical.NodeTestTask.execute(NodeTestTask.java:100)
	at java.base/java.util.ArrayList.forEach(ArrayList.java:1511)
	at org.junit.platform.engine.support.hierarchical.SameThreadHierarchicalTestExecutorService.invokeAll(SameThreadHierarchicalTestExecutorService.java:41)
	at org.junit.platform.engine.support.hierarchical.NodeTestTask.lambda$executeRecursively$6(NodeTestTask.java:160)
	at org.junit.platform.engine.support.hierarchical.ThrowableCollector.execute(ThrowableCollector.java:73)
	at org.junit.platform.engine.support.hierarchical.NodeTestTask.lambda$executeRecursively$8(NodeTestTask.java:146)
	at org.junit.platform.engine.support.hierarchical.Node.around(Node.java:137)
	at org.junit.platform.engine.support.hierarchical.NodeTestTask.lambda$executeRecursively$9(NodeTestTask.java:144)
	at org.junit.platform.engine.support.hierarchical.ThrowableCollector.execute(ThrowableCollector.java:73)
	at org.junit.platform.engine.support.hierarchical.NodeTestTask.executeRecursively(NodeTestTask.java:143)
	at org.junit.platform.engine.support.hierarchical.NodeTestTask.execute(NodeTestTask.java:100)
	at org.junit.platform.engine.support.hierarchical.SameThreadHierarchicalTestExecutorService.submit(SameThreadHierarchicalTestExecutorService.java:35)
	at org.junit.platform.engine.support.hierarchical.HierarchicalTestExecutor.execute(HierarchicalTestExecutor.java:57)
	at org.junit.platform.engine.support.hierarchical.HierarchicalTestEngine.execute(HierarchicalTestEngine.java:54)
	at org.junit.platform.launcher.core.EngineExecutionOrchestrator.execute(EngineExecutionOrchestrator.java:198)
	at org.junit.platform.launcher.core.EngineExecutionOrchestrator.execute(EngineExecutionOrchestrator.java:169)
	at org.junit.platform.launcher.core.EngineExecutionOrchestrator.execute(EngineExecutionOrchestrator.java:93)
	at org.junit.platform.launcher.core.EngineExecutionOrchestrator.lambda$execute$0(EngineExecutionOrchestrator.java:58)
	at org.junit.platform.launcher.core.EngineExecutionOrchestrator.withInterceptedStreams(EngineExecutionOrchestrator.java:141)
	at org.junit.platform.launcher.core.EngineExecutionOrchestrator.execute(EngineExecutionOrchestrator.java:57)
	at org.junit.platform.launcher.core.DefaultLauncher.execute(DefaultLauncher.java:103)
	at org.junit.platform.launcher.core.DefaultLauncher.execute(DefaultLauncher.java:85)
	at org.junit.platform.launcher.core.DelegatingLauncher.execute(DelegatingLauncher.java:47)
	at org.gradle.api.internal.tasks.testing.junitplatform.JUnitPlatformTestClassProcessor$CollectAllTestClassesExecutor.processAllTestClasses(JUnitPlatformTestClassProcessor.java:124)
	at org.gradle.api.internal.tasks.testing.junitplatform.JUnitPlatformTestClassProcessor$CollectAllTestClassesExecutor.access$000(JUnitPlatformTestClassProcessor.java:99)
	at org.gradle.api.internal.tasks.testing.junitplatform.JUnitPlatformTestClassProcessor.stop(JUnitPlatformTestClassProcessor.java:94)
	at org.gradle.api.internal.tasks.testing.SuiteTestClassProcessor.stop(SuiteTestClassProcessor.java:63)
	at java.base/jdk.internal.reflect.NativeMethodAccessorImpl.invoke0(Native Method)
	at java.base/jdk.internal.reflect.NativeMethodAccessorImpl.invoke(NativeMethodAccessorImpl.java:77)
	at java.base/jdk.internal.reflect.DelegatingMethodAccessorImpl.invoke(DelegatingMethodAccessorImpl.java:43)
	at java.base/java.lang.reflect.Method.invoke(Method.java:569)
	at org.gradle.internal.dispatch.ReflectionDispatch.dispatch(ReflectionDispatch.java:36)
	at org.gradle.internal.dispatch.ReflectionDispatch.dispatch(ReflectionDispatch.java:24)
	at org.gradle.internal.dispatch.ContextClassLoaderDispatch.dispatch(ContextClassLoaderDispatch.java:33)
	at org.gradle.internal.dispatch.ProxyDispatchAdapter$DispatchingInvocationHandler.invoke(ProxyDispatchAdapter.java:92)
	at jdk.proxy2/jdk.proxy2.$Proxy6.stop(Unknown Source)
	at org.gradle.api.internal.tasks.testing.worker.TestWorker$3.run(TestWorker.java:200)
	at org.gradle.api.internal.tasks.testing.worker.TestWorker.executeAndMaintainThreadName(TestWorker.java:132)
	at org.gradle.api.internal.tasks.testing.worker.TestWorker.execute(TestWorker.java:103)
	at org.gradle.api.internal.tasks.testing.worker.TestWorker.execute(TestWorker.java:63)
	at org.gradle.process.internal.worker.child.ActionExecutionWorker.execute(ActionExecutionWorker.java:56)
	at org.gradle.process.internal.worker.child.SystemApplicationClassLoaderWorker.call(SystemApplicationClassLoaderWorker.java:121)
	at org.gradle.process.internal.worker.child.SystemApplicationClassLoaderWorker.call(SystemApplicationClassLoaderWorker.java:71)
	at worker.org.gradle.process.internal.worker.GradleWorkerMain.run(GradleWorkerMain.java:69)
	at worker.org.gradle.process.internal.worker.GradleWorkerMain.main(GradleWorkerMain.java:74)
Caused by: org.springframework.beans.factory.support.BeanDefinitionOverrideException: Invalid bean definition with name 'jpaAuditingHandler' defined in null: Cannot register bean definition [Root bean: class=org.springframework.data.auditing.AuditingHandler; scope=; abstract=false; lazyInit=null; autowireMode=2; dependencyCheck=0; autowireCandidate=true; primary=false; fallback=false; factoryBeanName=null; factoryMethodName=from; initMethodNames=null; destroyMethodNames=null] for bean 'jpaAuditingHandler' since there is already [Root bean: class=org.springframework.data.auditing.AuditingHandler; scope=; abstract=false; lazyInit=null; autowireMode=2; dependencyCheck=0; autowireCandidate=true; primary=false; fallback=false; factoryBeanName=null; factoryMethodName=from; initMethodNames=null; destroyMethodNames=null] bound.
	at org.springframework.beans.factory.support.DefaultListableBeanFactory.registerBeanDefinition(DefaultListableBeanFactory.java:1151)
	at org.springframework.data.auditing.config.AuditingBeanDefinitionRegistrarSupport.registerAuditHandlerBeanDefinition(AuditingBeanDefinitionRegistrarSupport.java:79)
	at org.springframework.data.auditing.config.AuditingBeanDefinitionRegistrarSupport.registerBeanDefinitions(AuditingBeanDefinitionRegistrarSupport.java:59)
	at org.springframework.data.jpa.repository.config.JpaAuditingRegistrar.registerBeanDefinitions(JpaAuditingRegistrar.java:67)
	at org.springframework.context.annotation.ImportBeanDefinitionRegistrar.registerBeanDefinitions(ImportBeanDefinitionRegistrar.java:86)
	at org.springframework.context.annotation.ConfigurationClassBeanDefinitionReader.lambda$loadBeanDefinitionsFromRegistrars$1(ConfigurationClassBeanDefinitionReader.java:397)
	at java.base/java.util.LinkedHashMap.forEach(LinkedHashMap.java:721)
	at org.springframework.context.annotation.ConfigurationClassBeanDefinitionReader.loadBeanDefinitionsFromRegistrars(ConfigurationClassBeanDefinitionReader.java:396)
	at org.springframework.context.annotation.ConfigurationClassBeanDefinitionReader.loadBeanDefinitionsForConfigurationClass(ConfigurationClassBeanDefinitionReader.java:149)
	at org.springframework.context.annotation.ConfigurationClassBeanDefinitionReader.loadBeanDefinitions(ConfigurationClassBeanDefinitionReader.java:121)
	at org.springframework.context.annotation.ConfigurationClassPostProcessor.processConfigBeanDefinitions(ConfigurationClassPostProcessor.java:430)
	at org.springframework.context.annotation.ConfigurationClassPostProcessor.postProcessBeanDefinitionRegistry(ConfigurationClassPostProcessor.java:290)
	at org.springframework.context.support.PostProcessorRegistrationDelegate.invokeBeanDefinitionRegistryPostProcessors(PostProcessorRegistrationDelegate.java:349)
	at org.springframework.context.support.PostProcessorRegistrationDelegate.invokeBeanFactoryPostProcessors(PostProcessorRegistrationDelegate.java:118)
	at org.springframework.context.support.AbstractApplicationContext.invokeBeanFactoryPostProcessors(AbstractApplicationContext.java:791)
	at org.springframework.context.support.AbstractApplicationContext.refresh(AbstractApplicationContext.java:609)
	at org.springframework.boot.SpringApplication.refresh(SpringApplication.java:752)
	at org.springframework.boot.SpringApplication.refreshContext(SpringApplication.java:439)
	at org.springframework.boot.SpringApplication.run(SpringApplication.java:318)
	at org.springframework.boot.test.context.SpringBootContextLoader.lambda$loadContext$3(SpringBootContextLoader.java:137)
	at org.springframework.util.function.ThrowingSupplier.get(ThrowingSupplier.java:58)
	at org.springframework.util.function.ThrowingSupplier.get(ThrowingSupplier.java:46)
	at org.springframework.boot.SpringApplication.withHook(SpringApplication.java:1461)
	at org.springframework.boot.test.context.SpringBootContextLoader$ContextLoaderHook.run(SpringBootContextLoader.java:553)
	at org.springframework.boot.test.context.SpringBootContextLoader.loadContext(SpringBootContextLoader.java:137)
	at org.springframework.boot.test.context.SpringBootContextLoader.loadContext(SpringBootContextLoader.java:108)
	at org.springframework.test.context.cache.DefaultCacheAwareContextLoaderDelegate.loadContextInternal(DefaultCacheAwareContextLoaderDelegate.java:225)
	at org.springframework.test.context.cache.DefaultCacheAwareContextLoaderDelegate.loadContext(DefaultCacheAwareContextLoaderDelegate.java:152)
	... 89 common frames omitted
2025-03-31 18:11:52.903 [Test worker] INFO  com.sprint.mission.discodeit.repository.UserRepositoryTest - Starting UserRepositoryTest using Java 17.0.12 with PID 10788 (started by qwert in C:\Users\qwert\1-sprint-mission)
2025-03-31 18:11:52.908 [Test worker] INFO  com.sprint.mission.discodeit.repository.UserRepositoryTest - The following 1 profile is active: "test"
2025-03-31 18:11:54.984 [Test worker] INFO  org.springframework.data.repository.config.RepositoryConfigurationDelegate - Bootstrapping Spring Data JPA repositories in DEFAULT mode.
2025-03-31 18:11:55.949 [Test worker] INFO  org.springframework.data.repository.config.RepositoryConfigurationDelegate - Finished Spring Data repository scanning in 927 ms. Found 6 JPA repository interfaces.
2025-03-31 18:11:56.137 [Test worker] INFO  org.springframework.boot.test.autoconfigure.jdbc.TestDatabaseAutoConfiguration$EmbeddedDataSourceBeanFactoryPostProcessor - Replacing 'dataSource' DataSource bean with embedded version
2025-03-31 18:11:56.805 [Test worker] INFO  org.springframework.jdbc.datasource.embedded.EmbeddedDatabaseFactory - Starting embedded database: url='jdbc:h2:mem:35ba5c6e-72a7-43ad-8fa2-199e4e6775ea;DB_CLOSE_DELAY=-1;DB_CLOSE_ON_EXIT=false', username='sa'
2025-03-31 18:11:58.413 [Test worker] INFO  org.hibernate.jpa.internal.util.LogHelper - HHH000204: Processing PersistenceUnitInfo [name: default]
2025-03-31 18:11:58.662 [Test worker] INFO  org.hibernate.Version                - HHH000412: Hibernate ORM core version 6.6.5.Final
2025-03-31 18:11:58.792 [Test worker] INFO  org.hibernate.cache.internal.RegionFactoryInitiator - HHH000026: Second-level cache disabled
2025-03-31 18:11:59.846 [Test worker] INFO  org.springframework.orm.jpa.persistenceunit.SpringPersistenceUnitInfo - No LoadTimeWeaver setup: ignoring JPA class transformer
2025-03-31 18:12:00.014 [Test worker] WARN  org.hibernate.dialect.Dialect        - HHH000511: The 2.3.232 version for [org.hibernate.dialect.PostgreSQLDialect] is no longer supported, hence certain features may not work properly. The minimum supported version is 12.0.0. Check the community dialects project for available legacy versions.
2025-03-31 18:12:00.031 [Test worker] WARN  org.hibernate.orm.deprecation        - HHH90000025: PostgreSQLDialect does not need to be specified explicitly using 'hibernate.dialect' (remove the property setting and it will be selected by default)
2025-03-31 18:12:00.113 [Test worker] INFO  org.hibernate.orm.connections.pooling - HHH10001005: Database info:
	Database JDBC URL [Connecting through datasource 'org.springframework.jdbc.datasource.embedded.EmbeddedDatabaseFactory$EmbeddedDataSourceProxy@bb0ca30']
	Database driver: undefined/unknown
	Database version: 2.3.232
	Autocommit mode: undefined/unknown
	Isolation level: undefined/unknown
	Minimum pool size: undefined/unknown
	Maximum pool size: undefined/unknown
2025-03-31 18:12:03.687 [Test worker] INFO  org.hibernate.engine.transaction.jta.platform.internal.JtaPlatformInitiator - HHH000489: No JTA platform available (set 'hibernate.transaction.jta.platform' to enable JTA platform integration)
2025-03-31 18:12:03.697 [Test worker] INFO  org.springframework.orm.jpa.LocalContainerEntityManagerFactoryBean - Initialized JPA EntityManagerFactory for persistence unit 'default'
2025-03-31 18:12:04.689 [Test worker] INFO  org.springframework.data.jpa.repository.query.QueryEnhancerFactory - Hibernate is in classpath; If applicable, HQL parser will be used.
2025-03-31 18:12:07.005 [Test worker] INFO  com.sprint.mission.discodeit.repository.UserRepositoryTest - Started UserRepositoryTest in 17.093 seconds (process running for 22.975)
2025-03-31 18:12:08.723 [Test worker] WARN  org.hibernate.engine.jdbc.spi.SqlExceptionHelper - SQL Error: 42122, SQLState: 42S22
2025-03-31 18:12:08.723 [Test worker] ERROR org.hibernate.engine.jdbc.spi.SqlExceptionHelper - Column "P1_0.FILE_PATH" not found; SQL statement:
select us1_0.id,us1_0.created_at,us1_0.last_active_at,us1_0.updated_at,us1_0.user_id,u1_0.id,u1_0.created_at,u1_0.email,u1_0.password,p1_0.id,p1_0.content_type,p1_0.created_at,p1_0.file_name,p1_0.file_path,m1_0.id,m1_0.author_id,m1_0.channel_id,m1_0.content,m1_0.created_at,m1_0.updated_at,p1_0.size,u1_0.updated_at,u1_0.username from user_statuses us1_0 join users u1_0 on u1_0.id=us1_0.user_id left join binary_contents p1_0 on p1_0.id=u1_0.profile_id left join messages m1_0 on m1_0.id=p1_0.message_id where us1_0.user_id=? [42122-232]
2025-03-31 18:12:08.849 [SpringApplicationShutdownHook] INFO  org.springframework.orm.jpa.LocalContainerEntityManagerFactoryBean - Closing JPA EntityManagerFactory for persistence unit 'default'
2025-03-31 18:14:31.379 [Test worker] INFO  com.sprint.mission.discodeit.repository.UserRepositoryTest - Starting UserRepositoryTest using Java 17.0.12 with PID 10060 (started by qwert in C:\Users\qwert\1-sprint-mission)
2025-03-31 18:14:31.385 [Test worker] INFO  com.sprint.mission.discodeit.repository.UserRepositoryTest - The following 1 profile is active: "test"
2025-03-31 18:14:33.240 [Test worker] INFO  org.springframework.data.repository.config.RepositoryConfigurationDelegate - Bootstrapping Spring Data JPA repositories in DEFAULT mode.
2025-03-31 18:14:34.202 [Test worker] INFO  org.springframework.data.repository.config.RepositoryConfigurationDelegate - Finished Spring Data repository scanning in 922 ms. Found 6 JPA repository interfaces.
2025-03-31 18:14:34.395 [Test worker] INFO  org.springframework.boot.test.autoconfigure.jdbc.TestDatabaseAutoConfiguration$EmbeddedDataSourceBeanFactoryPostProcessor - Replacing 'dataSource' DataSource bean with embedded version
2025-03-31 18:14:35.192 [Test worker] INFO  org.springframework.jdbc.datasource.embedded.EmbeddedDatabaseFactory - Starting embedded database: url='jdbc:h2:mem:b5db18a5-c8fc-4877-b77c-3eaf9424382f;DB_CLOSE_DELAY=-1;DB_CLOSE_ON_EXIT=false', username='sa'
2025-03-31 18:14:36.514 [Test worker] INFO  org.hibernate.jpa.internal.util.LogHelper - HHH000204: Processing PersistenceUnitInfo [name: default]
2025-03-31 18:14:36.755 [Test worker] INFO  org.hibernate.Version                - HHH000412: Hibernate ORM core version 6.6.5.Final
2025-03-31 18:14:36.883 [Test worker] INFO  org.hibernate.cache.internal.RegionFactoryInitiator - HHH000026: Second-level cache disabled
2025-03-31 18:14:37.932 [Test worker] INFO  org.springframework.orm.jpa.persistenceunit.SpringPersistenceUnitInfo - No LoadTimeWeaver setup: ignoring JPA class transformer
2025-03-31 18:14:38.115 [Test worker] WARN  org.hibernate.dialect.Dialect        - HHH000511: The 2.3.232 version for [org.hibernate.dialect.PostgreSQLDialect] is no longer supported, hence certain features may not work properly. The minimum supported version is 12.0.0. Check the community dialects project for available legacy versions.
2025-03-31 18:14:38.130 [Test worker] WARN  org.hibernate.orm.deprecation        - HHH90000025: PostgreSQLDialect does not need to be specified explicitly using 'hibernate.dialect' (remove the property setting and it will be selected by default)
2025-03-31 18:14:38.184 [Test worker] INFO  org.hibernate.orm.connections.pooling - HHH10001005: Database info:
	Database JDBC URL [Connecting through datasource 'org.springframework.jdbc.datasource.embedded.EmbeddedDatabaseFactory$EmbeddedDataSourceProxy@4c721f6b']
	Database driver: undefined/unknown
	Database version: 2.3.232
	Autocommit mode: undefined/unknown
	Isolation level: undefined/unknown
	Minimum pool size: undefined/unknown
	Maximum pool size: undefined/unknown
2025-03-31 18:14:42.314 [Test worker] INFO  org.hibernate.engine.transaction.jta.platform.internal.JtaPlatformInitiator - HHH000489: No JTA platform available (set 'hibernate.transaction.jta.platform' to enable JTA platform integration)
2025-03-31 18:14:42.328 [Test worker] INFO  org.springframework.orm.jpa.LocalContainerEntityManagerFactoryBean - Initialized JPA EntityManagerFactory for persistence unit 'default'
2025-03-31 18:14:43.470 [Test worker] INFO  org.springframework.data.jpa.repository.query.QueryEnhancerFactory - Hibernate is in classpath; If applicable, HQL parser will be used.
2025-03-31 18:14:46.452 [Test worker] INFO  com.sprint.mission.discodeit.repository.UserRepositoryTest - Started UserRepositoryTest in 17.66 seconds (process running for 23.865)
2025-03-31 18:14:48.351 [Test worker] WARN  org.hibernate.engine.jdbc.spi.SqlExceptionHelper - SQL Error: 42122, SQLState: 42S22
2025-03-31 18:14:48.352 [Test worker] ERROR org.hibernate.engine.jdbc.spi.SqlExceptionHelper - Column "P1_0.MESSAGE_ID" not found; SQL statement:
select us1_0.id,us1_0.created_at,us1_0.last_active_at,us1_0.updated_at,us1_0.user_id,u1_0.id,u1_0.created_at,u1_0.email,u1_0.password,p1_0.id,p1_0.content_type,p1_0.created_at,p1_0.file_name,p1_0.file_path,m1_0.id,m1_0.author_id,m1_0.channel_id,m1_0.content,m1_0.created_at,m1_0.updated_at,p1_0.size,u1_0.updated_at,u1_0.username from user_statuses us1_0 join users u1_0 on u1_0.id=us1_0.user_id left join binary_contents p1_0 on p1_0.id=u1_0.profile_id left join messages m1_0 on m1_0.id=p1_0.message_id where us1_0.user_id=? [42122-232]
2025-03-31 18:14:48.551 [SpringApplicationShutdownHook] INFO  org.springframework.orm.jpa.LocalContainerEntityManagerFactoryBean - Closing JPA EntityManagerFactory for persistence unit 'default'
2025-03-31 18:16:11.646 [Test worker] INFO  com.sprint.mission.discodeit.repository.UserRepositoryTest - Starting UserRepositoryTest using Java 17.0.12 with PID 11736 (started by qwert in C:\Users\qwert\1-sprint-mission)
2025-03-31 18:16:11.653 [Test worker] INFO  com.sprint.mission.discodeit.repository.UserRepositoryTest - The following 1 profile is active: "test"
2025-03-31 18:16:13.464 [Test worker] INFO  org.springframework.data.repository.config.RepositoryConfigurationDelegate - Bootstrapping Spring Data JPA repositories in DEFAULT mode.
2025-03-31 18:16:14.631 [Test worker] INFO  org.springframework.data.repository.config.RepositoryConfigurationDelegate - Finished Spring Data repository scanning in 1128 ms. Found 6 JPA repository interfaces.
2025-03-31 18:16:14.910 [Test worker] INFO  org.springframework.boot.test.autoconfigure.jdbc.TestDatabaseAutoConfiguration$EmbeddedDataSourceBeanFactoryPostProcessor - Replacing 'dataSource' DataSource bean with embedded version
2025-03-31 18:16:15.599 [Test worker] INFO  org.springframework.jdbc.datasource.embedded.EmbeddedDatabaseFactory - Starting embedded database: url='jdbc:h2:mem:b50dea01-e96e-417d-8562-9ca294881663;DB_CLOSE_DELAY=-1;DB_CLOSE_ON_EXIT=false', username='sa'
2025-03-31 18:16:16.640 [Test worker] WARN  org.springframework.context.annotation.AnnotationConfigApplicationContext - Exception encountered during context initialization - cancelling refresh attempt: org.springframework.beans.factory.BeanCreationException: Error creating bean with name 'entityManagerFactory' defined in class path resource [org/springframework/boot/autoconfigure/orm/jpa/HibernateJpaConfiguration.class]: Failed to initialize dependency 'dataSourceScriptDatabaseInitializer' of LoadTimeWeaverAware bean 'entityManagerFactory': Error creating bean with name 'dataSourceScriptDatabaseInitializer' defined in class path resource [org/springframework/boot/autoconfigure/sql/init/DataSourceInitializationConfiguration.class]: Failed to execute SQL script statement #1 of class path resource [schema-h2.sql]: CREATE TABLE binary_contents ( id UUID PRIMARY KEY, created_at TIMESTAMP NOT NULL, file_path VARCHAR(255) NOT NULL, file_name VARCHAR(255) NOT NULL, size BIGINT NOT NULL, content_type VARCHAR(100) NOT NULL, bytes VARBINARY message_id UUID )
2025-03-31 18:16:16.718 [Test worker] INFO  org.springframework.boot.autoconfigure.logging.ConditionEvaluationReportLogger - 

Error starting ApplicationContext. To display the condition evaluation report re-run your application with 'debug' enabled.
2025-03-31 18:16:16.824 [Test worker] ERROR org.springframework.boot.SpringApplication - Application run failed
org.springframework.beans.factory.BeanCreationException: Error creating bean with name 'entityManagerFactory' defined in class path resource [org/springframework/boot/autoconfigure/orm/jpa/HibernateJpaConfiguration.class]: Failed to initialize dependency 'dataSourceScriptDatabaseInitializer' of LoadTimeWeaverAware bean 'entityManagerFactory': Error creating bean with name 'dataSourceScriptDatabaseInitializer' defined in class path resource [org/springframework/boot/autoconfigure/sql/init/DataSourceInitializationConfiguration.class]: Failed to execute SQL script statement #1 of class path resource [schema-h2.sql]: CREATE TABLE binary_contents ( id UUID PRIMARY KEY, created_at TIMESTAMP NOT NULL, file_path VARCHAR(255) NOT NULL, file_name VARCHAR(255) NOT NULL, size BIGINT NOT NULL, content_type VARCHAR(100) NOT NULL, bytes VARBINARY message_id UUID )
	at org.springframework.beans.factory.support.AbstractBeanFactory.doGetBean(AbstractBeanFactory.java:325)
	at org.springframework.beans.factory.support.AbstractBeanFactory.getBean(AbstractBeanFactory.java:204)
	at org.springframework.context.support.AbstractApplicationContext.finishBeanFactoryInitialization(AbstractApplicationContext.java:970)
	at org.springframework.context.support.AbstractApplicationContext.refresh(AbstractApplicationContext.java:627)
	at org.springframework.boot.SpringApplication.refresh(SpringApplication.java:752)
	at org.springframework.boot.SpringApplication.refreshContext(SpringApplication.java:439)
	at org.springframework.boot.SpringApplication.run(SpringApplication.java:318)
	at org.springframework.boot.test.context.SpringBootContextLoader.lambda$loadContext$3(SpringBootContextLoader.java:137)
	at org.springframework.util.function.ThrowingSupplier.get(ThrowingSupplier.java:58)
	at org.springframework.util.function.ThrowingSupplier.get(ThrowingSupplier.java:46)
	at org.springframework.boot.SpringApplication.withHook(SpringApplication.java:1461)
	at org.springframework.boot.test.context.SpringBootContextLoader$ContextLoaderHook.run(SpringBootContextLoader.java:553)
	at org.springframework.boot.test.context.SpringBootContextLoader.loadContext(SpringBootContextLoader.java:137)
	at org.springframework.boot.test.context.SpringBootContextLoader.loadContext(SpringBootContextLoader.java:108)
	at org.springframework.test.context.cache.DefaultCacheAwareContextLoaderDelegate.loadContextInternal(DefaultCacheAwareContextLoaderDelegate.java:225)
	at org.springframework.test.context.cache.DefaultCacheAwareContextLoaderDelegate.loadContext(DefaultCacheAwareContextLoaderDelegate.java:152)
	at org.springframework.test.context.support.DefaultTestContext.getApplicationContext(DefaultTestContext.java:130)
	at org.springframework.test.context.support.DependencyInjectionTestExecutionListener.injectDependencies(DependencyInjectionTestExecutionListener.java:142)
	at org.springframework.test.context.support.DependencyInjectionTestExecutionListener.prepareTestInstance(DependencyInjectionTestExecutionListener.java:98)
	at org.springframework.test.context.TestContextManager.prepareTestInstance(TestContextManager.java:260)
	at org.springframework.test.context.junit.jupiter.SpringExtension.postProcessTestInstance(SpringExtension.java:160)
	at org.junit.jupiter.engine.descriptor.ClassBasedTestDescriptor.lambda$invokeTestInstancePostProcessors$11(ClassBasedTestDescriptor.java:378)
	at org.junit.jupiter.engine.descriptor.ClassBasedTestDescriptor.executeAndMaskThrowable(ClassBasedTestDescriptor.java:383)
	at org.junit.jupiter.engine.descriptor.ClassBasedTestDescriptor.lambda$invokeTestInstancePostProcessors$12(ClassBasedTestDescriptor.java:378)
	at java.base/java.util.stream.ForEachOps$ForEachOp$OfRef.accept(ForEachOps.java:183)
	at java.base/java.util.stream.ReferencePipeline$3$1.accept(ReferencePipeline.java:197)
	at java.base/java.util.stream.ReferencePipeline$2$1.accept(ReferencePipeline.java:179)
	at java.base/java.util.stream.ReferencePipeline$3$1.accept(ReferencePipeline.java:197)
	at java.base/java.util.ArrayList$ArrayListSpliterator.forEachRemaining(ArrayList.java:1625)
	at java.base/java.util.stream.AbstractPipeline.copyInto(AbstractPipeline.java:509)
	at java.base/java.util.stream.AbstractPipeline.wrapAndCopyInto(AbstractPipeline.java:499)
	at java.base/java.util.stream.ForEachOps$ForEachOp.evaluateSequential(ForEachOps.java:150)
	at java.base/java.util.stream.ForEachOps$ForEachOp$OfRef.evaluateSequential(ForEachOps.java:173)
	at java.base/java.util.stream.AbstractPipeline.evaluate(AbstractPipeline.java:234)
	at java.base/java.util.stream.ReferencePipeline.forEach(ReferencePipeline.java:596)
	at org.junit.jupiter.engine.descriptor.ClassBasedTestDescriptor.invokeTestInstancePostProcessors(ClassBasedTestDescriptor.java:377)
	at org.junit.jupiter.engine.descriptor.ClassBasedTestDescriptor.lambda$instantiateAndPostProcessTestInstance$7(ClassBasedTestDescriptor.java:290)
	at org.junit.platform.engine.support.hierarchical.ThrowableCollector.execute(ThrowableCollector.java:73)
	at org.junit.jupiter.engine.descriptor.ClassBasedTestDescriptor.instantiateAndPostProcessTestInstance(ClassBasedTestDescriptor.java:289)
	at org.junit.jupiter.engine.descriptor.ClassBasedTestDescriptor.lambda$testInstancesProvider$5(ClassBasedTestDescriptor.java:279)
	at java.base/java.util.Optional.orElseGet(Optional.java:364)
	at org.junit.jupiter.engine.descriptor.ClassBasedTestDescriptor.lambda$testInstancesProvider$6(ClassBasedTestDescriptor.java:278)
	at org.junit.jupiter.engine.execution.TestInstancesProvider.getTestInstances(TestInstancesProvider.java:31)
	at org.junit.jupiter.engine.descriptor.TestMethodTestDescriptor.lambda$prepare$1(TestMethodTestDescriptor.java:105)
	at org.junit.platform.engine.support.hierarchical.ThrowableCollector.execute(ThrowableCollector.java:73)
	at org.junit.jupiter.engine.descriptor.TestMethodTestDescriptor.prepare(TestMethodTestDescriptor.java:104)
	at org.junit.jupiter.engine.descriptor.TestMethodTestDescriptor.prepare(TestMethodTestDescriptor.java:68)
	at org.junit.platform.engine.support.hierarchical.NodeTestTask.lambda$prepare$2(NodeTestTask.java:128)
	at org.junit.platform.engine.support.hierarchical.ThrowableCollector.execute(ThrowableCollector.java:73)
	at org.junit.platform.engine.support.hierarchical.NodeTestTask.prepare(NodeTestTask.java:128)
	at org.junit.platform.engine.support.hierarchical.NodeTestTask.execute(NodeTestTask.java:95)
	at java.base/java.util.ArrayList.forEach(ArrayList.java:1511)
	at org.junit.platform.engine.support.hierarchical.SameThreadHierarchicalTestExecutorService.invokeAll(SameThreadHierarchicalTestExecutorService.java:41)
	at org.junit.platform.engine.support.hierarchical.NodeTestTask.lambda$executeRecursively$6(NodeTestTask.java:160)
	at org.junit.platform.engine.support.hierarchical.ThrowableCollector.execute(ThrowableCollector.java:73)
	at org.junit.platform.engine.support.hierarchical.NodeTestTask.lambda$executeRecursively$8(NodeTestTask.java:146)
	at org.junit.platform.engine.support.hierarchical.Node.around(Node.java:137)
	at org.junit.platform.engine.support.hierarchical.NodeTestTask.lambda$executeRecursively$9(NodeTestTask.java:144)
	at org.junit.platform.engine.support.hierarchical.ThrowableCollector.execute(ThrowableCollector.java:73)
	at org.junit.platform.engine.support.hierarchical.NodeTestTask.executeRecursively(NodeTestTask.java:143)
	at org.junit.platform.engine.support.hierarchical.NodeTestTask.execute(NodeTestTask.java:100)
	at java.base/java.util.ArrayList.forEach(ArrayList.java:1511)
	at org.junit.platform.engine.support.hierarchical.SameThreadHierarchicalTestExecutorService.invokeAll(SameThreadHierarchicalTestExecutorService.java:41)
	at org.junit.platform.engine.support.hierarchical.NodeTestTask.lambda$executeRecursively$6(NodeTestTask.java:160)
	at org.junit.platform.engine.support.hierarchical.ThrowableCollector.execute(ThrowableCollector.java:73)
	at org.junit.platform.engine.support.hierarchical.NodeTestTask.lambda$executeRecursively$8(NodeTestTask.java:146)
	at org.junit.platform.engine.support.hierarchical.Node.around(Node.java:137)
	at org.junit.platform.engine.support.hierarchical.NodeTestTask.lambda$executeRecursively$9(NodeTestTask.java:144)
	at org.junit.platform.engine.support.hierarchical.ThrowableCollector.execute(ThrowableCollector.java:73)
	at org.junit.platform.engine.support.hierarchical.NodeTestTask.executeRecursively(NodeTestTask.java:143)
	at org.junit.platform.engine.support.hierarchical.NodeTestTask.execute(NodeTestTask.java:100)
	at org.junit.platform.engine.support.hierarchical.SameThreadHierarchicalTestExecutorService.submit(SameThreadHierarchicalTestExecutorService.java:35)
	at org.junit.platform.engine.support.hierarchical.HierarchicalTestExecutor.execute(HierarchicalTestExecutor.java:57)
	at org.junit.platform.engine.support.hierarchical.HierarchicalTestEngine.execute(HierarchicalTestEngine.java:54)
	at org.junit.platform.launcher.core.EngineExecutionOrchestrator.execute(EngineExecutionOrchestrator.java:198)
	at org.junit.platform.launcher.core.EngineExecutionOrchestrator.execute(EngineExecutionOrchestrator.java:169)
	at org.junit.platform.launcher.core.EngineExecutionOrchestrator.execute(EngineExecutionOrchestrator.java:93)
	at org.junit.platform.launcher.core.EngineExecutionOrchestrator.lambda$execute$0(EngineExecutionOrchestrator.java:58)
	at org.junit.platform.launcher.core.EngineExecutionOrchestrator.withInterceptedStreams(EngineExecutionOrchestrator.java:141)
	at org.junit.platform.launcher.core.EngineExecutionOrchestrator.execute(EngineExecutionOrchestrator.java:57)
	at org.junit.platform.launcher.core.DefaultLauncher.execute(DefaultLauncher.java:103)
	at org.junit.platform.launcher.core.DefaultLauncher.execute(DefaultLauncher.java:85)
	at org.junit.platform.launcher.core.DelegatingLauncher.execute(DelegatingLauncher.java:47)
	at org.gradle.api.internal.tasks.testing.junitplatform.JUnitPlatformTestClassProcessor$CollectAllTestClassesExecutor.processAllTestClasses(JUnitPlatformTestClassProcessor.java:124)
	at org.gradle.api.internal.tasks.testing.junitplatform.JUnitPlatformTestClassProcessor$CollectAllTestClassesExecutor.access$000(JUnitPlatformTestClassProcessor.java:99)
	at org.gradle.api.internal.tasks.testing.junitplatform.JUnitPlatformTestClassProcessor.stop(JUnitPlatformTestClassProcessor.java:94)
	at org.gradle.api.internal.tasks.testing.SuiteTestClassProcessor.stop(SuiteTestClassProcessor.java:63)
	at java.base/jdk.internal.reflect.NativeMethodAccessorImpl.invoke0(Native Method)
	at java.base/jdk.internal.reflect.NativeMethodAccessorImpl.invoke(NativeMethodAccessorImpl.java:77)
	at java.base/jdk.internal.reflect.DelegatingMethodAccessorImpl.invoke(DelegatingMethodAccessorImpl.java:43)
	at java.base/java.lang.reflect.Method.invoke(Method.java:569)
	at org.gradle.internal.dispatch.ReflectionDispatch.dispatch(ReflectionDispatch.java:36)
	at org.gradle.internal.dispatch.ReflectionDispatch.dispatch(ReflectionDispatch.java:24)
	at org.gradle.internal.dispatch.ContextClassLoaderDispatch.dispatch(ContextClassLoaderDispatch.java:33)
	at org.gradle.internal.dispatch.ProxyDispatchAdapter$DispatchingInvocationHandler.invoke(ProxyDispatchAdapter.java:92)
	at jdk.proxy2/jdk.proxy2.$Proxy6.stop(Unknown Source)
	at org.gradle.api.internal.tasks.testing.worker.TestWorker$3.run(TestWorker.java:200)
	at org.gradle.api.internal.tasks.testing.worker.TestWorker.executeAndMaintainThreadName(TestWorker.java:132)
	at org.gradle.api.internal.tasks.testing.worker.TestWorker.execute(TestWorker.java:103)
	at org.gradle.api.internal.tasks.testing.worker.TestWorker.execute(TestWorker.java:63)
	at org.gradle.process.internal.worker.child.ActionExecutionWorker.execute(ActionExecutionWorker.java:56)
	at org.gradle.process.internal.worker.child.SystemApplicationClassLoaderWorker.call(SystemApplicationClassLoaderWorker.java:121)
	at org.gradle.process.internal.worker.child.SystemApplicationClassLoaderWorker.call(SystemApplicationClassLoaderWorker.java:71)
	at worker.org.gradle.process.internal.worker.GradleWorkerMain.run(GradleWorkerMain.java:69)
	at worker.org.gradle.process.internal.worker.GradleWorkerMain.main(GradleWorkerMain.java:74)
Caused by: org.springframework.beans.factory.BeanCreationException: Error creating bean with name 'dataSourceScriptDatabaseInitializer' defined in class path resource [org/springframework/boot/autoconfigure/sql/init/DataSourceInitializationConfiguration.class]: Failed to execute SQL script statement #1 of class path resource [schema-h2.sql]: CREATE TABLE binary_contents ( id UUID PRIMARY KEY, created_at TIMESTAMP NOT NULL, file_path VARCHAR(255) NOT NULL, file_name VARCHAR(255) NOT NULL, size BIGINT NOT NULL, content_type VARCHAR(100) NOT NULL, bytes VARBINARY message_id UUID )
	at org.springframework.beans.factory.support.AbstractAutowireCapableBeanFactory.initializeBean(AbstractAutowireCapableBeanFactory.java:1812)
	at org.springframework.beans.factory.support.AbstractAutowireCapableBeanFactory.doCreateBean(AbstractAutowireCapableBeanFactory.java:601)
	at org.springframework.beans.factory.support.AbstractAutowireCapableBeanFactory.createBean(AbstractAutowireCapableBeanFactory.java:523)
	at org.springframework.beans.factory.support.AbstractBeanFactory.lambda$doGetBean$0(AbstractBeanFactory.java:336)
	at org.springframework.beans.factory.support.DefaultSingletonBeanRegistry.getSingleton(DefaultSingletonBeanRegistry.java:307)
	at org.springframework.beans.factory.support.AbstractBeanFactory.doGetBean(AbstractBeanFactory.java:334)
	at org.springframework.beans.factory.support.AbstractBeanFactory.getBean(AbstractBeanFactory.java:199)
	at org.springframework.beans.factory.support.AbstractBeanFactory.doGetBean(AbstractBeanFactory.java:312)
	... 104 common frames omitted
Caused by: org.springframework.jdbc.datasource.init.ScriptStatementFailedException: Failed to execute SQL script statement #1 of class path resource [schema-h2.sql]: CREATE TABLE binary_contents ( id UUID PRIMARY KEY, created_at TIMESTAMP NOT NULL, file_path VARCHAR(255) NOT NULL, file_name VARCHAR(255) NOT NULL, size BIGINT NOT NULL, content_type VARCHAR(100) NOT NULL, bytes VARBINARY message_id UUID )
	at org.springframework.jdbc.datasource.init.ScriptUtils.executeSqlScript(ScriptUtils.java:282)
	at org.springframework.jdbc.datasource.init.ResourceDatabasePopulator.populate(ResourceDatabasePopulator.java:254)
	at org.springframework.jdbc.datasource.init.DatabasePopulatorUtils.execute(DatabasePopulatorUtils.java:54)
	at org.springframework.boot.jdbc.init.DataSourceScriptDatabaseInitializer.runScripts(DataSourceScriptDatabaseInitializer.java:87)
	at org.springframework.boot.sql.init.AbstractScriptDatabaseInitializer.runScripts(AbstractScriptDatabaseInitializer.java:146)
	at org.springframework.boot.sql.init.AbstractScriptDatabaseInitializer.applyScripts(AbstractScriptDatabaseInitializer.java:108)
	at org.springframework.boot.sql.init.AbstractScriptDatabaseInitializer.applySchemaScripts(AbstractScriptDatabaseInitializer.java:98)
	at org.springframework.boot.sql.init.AbstractScriptDatabaseInitializer.initializeDatabase(AbstractScriptDatabaseInitializer.java:76)
	at org.springframework.boot.sql.init.AbstractScriptDatabaseInitializer.afterPropertiesSet(AbstractScriptDatabaseInitializer.java:66)
	at org.springframework.beans.factory.support.AbstractAutowireCapableBeanFactory.invokeInitMethods(AbstractAutowireCapableBeanFactory.java:1859)
	at org.springframework.beans.factory.support.AbstractAutowireCapableBeanFactory.initializeBean(AbstractAutowireCapableBeanFactory.java:1808)
	... 111 common frames omitted
Caused by: org.h2.jdbc.JdbcSQLSyntaxErrorException: Syntax error in SQL statement "CREATE TABLE binary_contents ( id UUID PRIMARY KEY, created_at TIMESTAMP NOT NULL, file_path VARCHAR(255) NOT NULL, file_name VARCHAR(255) NOT NULL, size BIGINT NOT NULL, content_type VARCHAR(100) NOT NULL, bytes VARBINARY [*]message_id UUID )"; expected "(, ARRAY, INVISIBLE, VISIBLE, NOT NULL, DEFAULT, GENERATED, ON UPDATE, NOT NULL, DEFAULT ON NULL, SEQUENCE, SELECTIVITY, COMMENT, CONSTRAINT, COMMENT, PRIMARY KEY, UNIQUE, NOT NULL, CHECK, REFERENCES, ,, )"; SQL statement:
CREATE TABLE binary_contents ( id UUID PRIMARY KEY, created_at TIMESTAMP NOT NULL, file_path VARCHAR(255) NOT NULL, file_name VARCHAR(255) NOT NULL, size BIGINT NOT NULL, content_type VARCHAR(100) NOT NULL, bytes VARBINARY message_id UUID ) [42001-232]
	at org.h2.message.DbException.getJdbcSQLException(DbException.java:514)
	at org.h2.message.DbException.getJdbcSQLException(DbException.java:489)
	at org.h2.message.DbException.getSyntaxError(DbException.java:261)
	at org.h2.command.ParserBase.getSyntaxError(ParserBase.java:762)
	at org.h2.command.ParserBase.read(ParserBase.java:369)
	at org.h2.command.ParserBase.readIfMore(ParserBase.java:637)
	at org.h2.command.Parser.parseCreateTable(Parser.java:8820)
	at org.h2.command.Parser.parseCreate(Parser.java:6398)
	at org.h2.command.Parser.parsePrepared(Parser.java:645)
	at org.h2.command.Parser.parse(Parser.java:581)
	at org.h2.command.Parser.parse(Parser.java:561)
	at org.h2.command.Parser.prepareCommand(Parser.java:484)
	at org.h2.engine.SessionLocal.prepareLocal(SessionLocal.java:645)
	at org.h2.engine.SessionLocal.prepareCommand(SessionLocal.java:561)
	at org.h2.jdbc.JdbcConnection.prepareCommand(JdbcConnection.java:1164)
	at org.h2.jdbc.JdbcStatement.executeInternal(JdbcStatement.java:245)
	at org.h2.jdbc.JdbcStatement.execute(JdbcStatement.java:231)
	at org.springframework.jdbc.datasource.init.ScriptUtils.executeSqlScript(ScriptUtils.java:261)
	... 121 common frames omitted
2025-03-31 18:16:16.867 [Test worker] WARN  org.springframework.test.context.TestContextManager - Caught exception while allowing TestExecutionListener [org.springframework.test.context.support.DependencyInjectionTestExecutionListener] to prepare test instance [com.sprint.mission.discodeit.repository.UserRepositoryTest@3990d58e]
java.lang.IllegalStateException: Failed to load ApplicationContext for [MergedContextConfiguration@47e82067 testClass = com.sprint.mission.discodeit.repository.UserRepositoryTest, locations = [], classes = [com.sprint.mission.discodeit.DiscodeitApplication], contextInitializerClasses = [], activeProfiles = [], propertySourceDescriptors = [], propertySourceProperties = ["org.springframework.boot.test.autoconfigure.orm.jpa.DataJpaTestContextBootstrapper=true"], contextCustomizers = [org.springframework.boot.test.autoconfigure.OnFailureConditionReportContextCustomizerFactory$OnFailureConditionReportContextCustomizer@51d387d3, org.springframework.boot.test.autoconfigure.OverrideAutoConfigurationContextCustomizerFactory$DisableAutoConfigurationContextCustomizer@6cf0a747, org.springframework.boot.test.autoconfigure.actuate.observability.ObservabilityContextCustomizerFactory$DisableObservabilityContextCustomizer@1f, org.springframework.boot.test.autoconfigure.filter.TypeExcludeFiltersContextCustomizer@34be3d80, org.springframework.boot.test.autoconfigure.properties.PropertyMappingContextCustomizer@f75c4797, org.springframework.boot.test.autoconfigure.web.servlet.WebDriverContextCustomizer@d277579, [ImportsContextCustomizer@4d768435 key = [org.springframework.boot.autoconfigure.transaction.TransactionAutoConfiguration, org.springframework.boot.autoconfigure.data.jpa.JpaRepositoriesAutoConfiguration, org.springframework.boot.test.autoconfigure.orm.jpa.TestEntityManagerAutoConfiguration, org.springframework.boot.autoconfigure.cache.CacheAutoConfiguration, org.springframework.boot.autoconfigure.orm.jpa.HibernateJpaAutoConfiguration, org.springframework.boot.autoconfigure.sql.init.SqlInitializationAutoConfiguration, org.springframework.boot.test.autoconfigure.jdbc.TestDatabaseAutoConfiguration, org.springframework.boot.autoconfigure.flyway.FlywayAutoConfiguration, org.springframework.boot.autoconfigure.jdbc.DataSourceTransactionManagerAutoConfiguration, org.springframework.boot.autoconfigure.liquibase.LiquibaseAutoConfiguration, org.springframework.boot.autoconfigure.jdbc.JdbcClientAutoConfiguration, org.springframework.boot.autoconfigure.jdbc.DataSourceAutoConfiguration, org.springframework.boot.autoconfigure.jdbc.JdbcTemplateAutoConfiguration]], org.springframework.boot.test.context.filter.ExcludeFilterContextCustomizer@3e67f5f2, org.springframework.boot.test.json.DuplicateJsonObjectContextCustomizerFactory$DuplicateJsonObjectContextCustomizer@7132a9dc, org.springframework.boot.test.mock.mockito.MockitoContextCustomizer@0, org.springframework.boot.test.web.reactor.netty.DisableReactorResourceFactoryGlobalResourcesContextCustomizerFactory$DisableReactorResourceFactoryGlobalResourcesContextCustomizerCustomizer@58867cd5, org.springframework.test.context.support.DynamicPropertiesContextCustomizer@0, org.springframework.boot.test.context.SpringBootTestAnnotation@68165e5], contextLoader = org.springframework.boot.test.context.SpringBootContextLoader, parent = null]
	at org.springframework.test.context.cache.DefaultCacheAwareContextLoaderDelegate.loadContext(DefaultCacheAwareContextLoaderDelegate.java:180)
	at org.springframework.test.context.support.DefaultTestContext.getApplicationContext(DefaultTestContext.java:130)
	at org.springframework.test.context.support.DependencyInjectionTestExecutionListener.injectDependencies(DependencyInjectionTestExecutionListener.java:142)
	at org.springframework.test.context.support.DependencyInjectionTestExecutionListener.prepareTestInstance(DependencyInjectionTestExecutionListener.java:98)
	at org.springframework.test.context.TestContextManager.prepareTestInstance(TestContextManager.java:260)
	at org.springframework.test.context.junit.jupiter.SpringExtension.postProcessTestInstance(SpringExtension.java:160)
	at org.junit.jupiter.engine.descriptor.ClassBasedTestDescriptor.lambda$invokeTestInstancePostProcessors$11(ClassBasedTestDescriptor.java:378)
	at org.junit.jupiter.engine.descriptor.ClassBasedTestDescriptor.executeAndMaskThrowable(ClassBasedTestDescriptor.java:383)
	at org.junit.jupiter.engine.descriptor.ClassBasedTestDescriptor.lambda$invokeTestInstancePostProcessors$12(ClassBasedTestDescriptor.java:378)
	at java.base/java.util.stream.ForEachOps$ForEachOp$OfRef.accept(ForEachOps.java:183)
	at java.base/java.util.stream.ReferencePipeline$3$1.accept(ReferencePipeline.java:197)
	at java.base/java.util.stream.ReferencePipeline$2$1.accept(ReferencePipeline.java:179)
	at java.base/java.util.stream.ReferencePipeline$3$1.accept(ReferencePipeline.java:197)
	at java.base/java.util.ArrayList$ArrayListSpliterator.forEachRemaining(ArrayList.java:1625)
	at java.base/java.util.stream.AbstractPipeline.copyInto(AbstractPipeline.java:509)
	at java.base/java.util.stream.AbstractPipeline.wrapAndCopyInto(AbstractPipeline.java:499)
	at java.base/java.util.stream.ForEachOps$ForEachOp.evaluateSequential(ForEachOps.java:150)
	at java.base/java.util.stream.ForEachOps$ForEachOp$OfRef.evaluateSequential(ForEachOps.java:173)
	at java.base/java.util.stream.AbstractPipeline.evaluate(AbstractPipeline.java:234)
	at java.base/java.util.stream.ReferencePipeline.forEach(ReferencePipeline.java:596)
	at org.junit.jupiter.engine.descriptor.ClassBasedTestDescriptor.invokeTestInstancePostProcessors(ClassBasedTestDescriptor.java:377)
	at org.junit.jupiter.engine.descriptor.ClassBasedTestDescriptor.lambda$instantiateAndPostProcessTestInstance$7(ClassBasedTestDescriptor.java:290)
	at org.junit.platform.engine.support.hierarchical.ThrowableCollector.execute(ThrowableCollector.java:73)
	at org.junit.jupiter.engine.descriptor.ClassBasedTestDescriptor.instantiateAndPostProcessTestInstance(ClassBasedTestDescriptor.java:289)
	at org.junit.jupiter.engine.descriptor.ClassBasedTestDescriptor.lambda$testInstancesProvider$5(ClassBasedTestDescriptor.java:279)
	at java.base/java.util.Optional.orElseGet(Optional.java:364)
	at org.junit.jupiter.engine.descriptor.ClassBasedTestDescriptor.lambda$testInstancesProvider$6(ClassBasedTestDescriptor.java:278)
	at org.junit.jupiter.engine.execution.TestInstancesProvider.getTestInstances(TestInstancesProvider.java:31)
	at org.junit.jupiter.engine.descriptor.TestMethodTestDescriptor.lambda$prepare$1(TestMethodTestDescriptor.java:105)
	at org.junit.platform.engine.support.hierarchical.ThrowableCollector.execute(ThrowableCollector.java:73)
	at org.junit.jupiter.engine.descriptor.TestMethodTestDescriptor.prepare(TestMethodTestDescriptor.java:104)
	at org.junit.jupiter.engine.descriptor.TestMethodTestDescriptor.prepare(TestMethodTestDescriptor.java:68)
	at org.junit.platform.engine.support.hierarchical.NodeTestTask.lambda$prepare$2(NodeTestTask.java:128)
	at org.junit.platform.engine.support.hierarchical.ThrowableCollector.execute(ThrowableCollector.java:73)
	at org.junit.platform.engine.support.hierarchical.NodeTestTask.prepare(NodeTestTask.java:128)
	at org.junit.platform.engine.support.hierarchical.NodeTestTask.execute(NodeTestTask.java:95)
	at java.base/java.util.ArrayList.forEach(ArrayList.java:1511)
	at org.junit.platform.engine.support.hierarchical.SameThreadHierarchicalTestExecutorService.invokeAll(SameThreadHierarchicalTestExecutorService.java:41)
	at org.junit.platform.engine.support.hierarchical.NodeTestTask.lambda$executeRecursively$6(NodeTestTask.java:160)
	at org.junit.platform.engine.support.hierarchical.ThrowableCollector.execute(ThrowableCollector.java:73)
	at org.junit.platform.engine.support.hierarchical.NodeTestTask.lambda$executeRecursively$8(NodeTestTask.java:146)
	at org.junit.platform.engine.support.hierarchical.Node.around(Node.java:137)
	at org.junit.platform.engine.support.hierarchical.NodeTestTask.lambda$executeRecursively$9(NodeTestTask.java:144)
	at org.junit.platform.engine.support.hierarchical.ThrowableCollector.execute(ThrowableCollector.java:73)
	at org.junit.platform.engine.support.hierarchical.NodeTestTask.executeRecursively(NodeTestTask.java:143)
	at org.junit.platform.engine.support.hierarchical.NodeTestTask.execute(NodeTestTask.java:100)
	at java.base/java.util.ArrayList.forEach(ArrayList.java:1511)
	at org.junit.platform.engine.support.hierarchical.SameThreadHierarchicalTestExecutorService.invokeAll(SameThreadHierarchicalTestExecutorService.java:41)
	at org.junit.platform.engine.support.hierarchical.NodeTestTask.lambda$executeRecursively$6(NodeTestTask.java:160)
	at org.junit.platform.engine.support.hierarchical.ThrowableCollector.execute(ThrowableCollector.java:73)
	at org.junit.platform.engine.support.hierarchical.NodeTestTask.lambda$executeRecursively$8(NodeTestTask.java:146)
	at org.junit.platform.engine.support.hierarchical.Node.around(Node.java:137)
	at org.junit.platform.engine.support.hierarchical.NodeTestTask.lambda$executeRecursively$9(NodeTestTask.java:144)
	at org.junit.platform.engine.support.hierarchical.ThrowableCollector.execute(ThrowableCollector.java:73)
	at org.junit.platform.engine.support.hierarchical.NodeTestTask.executeRecursively(NodeTestTask.java:143)
	at org.junit.platform.engine.support.hierarchical.NodeTestTask.execute(NodeTestTask.java:100)
	at org.junit.platform.engine.support.hierarchical.SameThreadHierarchicalTestExecutorService.submit(SameThreadHierarchicalTestExecutorService.java:35)
	at org.junit.platform.engine.support.hierarchical.HierarchicalTestExecutor.execute(HierarchicalTestExecutor.java:57)
	at org.junit.platform.engine.support.hierarchical.HierarchicalTestEngine.execute(HierarchicalTestEngine.java:54)
	at org.junit.platform.launcher.core.EngineExecutionOrchestrator.execute(EngineExecutionOrchestrator.java:198)
	at org.junit.platform.launcher.core.EngineExecutionOrchestrator.execute(EngineExecutionOrchestrator.java:169)
	at org.junit.platform.launcher.core.EngineExecutionOrchestrator.execute(EngineExecutionOrchestrator.java:93)
	at org.junit.platform.launcher.core.EngineExecutionOrchestrator.lambda$execute$0(EngineExecutionOrchestrator.java:58)
	at org.junit.platform.launcher.core.EngineExecutionOrchestrator.withInterceptedStreams(EngineExecutionOrchestrator.java:141)
	at org.junit.platform.launcher.core.EngineExecutionOrchestrator.execute(EngineExecutionOrchestrator.java:57)
	at org.junit.platform.launcher.core.DefaultLauncher.execute(DefaultLauncher.java:103)
	at org.junit.platform.launcher.core.DefaultLauncher.execute(DefaultLauncher.java:85)
	at org.junit.platform.launcher.core.DelegatingLauncher.execute(DelegatingLauncher.java:47)
	at org.gradle.api.internal.tasks.testing.junitplatform.JUnitPlatformTestClassProcessor$CollectAllTestClassesExecutor.processAllTestClasses(JUnitPlatformTestClassProcessor.java:124)
	at org.gradle.api.internal.tasks.testing.junitplatform.JUnitPlatformTestClassProcessor$CollectAllTestClassesExecutor.access$000(JUnitPlatformTestClassProcessor.java:99)
	at org.gradle.api.internal.tasks.testing.junitplatform.JUnitPlatformTestClassProcessor.stop(JUnitPlatformTestClassProcessor.java:94)
	at org.gradle.api.internal.tasks.testing.SuiteTestClassProcessor.stop(SuiteTestClassProcessor.java:63)
	at java.base/jdk.internal.reflect.NativeMethodAccessorImpl.invoke0(Native Method)
	at java.base/jdk.internal.reflect.NativeMethodAccessorImpl.invoke(NativeMethodAccessorImpl.java:77)
	at java.base/jdk.internal.reflect.DelegatingMethodAccessorImpl.invoke(DelegatingMethodAccessorImpl.java:43)
	at java.base/java.lang.reflect.Method.invoke(Method.java:569)
	at org.gradle.internal.dispatch.ReflectionDispatch.dispatch(ReflectionDispatch.java:36)
	at org.gradle.internal.dispatch.ReflectionDispatch.dispatch(ReflectionDispatch.java:24)
	at org.gradle.internal.dispatch.ContextClassLoaderDispatch.dispatch(ContextClassLoaderDispatch.java:33)
	at org.gradle.internal.dispatch.ProxyDispatchAdapter$DispatchingInvocationHandler.invoke(ProxyDispatchAdapter.java:92)
	at jdk.proxy2/jdk.proxy2.$Proxy6.stop(Unknown Source)
	at org.gradle.api.internal.tasks.testing.worker.TestWorker$3.run(TestWorker.java:200)
	at org.gradle.api.internal.tasks.testing.worker.TestWorker.executeAndMaintainThreadName(TestWorker.java:132)
	at org.gradle.api.internal.tasks.testing.worker.TestWorker.execute(TestWorker.java:103)
	at org.gradle.api.internal.tasks.testing.worker.TestWorker.execute(TestWorker.java:63)
	at org.gradle.process.internal.worker.child.ActionExecutionWorker.execute(ActionExecutionWorker.java:56)
	at org.gradle.process.internal.worker.child.SystemApplicationClassLoaderWorker.call(SystemApplicationClassLoaderWorker.java:121)
	at org.gradle.process.internal.worker.child.SystemApplicationClassLoaderWorker.call(SystemApplicationClassLoaderWorker.java:71)
	at worker.org.gradle.process.internal.worker.GradleWorkerMain.run(GradleWorkerMain.java:69)
	at worker.org.gradle.process.internal.worker.GradleWorkerMain.main(GradleWorkerMain.java:74)
Caused by: org.springframework.beans.factory.BeanCreationException: Error creating bean with name 'entityManagerFactory' defined in class path resource [org/springframework/boot/autoconfigure/orm/jpa/HibernateJpaConfiguration.class]: Failed to initialize dependency 'dataSourceScriptDatabaseInitializer' of LoadTimeWeaverAware bean 'entityManagerFactory': Error creating bean with name 'dataSourceScriptDatabaseInitializer' defined in class path resource [org/springframework/boot/autoconfigure/sql/init/DataSourceInitializationConfiguration.class]: Failed to execute SQL script statement #1 of class path resource [schema-h2.sql]: CREATE TABLE binary_contents ( id UUID PRIMARY KEY, created_at TIMESTAMP NOT NULL, file_path VARCHAR(255) NOT NULL, file_name VARCHAR(255) NOT NULL, size BIGINT NOT NULL, content_type VARCHAR(100) NOT NULL, bytes VARBINARY message_id UUID )
	at org.springframework.beans.factory.support.AbstractBeanFactory.doGetBean(AbstractBeanFactory.java:325)
	at org.springframework.beans.factory.support.AbstractBeanFactory.getBean(AbstractBeanFactory.java:204)
	at org.springframework.context.support.AbstractApplicationContext.finishBeanFactoryInitialization(AbstractApplicationContext.java:970)
	at org.springframework.context.support.AbstractApplicationContext.refresh(AbstractApplicationContext.java:627)
	at org.springframework.boot.SpringApplication.refresh(SpringApplication.java:752)
	at org.springframework.boot.SpringApplication.refreshContext(SpringApplication.java:439)
	at org.springframework.boot.SpringApplication.run(SpringApplication.java:318)
	at org.springframework.boot.test.context.SpringBootContextLoader.lambda$loadContext$3(SpringBootContextLoader.java:137)
	at org.springframework.util.function.ThrowingSupplier.get(ThrowingSupplier.java:58)
	at org.springframework.util.function.ThrowingSupplier.get(ThrowingSupplier.java:46)
	at org.springframework.boot.SpringApplication.withHook(SpringApplication.java:1461)
	at org.springframework.boot.test.context.SpringBootContextLoader$ContextLoaderHook.run(SpringBootContextLoader.java:553)
	at org.springframework.boot.test.context.SpringBootContextLoader.loadContext(SpringBootContextLoader.java:137)
	at org.springframework.boot.test.context.SpringBootContextLoader.loadContext(SpringBootContextLoader.java:108)
	at org.springframework.test.context.cache.DefaultCacheAwareContextLoaderDelegate.loadContextInternal(DefaultCacheAwareContextLoaderDelegate.java:225)
	at org.springframework.test.context.cache.DefaultCacheAwareContextLoaderDelegate.loadContext(DefaultCacheAwareContextLoaderDelegate.java:152)
	... 89 common frames omitted
Caused by: org.springframework.beans.factory.BeanCreationException: Error creating bean with name 'dataSourceScriptDatabaseInitializer' defined in class path resource [org/springframework/boot/autoconfigure/sql/init/DataSourceInitializationConfiguration.class]: Failed to execute SQL script statement #1 of class path resource [schema-h2.sql]: CREATE TABLE binary_contents ( id UUID PRIMARY KEY, created_at TIMESTAMP NOT NULL, file_path VARCHAR(255) NOT NULL, file_name VARCHAR(255) NOT NULL, size BIGINT NOT NULL, content_type VARCHAR(100) NOT NULL, bytes VARBINARY message_id UUID )
	at org.springframework.beans.factory.support.AbstractAutowireCapableBeanFactory.initializeBean(AbstractAutowireCapableBeanFactory.java:1812)
	at org.springframework.beans.factory.support.AbstractAutowireCapableBeanFactory.doCreateBean(AbstractAutowireCapableBeanFactory.java:601)
	at org.springframework.beans.factory.support.AbstractAutowireCapableBeanFactory.createBean(AbstractAutowireCapableBeanFactory.java:523)
	at org.springframework.beans.factory.support.AbstractBeanFactory.lambda$doGetBean$0(AbstractBeanFactory.java:336)
	at org.springframework.beans.factory.support.DefaultSingletonBeanRegistry.getSingleton(DefaultSingletonBeanRegistry.java:307)
	at org.springframework.beans.factory.support.AbstractBeanFactory.doGetBean(AbstractBeanFactory.java:334)
	at org.springframework.beans.factory.support.AbstractBeanFactory.getBean(AbstractBeanFactory.java:199)
	at org.springframework.beans.factory.support.AbstractBeanFactory.doGetBean(AbstractBeanFactory.java:312)
	... 104 common frames omitted
Caused by: org.springframework.jdbc.datasource.init.ScriptStatementFailedException: Failed to execute SQL script statement #1 of class path resource [schema-h2.sql]: CREATE TABLE binary_contents ( id UUID PRIMARY KEY, created_at TIMESTAMP NOT NULL, file_path VARCHAR(255) NOT NULL, file_name VARCHAR(255) NOT NULL, size BIGINT NOT NULL, content_type VARCHAR(100) NOT NULL, bytes VARBINARY message_id UUID )
	at org.springframework.jdbc.datasource.init.ScriptUtils.executeSqlScript(ScriptUtils.java:282)
	at org.springframework.jdbc.datasource.init.ResourceDatabasePopulator.populate(ResourceDatabasePopulator.java:254)
	at org.springframework.jdbc.datasource.init.DatabasePopulatorUtils.execute(DatabasePopulatorUtils.java:54)
	at org.springframework.boot.jdbc.init.DataSourceScriptDatabaseInitializer.runScripts(DataSourceScriptDatabaseInitializer.java:87)
	at org.springframework.boot.sql.init.AbstractScriptDatabaseInitializer.runScripts(AbstractScriptDatabaseInitializer.java:146)
	at org.springframework.boot.sql.init.AbstractScriptDatabaseInitializer.applyScripts(AbstractScriptDatabaseInitializer.java:108)
	at org.springframework.boot.sql.init.AbstractScriptDatabaseInitializer.applySchemaScripts(AbstractScriptDatabaseInitializer.java:98)
	at org.springframework.boot.sql.init.AbstractScriptDatabaseInitializer.initializeDatabase(AbstractScriptDatabaseInitializer.java:76)
	at org.springframework.boot.sql.init.AbstractScriptDatabaseInitializer.afterPropertiesSet(AbstractScriptDatabaseInitializer.java:66)
	at org.springframework.beans.factory.support.AbstractAutowireCapableBeanFactory.invokeInitMethods(AbstractAutowireCapableBeanFactory.java:1859)
	at org.springframework.beans.factory.support.AbstractAutowireCapableBeanFactory.initializeBean(AbstractAutowireCapableBeanFactory.java:1808)
	... 111 common frames omitted
Caused by: org.h2.jdbc.JdbcSQLSyntaxErrorException: Syntax error in SQL statement "CREATE TABLE binary_contents ( id UUID PRIMARY KEY, created_at TIMESTAMP NOT NULL, file_path VARCHAR(255) NOT NULL, file_name VARCHAR(255) NOT NULL, size BIGINT NOT NULL, content_type VARCHAR(100) NOT NULL, bytes VARBINARY [*]message_id UUID )"; expected "(, ARRAY, INVISIBLE, VISIBLE, NOT NULL, DEFAULT, GENERATED, ON UPDATE, NOT NULL, DEFAULT ON NULL, SEQUENCE, SELECTIVITY, COMMENT, CONSTRAINT, COMMENT, PRIMARY KEY, UNIQUE, NOT NULL, CHECK, REFERENCES, ,, )"; SQL statement:
CREATE TABLE binary_contents ( id UUID PRIMARY KEY, created_at TIMESTAMP NOT NULL, file_path VARCHAR(255) NOT NULL, file_name VARCHAR(255) NOT NULL, size BIGINT NOT NULL, content_type VARCHAR(100) NOT NULL, bytes VARBINARY message_id UUID ) [42001-232]
	at org.h2.message.DbException.getJdbcSQLException(DbException.java:514)
	at org.h2.message.DbException.getJdbcSQLException(DbException.java:489)
	at org.h2.message.DbException.getSyntaxError(DbException.java:261)
	at org.h2.command.ParserBase.getSyntaxError(ParserBase.java:762)
	at org.h2.command.ParserBase.read(ParserBase.java:369)
	at org.h2.command.ParserBase.readIfMore(ParserBase.java:637)
	at org.h2.command.Parser.parseCreateTable(Parser.java:8820)
	at org.h2.command.Parser.parseCreate(Parser.java:6398)
	at org.h2.command.Parser.parsePrepared(Parser.java:645)
	at org.h2.command.Parser.parse(Parser.java:581)
	at org.h2.command.Parser.parse(Parser.java:561)
	at org.h2.command.Parser.prepareCommand(Parser.java:484)
	at org.h2.engine.SessionLocal.prepareLocal(SessionLocal.java:645)
	at org.h2.engine.SessionLocal.prepareCommand(SessionLocal.java:561)
	at org.h2.jdbc.JdbcConnection.prepareCommand(JdbcConnection.java:1164)
	at org.h2.jdbc.JdbcStatement.executeInternal(JdbcStatement.java:245)
	at org.h2.jdbc.JdbcStatement.execute(JdbcStatement.java:231)
	at org.springframework.jdbc.datasource.init.ScriptUtils.executeSqlScript(ScriptUtils.java:261)
	... 121 common frames omitted
2025-03-31 18:17:06.050 [Test worker] INFO  com.sprint.mission.discodeit.repository.UserRepositoryTest - Starting UserRepositoryTest using Java 17.0.12 with PID 16124 (started by qwert in C:\Users\qwert\1-sprint-mission)
2025-03-31 18:17:06.059 [Test worker] INFO  com.sprint.mission.discodeit.repository.UserRepositoryTest - The following 1 profile is active: "test"
2025-03-31 18:17:08.242 [Test worker] INFO  org.springframework.data.repository.config.RepositoryConfigurationDelegate - Bootstrapping Spring Data JPA repositories in DEFAULT mode.
2025-03-31 18:17:09.258 [Test worker] INFO  org.springframework.data.repository.config.RepositoryConfigurationDelegate - Finished Spring Data repository scanning in 975 ms. Found 6 JPA repository interfaces.
2025-03-31 18:17:09.489 [Test worker] INFO  org.springframework.boot.test.autoconfigure.jdbc.TestDatabaseAutoConfiguration$EmbeddedDataSourceBeanFactoryPostProcessor - Replacing 'dataSource' DataSource bean with embedded version
2025-03-31 18:17:10.147 [Test worker] INFO  org.springframework.jdbc.datasource.embedded.EmbeddedDatabaseFactory - Starting embedded database: url='jdbc:h2:mem:7d0d6014-73dc-4d58-b4e2-8fd50beb31ab;DB_CLOSE_DELAY=-1;DB_CLOSE_ON_EXIT=false', username='sa'
2025-03-31 18:17:12.164 [Test worker] INFO  org.hibernate.jpa.internal.util.LogHelper - HHH000204: Processing PersistenceUnitInfo [name: default]
2025-03-31 18:17:12.452 [Test worker] INFO  org.hibernate.Version                - HHH000412: Hibernate ORM core version 6.6.5.Final
2025-03-31 18:17:12.617 [Test worker] INFO  org.hibernate.cache.internal.RegionFactoryInitiator - HHH000026: Second-level cache disabled
2025-03-31 18:17:14.003 [Test worker] INFO  org.springframework.orm.jpa.persistenceunit.SpringPersistenceUnitInfo - No LoadTimeWeaver setup: ignoring JPA class transformer
2025-03-31 18:17:14.192 [Test worker] WARN  org.hibernate.dialect.Dialect        - HHH000511: The 2.3.232 version for [org.hibernate.dialect.PostgreSQLDialect] is no longer supported, hence certain features may not work properly. The minimum supported version is 12.0.0. Check the community dialects project for available legacy versions.
2025-03-31 18:17:14.212 [Test worker] WARN  org.hibernate.orm.deprecation        - HHH90000025: PostgreSQLDialect does not need to be specified explicitly using 'hibernate.dialect' (remove the property setting and it will be selected by default)
2025-03-31 18:17:14.301 [Test worker] INFO  org.hibernate.orm.connections.pooling - HHH10001005: Database info:
	Database JDBC URL [Connecting through datasource 'org.springframework.jdbc.datasource.embedded.EmbeddedDatabaseFactory$EmbeddedDataSourceProxy@6e6d544']
	Database driver: undefined/unknown
	Database version: 2.3.232
	Autocommit mode: undefined/unknown
	Isolation level: undefined/unknown
	Minimum pool size: undefined/unknown
	Maximum pool size: undefined/unknown
2025-03-31 18:17:18.106 [Test worker] INFO  org.hibernate.engine.transaction.jta.platform.internal.JtaPlatformInitiator - HHH000489: No JTA platform available (set 'hibernate.transaction.jta.platform' to enable JTA platform integration)
2025-03-31 18:17:18.117 [Test worker] INFO  org.springframework.orm.jpa.LocalContainerEntityManagerFactoryBean - Initialized JPA EntityManagerFactory for persistence unit 'default'
2025-03-31 18:17:19.127 [Test worker] INFO  org.springframework.data.jpa.repository.query.QueryEnhancerFactory - Hibernate is in classpath; If applicable, HQL parser will be used.
2025-03-31 18:17:21.505 [Test worker] INFO  com.sprint.mission.discodeit.repository.UserRepositoryTest - Started UserRepositoryTest in 18.345 seconds (process running for 25.011)
2025-03-31 18:17:23.365 [SpringApplicationShutdownHook] INFO  org.springframework.orm.jpa.LocalContainerEntityManagerFactoryBean - Closing JPA EntityManagerFactory for persistence unit 'default'
2025-03-31 18:25:54.023 [Test worker] INFO  com.sprint.mission.discodeit.repository.UserRepositoryTest - Starting UserRepositoryTest using Java 17.0.12 with PID 8484 (started by qwert in C:\Users\qwert\1-sprint-mission)
2025-03-31 18:25:54.027 [Test worker] INFO  com.sprint.mission.discodeit.repository.UserRepositoryTest - The following 1 profile is active: "test"
2025-03-31 18:25:55.601 [Test worker] INFO  org.springframework.data.repository.config.RepositoryConfigurationDelegate - Bootstrapping Spring Data JPA repositories in DEFAULT mode.
2025-03-31 18:25:56.529 [Test worker] INFO  org.springframework.data.repository.config.RepositoryConfigurationDelegate - Finished Spring Data repository scanning in 892 ms. Found 6 JPA repository interfaces.
2025-03-31 18:25:56.723 [Test worker] INFO  org.springframework.boot.test.autoconfigure.jdbc.TestDatabaseAutoConfiguration$EmbeddedDataSourceBeanFactoryPostProcessor - Replacing 'dataSource' DataSource bean with embedded version
2025-03-31 18:25:57.333 [Test worker] INFO  org.springframework.jdbc.datasource.embedded.EmbeddedDatabaseFactory - Starting embedded database: url='jdbc:h2:mem:b82e6802-4f00-4356-9dd8-05c988e4f2fd;DB_CLOSE_DELAY=-1;DB_CLOSE_ON_EXIT=false', username='sa'
2025-03-31 18:25:58.711 [Test worker] INFO  org.hibernate.jpa.internal.util.LogHelper - HHH000204: Processing PersistenceUnitInfo [name: default]
2025-03-31 18:25:58.986 [Test worker] INFO  org.hibernate.Version                - HHH000412: Hibernate ORM core version 6.6.5.Final
2025-03-31 18:25:59.142 [Test worker] INFO  org.hibernate.cache.internal.RegionFactoryInitiator - HHH000026: Second-level cache disabled
2025-03-31 18:26:00.471 [Test worker] INFO  org.springframework.orm.jpa.persistenceunit.SpringPersistenceUnitInfo - No LoadTimeWeaver setup: ignoring JPA class transformer
2025-03-31 18:26:00.668 [Test worker] WARN  org.hibernate.dialect.Dialect        - HHH000511: The 2.3.232 version for [org.hibernate.dialect.PostgreSQLDialect] is no longer supported, hence certain features may not work properly. The minimum supported version is 12.0.0. Check the community dialects project for available legacy versions.
2025-03-31 18:26:00.685 [Test worker] WARN  org.hibernate.orm.deprecation        - HHH90000025: PostgreSQLDialect does not need to be specified explicitly using 'hibernate.dialect' (remove the property setting and it will be selected by default)
2025-03-31 18:26:00.754 [Test worker] INFO  org.hibernate.orm.connections.pooling - HHH10001005: Database info:
	Database JDBC URL [Connecting through datasource 'org.springframework.jdbc.datasource.embedded.EmbeddedDatabaseFactory$EmbeddedDataSourceProxy@7fdd4b67']
	Database driver: undefined/unknown
	Database version: 2.3.232
	Autocommit mode: undefined/unknown
	Isolation level: undefined/unknown
	Minimum pool size: undefined/unknown
	Maximum pool size: undefined/unknown
2025-03-31 18:26:04.352 [Test worker] INFO  org.hibernate.engine.transaction.jta.platform.internal.JtaPlatformInitiator - HHH000489: No JTA platform available (set 'hibernate.transaction.jta.platform' to enable JTA platform integration)
2025-03-31 18:26:04.361 [Test worker] INFO  org.springframework.orm.jpa.LocalContainerEntityManagerFactoryBean - Initialized JPA EntityManagerFactory for persistence unit 'default'
2025-03-31 18:26:05.496 [Test worker] INFO  org.springframework.data.jpa.repository.query.QueryEnhancerFactory - Hibernate is in classpath; If applicable, HQL parser will be used.
2025-03-31 18:26:08.169 [Test worker] INFO  com.sprint.mission.discodeit.repository.UserRepositoryTest - Started UserRepositoryTest in 16.875 seconds (process running for 23.314)
2025-03-31 18:26:10.142 [SpringApplicationShutdownHook] INFO  org.springframework.orm.jpa.LocalContainerEntityManagerFactoryBean - Closing JPA EntityManagerFactory for persistence unit 'default'
2025-03-31 18:29:10.545 [Test worker] INFO  com.sprint.mission.discodeit.repository.UserRepositoryTest - Starting UserRepositoryTest using Java 17.0.12 with PID 20336 (started by qwert in C:\Users\qwert\1-sprint-mission)
2025-03-31 18:29:10.557 [Test worker] INFO  com.sprint.mission.discodeit.repository.UserRepositoryTest - The following 1 profile is active: "test"
2025-03-31 18:29:12.804 [Test worker] INFO  org.springframework.data.repository.config.RepositoryConfigurationDelegate - Bootstrapping Spring Data JPA repositories in DEFAULT mode.
2025-03-31 18:29:13.911 [Test worker] INFO  org.springframework.data.repository.config.RepositoryConfigurationDelegate - Finished Spring Data repository scanning in 1065 ms. Found 6 JPA repository interfaces.
2025-03-31 18:29:14.126 [Test worker] INFO  org.springframework.boot.test.autoconfigure.jdbc.TestDatabaseAutoConfiguration$EmbeddedDataSourceBeanFactoryPostProcessor - Replacing 'dataSource' DataSource bean with embedded version
2025-03-31 18:29:14.943 [Test worker] INFO  org.springframework.jdbc.datasource.embedded.EmbeddedDatabaseFactory - Starting embedded database: url='jdbc:h2:mem:3b0cfb48-ea9b-4323-ba34-8d4e923b2b46;DB_CLOSE_DELAY=-1;DB_CLOSE_ON_EXIT=false', username='sa'
2025-03-31 18:29:16.828 [Test worker] INFO  org.hibernate.jpa.internal.util.LogHelper - HHH000204: Processing PersistenceUnitInfo [name: default]
2025-03-31 18:29:17.164 [Test worker] INFO  org.hibernate.Version                - HHH000412: Hibernate ORM core version 6.6.5.Final
2025-03-31 18:29:17.364 [Test worker] INFO  org.hibernate.cache.internal.RegionFactoryInitiator - HHH000026: Second-level cache disabled
2025-03-31 18:29:18.907 [Test worker] INFO  org.springframework.orm.jpa.persistenceunit.SpringPersistenceUnitInfo - No LoadTimeWeaver setup: ignoring JPA class transformer
2025-03-31 18:29:19.246 [Test worker] WARN  org.hibernate.dialect.Dialect        - HHH000511: The 2.3.232 version for [org.hibernate.dialect.PostgreSQLDialect] is no longer supported, hence certain features may not work properly. The minimum supported version is 12.0.0. Check the community dialects project for available legacy versions.
2025-03-31 18:29:19.281 [Test worker] WARN  org.hibernate.orm.deprecation        - HHH90000025: PostgreSQLDialect does not need to be specified explicitly using 'hibernate.dialect' (remove the property setting and it will be selected by default)
2025-03-31 18:29:19.391 [Test worker] INFO  org.hibernate.orm.connections.pooling - HHH10001005: Database info:
	Database JDBC URL [Connecting through datasource 'org.springframework.jdbc.datasource.embedded.EmbeddedDatabaseFactory$EmbeddedDataSourceProxy@5ab30bb4']
	Database driver: undefined/unknown
	Database version: 2.3.232
	Autocommit mode: undefined/unknown
	Isolation level: undefined/unknown
	Minimum pool size: undefined/unknown
	Maximum pool size: undefined/unknown
2025-03-31 18:29:22.972 [Test worker] INFO  org.hibernate.engine.transaction.jta.platform.internal.JtaPlatformInitiator - HHH000489: No JTA platform available (set 'hibernate.transaction.jta.platform' to enable JTA platform integration)
2025-03-31 18:29:22.981 [Test worker] INFO  org.springframework.orm.jpa.LocalContainerEntityManagerFactoryBean - Initialized JPA EntityManagerFactory for persistence unit 'default'
2025-03-31 18:29:24.146 [Test worker] INFO  org.springframework.data.jpa.repository.query.QueryEnhancerFactory - Hibernate is in classpath; If applicable, HQL parser will be used.
2025-03-31 18:29:26.811 [Test worker] INFO  com.sprint.mission.discodeit.repository.UserRepositoryTest - Started UserRepositoryTest in 19.735 seconds (process running for 28.287)
2025-03-31 18:29:28.959 [SpringApplicationShutdownHook] INFO  org.springframework.orm.jpa.LocalContainerEntityManagerFactoryBean - Closing JPA EntityManagerFactory for persistence unit 'default'
2025-03-31 18:31:58.803 [Test worker] INFO  com.sprint.mission.discodeit.repository.UserRepositoryTest - Starting UserRepositoryTest using Java 17.0.12 with PID 20336 (started by qwert in C:\Users\qwert\1-sprint-mission)
2025-03-31 18:31:58.808 [Test worker] INFO  com.sprint.mission.discodeit.repository.UserRepositoryTest - The following 1 profile is active: "test"
2025-03-31 18:32:00.911 [Test worker] INFO  org.springframework.data.repository.config.RepositoryConfigurationDelegate - Bootstrapping Spring Data JPA repositories in DEFAULT mode.
2025-03-31 18:32:01.843 [Test worker] INFO  org.springframework.data.repository.config.RepositoryConfigurationDelegate - Finished Spring Data repository scanning in 882 ms. Found 6 JPA repository interfaces.
2025-03-31 18:32:02.075 [Test worker] INFO  org.springframework.boot.test.autoconfigure.jdbc.TestDatabaseAutoConfiguration$EmbeddedDataSourceBeanFactoryPostProcessor - Replacing 'dataSource' DataSource bean with embedded version
2025-03-31 18:32:02.725 [Test worker] INFO  org.springframework.jdbc.datasource.embedded.EmbeddedDatabaseFactory - Starting embedded database: url='jdbc:h2:mem:41cbdd46-aa13-4677-b1f0-6269f76b2bcf;DB_CLOSE_DELAY=-1;DB_CLOSE_ON_EXIT=false', username='sa'
2025-03-31 18:32:04.574 [Test worker] INFO  org.hibernate.jpa.internal.util.LogHelper - HHH000204: Processing PersistenceUnitInfo [name: default]
2025-03-31 18:32:04.913 [Test worker] INFO  org.hibernate.Version                - HHH000412: Hibernate ORM core version 6.6.5.Final
2025-03-31 18:32:05.066 [Test worker] INFO  org.hibernate.cache.internal.RegionFactoryInitiator - HHH000026: Second-level cache disabled
2025-03-31 18:32:06.215 [Test worker] INFO  org.springframework.orm.jpa.persistenceunit.SpringPersistenceUnitInfo - No LoadTimeWeaver setup: ignoring JPA class transformer
2025-03-31 18:32:06.390 [Test worker] WARN  org.hibernate.dialect.Dialect        - HHH000511: The 2.3.232 version for [org.hibernate.dialect.PostgreSQLDialect] is no longer supported, hence certain features may not work properly. The minimum supported version is 12.0.0. Check the community dialects project for available legacy versions.
2025-03-31 18:32:06.405 [Test worker] WARN  org.hibernate.orm.deprecation        - HHH90000025: PostgreSQLDialect does not need to be specified explicitly using 'hibernate.dialect' (remove the property setting and it will be selected by default)
2025-03-31 18:32:06.474 [Test worker] INFO  org.hibernate.orm.connections.pooling - HHH10001005: Database info:
	Database JDBC URL [Connecting through datasource 'org.springframework.jdbc.datasource.embedded.EmbeddedDatabaseFactory$EmbeddedDataSourceProxy@151cbba4']
	Database driver: undefined/unknown
	Database version: 2.3.232
	Autocommit mode: undefined/unknown
	Isolation level: undefined/unknown
	Minimum pool size: undefined/unknown
	Maximum pool size: undefined/unknown
2025-03-31 18:32:10.477 [Test worker] INFO  org.hibernate.engine.transaction.jta.platform.internal.JtaPlatformInitiator - HHH000489: No JTA platform available (set 'hibernate.transaction.jta.platform' to enable JTA platform integration)
2025-03-31 18:32:10.486 [Test worker] INFO  org.springframework.orm.jpa.LocalContainerEntityManagerFactoryBean - Initialized JPA EntityManagerFactory for persistence unit 'default'
2025-03-31 18:32:11.622 [Test worker] INFO  org.springframework.data.jpa.repository.query.QueryEnhancerFactory - Hibernate is in classpath; If applicable, HQL parser will be used.
2025-03-31 18:32:14.666 [Test worker] INFO  com.sprint.mission.discodeit.repository.UserRepositoryTest - Started UserRepositoryTest in 18.786 seconds (process running for 26.63)
2025-03-31 18:32:16.673 [SpringApplicationShutdownHook] INFO  org.springframework.orm.jpa.LocalContainerEntityManagerFactoryBean - Closing JPA EntityManagerFactory for persistence unit 'default'
2025-03-31 18:34:26.140 [Test worker] INFO  com.sprint.mission.discodeit.repository.UserRepositoryTest - Starting UserRepositoryTest using Java 17.0.12 with PID 12332 (started by qwert in C:\Users\qwert\1-sprint-mission)
2025-03-31 18:34:26.144 [Test worker] INFO  com.sprint.mission.discodeit.repository.UserRepositoryTest - The following 1 profile is active: "test"
2025-03-31 18:34:28.156 [Test worker] INFO  org.springframework.data.repository.config.RepositoryConfigurationDelegate - Bootstrapping Spring Data JPA repositories in DEFAULT mode.
2025-03-31 18:34:29.263 [Test worker] INFO  org.springframework.data.repository.config.RepositoryConfigurationDelegate - Finished Spring Data repository scanning in 1050 ms. Found 6 JPA repository interfaces.
2025-03-31 18:34:29.472 [Test worker] INFO  org.springframework.boot.test.autoconfigure.jdbc.TestDatabaseAutoConfiguration$EmbeddedDataSourceBeanFactoryPostProcessor - Replacing 'dataSource' DataSource bean with embedded version
2025-03-31 18:34:30.170 [Test worker] INFO  org.springframework.jdbc.datasource.embedded.EmbeddedDatabaseFactory - Starting embedded database: url='jdbc:h2:mem:7cbd4ea9-209e-4b28-afdd-d80551b6dc3a;DB_CLOSE_DELAY=-1;DB_CLOSE_ON_EXIT=false', username='sa'
2025-03-31 18:34:31.964 [Test worker] INFO  org.hibernate.jpa.internal.util.LogHelper - HHH000204: Processing PersistenceUnitInfo [name: default]
2025-03-31 18:34:32.254 [Test worker] INFO  org.hibernate.Version                - HHH000412: Hibernate ORM core version 6.6.5.Final
2025-03-31 18:34:32.393 [Test worker] INFO  org.hibernate.cache.internal.RegionFactoryInitiator - HHH000026: Second-level cache disabled
2025-03-31 18:34:33.548 [Test worker] INFO  org.springframework.orm.jpa.persistenceunit.SpringPersistenceUnitInfo - No LoadTimeWeaver setup: ignoring JPA class transformer
2025-03-31 18:34:33.735 [Test worker] WARN  org.hibernate.dialect.Dialect        - HHH000511: The 2.3.232 version for [org.hibernate.dialect.PostgreSQLDialect] is no longer supported, hence certain features may not work properly. The minimum supported version is 12.0.0. Check the community dialects project for available legacy versions.
2025-03-31 18:34:33.751 [Test worker] WARN  org.hibernate.orm.deprecation        - HHH90000025: PostgreSQLDialect does not need to be specified explicitly using 'hibernate.dialect' (remove the property setting and it will be selected by default)
2025-03-31 18:34:33.819 [Test worker] INFO  org.hibernate.orm.connections.pooling - HHH10001005: Database info:
	Database JDBC URL [Connecting through datasource 'org.springframework.jdbc.datasource.embedded.EmbeddedDatabaseFactory$EmbeddedDataSourceProxy@458c58e3']
	Database driver: undefined/unknown
	Database version: 2.3.232
	Autocommit mode: undefined/unknown
	Isolation level: undefined/unknown
	Minimum pool size: undefined/unknown
	Maximum pool size: undefined/unknown
2025-03-31 18:34:37.578 [Test worker] INFO  org.hibernate.engine.transaction.jta.platform.internal.JtaPlatformInitiator - HHH000489: No JTA platform available (set 'hibernate.transaction.jta.platform' to enable JTA platform integration)
2025-03-31 18:34:37.589 [Test worker] INFO  org.springframework.orm.jpa.LocalContainerEntityManagerFactoryBean - Initialized JPA EntityManagerFactory for persistence unit 'default'
2025-03-31 18:34:38.827 [Test worker] INFO  org.springframework.data.jpa.repository.query.QueryEnhancerFactory - Hibernate is in classpath; If applicable, HQL parser will be used.
2025-03-31 18:34:41.760 [Test worker] INFO  com.sprint.mission.discodeit.repository.UserRepositoryTest - Started UserRepositoryTest in 18.464 seconds (process running for 24.071)
2025-03-31 18:34:44.282 [SpringApplicationShutdownHook] INFO  org.springframework.orm.jpa.LocalContainerEntityManagerFactoryBean - Closing JPA EntityManagerFactory for persistence unit 'default'
2025-03-31 18:36:22.357 [Test worker] INFO  com.sprint.mission.discodeit.repository.UserRepositoryTest - Starting UserRepositoryTest using Java 17.0.12 with PID 17604 (started by qwert in C:\Users\qwert\1-sprint-mission)
2025-03-31 18:36:22.364 [Test worker] INFO  com.sprint.mission.discodeit.repository.UserRepositoryTest - The following 1 profile is active: "test"
2025-03-31 18:36:24.938 [Test worker] INFO  org.springframework.data.repository.config.RepositoryConfigurationDelegate - Bootstrapping Spring Data JPA repositories in DEFAULT mode.
2025-03-31 18:36:25.969 [Test worker] INFO  org.springframework.data.repository.config.RepositoryConfigurationDelegate - Finished Spring Data repository scanning in 971 ms. Found 6 JPA repository interfaces.
2025-03-31 18:36:26.248 [Test worker] INFO  org.springframework.boot.test.autoconfigure.jdbc.TestDatabaseAutoConfiguration$EmbeddedDataSourceBeanFactoryPostProcessor - Replacing 'dataSource' DataSource bean with embedded version
2025-03-31 18:36:26.932 [Test worker] INFO  org.springframework.jdbc.datasource.embedded.EmbeddedDatabaseFactory - Starting embedded database: url='jdbc:h2:mem:50a4c3fb-71db-41c1-b448-3b5ebb42297b;DB_CLOSE_DELAY=-1;DB_CLOSE_ON_EXIT=false', username='sa'
2025-03-31 18:36:28.436 [Test worker] INFO  org.hibernate.jpa.internal.util.LogHelper - HHH000204: Processing PersistenceUnitInfo [name: default]
2025-03-31 18:36:28.724 [Test worker] INFO  org.hibernate.Version                - HHH000412: Hibernate ORM core version 6.6.5.Final
2025-03-31 18:36:28.876 [Test worker] INFO  org.hibernate.cache.internal.RegionFactoryInitiator - HHH000026: Second-level cache disabled
2025-03-31 18:36:30.824 [Test worker] INFO  org.springframework.orm.jpa.persistenceunit.SpringPersistenceUnitInfo - No LoadTimeWeaver setup: ignoring JPA class transformer
2025-03-31 18:36:31.089 [Test worker] WARN  org.hibernate.dialect.Dialect        - HHH000511: The 2.3.232 version for [org.hibernate.dialect.PostgreSQLDialect] is no longer supported, hence certain features may not work properly. The minimum supported version is 12.0.0. Check the community dialects project for available legacy versions.
2025-03-31 18:36:31.106 [Test worker] WARN  org.hibernate.orm.deprecation        - HHH90000025: PostgreSQLDialect does not need to be specified explicitly using 'hibernate.dialect' (remove the property setting and it will be selected by default)
2025-03-31 18:36:31.204 [Test worker] INFO  org.hibernate.orm.connections.pooling - HHH10001005: Database info:
	Database JDBC URL [Connecting through datasource 'org.springframework.jdbc.datasource.embedded.EmbeddedDatabaseFactory$EmbeddedDataSourceProxy@5ab30bb4']
	Database driver: undefined/unknown
	Database version: 2.3.232
	Autocommit mode: undefined/unknown
	Isolation level: undefined/unknown
	Minimum pool size: undefined/unknown
	Maximum pool size: undefined/unknown
2025-03-31 18:36:36.417 [Test worker] INFO  org.hibernate.engine.transaction.jta.platform.internal.JtaPlatformInitiator - HHH000489: No JTA platform available (set 'hibernate.transaction.jta.platform' to enable JTA platform integration)
2025-03-31 18:36:36.433 [Test worker] INFO  org.springframework.orm.jpa.LocalContainerEntityManagerFactoryBean - Initialized JPA EntityManagerFactory for persistence unit 'default'
2025-03-31 18:36:37.663 [Test worker] INFO  org.springframework.data.jpa.repository.query.QueryEnhancerFactory - Hibernate is in classpath; If applicable, HQL parser will be used.
2025-03-31 18:36:40.031 [Test worker] INFO  com.sprint.mission.discodeit.repository.UserRepositoryTest - Started UserRepositoryTest in 20.498 seconds (process running for 25.649)
2025-03-31 18:36:41.401 [Test worker] DEBUG org.hibernate.SQL                    - 
    insert 
    into
        users
        (created_at, email, password, profile_id, updated_at, username, id) 
    values
        (?, ?, ?, ?, ?, ?, ?)
2025-03-31 18:36:41.459 [Test worker] DEBUG org.hibernate.SQL                    - 
    insert 
    into
        user_statuses
        (created_at, last_active_at, updated_at, user_id, id) 
    values
        (?, ?, ?, ?, ?)
2025-03-31 18:36:41.725 [Test worker] DEBUG org.hibernate.SQL                    - 
    select
        u1_0.id,
        u1_0.created_at,
        u1_0.email,
        u1_0.password,
        u1_0.profile_id,
        u1_0.updated_at,
        u1_0.username 
    from
        users u1_0 
    where
        u1_0.username=?
2025-03-31 18:36:41.874 [Test worker] DEBUG org.hibernate.SQL                    - 
    select
        us1_0.id,
        us1_0.created_at,
        us1_0.last_active_at,
        us1_0.updated_at,
        us1_0.user_id,
        u1_0.id,
        u1_0.created_at,
        u1_0.email,
        u1_0.password,
        p1_0.id,
        p1_0.content_type,
        p1_0.created_at,
        p1_0.file_name,
        p1_0.file_path,
        m1_0.id,
        m1_0.author_id,
        m1_0.channel_id,
        m1_0.content,
        m1_0.created_at,
        m1_0.updated_at,
        p1_0.size,
        u1_0.updated_at,
        u1_0.username 
    from
        user_statuses us1_0 
    join
        users u1_0 
            on u1_0.id=us1_0.user_id 
    left join
        binary_contents p1_0 
            on p1_0.id=u1_0.profile_id 
    left join
        messages m1_0 
            on m1_0.id=p1_0.message_id 
    where
        us1_0.user_id=?
2025-03-31 18:36:42.212 [Test worker] DEBUG org.hibernate.SQL                    - 
    insert 
    into
        users
        (created_at, email, password, profile_id, updated_at, username, id) 
    values
        (?, ?, ?, ?, ?, ?, ?)
2025-03-31 18:36:42.227 [Test worker] DEBUG org.hibernate.SQL                    - 
    select
        u1_0.id 
    from
        users u1_0 
    where
        u1_0.username=? 
    fetch
        first ? rows only
2025-03-31 18:36:42.296 [Test worker] DEBUG org.hibernate.SQL                    - 
    insert 
    into
        users
        (created_at, email, password, profile_id, updated_at, username, id) 
    values
        (?, ?, ?, ?, ?, ?, ?)
2025-03-31 18:36:42.301 [Test worker] DEBUG org.hibernate.SQL                    - 
    insert 
    into
        users
        (created_at, email, password, profile_id, updated_at, username, id) 
    values
        (?, ?, ?, ?, ?, ?, ?)
2025-03-31 18:36:42.304 [Test worker] DEBUG org.hibernate.SQL                    - 
    select
        u1_0.id,
        u1_0.created_at,
        u1_0.email,
        u1_0.password,
        p1_0.id,
        p1_0.content_type,
        p1_0.created_at,
        p1_0.file_name,
        p1_0.file_path,
        p1_0.message_id,
        p1_0.size,
        s1_0.id,
        s1_0.created_at,
        s1_0.last_active_at,
        s1_0.updated_at,
        s1_0.user_id,
        u1_0.updated_at,
        u1_0.username 
    from
        users u1_0 
    left join
        binary_contents p1_0 
            on p1_0.id=u1_0.profile_id 
    left join
        user_statuses s1_0 
            on u1_0.id=s1_0.user_id
2025-03-31 18:36:42.364 [Test worker] DEBUG org.hibernate.SQL                    - 
    insert 
    into
        users
        (created_at, email, password, profile_id, updated_at, username, id) 
    values
        (?, ?, ?, ?, ?, ?, ?)
2025-03-31 18:36:42.398 [Test worker] DEBUG org.hibernate.SQL                    - 
    select
        count(*) 
    from
        users u1_0 
    where
        u1_0.id=?
2025-03-31 18:36:42.431 [Test worker] DEBUG org.hibernate.SQL                    - 
    insert 
    into
        users
        (created_at, email, password, profile_id, updated_at, username, id) 
    values
        (?, ?, ?, ?, ?, ?, ?)
2025-03-31 18:36:42.438 [Test worker] DEBUG org.hibernate.SQL                    - 
    select
        u1_0.id 
    from
        users u1_0 
    where
        u1_0.email=? 
    fetch
        first ? rows only
2025-03-31 18:36:42.473 [SpringApplicationShutdownHook] INFO  org.springframework.orm.jpa.LocalContainerEntityManagerFactoryBean - Closing JPA EntityManagerFactory for persistence unit 'default'
2025-03-31 18:39:55.977 [Test worker] INFO  com.sprint.mission.discodeit.repository.UserRepositoryTest - Starting UserRepositoryTest using Java 17.0.12 with PID 20264 (started by qwert in C:\Users\qwert\1-sprint-mission)
2025-03-31 18:39:55.982 [Test worker] INFO  com.sprint.mission.discodeit.repository.UserRepositoryTest - The following 1 profile is active: "test"
2025-03-31 18:39:57.598 [Test worker] INFO  org.springframework.data.repository.config.RepositoryConfigurationDelegate - Bootstrapping Spring Data JPA repositories in DEFAULT mode.
2025-03-31 18:39:58.485 [Test worker] INFO  org.springframework.data.repository.config.RepositoryConfigurationDelegate - Finished Spring Data repository scanning in 850 ms. Found 6 JPA repository interfaces.
2025-03-31 18:39:58.712 [Test worker] INFO  org.springframework.boot.test.autoconfigure.jdbc.TestDatabaseAutoConfiguration$EmbeddedDataSourceBeanFactoryPostProcessor - Replacing 'dataSource' DataSource bean with embedded version
2025-03-31 18:39:59.363 [Test worker] INFO  org.springframework.jdbc.datasource.embedded.EmbeddedDatabaseFactory - Starting embedded database: url='jdbc:h2:mem:5eb989eb-8733-40cc-b263-c3d3aff961a6;DB_CLOSE_DELAY=-1;DB_CLOSE_ON_EXIT=false', username='sa'
2025-03-31 18:40:00.834 [Test worker] INFO  org.hibernate.jpa.internal.util.LogHelper - HHH000204: Processing PersistenceUnitInfo [name: default]
2025-03-31 18:40:01.104 [Test worker] INFO  org.hibernate.Version                - HHH000412: Hibernate ORM core version 6.6.5.Final
2025-03-31 18:40:01.258 [Test worker] INFO  org.hibernate.cache.internal.RegionFactoryInitiator - HHH000026: Second-level cache disabled
2025-03-31 18:40:02.353 [Test worker] INFO  org.springframework.orm.jpa.persistenceunit.SpringPersistenceUnitInfo - No LoadTimeWeaver setup: ignoring JPA class transformer
2025-03-31 18:40:02.660 [Test worker] WARN  org.hibernate.dialect.Dialect        - HHH000511: The 2.3.232 version for [org.hibernate.dialect.PostgreSQLDialect] is no longer supported, hence certain features may not work properly. The minimum supported version is 12.0.0. Check the community dialects project for available legacy versions.
2025-03-31 18:40:02.675 [Test worker] WARN  org.hibernate.orm.deprecation        - HHH90000025: PostgreSQLDialect does not need to be specified explicitly using 'hibernate.dialect' (remove the property setting and it will be selected by default)
2025-03-31 18:40:02.748 [Test worker] INFO  org.hibernate.orm.connections.pooling - HHH10001005: Database info:
	Database JDBC URL [Connecting through datasource 'org.springframework.jdbc.datasource.embedded.EmbeddedDatabaseFactory$EmbeddedDataSourceProxy@454be9f6']
	Database driver: undefined/unknown
	Database version: 2.3.232
	Autocommit mode: undefined/unknown
	Isolation level: undefined/unknown
	Minimum pool size: undefined/unknown
	Maximum pool size: undefined/unknown
2025-03-31 18:40:06.180 [Test worker] INFO  org.hibernate.engine.transaction.jta.platform.internal.JtaPlatformInitiator - HHH000489: No JTA platform available (set 'hibernate.transaction.jta.platform' to enable JTA platform integration)
2025-03-31 18:40:06.189 [Test worker] INFO  org.springframework.orm.jpa.LocalContainerEntityManagerFactoryBean - Initialized JPA EntityManagerFactory for persistence unit 'default'
2025-03-31 18:40:07.311 [Test worker] INFO  org.springframework.data.jpa.repository.query.QueryEnhancerFactory - Hibernate is in classpath; If applicable, HQL parser will be used.
2025-03-31 18:40:11.015 [Test worker] INFO  com.sprint.mission.discodeit.repository.UserRepositoryTest - Started UserRepositoryTest in 17.372 seconds (process running for 22.871)
2025-03-31 18:40:12.729 [Test worker] DEBUG org.hibernate.SQL                    - 
    insert 
    into
        users
        (created_at, email, password, profile_id, updated_at, username, id) 
    values
        (?, ?, ?, ?, ?, ?, ?)
2025-03-31 18:40:12.838 [Test worker] DEBUG org.hibernate.SQL                    - 
    select
        u1_0.id,
        u1_0.created_at,
        u1_0.email,
        u1_0.password,
        u1_0.profile_id,
        u1_0.updated_at,
        u1_0.username 
    from
        users u1_0 
    where
        u1_0.username=?
2025-03-31 18:40:13.149 [SpringApplicationShutdownHook] INFO  org.springframework.orm.jpa.LocalContainerEntityManagerFactoryBean - Closing JPA EntityManagerFactory for persistence unit 'default'
2025-03-31 18:54:05.527 [Test worker] INFO  com.sprint.mission.discodeit.repository.UserRepositoryTest - Starting UserRepositoryTest using Java 17.0.12 with PID 8740 (started by qwert in C:\Users\qwert\1-sprint-mission)
2025-03-31 18:54:05.534 [Test worker] INFO  com.sprint.mission.discodeit.repository.UserRepositoryTest - The following 1 profile is active: "test"
2025-03-31 18:54:07.499 [Test worker] INFO  org.springframework.data.repository.config.RepositoryConfigurationDelegate - Bootstrapping Spring Data JPA repositories in DEFAULT mode.
2025-03-31 18:54:08.655 [Test worker] INFO  org.springframework.data.repository.config.RepositoryConfigurationDelegate - Finished Spring Data repository scanning in 1107 ms. Found 6 JPA repository interfaces.
2025-03-31 18:54:08.944 [Test worker] INFO  org.springframework.boot.test.autoconfigure.jdbc.TestDatabaseAutoConfiguration$EmbeddedDataSourceBeanFactoryPostProcessor - Replacing 'dataSource' DataSource bean with embedded version
2025-03-31 18:54:09.614 [Test worker] INFO  org.springframework.jdbc.datasource.embedded.EmbeddedDatabaseFactory - Starting embedded database: url='jdbc:h2:mem:a9b769b4-da5c-4fb1-81a6-cd4e2d185af5;DB_CLOSE_DELAY=-1;DB_CLOSE_ON_EXIT=false', username='sa'
2025-03-31 18:54:11.295 [Test worker] INFO  org.hibernate.jpa.internal.util.LogHelper - HHH000204: Processing PersistenceUnitInfo [name: default]
2025-03-31 18:54:11.568 [Test worker] INFO  org.hibernate.Version                - HHH000412: Hibernate ORM core version 6.6.5.Final
2025-03-31 18:54:11.727 [Test worker] INFO  org.hibernate.cache.internal.RegionFactoryInitiator - HHH000026: Second-level cache disabled
2025-03-31 18:54:12.961 [Test worker] INFO  org.springframework.orm.jpa.persistenceunit.SpringPersistenceUnitInfo - No LoadTimeWeaver setup: ignoring JPA class transformer
2025-03-31 18:54:13.149 [Test worker] WARN  org.hibernate.dialect.Dialect        - HHH000511: The 2.3.232 version for [org.hibernate.dialect.PostgreSQLDialect] is no longer supported, hence certain features may not work properly. The minimum supported version is 12.0.0. Check the community dialects project for available legacy versions.
2025-03-31 18:54:13.165 [Test worker] WARN  org.hibernate.orm.deprecation        - HHH90000025: PostgreSQLDialect does not need to be specified explicitly using 'hibernate.dialect' (remove the property setting and it will be selected by default)
2025-03-31 18:54:13.233 [Test worker] INFO  org.hibernate.orm.connections.pooling - HHH10001005: Database info:
	Database JDBC URL [Connecting through datasource 'org.springframework.jdbc.datasource.embedded.EmbeddedDatabaseFactory$EmbeddedDataSourceProxy@4c721f6b']
	Database driver: undefined/unknown
	Database version: 2.3.232
	Autocommit mode: undefined/unknown
	Isolation level: undefined/unknown
	Minimum pool size: undefined/unknown
	Maximum pool size: undefined/unknown
2025-03-31 18:54:17.716 [Test worker] INFO  org.hibernate.engine.transaction.jta.platform.internal.JtaPlatformInitiator - HHH000489: No JTA platform available (set 'hibernate.transaction.jta.platform' to enable JTA platform integration)
2025-03-31 18:54:17.727 [Test worker] INFO  org.springframework.orm.jpa.LocalContainerEntityManagerFactoryBean - Initialized JPA EntityManagerFactory for persistence unit 'default'
2025-03-31 18:54:19.028 [Test worker] INFO  org.springframework.data.jpa.repository.query.QueryEnhancerFactory - Hibernate is in classpath; If applicable, HQL parser will be used.
2025-03-31 18:54:22.374 [Test worker] INFO  com.sprint.mission.discodeit.repository.UserRepositoryTest - Started UserRepositoryTest in 20.343 seconds (process running for 26.534)
2025-03-31 18:54:24.080 [Test worker] DEBUG org.hibernate.SQL                    - 
    insert 
    into
        users
        (created_at, email, password, profile_id, updated_at, username, id) 
    values
        (?, ?, ?, ?, ?, ?, ?)
2025-03-31 18:54:24.174 [Test worker] DEBUG org.hibernate.SQL                    - 
    insert 
    into
        user_statuses
        (created_at, last_active_at, updated_at, user_id, id) 
    values
        (?, ?, ?, ?, ?)
2025-03-31 18:54:24.448 [Test worker] DEBUG org.hibernate.SQL                    - 
    select
        u1_0.id,
        u1_0.created_at,
        u1_0.email,
        u1_0.password,
        u1_0.profile_id,
        u1_0.updated_at,
        u1_0.username 
    from
        users u1_0 
    where
        u1_0.username=?
2025-03-31 18:54:24.581 [Test worker] DEBUG org.hibernate.SQL                    - 
    select
        us1_0.id,
        us1_0.created_at,
        us1_0.last_active_at,
        us1_0.updated_at,
        us1_0.user_id,
        u1_0.id,
        u1_0.created_at,
        u1_0.email,
        u1_0.password,
        p1_0.id,
        p1_0.content_type,
        p1_0.created_at,
        p1_0.file_name,
        p1_0.file_path,
        m1_0.id,
        m1_0.author_id,
        m1_0.channel_id,
        m1_0.content,
        m1_0.created_at,
        m1_0.updated_at,
        p1_0.size,
        u1_0.updated_at,
        u1_0.username 
    from
        user_statuses us1_0 
    join
        users u1_0 
            on u1_0.id=us1_0.user_id 
    left join
        binary_contents p1_0 
            on p1_0.id=u1_0.profile_id 
    left join
        messages m1_0 
            on m1_0.id=p1_0.message_id 
    where
        us1_0.user_id=?
2025-03-31 18:54:24.901 [Test worker] DEBUG org.hibernate.SQL                    - 
    insert 
    into
        users
        (created_at, email, password, profile_id, updated_at, username, id) 
    values
        (?, ?, ?, ?, ?, ?, ?)
2025-03-31 18:54:24.920 [Test worker] DEBUG org.hibernate.SQL                    - 
    select
        u1_0.id 
    from
        users u1_0 
    where
        u1_0.username=? 
    fetch
        first ? rows only
2025-03-31 18:54:25.010 [Test worker] DEBUG org.hibernate.SQL                    - 
    insert 
    into
        users
        (created_at, email, password, profile_id, updated_at, username, id) 
    values
        (?, ?, ?, ?, ?, ?, ?)
2025-03-31 18:54:25.017 [Test worker] DEBUG org.hibernate.SQL                    - 
    insert 
    into
        users
        (created_at, email, password, profile_id, updated_at, username, id) 
    values
        (?, ?, ?, ?, ?, ?, ?)
2025-03-31 18:54:25.021 [Test worker] DEBUG org.hibernate.SQL                    - 
    select
        u1_0.id,
        u1_0.created_at,
        u1_0.email,
        u1_0.password,
        p1_0.id,
        p1_0.content_type,
        p1_0.created_at,
        p1_0.file_name,
        p1_0.file_path,
        p1_0.message_id,
        p1_0.size,
        s1_0.id,
        s1_0.created_at,
        s1_0.last_active_at,
        s1_0.updated_at,
        s1_0.user_id,
        u1_0.updated_at,
        u1_0.username 
    from
        users u1_0 
    left join
        binary_contents p1_0 
            on p1_0.id=u1_0.profile_id 
    left join
        user_statuses s1_0 
            on u1_0.id=s1_0.user_id
2025-03-31 18:54:25.153 [Test worker] DEBUG org.hibernate.SQL                    - 
    select
        count(*) 
    from
        users u1_0 
    where
        u1_0.id=?
2025-03-31 18:54:25.219 [Test worker] DEBUG org.hibernate.SQL                    - 
    select
        u1_0.id,
        u1_0.created_at,
        u1_0.email,
        u1_0.password,
        u1_0.profile_id,
        u1_0.updated_at,
        u1_0.username 
    from
        users u1_0 
    where
        u1_0.username=?
2025-03-31 18:54:25.264 [Test worker] DEBUG org.hibernate.SQL                    - 
    insert 
    into
        users
        (created_at, email, password, profile_id, updated_at, username, id) 
    values
        (?, ?, ?, ?, ?, ?, ?)
2025-03-31 18:54:25.303 [Test worker] DEBUG org.hibernate.SQL                    - 
    select
        count(*) 
    from
        users u1_0 
    where
        u1_0.id=?
2025-03-31 18:54:25.341 [Test worker] DEBUG org.hibernate.SQL                    - 
    select
        u1_0.id 
    from
        users u1_0 
    where
        u1_0.email=? 
    fetch
        first ? rows only
2025-03-31 18:54:25.386 [Test worker] DEBUG org.hibernate.SQL                    - 
    select
        u1_0.id 
    from
        users u1_0 
    where
        u1_0.username=? 
    fetch
        first ? rows only
2025-03-31 18:54:25.476 [Test worker] DEBUG org.hibernate.SQL                    - 
    insert 
    into
        users
        (created_at, email, password, profile_id, updated_at, username, id) 
    values
        (?, ?, ?, ?, ?, ?, ?)
2025-03-31 18:54:25.488 [Test worker] DEBUG org.hibernate.SQL                    - 
    select
        u1_0.id,
        u1_0.created_at,
        u1_0.email,
        u1_0.password,
        u1_0.profile_id,
        u1_0.updated_at,
        u1_0.username 
    from
        users u1_0 
    where
        u1_0.username=?
2025-03-31 18:54:25.530 [Test worker] DEBUG org.hibernate.SQL                    - 
    insert 
    into
        users
        (created_at, email, password, profile_id, updated_at, username, id) 
    values
        (?, ?, ?, ?, ?, ?, ?)
2025-03-31 18:54:25.539 [Test worker] DEBUG org.hibernate.SQL                    - 
    select
        u1_0.id 
    from
        users u1_0 
    where
        u1_0.email=? 
    fetch
        first ? rows only
2025-03-31 18:54:25.595 [SpringApplicationShutdownHook] INFO  org.springframework.orm.jpa.LocalContainerEntityManagerFactoryBean - Closing JPA EntityManagerFactory for persistence unit 'default'
2025-03-31 18:55:24.328 [Test worker] INFO  com.sprint.mission.discodeit.repository.UserRepositoryTest - Starting UserRepositoryTest using Java 17.0.12 with PID 10560 (started by qwert in C:\Users\qwert\1-sprint-mission)
2025-03-31 18:55:24.333 [Test worker] INFO  com.sprint.mission.discodeit.repository.UserRepositoryTest - The following 1 profile is active: "test"
2025-03-31 18:55:26.464 [Test worker] INFO  org.springframework.data.repository.config.RepositoryConfigurationDelegate - Bootstrapping Spring Data JPA repositories in DEFAULT mode.
2025-03-31 18:55:27.547 [Test worker] INFO  org.springframework.data.repository.config.RepositoryConfigurationDelegate - Finished Spring Data repository scanning in 1032 ms. Found 6 JPA repository interfaces.
2025-03-31 18:55:27.753 [Test worker] INFO  org.springframework.boot.test.autoconfigure.jdbc.TestDatabaseAutoConfiguration$EmbeddedDataSourceBeanFactoryPostProcessor - Replacing 'dataSource' DataSource bean with embedded version
2025-03-31 18:55:28.469 [Test worker] INFO  org.springframework.jdbc.datasource.embedded.EmbeddedDatabaseFactory - Starting embedded database: url='jdbc:h2:mem:76e9636b-a2db-4b2a-a2be-4941a740684c;DB_CLOSE_DELAY=-1;DB_CLOSE_ON_EXIT=false', username='sa'
2025-03-31 18:55:30.058 [Test worker] INFO  org.hibernate.jpa.internal.util.LogHelper - HHH000204: Processing PersistenceUnitInfo [name: default]
2025-03-31 18:55:30.343 [Test worker] INFO  org.hibernate.Version                - HHH000412: Hibernate ORM core version 6.6.5.Final
2025-03-31 18:55:30.545 [Test worker] INFO  org.hibernate.cache.internal.RegionFactoryInitiator - HHH000026: Second-level cache disabled
2025-03-31 18:55:31.906 [Test worker] INFO  org.springframework.orm.jpa.persistenceunit.SpringPersistenceUnitInfo - No LoadTimeWeaver setup: ignoring JPA class transformer
2025-03-31 18:55:32.129 [Test worker] WARN  org.hibernate.dialect.Dialect        - HHH000511: The 2.3.232 version for [org.hibernate.dialect.PostgreSQLDialect] is no longer supported, hence certain features may not work properly. The minimum supported version is 12.0.0. Check the community dialects project for available legacy versions.
2025-03-31 18:55:32.146 [Test worker] WARN  org.hibernate.orm.deprecation        - HHH90000025: PostgreSQLDialect does not need to be specified explicitly using 'hibernate.dialect' (remove the property setting and it will be selected by default)
2025-03-31 18:55:32.236 [Test worker] INFO  org.hibernate.orm.connections.pooling - HHH10001005: Database info:
	Database JDBC URL [Connecting through datasource 'org.springframework.jdbc.datasource.embedded.EmbeddedDatabaseFactory$EmbeddedDataSourceProxy@173158e8']
	Database driver: undefined/unknown
	Database version: 2.3.232
	Autocommit mode: undefined/unknown
	Isolation level: undefined/unknown
	Minimum pool size: undefined/unknown
	Maximum pool size: undefined/unknown
2025-03-31 18:55:36.576 [Test worker] INFO  org.hibernate.engine.transaction.jta.platform.internal.JtaPlatformInitiator - HHH000489: No JTA platform available (set 'hibernate.transaction.jta.platform' to enable JTA platform integration)
2025-03-31 18:55:36.595 [Test worker] INFO  org.springframework.orm.jpa.LocalContainerEntityManagerFactoryBean - Initialized JPA EntityManagerFactory for persistence unit 'default'
2025-03-31 18:55:38.007 [Test worker] INFO  org.springframework.data.jpa.repository.query.QueryEnhancerFactory - Hibernate is in classpath; If applicable, HQL parser will be used.
2025-03-31 18:55:41.541 [Test worker] INFO  com.sprint.mission.discodeit.repository.UserRepositoryTest - Started UserRepositoryTest in 19.925 seconds (process running for 28.091)
2025-03-31 18:55:43.381 [Test worker] DEBUG org.hibernate.SQL                    - 
    insert 
    into
        users
        (created_at, email, password, profile_id, updated_at, username, id) 
    values
        (?, ?, ?, ?, ?, ?, ?)
2025-03-31 18:55:43.452 [Test worker] DEBUG org.hibernate.SQL                    - 
    insert 
    into
        user_statuses
        (created_at, last_active_at, updated_at, user_id, id) 
    values
        (?, ?, ?, ?, ?)
2025-03-31 18:55:43.707 [Test worker] DEBUG org.hibernate.SQL                    - 
    select
        u1_0.id,
        u1_0.created_at,
        u1_0.email,
        u1_0.password,
        u1_0.profile_id,
        u1_0.updated_at,
        u1_0.username 
    from
        users u1_0 
    where
        u1_0.username=?
2025-03-31 18:55:43.888 [Test worker] DEBUG org.hibernate.SQL                    - 
    select
        us1_0.id,
        us1_0.created_at,
        us1_0.last_active_at,
        us1_0.updated_at,
        us1_0.user_id,
        u1_0.id,
        u1_0.created_at,
        u1_0.email,
        u1_0.password,
        p1_0.id,
        p1_0.content_type,
        p1_0.created_at,
        p1_0.file_name,
        p1_0.file_path,
        m1_0.id,
        m1_0.author_id,
        m1_0.channel_id,
        m1_0.content,
        m1_0.created_at,
        m1_0.updated_at,
        p1_0.size,
        u1_0.updated_at,
        u1_0.username 
    from
        user_statuses us1_0 
    join
        users u1_0 
            on u1_0.id=us1_0.user_id 
    left join
        binary_contents p1_0 
            on p1_0.id=u1_0.profile_id 
    left join
        messages m1_0 
            on m1_0.id=p1_0.message_id 
    where
        us1_0.user_id=?
2025-03-31 18:55:44.272 [Test worker] DEBUG org.hibernate.SQL                    - 
    insert 
    into
        users
        (created_at, email, password, profile_id, updated_at, username, id) 
    values
        (?, ?, ?, ?, ?, ?, ?)
2025-03-31 18:55:44.297 [Test worker] DEBUG org.hibernate.SQL                    - 
    select
        u1_0.id 
    from
        users u1_0 
    where
        u1_0.username=? 
    fetch
        first ? rows only
2025-03-31 18:55:44.440 [Test worker] DEBUG org.hibernate.SQL                    - 
    insert 
    into
        users
        (created_at, email, password, profile_id, updated_at, username, id) 
    values
        (?, ?, ?, ?, ?, ?, ?)
2025-03-31 18:55:44.451 [Test worker] DEBUG org.hibernate.SQL                    - 
    insert 
    into
        users
        (created_at, email, password, profile_id, updated_at, username, id) 
    values
        (?, ?, ?, ?, ?, ?, ?)
2025-03-31 18:55:44.465 [Test worker] DEBUG org.hibernate.SQL                    - 
    select
        u1_0.id,
        u1_0.created_at,
        u1_0.email,
        u1_0.password,
        p1_0.id,
        p1_0.content_type,
        p1_0.created_at,
        p1_0.file_name,
        p1_0.file_path,
        p1_0.message_id,
        p1_0.size,
        s1_0.id,
        s1_0.created_at,
        s1_0.last_active_at,
        s1_0.updated_at,
        s1_0.user_id,
        u1_0.updated_at,
        u1_0.username 
    from
        users u1_0 
    left join
        binary_contents p1_0 
            on p1_0.id=u1_0.profile_id 
    left join
        user_statuses s1_0 
            on u1_0.id=s1_0.user_id
2025-03-31 18:55:44.581 [Test worker] DEBUG org.hibernate.SQL                    - 
    select
        count(*) 
    from
        users u1_0 
    where
        u1_0.id=?
2025-03-31 18:55:44.616 [Test worker] DEBUG org.hibernate.SQL                    - 
    select
        u1_0.id,
        u1_0.created_at,
        u1_0.email,
        u1_0.password,
        u1_0.profile_id,
        u1_0.updated_at,
        u1_0.username 
    from
        users u1_0 
    where
        u1_0.username=?
2025-03-31 18:55:44.658 [Test worker] DEBUG org.hibernate.SQL                    - 
    insert 
    into
        users
        (created_at, email, password, profile_id, updated_at, username, id) 
    values
        (?, ?, ?, ?, ?, ?, ?)
2025-03-31 18:55:44.746 [Test worker] DEBUG org.hibernate.SQL                    - 
    select
        count(*) 
    from
        users u1_0 
    where
        u1_0.id=?
2025-03-31 18:55:44.771 [Test worker] DEBUG org.hibernate.SQL                    - 
    select
        u1_0.id 
    from
        users u1_0 
    where
        u1_0.email=? 
    fetch
        first ? rows only
2025-03-31 18:55:44.853 [Test worker] DEBUG org.hibernate.SQL                    - 
    select
        u1_0.id 
    from
        users u1_0 
    where
        u1_0.username=? 
    fetch
        first ? rows only
2025-03-31 18:55:44.904 [Test worker] DEBUG org.hibernate.SQL                    - 
    insert 
    into
        users
        (created_at, email, password, profile_id, updated_at, username, id) 
    values
        (?, ?, ?, ?, ?, ?, ?)
2025-03-31 18:55:44.910 [Test worker] DEBUG org.hibernate.SQL                    - 
    select
        u1_0.id,
        u1_0.created_at,
        u1_0.email,
        u1_0.password,
        u1_0.profile_id,
        u1_0.updated_at,
        u1_0.username 
    from
        users u1_0 
    where
        u1_0.username=?
2025-03-31 18:55:44.944 [Test worker] DEBUG org.hibernate.SQL                    - 
    insert 
    into
        users
        (created_at, email, password, profile_id, updated_at, username, id) 
    values
        (?, ?, ?, ?, ?, ?, ?)
2025-03-31 18:55:44.958 [Test worker] DEBUG org.hibernate.SQL                    - 
    select
        u1_0.id 
    from
        users u1_0 
    where
        u1_0.email=? 
    fetch
        first ? rows only
2025-03-31 18:55:45.086 [SpringApplicationShutdownHook] INFO  org.springframework.orm.jpa.LocalContainerEntityManagerFactoryBean - Closing JPA EntityManagerFactory for persistence unit 'default'
