2025-03-28 13:05:35.050 [background-preinit] INFO  org.hibernate.validator.internal.util.Version -HV000001: Hibernate Validator 8.0.2.Final
2025-03-28 13:05:35.229 [main] INFO  com.sprint.mission.discodeit.DiscodeitApplication -Starting DiscodeitApplication using Java 17.0.12 with PID 14564 (C:\Users\qwert\1-sprint-mission\build\classes\java\main started by qwert in C:\Users\qwert\1-sprint-mission)
2025-03-28 13:05:35.230 [main] INFO  com.sprint.mission.discodeit.DiscodeitApplication -The following 1 profile is active: "local"
2025-03-28 13:05:38.367 [main] INFO  org.springframework.data.repository.config.RepositoryConfigurationDelegate -Bootstrapping Spring Data JPA repositories in DEFAULT mode.
2025-03-28 13:05:39.294 [main] INFO  org.springframework.data.repository.config.RepositoryConfigurationDelegate -Finished Spring Data repository scanning in 903 ms. Found 6 JPA repository interfaces.
2025-03-28 13:05:41.020 [main] INFO  org.springframework.boot.web.embedded.tomcat.TomcatWebServer -Tomcat initialized with port 8080 (http)
2025-03-28 13:05:41.046 [main] INFO  org.apache.coyote.http11.Http11NioProtocol -Initializing ProtocolHandler ["http-nio-8080"]
2025-03-28 13:05:41.048 [main] INFO  org.apache.catalina.core.StandardService -Starting service [Tomcat]
2025-03-28 13:05:41.049 [main] INFO  org.apache.catalina.core.StandardEngine -Starting Servlet engine: [Apache Tomcat/10.1.34]
2025-03-28 13:05:41.201 [main] INFO  org.apache.catalina.core.ContainerBase.[Tomcat].[localhost].[/] -Initializing Spring embedded WebApplicationContext
2025-03-28 13:05:41.202 [main] INFO  org.springframework.boot.web.servlet.context.ServletWebServerApplicationContext -Root WebApplicationContext: initialization completed in 5858 ms
2025-03-28 13:05:41.616 [main] WARN  org.springframework.boot.web.servlet.context.AnnotationConfigServletWebServerApplicationContext -Exception encountered during context initialization - cancelling refresh attempt: org.springframework.beans.factory.BeanCreationException: Error creating bean with name 'entityManagerFactory' defined in class path resource [org/springframework/boot/autoconfigure/orm/jpa/HibernateJpaConfiguration.class]: Failed to initialize dependency 'dataSourceScriptDatabaseInitializer' of LoadTimeWeaverAware bean 'entityManagerFactory': Error creating bean with name 'dataSourceScriptDatabaseInitializer' defined in class path resource [org/springframework/boot/autoconfigure/sql/init/DataSourceInitializationConfiguration.class]: Unsatisfied dependency expressed through method 'dataSourceScriptDatabaseInitializer' parameter 0: Error creating bean with name 'dataSource' defined in class path resource [org/springframework/boot/autoconfigure/jdbc/DataSourceConfiguration$Hikari.class]: Failed to instantiate [com.zaxxer.hikari.HikariDataSource]: Factory method 'dataSource' threw exception with message: Failed to determine a suitable driver class
2025-03-28 13:05:41.620 [main] INFO  org.apache.catalina.core.StandardService -Stopping service [Tomcat]
2025-03-28 13:05:41.663 [main] INFO  org.springframework.boot.autoconfigure.logging.ConditionEvaluationReportLogger -

Error starting ApplicationContext. To display the condition evaluation report re-run your application with 'debug' enabled.
2025-03-28 13:05:41.698 [main] ERROR org.springframework.boot.diagnostics.LoggingFailureAnalysisReporter -

***************************
APPLICATION FAILED TO START
***************************

Description:

Failed to configure a DataSource: 'url' attribute is not specified and no embedded datasource could be configured.

Reason: Failed to determine a suitable driver class


Action:

Consider the following:
	If you want an embedded database (H2, HSQL or Derby), please put it on the classpath.
	If you have database settings to be loaded from a particular profile you may need to activate it (the profiles local are currently active).

2025-03-28 13:07:33.952 [background-preinit] INFO  org.hibernate.validator.internal.util.Version -HV000001: Hibernate Validator 8.0.2.Final
2025-03-28 13:07:34.049 [main] INFO  com.sprint.mission.discodeit.DiscodeitApplication -Starting DiscodeitApplication using Java 17.0.12 with PID 7680 (C:\Users\qwert\1-sprint-mission\build\classes\java\main started by qwert in C:\Users\qwert\1-sprint-mission)
2025-03-28 13:07:34.051 [main] INFO  com.sprint.mission.discodeit.DiscodeitApplication -The following 1 profile is active: "dev"
2025-03-28 13:07:36.319 [main] INFO  org.springframework.data.repository.config.RepositoryConfigurationDelegate -Bootstrapping Spring Data JPA repositories in DEFAULT mode.
2025-03-28 13:07:36.692 [main] INFO  org.springframework.data.repository.config.RepositoryConfigurationDelegate -Finished Spring Data repository scanning in 357 ms. Found 6 JPA repository interfaces.
2025-03-28 13:07:38.047 [main] INFO  org.springframework.boot.web.embedded.tomcat.TomcatWebServer -Tomcat initialized with port 8080 (http)
2025-03-28 13:07:38.068 [main] INFO  org.apache.coyote.http11.Http11NioProtocol -Initializing ProtocolHandler ["http-nio-8080"]
2025-03-28 13:07:38.071 [main] INFO  org.apache.catalina.core.StandardService -Starting service [Tomcat]
2025-03-28 13:07:38.071 [main] INFO  org.apache.catalina.core.StandardEngine -Starting Servlet engine: [Apache Tomcat/10.1.34]
2025-03-28 13:07:38.224 [main] INFO  org.apache.catalina.core.ContainerBase.[Tomcat].[localhost].[/] -Initializing Spring embedded WebApplicationContext
2025-03-28 13:07:38.225 [main] INFO  org.springframework.boot.web.servlet.context.ServletWebServerApplicationContext -Root WebApplicationContext: initialization completed in 4081 ms
2025-03-28 13:07:38.538 [main] DEBUG org.springframework.web.filter.ServerHttpObservationFilter -Filter 'webMvcObservationFilter' configured for use
2025-03-28 13:07:38.652 [main] INFO  com.zaxxer.hikari.HikariDataSource   -HikariPool-1 - Starting...
2025-03-28 13:07:39.420 [main] INFO  com.zaxxer.hikari.pool.HikariPool    -HikariPool-1 - Added connection org.postgresql.jdbc.PgConnection@2ebf524
2025-03-28 13:07:39.422 [main] INFO  com.zaxxer.hikari.HikariDataSource   -HikariPool-1 - Start completed.
2025-03-28 13:07:39.622 [main] INFO  org.hibernate.jpa.internal.util.LogHelper -HHH000204: Processing PersistenceUnitInfo [name: default]
2025-03-28 13:07:39.813 [main] INFO  org.hibernate.Version                -HHH000412: Hibernate ORM core version 6.6.5.Final
2025-03-28 13:07:39.916 [main] INFO  org.hibernate.cache.internal.RegionFactoryInitiator -HHH000026: Second-level cache disabled
2025-03-28 13:07:40.689 [main] INFO  org.springframework.orm.jpa.persistenceunit.SpringPersistenceUnitInfo -No LoadTimeWeaver setup: ignoring JPA class transformer
2025-03-28 13:07:41.108 [main] INFO  org.hibernate.orm.connections.pooling -HHH10001005: Database info:
	Database JDBC URL [Connecting through datasource 'HikariDataSource (HikariPool-1)']
	Database driver: undefined/unknown
	Database version: 17.4
	Autocommit mode: undefined/unknown
	Isolation level: undefined/unknown
	Minimum pool size: undefined/unknown
	Maximum pool size: undefined/unknown
2025-03-28 13:07:43.505 [main] INFO  org.hibernate.engine.transaction.jta.platform.internal.JtaPlatformInitiator -HHH000489: No JTA platform available (set 'hibernate.transaction.jta.platform' to enable JTA platform integration)
2025-03-28 13:07:44.445 [main] INFO  org.springframework.orm.jpa.LocalContainerEntityManagerFactoryBean -Initialized JPA EntityManagerFactory for persistence unit 'default'
2025-03-28 13:07:45.316 [main] INFO  org.springframework.data.jpa.repository.query.QueryEnhancerFactory -Hibernate is in classpath; If applicable, HQL parser will be used.
2025-03-28 13:07:47.092 [main] INFO  org.springframework.boot.autoconfigure.web.servlet.WelcomePageHandlerMapping -Adding welcome page: class path resource [static/index.html]
2025-03-28 13:07:47.282 [main] DEBUG org.springframework.web.servlet.mvc.method.annotation.RequestMappingHandlerMapping -28 mappings in 'requestMappingHandlerMapping'
2025-03-28 13:07:47.394 [main] DEBUG org.springframework.web.servlet.handler.SimpleUrlHandlerMapping -Patterns [/webjars/**, /**, /swagger-ui*/*swagger-initializer.js, /swagger-ui*/**] in 'resourceHandlerMapping'
2025-03-28 13:07:47.471 [main] DEBUG org.springframework.web.servlet.mvc.method.annotation.RequestMappingHandlerAdapter -ControllerAdvice beans: 0 @ModelAttribute, 0 @InitBinder, 1 RequestBodyAdvice, 1 ResponseBodyAdvice
2025-03-28 13:07:47.578 [main] DEBUG org.springframework.web.servlet.mvc.method.annotation.ExceptionHandlerExceptionResolver -ControllerAdvice beans: 2 @ExceptionHandler, 1 ResponseBodyAdvice
2025-03-28 13:07:48.496 [main] INFO  org.springframework.boot.actuate.endpoint.web.EndpointLinksResolver -Exposing 1 endpoint beneath base path '/actuator'
2025-03-28 13:07:48.729 [main] INFO  org.apache.coyote.http11.Http11NioProtocol -Starting ProtocolHandler ["http-nio-8080"]
2025-03-28 13:07:48.769 [main] INFO  org.springframework.boot.web.embedded.tomcat.TomcatWebServer -Tomcat started on port 8080 (http) with context path '/'
2025-03-28 13:07:48.797 [main] INFO  com.sprint.mission.discodeit.DiscodeitApplication -Started DiscodeitApplication in 16.026 seconds (process running for 17.469)
2025-03-28 13:07:49.524 [RMI TCP Connection(3)-172.30.1.73] INFO  org.apache.catalina.core.ContainerBase.[Tomcat].[localhost].[/] -Initializing Spring DispatcherServlet 'dispatcherServlet'
2025-03-28 13:07:49.525 [RMI TCP Connection(3)-172.30.1.73] INFO  org.springframework.web.servlet.DispatcherServlet -Initializing Servlet 'dispatcherServlet'
2025-03-28 13:07:49.525 [RMI TCP Connection(3)-172.30.1.73] DEBUG org.springframework.web.servlet.DispatcherServlet -Detected StandardServletMultipartResolver
2025-03-28 13:07:49.526 [RMI TCP Connection(3)-172.30.1.73] DEBUG org.springframework.web.servlet.DispatcherServlet -Detected AcceptHeaderLocaleResolver
2025-03-28 13:07:49.526 [RMI TCP Connection(3)-172.30.1.73] DEBUG org.springframework.web.servlet.DispatcherServlet -Detected FixedThemeResolver
2025-03-28 13:07:49.529 [RMI TCP Connection(3)-172.30.1.73] DEBUG org.springframework.web.servlet.DispatcherServlet -Detected org.springframework.web.servlet.view.DefaultRequestToViewNameTranslator@1065f09
2025-03-28 13:07:49.531 [RMI TCP Connection(3)-172.30.1.73] DEBUG org.springframework.web.servlet.DispatcherServlet -Detected org.springframework.web.servlet.support.SessionFlashMapManager@4fd43b14
2025-03-28 13:07:49.531 [RMI TCP Connection(3)-172.30.1.73] DEBUG org.springframework.web.servlet.DispatcherServlet -enableLoggingRequestDetails='false': request parameters and headers will be masked to prevent unsafe logging of potentially sensitive data
2025-03-28 13:07:49.532 [RMI TCP Connection(3)-172.30.1.73] INFO  org.springframework.web.servlet.DispatcherServlet -Completed initialization in 6 ms
2025-03-28 13:07:57.360 [http-nio-8080-exec-1] DEBUG org.springframework.web.servlet.DispatcherServlet -GET "/index.html", parameters={}
2025-03-28 13:07:57.387 [http-nio-8080-exec-1] DEBUG org.springframework.web.servlet.handler.SimpleUrlHandlerMapping -Mapped to ResourceHttpRequestHandler [classpath [META-INF/resources/], classpath [resources/], classpath [static/], classpath [public/], ServletContext [/]]
2025-03-28 13:07:57.423 [http-nio-8080-exec-1] DEBUG org.springframework.web.servlet.DispatcherServlet -Completed 200 OK
2025-03-28 13:07:57.502 [http-nio-8080-exec-2] DEBUG org.springframework.web.servlet.DispatcherServlet -GET "/assets/index-BdLer33P.js", parameters={}
2025-03-28 13:07:57.504 [http-nio-8080-exec-2] DEBUG org.springframework.web.servlet.handler.SimpleUrlHandlerMapping -Mapped to ResourceHttpRequestHandler [classpath [META-INF/resources/], classpath [resources/], classpath [static/], classpath [public/], ServletContext [/]]
2025-03-28 13:07:57.510 [http-nio-8080-exec-3] DEBUG org.springframework.web.servlet.DispatcherServlet -GET "/assets/index-kQJbKSsj.css", parameters={}
2025-03-28 13:07:57.511 [http-nio-8080-exec-3] DEBUG org.springframework.web.servlet.handler.SimpleUrlHandlerMapping -Mapped to ResourceHttpRequestHandler [classpath [META-INF/resources/], classpath [resources/], classpath [static/], classpath [public/], ServletContext [/]]
2025-03-28 13:07:57.550 [http-nio-8080-exec-3] DEBUG org.springframework.web.servlet.DispatcherServlet -Completed 200 OK
2025-03-28 13:07:57.554 [http-nio-8080-exec-2] DEBUG org.springframework.web.servlet.DispatcherServlet -Completed 200 OK
2025-03-28 13:08:05.158 [http-nio-8080-exec-4] DEBUG org.springframework.web.servlet.DispatcherServlet -POST "/api/auth/login", parameters={}
2025-03-28 13:08:05.164 [http-nio-8080-exec-4] DEBUG org.springframework.web.servlet.mvc.method.annotation.RequestMappingHandlerMapping -Mapped to com.sprint.mission.discodeit.controller.AuthController#login(AuthRequestDto)
2025-03-28 13:08:05.282 [http-nio-8080-exec-4] DEBUG org.springframework.web.servlet.mvc.method.annotation.RequestResponseBodyMethodProcessor -Read "application/json;charset=UTF-8" to [com.sprint.mission.discodeit.dto.user.AuthRequestDto@141ff5db]
2025-03-28 13:08:06.177 [http-nio-8080-exec-4] DEBUG org.springframework.web.servlet.mvc.method.annotation.HttpEntityMethodProcessor -Using 'application/json', given [application/json, text/plain, */*] and supported [application/json, application/*+json, application/yaml]
2025-03-28 13:08:06.178 [http-nio-8080-exec-4] DEBUG org.springframework.web.servlet.mvc.method.annotation.HttpEntityMethodProcessor -Writing [com.sprint.mission.discodeit.dto.user.UserDto@26f66a6e]
2025-03-28 13:08:06.216 [http-nio-8080-exec-4] DEBUG org.springframework.web.servlet.DispatcherServlet -Completed 200 OK
2025-03-28 13:08:06.227 [http-nio-8080-exec-5] DEBUG org.springframework.web.servlet.DispatcherServlet -GET "/api/users", parameters={}
2025-03-28 13:08:06.228 [http-nio-8080-exec-5] DEBUG org.springframework.web.servlet.mvc.method.annotation.RequestMappingHandlerMapping -Mapped to com.sprint.mission.discodeit.controller.UserController#findAll()
2025-03-28 13:08:06.335 [http-nio-8080-exec-5] DEBUG org.springframework.web.servlet.mvc.method.annotation.HttpEntityMethodProcessor -Using 'application/json', given [application/json, text/plain, */*] and supported [application/json, application/*+json, application/yaml]
2025-03-28 13:08:06.337 [http-nio-8080-exec-5] DEBUG org.springframework.web.servlet.mvc.method.annotation.HttpEntityMethodProcessor -Writing [[com.sprint.mission.discodeit.dto.user.UserDto@233a35b4, com.sprint.mission.discodeit.dto.user.UserD (truncated)...]
2025-03-28 13:08:06.350 [http-nio-8080-exec-5] DEBUG org.springframework.web.servlet.DispatcherServlet -Completed 200 OK
2025-03-28 13:08:06.378 [http-nio-8080-exec-6] DEBUG org.springframework.web.servlet.DispatcherServlet -GET "/api/binaryContents/d1f05743-034f-438e-a549-ab935155758a", parameters={}
2025-03-28 13:08:06.380 [http-nio-8080-exec-6] DEBUG org.springframework.web.servlet.mvc.method.annotation.RequestMappingHandlerMapping -Mapped to com.sprint.mission.discodeit.controller.BinaryController#find(UUID)
2025-03-28 13:08:06.387 [http-nio-8080-exec-7] DEBUG org.springframework.web.servlet.DispatcherServlet -PATCH "/api/users/abfbc5ad-b5bc-48c6-b48e-7b25ef412fe0/userStatus", parameters={}
2025-03-28 13:08:06.388 [http-nio-8080-exec-7] DEBUG org.springframework.web.servlet.mvc.method.annotation.RequestMappingHandlerMapping -Mapped to com.sprint.mission.discodeit.controller.UserController#updateUserStatusByUserId(UUID, UserStatusUpdateRequest)
2025-03-28 13:08:06.389 [http-nio-8080-exec-8] DEBUG org.springframework.web.servlet.DispatcherServlet -PATCH "/api/users/abfbc5ad-b5bc-48c6-b48e-7b25ef412fe0/userStatus", parameters={}
2025-03-28 13:08:06.390 [http-nio-8080-exec-8] DEBUG org.springframework.web.servlet.mvc.method.annotation.RequestMappingHandlerMapping -Mapped to com.sprint.mission.discodeit.controller.UserController#updateUserStatusByUserId(UUID, UserStatusUpdateRequest)
2025-03-28 13:08:06.395 [http-nio-8080-exec-9] DEBUG org.springframework.web.servlet.DispatcherServlet -GET "/api/users", parameters={}
2025-03-28 13:08:06.398 [http-nio-8080-exec-9] DEBUG org.springframework.web.servlet.mvc.method.annotation.RequestMappingHandlerMapping -Mapped to com.sprint.mission.discodeit.controller.UserController#findAll()
2025-03-28 13:08:06.404 [http-nio-8080-exec-10] DEBUG org.springframework.web.servlet.DispatcherServlet -GET "/api/channels?userId=abfbc5ad-b5bc-48c6-b48e-7b25ef412fe0", parameters={masked}
2025-03-28 13:08:06.405 [http-nio-8080-exec-10] DEBUG org.springframework.web.servlet.mvc.method.annotation.RequestMappingHandlerMapping -Mapped to com.sprint.mission.discodeit.controller.ChannelController#findAll(UUID)
2025-03-28 13:08:06.409 [http-nio-8080-exec-1] DEBUG org.springframework.web.servlet.DispatcherServlet -GET "/api/readStatuses?userId=abfbc5ad-b5bc-48c6-b48e-7b25ef412fe0", parameters={masked}
2025-03-28 13:08:06.410 [http-nio-8080-exec-1] DEBUG org.springframework.web.servlet.mvc.method.annotation.RequestMappingHandlerMapping -Mapped to com.sprint.mission.discodeit.controller.ReadStatusController#findAllByUserId(UUID)
2025-03-28 13:08:06.411 [http-nio-8080-exec-7] DEBUG org.springframework.web.servlet.mvc.method.annotation.RequestResponseBodyMethodProcessor -Read "application/json;charset=UTF-8" to [com.sprint.mission.discodeit.dto.userstatus.UserStatusUpdateRequest@5f138e56]
2025-03-28 13:08:06.412 [http-nio-8080-exec-6] DEBUG org.springframework.web.servlet.mvc.method.annotation.HttpEntityMethodProcessor -Using 'application/json', given [application/json, text/plain, */*] and supported [application/json, application/*+json, application/yaml]
2025-03-28 13:08:06.412 [http-nio-8080-exec-6] DEBUG org.springframework.web.servlet.mvc.method.annotation.HttpEntityMethodProcessor -Writing [com.sprint.mission.discodeit.entity.BinaryContent@690630ce]
2025-03-28 13:08:06.429 [http-nio-8080-exec-9] DEBUG org.springframework.web.servlet.mvc.method.annotation.HttpEntityMethodProcessor -Using 'application/json', given [application/json, text/plain, */*] and supported [application/json, application/*+json, application/yaml]
2025-03-28 13:08:06.429 [http-nio-8080-exec-9] DEBUG org.springframework.web.servlet.mvc.method.annotation.HttpEntityMethodProcessor -Writing [[com.sprint.mission.discodeit.dto.user.UserDto@5180acd1, com.sprint.mission.discodeit.dto.user.UserD (truncated)...]
2025-03-28 13:08:06.432 [http-nio-8080-exec-8] DEBUG org.springframework.web.servlet.mvc.method.annotation.RequestResponseBodyMethodProcessor -Read "application/json;charset=UTF-8" to [com.sprint.mission.discodeit.dto.userstatus.UserStatusUpdateRequest@50ac1a71]
2025-03-28 13:08:06.434 [http-nio-8080-exec-9] DEBUG org.springframework.web.servlet.DispatcherServlet -Completed 200 OK
2025-03-28 13:08:06.457 [http-nio-8080-exec-3] DEBUG org.springframework.web.servlet.DispatcherServlet -GET "/api/binaryContents/d1f05743-034f-438e-a549-ab935155758a", parameters={}
2025-03-28 13:08:06.458 [http-nio-8080-exec-3] DEBUG org.springframework.web.servlet.mvc.method.annotation.RequestMappingHandlerMapping -Mapped to com.sprint.mission.discodeit.controller.BinaryController#find(UUID)
2025-03-28 13:08:06.481 [http-nio-8080-exec-6] DEBUG org.springframework.web.servlet.mvc.method.annotation.ExceptionHandlerExceptionResolver -Using @ExceptionHandler com.sprint.mission.discodeit.exception.GlobalExceptionHandler#handleUnhandledException(Exception)
2025-03-28 13:08:06.483 [http-nio-8080-exec-6] DEBUG org.springframework.web.servlet.mvc.method.annotation.HttpEntityMethodProcessor -Found 'Content-Type:application/json' in response
2025-03-28 13:08:06.486 [http-nio-8080-exec-3] DEBUG org.springframework.web.servlet.mvc.method.annotation.HttpEntityMethodProcessor -Using 'application/json', given [application/json, text/plain, */*] and supported [application/json, application/*+json, application/yaml]
2025-03-28 13:08:06.487 [http-nio-8080-exec-6] DEBUG org.springframework.web.servlet.mvc.method.annotation.HttpEntityMethodProcessor -Writing [com.sprint.mission.discodeit.dto.response.ErrorResponse@4749e4e2]
2025-03-28 13:08:06.487 [http-nio-8080-exec-3] DEBUG org.springframework.web.servlet.mvc.method.annotation.HttpEntityMethodProcessor -Writing [com.sprint.mission.discodeit.entity.BinaryContent@5e40143]
2025-03-28 13:08:06.491 [http-nio-8080-exec-6] DEBUG org.springframework.web.servlet.mvc.method.annotation.ExceptionHandlerExceptionResolver -Resolved [org.springframework.http.converter.HttpMessageNotWritableException: Could not write JSON: Document nesting depth (1001) exceeds the maximum allowed (1000, from `StreamWriteConstraints.getMaxNestingDepth()`)]
2025-03-28 13:08:06.492 [http-nio-8080-exec-6] DEBUG org.springframework.web.servlet.DispatcherServlet -Completed 200 OK
2025-03-28 13:08:06.497 [http-nio-8080-exec-2] DEBUG org.springframework.web.servlet.DispatcherServlet -GET "/api/binaryContents/d1f05743-034f-438e-a549-ab935155758a", parameters={}
2025-03-28 13:08:06.501 [http-nio-8080-exec-2] DEBUG org.springframework.web.servlet.mvc.method.annotation.RequestMappingHandlerMapping -Mapped to com.sprint.mission.discodeit.controller.BinaryController#find(UUID)
2025-03-28 13:08:06.505 [http-nio-8080-exec-3] DEBUG org.springframework.web.servlet.mvc.method.annotation.ExceptionHandlerExceptionResolver -Using @ExceptionHandler com.sprint.mission.discodeit.exception.GlobalExceptionHandler#handleUnhandledException(Exception)
2025-03-28 13:08:06.506 [http-nio-8080-exec-3] DEBUG org.springframework.web.servlet.mvc.method.annotation.HttpEntityMethodProcessor -Found 'Content-Type:application/json' in response
2025-03-28 13:08:06.506 [http-nio-8080-exec-3] DEBUG org.springframework.web.servlet.mvc.method.annotation.HttpEntityMethodProcessor -Writing [com.sprint.mission.discodeit.dto.response.ErrorResponse@67b666ba]
2025-03-28 13:08:06.507 [http-nio-8080-exec-3] DEBUG org.springframework.web.servlet.mvc.method.annotation.ExceptionHandlerExceptionResolver -Resolved [org.springframework.http.converter.HttpMessageNotWritableException: Could not write JSON: Document nesting depth (1001) exceeds the maximum allowed (1000, from `StreamWriteConstraints.getMaxNestingDepth()`)]
2025-03-28 13:08:06.507 [http-nio-8080-exec-3] DEBUG org.springframework.web.servlet.DispatcherServlet -Completed 200 OK
2025-03-28 13:08:06.512 [http-nio-8080-exec-2] DEBUG org.springframework.web.servlet.mvc.method.annotation.HttpEntityMethodProcessor -Using 'application/json', given [application/json, text/plain, */*] and supported [application/json, application/*+json, application/yaml]
2025-03-28 13:08:06.512 [http-nio-8080-exec-2] DEBUG org.springframework.web.servlet.mvc.method.annotation.HttpEntityMethodProcessor -Writing [com.sprint.mission.discodeit.entity.BinaryContent@18100b0d]
2025-03-28 13:08:06.521 [http-nio-8080-exec-1] DEBUG org.springframework.web.servlet.mvc.method.annotation.HttpEntityMethodProcessor -Using 'application/json', given [application/json, text/plain, */*] and supported [application/json, application/*+json, application/yaml]
2025-03-28 13:08:06.521 [http-nio-8080-exec-1] DEBUG org.springframework.web.servlet.mvc.method.annotation.HttpEntityMethodProcessor -Writing [[com.sprint.mission.discodeit.dto.readstatus.ReadStatusDto@3abb8645, com.sprint.mission.discodeit.dt (truncated)...]
2025-03-28 13:08:06.525 [http-nio-8080-exec-1] DEBUG org.springframework.web.servlet.DispatcherServlet -Completed 201 CREATED
2025-03-28 13:08:06.528 [http-nio-8080-exec-2] DEBUG org.springframework.web.servlet.mvc.method.annotation.ExceptionHandlerExceptionResolver -Using @ExceptionHandler com.sprint.mission.discodeit.exception.GlobalExceptionHandler#handleUnhandledException(Exception)
2025-03-28 13:08:06.529 [http-nio-8080-exec-2] DEBUG org.springframework.web.servlet.mvc.method.annotation.HttpEntityMethodProcessor -Found 'Content-Type:application/json' in response
2025-03-28 13:08:06.529 [http-nio-8080-exec-2] DEBUG org.springframework.web.servlet.mvc.method.annotation.HttpEntityMethodProcessor -Writing [com.sprint.mission.discodeit.dto.response.ErrorResponse@542b8c58]
2025-03-28 13:08:06.530 [http-nio-8080-exec-2] DEBUG org.springframework.web.servlet.mvc.method.annotation.ExceptionHandlerExceptionResolver -Resolved [org.springframework.http.converter.HttpMessageNotWritableException: Could not write JSON: Document nesting depth (1001) exceeds the maximum allowed (1000, from `StreamWriteConstraints.getMaxNestingDepth()`)]
2025-03-28 13:08:06.530 [http-nio-8080-exec-2] DEBUG org.springframework.web.servlet.DispatcherServlet -Completed 200 OK
2025-03-28 13:08:06.542 [http-nio-8080-exec-4] DEBUG org.springframework.web.servlet.DispatcherServlet -GET "/api/binaryContents/d1f05743-034f-438e-a549-ab935155758a", parameters={}
2025-03-28 13:08:06.544 [http-nio-8080-exec-4] DEBUG org.springframework.web.servlet.mvc.method.annotation.RequestMappingHandlerMapping -Mapped to com.sprint.mission.discodeit.controller.BinaryController#find(UUID)
2025-03-28 13:08:06.547 [http-nio-8080-exec-5] DEBUG org.springframework.web.servlet.DispatcherServlet -GET "/api/readStatuses?userId=abfbc5ad-b5bc-48c6-b48e-7b25ef412fe0", parameters={masked}
2025-03-28 13:08:06.548 [http-nio-8080-exec-5] DEBUG org.springframework.web.servlet.mvc.method.annotation.RequestMappingHandlerMapping -Mapped to com.sprint.mission.discodeit.controller.ReadStatusController#findAllByUserId(UUID)
2025-03-28 13:08:06.557 [http-nio-8080-exec-5] DEBUG org.springframework.web.servlet.mvc.method.annotation.HttpEntityMethodProcessor -Using 'application/json', given [application/json, text/plain, */*] and supported [application/json, application/*+json, application/yaml]
2025-03-28 13:08:06.558 [http-nio-8080-exec-5] DEBUG org.springframework.web.servlet.mvc.method.annotation.HttpEntityMethodProcessor -Writing [[com.sprint.mission.discodeit.dto.readstatus.ReadStatusDto@5fb0c102, com.sprint.mission.discodeit.dt (truncated)...]
2025-03-28 13:08:06.559 [http-nio-8080-exec-5] DEBUG org.springframework.web.servlet.DispatcherServlet -Completed 201 CREATED
2025-03-28 13:08:06.560 [http-nio-8080-exec-4] DEBUG org.springframework.web.servlet.mvc.method.annotation.HttpEntityMethodProcessor -Using 'application/json', given [application/json, text/plain, */*] and supported [application/json, application/*+json, application/yaml]
2025-03-28 13:08:06.560 [http-nio-8080-exec-4] DEBUG org.springframework.web.servlet.mvc.method.annotation.HttpEntityMethodProcessor -Writing [com.sprint.mission.discodeit.entity.BinaryContent@48856f7d]
2025-03-28 13:08:06.582 [http-nio-8080-exec-4] DEBUG org.springframework.web.servlet.mvc.method.annotation.ExceptionHandlerExceptionResolver -Using @ExceptionHandler com.sprint.mission.discodeit.exception.GlobalExceptionHandler#handleUnhandledException(Exception)
2025-03-28 13:08:06.583 [http-nio-8080-exec-4] DEBUG org.springframework.web.servlet.mvc.method.annotation.HttpEntityMethodProcessor -Found 'Content-Type:application/json' in response
2025-03-28 13:08:06.583 [http-nio-8080-exec-4] DEBUG org.springframework.web.servlet.mvc.method.annotation.HttpEntityMethodProcessor -Writing [com.sprint.mission.discodeit.dto.response.ErrorResponse@2002414a]
2025-03-28 13:08:06.584 [http-nio-8080-exec-4] DEBUG org.springframework.web.servlet.mvc.method.annotation.ExceptionHandlerExceptionResolver -Resolved [org.springframework.http.converter.HttpMessageNotWritableException: Could not write JSON: Document nesting depth (1001) exceeds the maximum allowed (1000, from `StreamWriteConstraints.getMaxNestingDepth()`)]
2025-03-28 13:08:06.584 [http-nio-8080-exec-4] DEBUG org.springframework.web.servlet.DispatcherServlet -Completed 200 OK
2025-03-28 13:08:06.585 [http-nio-8080-exec-10] DEBUG org.hibernate.sql.results.internal.ResultsHelper -Collection fully initialized: [com.sprint.mission.discodeit.entity.Channel.messages#fb861459-aa71-4721-8ed6-5199956000e9]
2025-03-28 13:08:06.586 [http-nio-8080-exec-10] DEBUG org.hibernate.sql.results.internal.ResultsHelper -Collection fully initialized: [com.sprint.mission.discodeit.entity.Channel.readStatuses#c12a5958-cf69-47c0-bc6a-b4b3aca99b3b]
2025-03-28 13:08:06.586 [http-nio-8080-exec-10] DEBUG org.hibernate.sql.results.internal.ResultsHelper -Collection fully initialized: [com.sprint.mission.discodeit.entity.Channel.readStatuses#1be3ea47-28c9-4fbe-9672-6cb2cd2ceb5d]
2025-03-28 13:08:06.586 [http-nio-8080-exec-10] DEBUG org.hibernate.sql.results.internal.ResultsHelper -Collection fully initialized: [com.sprint.mission.discodeit.entity.Channel.messages#c12a5958-cf69-47c0-bc6a-b4b3aca99b3b]
2025-03-28 13:08:06.586 [http-nio-8080-exec-10] DEBUG org.hibernate.sql.results.internal.ResultsHelper -Collection fully initialized: [com.sprint.mission.discodeit.entity.Channel.readStatuses#fb861459-aa71-4721-8ed6-5199956000e9]
2025-03-28 13:08:06.587 [http-nio-8080-exec-10] DEBUG org.hibernate.sql.results.internal.ResultsHelper -Collection fully initialized: [com.sprint.mission.discodeit.entity.Channel.messages#1be3ea47-28c9-4fbe-9672-6cb2cd2ceb5d]
2025-03-28 13:08:06.596 [http-nio-8080-exec-10] INFO  com.sprint.mission.discodeit.service.basic.BasicChannelService -Find all channels by userId: userId=abfbc5ad-b5bc-48c6-b48e-7b25ef412fe0,조회된 채널 수=3
2025-03-28 13:08:06.597 [http-nio-8080-exec-10] DEBUG org.springframework.web.servlet.mvc.method.annotation.HttpEntityMethodProcessor -Using 'application/json', given [application/json, text/plain, */*] and supported [application/json, application/*+json, application/yaml]
2025-03-28 13:08:06.598 [http-nio-8080-exec-10] DEBUG org.springframework.web.servlet.mvc.method.annotation.HttpEntityMethodProcessor -Writing [[com.sprint.mission.discodeit.dto.channel.ChannelDto@64b2c471, com.sprint.mission.discodeit.dto.chan (truncated)...]
2025-03-28 13:08:06.602 [http-nio-8080-exec-6] DEBUG org.springframework.web.servlet.DispatcherServlet -GET "/api/binaryContents/d1f05743-034f-438e-a549-ab935155758a/download", parameters={}
2025-03-28 13:08:06.604 [http-nio-8080-exec-6] DEBUG org.springframework.web.servlet.mvc.method.annotation.RequestMappingHandlerMapping -Mapped to com.sprint.mission.discodeit.controller.BinaryController#downloadBinaryContent(UUID)
2025-03-28 13:08:06.604 [http-nio-8080-exec-9] DEBUG org.springframework.web.servlet.DispatcherServlet -GET "/api/binaryContents/d1f05743-034f-438e-a549-ab935155758a", parameters={}
2025-03-28 13:08:06.605 [http-nio-8080-exec-9] DEBUG org.springframework.web.servlet.mvc.method.annotation.RequestMappingHandlerMapping -Mapped to com.sprint.mission.discodeit.controller.BinaryController#find(UUID)
2025-03-28 13:08:06.613 [http-nio-8080-exec-9] DEBUG org.springframework.web.servlet.mvc.method.annotation.HttpEntityMethodProcessor -Using 'application/json', given [application/json, text/plain, */*] and supported [application/json, application/*+json, application/yaml]
2025-03-28 13:08:06.613 [http-nio-8080-exec-3] DEBUG org.springframework.web.servlet.DispatcherServlet -GET "/api/channels?userId=abfbc5ad-b5bc-48c6-b48e-7b25ef412fe0", parameters={masked}
2025-03-28 13:08:06.614 [http-nio-8080-exec-6] DEBUG org.springframework.web.servlet.mvc.method.annotation.HttpEntityMethodProcessor -Found 'Content-Type:image/jpeg' in response
2025-03-28 13:08:06.614 [http-nio-8080-exec-9] DEBUG org.springframework.web.servlet.mvc.method.annotation.HttpEntityMethodProcessor -Writing [com.sprint.mission.discodeit.entity.BinaryContent@61404955]
2025-03-28 13:08:06.614 [http-nio-8080-exec-6] DEBUG org.springframework.web.servlet.mvc.method.annotation.HttpEntityMethodProcessor -Writing [file [C:\path\to\storage\d1f05743-034f-438e-a549-ab935155758a.jpeg]]
2025-03-28 13:08:06.614 [http-nio-8080-exec-3] DEBUG org.springframework.web.servlet.mvc.method.annotation.RequestMappingHandlerMapping -Mapped to com.sprint.mission.discodeit.controller.ChannelController#findAll(UUID)
2025-03-28 13:08:06.616 [http-nio-8080-exec-6] DEBUG org.springframework.web.servlet.DispatcherServlet -Completed 200 OK
2025-03-28 13:08:06.619 [http-nio-8080-exec-10] DEBUG org.springframework.web.servlet.DispatcherServlet -Completed 200 OK
2025-03-28 13:08:06.638 [http-nio-8080-exec-9] DEBUG org.springframework.web.servlet.mvc.method.annotation.ExceptionHandlerExceptionResolver -Using @ExceptionHandler com.sprint.mission.discodeit.exception.GlobalExceptionHandler#handleUnhandledException(Exception)
2025-03-28 13:08:06.639 [http-nio-8080-exec-9] DEBUG org.springframework.web.servlet.mvc.method.annotation.HttpEntityMethodProcessor -Found 'Content-Type:application/json' in response
2025-03-28 13:08:06.640 [http-nio-8080-exec-9] DEBUG org.springframework.web.servlet.mvc.method.annotation.HttpEntityMethodProcessor -Writing [com.sprint.mission.discodeit.dto.response.ErrorResponse@f79fa77]
2025-03-28 13:08:06.641 [http-nio-8080-exec-1] DEBUG org.springframework.web.servlet.DispatcherServlet -GET "/api/readStatuses?userId=abfbc5ad-b5bc-48c6-b48e-7b25ef412fe0", parameters={masked}
2025-03-28 13:08:06.641 [http-nio-8080-exec-9] DEBUG org.springframework.web.servlet.mvc.method.annotation.ExceptionHandlerExceptionResolver -Resolved [org.springframework.http.converter.HttpMessageNotWritableException: Could not write JSON: Document nesting depth (1001) exceeds the maximum allowed (1000, from `StreamWriteConstraints.getMaxNestingDepth()`)]
2025-03-28 13:08:06.642 [http-nio-8080-exec-9] DEBUG org.springframework.web.servlet.DispatcherServlet -Completed 200 OK
2025-03-28 13:08:06.644 [http-nio-8080-exec-1] DEBUG org.springframework.web.servlet.mvc.method.annotation.RequestMappingHandlerMapping -Mapped to com.sprint.mission.discodeit.controller.ReadStatusController#findAllByUserId(UUID)
2025-03-28 13:08:06.682 [http-nio-8080-exec-3] DEBUG org.hibernate.sql.results.internal.ResultsHelper -Collection fully initialized: [com.sprint.mission.discodeit.entity.Channel.messages#fb861459-aa71-4721-8ed6-5199956000e9]
2025-03-28 13:08:06.684 [http-nio-8080-exec-3] DEBUG org.hibernate.sql.results.internal.ResultsHelper -Collection fully initialized: [com.sprint.mission.discodeit.entity.Channel.readStatuses#c12a5958-cf69-47c0-bc6a-b4b3aca99b3b]
2025-03-28 13:08:06.684 [http-nio-8080-exec-3] DEBUG org.hibernate.sql.results.internal.ResultsHelper -Collection fully initialized: [com.sprint.mission.discodeit.entity.Channel.readStatuses#1be3ea47-28c9-4fbe-9672-6cb2cd2ceb5d]
2025-03-28 13:08:06.685 [http-nio-8080-exec-1] DEBUG org.springframework.web.servlet.mvc.method.annotation.HttpEntityMethodProcessor -Using 'application/json', given [application/json, text/plain, */*] and supported [application/json, application/*+json, application/yaml]
2025-03-28 13:08:06.686 [http-nio-8080-exec-3] DEBUG org.hibernate.sql.results.internal.ResultsHelper -Collection fully initialized: [com.sprint.mission.discodeit.entity.Channel.messages#c12a5958-cf69-47c0-bc6a-b4b3aca99b3b]
2025-03-28 13:08:06.686 [http-nio-8080-exec-3] DEBUG org.hibernate.sql.results.internal.ResultsHelper -Collection fully initialized: [com.sprint.mission.discodeit.entity.Channel.readStatuses#fb861459-aa71-4721-8ed6-5199956000e9]
2025-03-28 13:08:06.686 [http-nio-8080-exec-1] DEBUG org.springframework.web.servlet.mvc.method.annotation.HttpEntityMethodProcessor -Writing [[com.sprint.mission.discodeit.dto.readstatus.ReadStatusDto@1e0db531, com.sprint.mission.discodeit.dt (truncated)...]
2025-03-28 13:08:06.686 [http-nio-8080-exec-3] DEBUG org.hibernate.sql.results.internal.ResultsHelper -Collection fully initialized: [com.sprint.mission.discodeit.entity.Channel.messages#1be3ea47-28c9-4fbe-9672-6cb2cd2ceb5d]
2025-03-28 13:08:06.688 [http-nio-8080-exec-1] DEBUG org.springframework.web.servlet.DispatcherServlet -Completed 201 CREATED
2025-03-28 13:08:06.692 [http-nio-8080-exec-3] INFO  com.sprint.mission.discodeit.service.basic.BasicChannelService -Find all channels by userId: userId=abfbc5ad-b5bc-48c6-b48e-7b25ef412fe0,조회된 채널 수=3
2025-03-28 13:08:06.694 [http-nio-8080-exec-3] DEBUG org.springframework.web.servlet.mvc.method.annotation.HttpEntityMethodProcessor -Using 'application/json', given [application/json, text/plain, */*] and supported [application/json, application/*+json, application/yaml]
2025-03-28 13:08:06.694 [http-nio-8080-exec-3] DEBUG org.springframework.web.servlet.mvc.method.annotation.HttpEntityMethodProcessor -Writing [[com.sprint.mission.discodeit.dto.channel.ChannelDto@28c9733b, com.sprint.mission.discodeit.dto.chan (truncated)...]
2025-03-28 13:08:06.701 [http-nio-8080-exec-3] DEBUG org.springframework.web.servlet.DispatcherServlet -Completed 200 OK
2025-03-28 13:08:06.725 [http-nio-8080-exec-2] DEBUG org.springframework.web.servlet.DispatcherServlet -GET "/api/readStatuses?userId=abfbc5ad-b5bc-48c6-b48e-7b25ef412fe0", parameters={masked}
2025-03-28 13:08:06.726 [http-nio-8080-exec-2] DEBUG org.springframework.web.servlet.mvc.method.annotation.RequestMappingHandlerMapping -Mapped to com.sprint.mission.discodeit.controller.ReadStatusController#findAllByUserId(UUID)
2025-03-28 13:08:06.735 [http-nio-8080-exec-2] DEBUG org.springframework.web.servlet.mvc.method.annotation.HttpEntityMethodProcessor -Using 'application/json', given [application/json, text/plain, */*] and supported [application/json, application/*+json, application/yaml]
2025-03-28 13:08:06.736 [http-nio-8080-exec-2] DEBUG org.springframework.web.servlet.mvc.method.annotation.HttpEntityMethodProcessor -Writing [[com.sprint.mission.discodeit.dto.readstatus.ReadStatusDto@2503ec99, com.sprint.mission.discodeit.dt (truncated)...]
2025-03-28 13:08:06.737 [http-nio-8080-exec-2] DEBUG org.springframework.web.servlet.DispatcherServlet -Completed 201 CREATED
2025-03-28 13:08:06.839 [http-nio-8080-exec-8] DEBUG org.springframework.web.servlet.mvc.method.annotation.HttpEntityMethodProcessor -Using 'application/json', given [application/json, text/plain, */*] and supported [application/json]
2025-03-28 13:08:06.841 [http-nio-8080-exec-8] DEBUG org.springframework.web.servlet.mvc.method.annotation.HttpEntityMethodProcessor -Writing [com.sprint.mission.discodeit.entity.UserStatus@4942f559]
2025-03-28 13:08:06.842 [http-nio-8080-exec-7] DEBUG org.springframework.web.servlet.mvc.method.annotation.HttpEntityMethodProcessor -Using 'application/json', given [application/json, text/plain, */*] and supported [application/json]
2025-03-28 13:08:06.842 [http-nio-8080-exec-7] DEBUG org.springframework.web.servlet.mvc.method.annotation.HttpEntityMethodProcessor -Writing [com.sprint.mission.discodeit.entity.UserStatus@4319d05f]
2025-03-28 13:08:06.842 [http-nio-8080-exec-8] DEBUG org.springframework.web.servlet.DispatcherServlet -Completed 200 OK
2025-03-28 13:08:06.843 [http-nio-8080-exec-7] DEBUG org.springframework.web.servlet.DispatcherServlet -Completed 200 OK
2025-03-28 13:08:06.892 [http-nio-8080-exec-5] DEBUG org.springframework.web.servlet.DispatcherServlet -GET "/api/users", parameters={}
2025-03-28 13:08:06.892 [http-nio-8080-exec-5] DEBUG org.springframework.web.servlet.mvc.method.annotation.RequestMappingHandlerMapping -Mapped to com.sprint.mission.discodeit.controller.UserController#findAll()
2025-03-28 13:08:06.907 [http-nio-8080-exec-5] DEBUG org.springframework.web.servlet.mvc.method.annotation.HttpEntityMethodProcessor -Using 'application/json', given [application/json, text/plain, */*] and supported [application/json, application/*+json, application/yaml]
2025-03-28 13:08:06.908 [http-nio-8080-exec-5] DEBUG org.springframework.web.servlet.mvc.method.annotation.HttpEntityMethodProcessor -Writing [[com.sprint.mission.discodeit.dto.user.UserDto@6845ec9f, com.sprint.mission.discodeit.dto.user.UserD (truncated)...]
2025-03-28 13:08:06.909 [http-nio-8080-exec-5] DEBUG org.springframework.web.servlet.DispatcherServlet -Completed 200 OK
2025-03-28 13:08:06.981 [http-nio-8080-exec-4] DEBUG org.springframework.web.servlet.DispatcherServlet -GET "/api/channels?userId=abfbc5ad-b5bc-48c6-b48e-7b25ef412fe0", parameters={masked}
2025-03-28 13:08:06.982 [http-nio-8080-exec-6] DEBUG org.springframework.web.servlet.DispatcherServlet -GET "/api/readStatuses?userId=abfbc5ad-b5bc-48c6-b48e-7b25ef412fe0", parameters={masked}
2025-03-28 13:08:06.984 [http-nio-8080-exec-6] DEBUG org.springframework.web.servlet.mvc.method.annotation.RequestMappingHandlerMapping -Mapped to com.sprint.mission.discodeit.controller.ReadStatusController#findAllByUserId(UUID)
2025-03-28 13:08:06.984 [http-nio-8080-exec-4] DEBUG org.springframework.web.servlet.mvc.method.annotation.RequestMappingHandlerMapping -Mapped to com.sprint.mission.discodeit.controller.ChannelController#findAll(UUID)
2025-03-28 13:08:06.992 [http-nio-8080-exec-6] DEBUG org.springframework.web.servlet.mvc.method.annotation.HttpEntityMethodProcessor -Using 'application/json', given [application/json, text/plain, */*] and supported [application/json, application/*+json, application/yaml]
2025-03-28 13:08:06.992 [http-nio-8080-exec-6] DEBUG org.springframework.web.servlet.mvc.method.annotation.HttpEntityMethodProcessor -Writing [[com.sprint.mission.discodeit.dto.readstatus.ReadStatusDto@6d6daac2, com.sprint.mission.discodeit.dt (truncated)...]
2025-03-28 13:08:06.993 [http-nio-8080-exec-6] DEBUG org.springframework.web.servlet.DispatcherServlet -Completed 201 CREATED
2025-03-28 13:08:07.023 [http-nio-8080-exec-4] DEBUG org.hibernate.sql.results.internal.ResultsHelper -Collection fully initialized: [com.sprint.mission.discodeit.entity.Channel.messages#fb861459-aa71-4721-8ed6-5199956000e9]
2025-03-28 13:08:07.024 [http-nio-8080-exec-4] DEBUG org.hibernate.sql.results.internal.ResultsHelper -Collection fully initialized: [com.sprint.mission.discodeit.entity.Channel.readStatuses#c12a5958-cf69-47c0-bc6a-b4b3aca99b3b]
2025-03-28 13:08:07.024 [http-nio-8080-exec-4] DEBUG org.hibernate.sql.results.internal.ResultsHelper -Collection fully initialized: [com.sprint.mission.discodeit.entity.Channel.readStatuses#1be3ea47-28c9-4fbe-9672-6cb2cd2ceb5d]
2025-03-28 13:08:07.024 [http-nio-8080-exec-4] DEBUG org.hibernate.sql.results.internal.ResultsHelper -Collection fully initialized: [com.sprint.mission.discodeit.entity.Channel.messages#c12a5958-cf69-47c0-bc6a-b4b3aca99b3b]
2025-03-28 13:08:07.024 [http-nio-8080-exec-4] DEBUG org.hibernate.sql.results.internal.ResultsHelper -Collection fully initialized: [com.sprint.mission.discodeit.entity.Channel.readStatuses#fb861459-aa71-4721-8ed6-5199956000e9]
2025-03-28 13:08:07.024 [http-nio-8080-exec-4] DEBUG org.hibernate.sql.results.internal.ResultsHelper -Collection fully initialized: [com.sprint.mission.discodeit.entity.Channel.messages#1be3ea47-28c9-4fbe-9672-6cb2cd2ceb5d]
2025-03-28 13:08:07.032 [http-nio-8080-exec-4] INFO  com.sprint.mission.discodeit.service.basic.BasicChannelService -Find all channels by userId: userId=abfbc5ad-b5bc-48c6-b48e-7b25ef412fe0,조회된 채널 수=3
2025-03-28 13:08:07.033 [http-nio-8080-exec-4] DEBUG org.springframework.web.servlet.mvc.method.annotation.HttpEntityMethodProcessor -Using 'application/json', given [application/json, text/plain, */*] and supported [application/json, application/*+json, application/yaml]
2025-03-28 13:08:07.034 [http-nio-8080-exec-4] DEBUG org.springframework.web.servlet.mvc.method.annotation.HttpEntityMethodProcessor -Writing [[com.sprint.mission.discodeit.dto.channel.ChannelDto@2bcbaa6f, com.sprint.mission.discodeit.dto.chan (truncated)...]
2025-03-28 13:08:07.041 [http-nio-8080-exec-4] DEBUG org.springframework.web.servlet.DispatcherServlet -Completed 200 OK
2025-03-28 13:08:07.049 [http-nio-8080-exec-10] DEBUG org.springframework.web.servlet.DispatcherServlet -GET "/api/readStatuses?userId=abfbc5ad-b5bc-48c6-b48e-7b25ef412fe0", parameters={masked}
2025-03-28 13:08:07.050 [http-nio-8080-exec-10] DEBUG org.springframework.web.servlet.mvc.method.annotation.RequestMappingHandlerMapping -Mapped to com.sprint.mission.discodeit.controller.ReadStatusController#findAllByUserId(UUID)
2025-03-28 13:08:07.057 [http-nio-8080-exec-10] DEBUG org.springframework.web.servlet.mvc.method.annotation.HttpEntityMethodProcessor -Using 'application/json', given [application/json, text/plain, */*] and supported [application/json, application/*+json, application/yaml]
2025-03-28 13:08:07.058 [http-nio-8080-exec-10] DEBUG org.springframework.web.servlet.mvc.method.annotation.HttpEntityMethodProcessor -Writing [[com.sprint.mission.discodeit.dto.readstatus.ReadStatusDto@5d4cbc68, com.sprint.mission.discodeit.dt (truncated)...]
2025-03-28 13:08:07.060 [http-nio-8080-exec-10] DEBUG org.springframework.web.servlet.DispatcherServlet -Completed 201 CREATED
2025-03-28 13:08:07.908 [http-nio-8080-exec-9] DEBUG org.springframework.web.servlet.DispatcherServlet -PATCH "/api/readStatuses/b347b492-9d51-4367-9047-67ba0279fd33", parameters={}
2025-03-28 13:08:07.909 [http-nio-8080-exec-9] DEBUG org.springframework.web.servlet.mvc.method.annotation.RequestMappingHandlerMapping -Mapped to com.sprint.mission.discodeit.controller.ReadStatusController#updateReadStatus(UUID, UpdateReadStatusRequestDto)
2025-03-28 13:08:07.916 [http-nio-8080-exec-9] DEBUG org.springframework.web.servlet.mvc.method.annotation.RequestResponseBodyMethodProcessor -Read "application/json;charset=UTF-8" to [com.sprint.mission.discodeit.dto.readstatus.UpdateReadStatusRequestDto@1b808470]
2025-03-28 13:08:07.926 [http-nio-8080-exec-1] DEBUG org.springframework.web.servlet.DispatcherServlet -GET "/api/messages?channelId=c12a5958-cf69-47c0-bc6a-b4b3aca99b3b&size=50&sort=createdAt,desc", parameters={masked}
2025-03-28 13:08:07.926 [http-nio-8080-exec-1] DEBUG org.springframework.web.servlet.mvc.method.annotation.RequestMappingHandlerMapping -Mapped to com.sprint.mission.discodeit.controller.MessageController#findAllByChannelId(UUID, Instant, int)
2025-03-28 13:08:07.930 [http-nio-8080-exec-9] DEBUG org.springframework.web.servlet.mvc.method.annotation.HttpEntityMethodProcessor -Using 'application/json', given [application/json, text/plain, */*] and supported [application/json, application/*+json, application/yaml]
2025-03-28 13:08:07.930 [http-nio-8080-exec-9] DEBUG org.springframework.web.servlet.mvc.method.annotation.HttpEntityMethodProcessor -Writing [com.sprint.mission.discodeit.dto.readstatus.ReadStatusDto@22161b7a]
2025-03-28 13:08:07.932 [http-nio-8080-exec-9] DEBUG org.springframework.web.servlet.DispatcherServlet -Completed 200 OK
2025-03-28 13:08:07.946 [http-nio-8080-exec-1] WARN  org.hibernate.orm.query              -HHH90003004: firstResult/maxResults specified with collection fetch; applying in memory
2025-03-28 13:08:07.965 [http-nio-8080-exec-1] DEBUG org.hibernate.sql.results.internal.ResultsHelper -Collection fully initialized: [com.sprint.mission.discodeit.entity.Message.attachmentIds#61ca4ff6-a268-4a52-8dfa-5884a77594f7]
2025-03-28 13:08:07.976 [http-nio-8080-exec-1] DEBUG org.springframework.web.servlet.mvc.method.annotation.HttpEntityMethodProcessor -Using 'application/json', given [application/json, text/plain, */*] and supported [application/json, application/*+json, application/yaml]
2025-03-28 13:08:07.977 [http-nio-8080-exec-1] DEBUG org.springframework.web.servlet.mvc.method.annotation.HttpEntityMethodProcessor -Writing [com.sprint.mission.discodeit.dto.response.PageResponse@6409d60d]
2025-03-28 13:08:07.982 [http-nio-8080-exec-1] DEBUG org.springframework.web.servlet.DispatcherServlet -Completed 200 OK
2025-03-28 13:08:07.988 [http-nio-8080-exec-3] DEBUG org.springframework.web.servlet.DispatcherServlet -GET "/api/messages?channelId=c12a5958-cf69-47c0-bc6a-b4b3aca99b3b&size=50&sort=createdAt,desc", parameters={masked}
2025-03-28 13:08:07.988 [http-nio-8080-exec-3] DEBUG org.springframework.web.servlet.mvc.method.annotation.RequestMappingHandlerMapping -Mapped to com.sprint.mission.discodeit.controller.MessageController#findAllByChannelId(UUID, Instant, int)
2025-03-28 13:08:07.991 [http-nio-8080-exec-3] WARN  org.hibernate.orm.query              -HHH90003004: firstResult/maxResults specified with collection fetch; applying in memory
2025-03-28 13:08:08.002 [http-nio-8080-exec-3] DEBUG org.hibernate.sql.results.internal.ResultsHelper -Collection fully initialized: [com.sprint.mission.discodeit.entity.Message.attachmentIds#61ca4ff6-a268-4a52-8dfa-5884a77594f7]
2025-03-28 13:08:08.004 [http-nio-8080-exec-3] DEBUG org.springframework.web.servlet.mvc.method.annotation.HttpEntityMethodProcessor -Using 'application/json', given [application/json, text/plain, */*] and supported [application/json, application/*+json, application/yaml]
2025-03-28 13:08:08.004 [http-nio-8080-exec-3] DEBUG org.springframework.web.servlet.mvc.method.annotation.HttpEntityMethodProcessor -Writing [com.sprint.mission.discodeit.dto.response.PageResponse@1d7eeede]
2025-03-28 13:08:08.005 [http-nio-8080-exec-3] DEBUG org.springframework.web.servlet.DispatcherServlet -Completed 200 OK
2025-03-28 13:08:08.494 [http-nio-8080-exec-2] DEBUG org.springframework.web.servlet.DispatcherServlet -GET "/api/messages?channelId=c12a5958-cf69-47c0-bc6a-b4b3aca99b3b&size=50&sort=createdAt,desc", parameters={masked}
2025-03-28 13:08:08.494 [http-nio-8080-exec-2] DEBUG org.springframework.web.servlet.mvc.method.annotation.RequestMappingHandlerMapping -Mapped to com.sprint.mission.discodeit.controller.MessageController#findAllByChannelId(UUID, Instant, int)
2025-03-28 13:08:08.496 [http-nio-8080-exec-2] WARN  org.hibernate.orm.query              -HHH90003004: firstResult/maxResults specified with collection fetch; applying in memory
2025-03-28 13:08:08.504 [http-nio-8080-exec-2] DEBUG org.hibernate.sql.results.internal.ResultsHelper -Collection fully initialized: [com.sprint.mission.discodeit.entity.Message.attachmentIds#61ca4ff6-a268-4a52-8dfa-5884a77594f7]
2025-03-28 13:08:08.505 [http-nio-8080-exec-2] DEBUG org.springframework.web.servlet.mvc.method.annotation.HttpEntityMethodProcessor -Using 'application/json', given [application/json, text/plain, */*] and supported [application/json, application/*+json, application/yaml]
2025-03-28 13:08:08.505 [http-nio-8080-exec-2] DEBUG org.springframework.web.servlet.mvc.method.annotation.HttpEntityMethodProcessor -Writing [com.sprint.mission.discodeit.dto.response.PageResponse@8963484]
2025-03-28 13:08:08.506 [http-nio-8080-exec-2] DEBUG org.springframework.web.servlet.DispatcherServlet -Completed 200 OK
2025-03-28 13:08:08.648 [http-nio-8080-exec-8] DEBUG org.springframework.web.servlet.DispatcherServlet -PATCH "/api/readStatuses/0b93a875-801b-417a-9e9f-779bc5cbbca4", parameters={}
2025-03-28 13:08:08.648 [http-nio-8080-exec-8] DEBUG org.springframework.web.servlet.mvc.method.annotation.RequestMappingHandlerMapping -Mapped to com.sprint.mission.discodeit.controller.ReadStatusController#updateReadStatus(UUID, UpdateReadStatusRequestDto)
2025-03-28 13:08:08.650 [http-nio-8080-exec-8] DEBUG org.springframework.web.servlet.mvc.method.annotation.RequestResponseBodyMethodProcessor -Read "application/json;charset=UTF-8" to [com.sprint.mission.discodeit.dto.readstatus.UpdateReadStatusRequestDto@31a34230]
2025-03-28 13:08:08.652 [http-nio-8080-exec-7] DEBUG org.springframework.web.servlet.DispatcherServlet -GET "/api/messages?channelId=1be3ea47-28c9-4fbe-9672-6cb2cd2ceb5d&size=50&sort=createdAt,desc", parameters={masked}
2025-03-28 13:08:08.652 [http-nio-8080-exec-7] DEBUG org.springframework.web.servlet.mvc.method.annotation.RequestMappingHandlerMapping -Mapped to com.sprint.mission.discodeit.controller.MessageController#findAllByChannelId(UUID, Instant, int)
2025-03-28 13:08:08.654 [http-nio-8080-exec-7] WARN  org.hibernate.orm.query              -HHH90003004: firstResult/maxResults specified with collection fetch; applying in memory
2025-03-28 13:08:08.658 [http-nio-8080-exec-8] DEBUG org.springframework.web.servlet.mvc.method.annotation.HttpEntityMethodProcessor -Using 'application/json', given [application/json, text/plain, */*] and supported [application/json, application/*+json, application/yaml]
2025-03-28 13:08:08.658 [http-nio-8080-exec-8] DEBUG org.springframework.web.servlet.mvc.method.annotation.HttpEntityMethodProcessor -Writing [com.sprint.mission.discodeit.dto.readstatus.ReadStatusDto@30faa58f]
2025-03-28 13:08:08.659 [http-nio-8080-exec-8] DEBUG org.springframework.web.servlet.DispatcherServlet -Completed 200 OK
2025-03-28 13:08:08.669 [http-nio-8080-exec-7] DEBUG org.hibernate.sql.results.internal.ResultsHelper -Collection fully initialized: [com.sprint.mission.discodeit.entity.Message.attachmentIds#21b061c5-d0c7-419a-a503-7c327db3c7eb]
2025-03-28 13:08:08.669 [http-nio-8080-exec-7] DEBUG org.hibernate.sql.results.internal.ResultsHelper -Collection fully initialized: [com.sprint.mission.discodeit.entity.Message.attachmentIds#86b479d5-d611-4ce4-9e16-cece67532817]
2025-03-28 13:08:08.670 [http-nio-8080-exec-7] DEBUG org.hibernate.sql.results.internal.ResultsHelper -Collection fully initialized: [com.sprint.mission.discodeit.entity.Message.attachmentIds#bffae241-7752-4775-a176-42093fa0fbab]
2025-03-28 13:08:08.670 [http-nio-8080-exec-7] DEBUG org.hibernate.sql.results.internal.ResultsHelper -Collection fully initialized: [com.sprint.mission.discodeit.entity.Message.attachmentIds#c81e34b9-4d63-42c7-853f-c91f498e691b]
2025-03-28 13:08:08.672 [http-nio-8080-exec-7] DEBUG org.springframework.web.servlet.mvc.method.annotation.HttpEntityMethodProcessor -Using 'application/json', given [application/json, text/plain, */*] and supported [application/json, application/*+json, application/yaml]
2025-03-28 13:08:08.672 [http-nio-8080-exec-7] DEBUG org.springframework.web.servlet.mvc.method.annotation.HttpEntityMethodProcessor -Writing [com.sprint.mission.discodeit.dto.response.PageResponse@791cd267]
2025-03-28 13:08:08.676 [http-nio-8080-exec-5] DEBUG org.springframework.web.servlet.DispatcherServlet -GET "/api/messages?channelId=1be3ea47-28c9-4fbe-9672-6cb2cd2ceb5d&size=50&sort=createdAt,desc", parameters={masked}
2025-03-28 13:08:08.676 [http-nio-8080-exec-5] DEBUG org.springframework.web.servlet.mvc.method.annotation.RequestMappingHandlerMapping -Mapped to com.sprint.mission.discodeit.controller.MessageController#findAllByChannelId(UUID, Instant, int)
2025-03-28 13:08:08.677 [http-nio-8080-exec-7] DEBUG org.springframework.web.servlet.DispatcherServlet -Completed 200 OK
2025-03-28 13:08:08.678 [http-nio-8080-exec-5] WARN  org.hibernate.orm.query              -HHH90003004: firstResult/maxResults specified with collection fetch; applying in memory
2025-03-28 13:08:08.690 [http-nio-8080-exec-5] DEBUG org.hibernate.sql.results.internal.ResultsHelper -Collection fully initialized: [com.sprint.mission.discodeit.entity.Message.attachmentIds#21b061c5-d0c7-419a-a503-7c327db3c7eb]
2025-03-28 13:08:08.690 [http-nio-8080-exec-5] DEBUG org.hibernate.sql.results.internal.ResultsHelper -Collection fully initialized: [com.sprint.mission.discodeit.entity.Message.attachmentIds#86b479d5-d611-4ce4-9e16-cece67532817]
2025-03-28 13:08:08.690 [http-nio-8080-exec-5] DEBUG org.hibernate.sql.results.internal.ResultsHelper -Collection fully initialized: [com.sprint.mission.discodeit.entity.Message.attachmentIds#bffae241-7752-4775-a176-42093fa0fbab]
2025-03-28 13:08:08.690 [http-nio-8080-exec-5] DEBUG org.hibernate.sql.results.internal.ResultsHelper -Collection fully initialized: [com.sprint.mission.discodeit.entity.Message.attachmentIds#c81e34b9-4d63-42c7-853f-c91f498e691b]
2025-03-28 13:08:08.693 [http-nio-8080-exec-5] DEBUG org.springframework.web.servlet.mvc.method.annotation.HttpEntityMethodProcessor -Using 'application/json', given [application/json, text/plain, */*] and supported [application/json, application/*+json, application/yaml]
2025-03-28 13:08:08.693 [http-nio-8080-exec-5] DEBUG org.springframework.web.servlet.mvc.method.annotation.HttpEntityMethodProcessor -Writing [com.sprint.mission.discodeit.dto.response.PageResponse@4cf7c003]
2025-03-28 13:08:08.696 [http-nio-8080-exec-5] DEBUG org.springframework.web.servlet.DispatcherServlet -Completed 200 OK
2025-03-28 13:08:09.167 [http-nio-8080-exec-6] DEBUG org.springframework.web.servlet.DispatcherServlet -GET "/api/messages?channelId=1be3ea47-28c9-4fbe-9672-6cb2cd2ceb5d&size=50&sort=createdAt,desc", parameters={masked}
2025-03-28 13:08:09.167 [http-nio-8080-exec-6] DEBUG org.springframework.web.servlet.mvc.method.annotation.RequestMappingHandlerMapping -Mapped to com.sprint.mission.discodeit.controller.MessageController#findAllByChannelId(UUID, Instant, int)
2025-03-28 13:08:09.169 [http-nio-8080-exec-6] WARN  org.hibernate.orm.query              -HHH90003004: firstResult/maxResults specified with collection fetch; applying in memory
2025-03-28 13:08:09.178 [http-nio-8080-exec-6] DEBUG org.hibernate.sql.results.internal.ResultsHelper -Collection fully initialized: [com.sprint.mission.discodeit.entity.Message.attachmentIds#21b061c5-d0c7-419a-a503-7c327db3c7eb]
2025-03-28 13:08:09.178 [http-nio-8080-exec-6] DEBUG org.hibernate.sql.results.internal.ResultsHelper -Collection fully initialized: [com.sprint.mission.discodeit.entity.Message.attachmentIds#86b479d5-d611-4ce4-9e16-cece67532817]
2025-03-28 13:08:09.178 [http-nio-8080-exec-6] DEBUG org.hibernate.sql.results.internal.ResultsHelper -Collection fully initialized: [com.sprint.mission.discodeit.entity.Message.attachmentIds#bffae241-7752-4775-a176-42093fa0fbab]
2025-03-28 13:08:09.179 [http-nio-8080-exec-6] DEBUG org.hibernate.sql.results.internal.ResultsHelper -Collection fully initialized: [com.sprint.mission.discodeit.entity.Message.attachmentIds#c81e34b9-4d63-42c7-853f-c91f498e691b]
2025-03-28 13:08:09.181 [http-nio-8080-exec-6] DEBUG org.springframework.web.servlet.mvc.method.annotation.HttpEntityMethodProcessor -Using 'application/json', given [application/json, text/plain, */*] and supported [application/json, application/*+json, application/yaml]
2025-03-28 13:08:09.182 [http-nio-8080-exec-6] DEBUG org.springframework.web.servlet.mvc.method.annotation.HttpEntityMethodProcessor -Writing [com.sprint.mission.discodeit.dto.response.PageResponse@7a84e1bd]
2025-03-28 13:08:09.185 [http-nio-8080-exec-6] DEBUG org.springframework.web.servlet.DispatcherServlet -Completed 200 OK
2025-03-28 13:08:09.264 [http-nio-8080-exec-4] DEBUG org.springframework.web.servlet.DispatcherServlet -PATCH "/api/readStatuses/a498b848-2398-435a-b6c3-21d5d1b7a85f", parameters={}
2025-03-28 13:08:09.264 [http-nio-8080-exec-4] DEBUG org.springframework.web.servlet.mvc.method.annotation.RequestMappingHandlerMapping -Mapped to com.sprint.mission.discodeit.controller.ReadStatusController#updateReadStatus(UUID, UpdateReadStatusRequestDto)
2025-03-28 13:08:09.266 [http-nio-8080-exec-4] DEBUG org.springframework.web.servlet.mvc.method.annotation.RequestResponseBodyMethodProcessor -Read "application/json;charset=UTF-8" to [com.sprint.mission.discodeit.dto.readstatus.UpdateReadStatusRequestDto@7bd43fc0]
2025-03-28 13:08:09.270 [http-nio-8080-exec-4] DEBUG org.springframework.web.servlet.mvc.method.annotation.HttpEntityMethodProcessor -Using 'application/json', given [application/json, text/plain, */*] and supported [application/json, application/*+json, application/yaml]
2025-03-28 13:08:09.270 [http-nio-8080-exec-4] DEBUG org.springframework.web.servlet.mvc.method.annotation.HttpEntityMethodProcessor -Writing [com.sprint.mission.discodeit.dto.readstatus.ReadStatusDto@2f11f2f2]
2025-03-28 13:08:09.271 [http-nio-8080-exec-4] DEBUG org.springframework.web.servlet.DispatcherServlet -Completed 200 OK
2025-03-28 13:08:09.274 [http-nio-8080-exec-10] DEBUG org.springframework.web.servlet.DispatcherServlet -GET "/api/messages?channelId=fb861459-aa71-4721-8ed6-5199956000e9&size=50&sort=createdAt,desc", parameters={masked}
2025-03-28 13:08:09.275 [http-nio-8080-exec-10] DEBUG org.springframework.web.servlet.mvc.method.annotation.RequestMappingHandlerMapping -Mapped to com.sprint.mission.discodeit.controller.MessageController#findAllByChannelId(UUID, Instant, int)
2025-03-28 13:08:09.277 [http-nio-8080-exec-10] WARN  org.hibernate.orm.query              -HHH90003004: firstResult/maxResults specified with collection fetch; applying in memory
2025-03-28 13:08:09.292 [http-nio-8080-exec-10] DEBUG org.hibernate.sql.results.internal.ResultsHelper -Collection fully initialized: [com.sprint.mission.discodeit.entity.Message.attachmentIds#b87e1b9c-5503-4e14-8af8-b44557ceda4e]
2025-03-28 13:08:09.292 [http-nio-8080-exec-10] DEBUG org.hibernate.sql.results.internal.ResultsHelper -Collection fully initialized: [com.sprint.mission.discodeit.entity.Message.attachmentIds#88dddaf8-d306-4448-baf2-920a73e71928]
2025-03-28 13:08:09.294 [http-nio-8080-exec-10] DEBUG org.hibernate.sql.results.internal.ResultsHelper -Collection fully initialized: [com.sprint.mission.discodeit.entity.Message.attachmentIds#ae982b84-02b6-4360-a057-018e0cdb2434]
2025-03-28 13:08:09.294 [http-nio-8080-exec-10] DEBUG org.hibernate.sql.results.internal.ResultsHelper -Collection fully initialized: [com.sprint.mission.discodeit.entity.Message.attachmentIds#4f11ffc6-797c-4134-98c7-938b14751e59]
2025-03-28 13:08:09.294 [http-nio-8080-exec-10] DEBUG org.hibernate.sql.results.internal.ResultsHelper -Collection fully initialized: [com.sprint.mission.discodeit.entity.Message.attachmentIds#9690e9a4-21a1-43f7-9fc5-81eb72661e75]
2025-03-28 13:08:09.294 [http-nio-8080-exec-10] DEBUG org.hibernate.sql.results.internal.ResultsHelper -Collection fully initialized: [com.sprint.mission.discodeit.entity.Message.attachmentIds#792809d6-cc48-4036-b04d-bb96a032d920]
2025-03-28 13:08:09.294 [http-nio-8080-exec-10] DEBUG org.hibernate.sql.results.internal.ResultsHelper -Collection fully initialized: [com.sprint.mission.discodeit.entity.Message.attachmentIds#3d582dbb-2682-4b45-a835-72bdd322df4a]
2025-03-28 13:08:09.294 [http-nio-8080-exec-10] DEBUG org.hibernate.sql.results.internal.ResultsHelper -Collection fully initialized: [com.sprint.mission.discodeit.entity.Message.attachmentIds#4fcc1f5a-ee3c-4845-a4d4-778fedb3c874]
2025-03-28 13:08:09.294 [http-nio-8080-exec-10] DEBUG org.hibernate.sql.results.internal.ResultsHelper -Collection fully initialized: [com.sprint.mission.discodeit.entity.Message.attachmentIds#9e691408-f4de-4a95-910a-ca318ffe2fa3]
2025-03-28 13:08:09.294 [http-nio-8080-exec-10] DEBUG org.hibernate.sql.results.internal.ResultsHelper -Collection fully initialized: [com.sprint.mission.discodeit.entity.Message.attachmentIds#3c604c62-34c8-4faa-8f59-f9a016d04404]
2025-03-28 13:08:09.294 [http-nio-8080-exec-10] DEBUG org.hibernate.sql.results.internal.ResultsHelper -Collection fully initialized: [com.sprint.mission.discodeit.entity.Message.attachmentIds#3281936a-61d2-4cc3-9d2e-0792c5283b92]
2025-03-28 13:08:09.294 [http-nio-8080-exec-10] DEBUG org.hibernate.sql.results.internal.ResultsHelper -Collection fully initialized: [com.sprint.mission.discodeit.entity.Message.attachmentIds#7348bdba-39f9-4b02-b8d8-f1c7b4f1a18d]
2025-03-28 13:08:09.294 [http-nio-8080-exec-10] DEBUG org.hibernate.sql.results.internal.ResultsHelper -Collection fully initialized: [com.sprint.mission.discodeit.entity.Message.attachmentIds#f1ca445e-b436-4ee5-9711-031b94edcae3]
2025-03-28 13:08:09.294 [http-nio-8080-exec-10] DEBUG org.hibernate.sql.results.internal.ResultsHelper -Collection fully initialized: [com.sprint.mission.discodeit.entity.Message.attachmentIds#2b8ef2b7-6b77-4b08-81b2-ace3853cae93]
2025-03-28 13:08:09.294 [http-nio-8080-exec-10] DEBUG org.hibernate.sql.results.internal.ResultsHelper -Collection fully initialized: [com.sprint.mission.discodeit.entity.Message.attachmentIds#f6e5500f-5cc6-42c7-a81e-b7e3c84471e6]
2025-03-28 13:08:09.294 [http-nio-8080-exec-10] DEBUG org.hibernate.sql.results.internal.ResultsHelper -Collection fully initialized: [com.sprint.mission.discodeit.entity.Message.attachmentIds#ffc9e792-8c13-4ee6-a175-fa7a29717872]
2025-03-28 13:08:09.294 [http-nio-8080-exec-10] DEBUG org.hibernate.sql.results.internal.ResultsHelper -Collection fully initialized: [com.sprint.mission.discodeit.entity.Message.attachmentIds#21297a79-1a93-4615-aaaf-cc39e82138c3]
2025-03-28 13:08:09.294 [http-nio-8080-exec-10] DEBUG org.hibernate.sql.results.internal.ResultsHelper -Collection fully initialized: [com.sprint.mission.discodeit.entity.Message.attachmentIds#5e2bcdb8-9bc8-4a75-8bd0-0bdc4d698262]
2025-03-28 13:08:09.294 [http-nio-8080-exec-10] DEBUG org.hibernate.sql.results.internal.ResultsHelper -Collection fully initialized: [com.sprint.mission.discodeit.entity.Message.attachmentIds#5fcb3939-f9f7-4ab9-a645-cddee942677e]
2025-03-28 13:08:09.294 [http-nio-8080-exec-10] DEBUG org.hibernate.sql.results.internal.ResultsHelper -Collection fully initialized: [com.sprint.mission.discodeit.entity.Message.attachmentIds#77588fb7-6884-4b01-a31c-faab6fec65da]
2025-03-28 13:08:09.295 [http-nio-8080-exec-10] DEBUG org.hibernate.sql.results.internal.ResultsHelper -Collection fully initialized: [com.sprint.mission.discodeit.entity.Message.attachmentIds#ba0442fe-b908-48a6-8802-4d58d6cc8114]
2025-03-28 13:08:09.295 [http-nio-8080-exec-10] DEBUG org.hibernate.sql.results.internal.ResultsHelper -Collection fully initialized: [com.sprint.mission.discodeit.entity.Message.attachmentIds#7625c0a0-68d6-4cfc-b358-55abde948660]
2025-03-28 13:08:09.295 [http-nio-8080-exec-10] DEBUG org.hibernate.sql.results.internal.ResultsHelper -Collection fully initialized: [com.sprint.mission.discodeit.entity.Message.attachmentIds#8b11039d-420c-4fff-81bb-0940e837a642]
2025-03-28 13:08:09.295 [http-nio-8080-exec-10] DEBUG org.hibernate.sql.results.internal.ResultsHelper -Collection fully initialized: [com.sprint.mission.discodeit.entity.Message.attachmentIds#549e6626-7029-4966-85b3-3799ddabee64]
2025-03-28 13:08:09.295 [http-nio-8080-exec-10] DEBUG org.hibernate.sql.results.internal.ResultsHelper -Collection fully initialized: [com.sprint.mission.discodeit.entity.Message.attachmentIds#79a3fea1-4163-47e0-b6be-448e424c89f2]
2025-03-28 13:08:09.295 [http-nio-8080-exec-10] DEBUG org.hibernate.sql.results.internal.ResultsHelper -Collection fully initialized: [com.sprint.mission.discodeit.entity.Message.attachmentIds#b7ad1110-4577-4726-ac61-0cf0afac3e01]
2025-03-28 13:08:09.295 [http-nio-8080-exec-10] DEBUG org.hibernate.sql.results.internal.ResultsHelper -Collection fully initialized: [com.sprint.mission.discodeit.entity.Message.attachmentIds#71de75d0-b243-47e3-b771-619f2e9f1dd6]
2025-03-28 13:08:09.295 [http-nio-8080-exec-10] DEBUG org.hibernate.sql.results.internal.ResultsHelper -Collection fully initialized: [com.sprint.mission.discodeit.entity.Message.attachmentIds#c600ae86-66c1-420c-8d81-a0182905088f]
2025-03-28 13:08:09.295 [http-nio-8080-exec-10] DEBUG org.hibernate.sql.results.internal.ResultsHelper -Collection fully initialized: [com.sprint.mission.discodeit.entity.Message.attachmentIds#04351c6b-1385-4c9e-9e90-7033295783b7]
2025-03-28 13:08:09.295 [http-nio-8080-exec-10] DEBUG org.hibernate.sql.results.internal.ResultsHelper -Collection fully initialized: [com.sprint.mission.discodeit.entity.Message.attachmentIds#1723b37b-f7b6-4d6a-8ccf-11d00534f13b]
2025-03-28 13:08:09.295 [http-nio-8080-exec-10] DEBUG org.hibernate.sql.results.internal.ResultsHelper -Collection fully initialized: [com.sprint.mission.discodeit.entity.Message.attachmentIds#a3102a04-a27f-4388-96df-b240eaf16369]
2025-03-28 13:08:09.296 [http-nio-8080-exec-10] DEBUG org.hibernate.sql.results.internal.ResultsHelper -Collection fully initialized: [com.sprint.mission.discodeit.entity.Message.attachmentIds#318276f9-7639-44b8-b32e-69d43f9b1999]
2025-03-28 13:08:09.296 [http-nio-8080-exec-10] DEBUG org.hibernate.sql.results.internal.ResultsHelper -Collection fully initialized: [com.sprint.mission.discodeit.entity.Message.attachmentIds#8b1acf3d-704f-4ae8-9e67-3a0173851667]
2025-03-28 13:08:09.296 [http-nio-8080-exec-10] DEBUG org.hibernate.sql.results.internal.ResultsHelper -Collection fully initialized: [com.sprint.mission.discodeit.entity.Message.attachmentIds#31d166fd-f16f-48c1-8c26-ed7fdde184b7]
2025-03-28 13:08:09.296 [http-nio-8080-exec-10] DEBUG org.hibernate.sql.results.internal.ResultsHelper -Collection fully initialized: [com.sprint.mission.discodeit.entity.Message.attachmentIds#505fc0ba-83b4-4418-9ea5-76221fa0c3f2]
2025-03-28 13:08:09.296 [http-nio-8080-exec-10] DEBUG org.hibernate.sql.results.internal.ResultsHelper -Collection fully initialized: [com.sprint.mission.discodeit.entity.Message.attachmentIds#96d000e3-7b8c-4a6b-9332-76c9af041cae]
2025-03-28 13:08:09.296 [http-nio-8080-exec-10] DEBUG org.hibernate.sql.results.internal.ResultsHelper -Collection fully initialized: [com.sprint.mission.discodeit.entity.Message.attachmentIds#ae6a3af9-c242-4788-a38c-495862c821d9]
2025-03-28 13:08:09.296 [http-nio-8080-exec-10] DEBUG org.hibernate.sql.results.internal.ResultsHelper -Collection fully initialized: [com.sprint.mission.discodeit.entity.Message.attachmentIds#07b4c709-b888-405d-9186-151476022c7d]
2025-03-28 13:08:09.296 [http-nio-8080-exec-10] DEBUG org.hibernate.sql.results.internal.ResultsHelper -Collection fully initialized: [com.sprint.mission.discodeit.entity.Message.attachmentIds#ef00cd90-e5b4-4ab4-bea0-6a8b9034f038]
2025-03-28 13:08:09.296 [http-nio-8080-exec-10] DEBUG org.hibernate.sql.results.internal.ResultsHelper -Collection fully initialized: [com.sprint.mission.discodeit.entity.Message.attachmentIds#9d08d6e4-1114-4bab-9450-925fbc792dd4]
2025-03-28 13:08:09.296 [http-nio-8080-exec-10] DEBUG org.hibernate.sql.results.internal.ResultsHelper -Collection fully initialized: [com.sprint.mission.discodeit.entity.Message.attachmentIds#265a1160-4624-4f28-8fb3-d59a8c4d05db]
2025-03-28 13:08:09.296 [http-nio-8080-exec-10] DEBUG org.hibernate.sql.results.internal.ResultsHelper -Collection fully initialized: [com.sprint.mission.discodeit.entity.Message.attachmentIds#235fd912-9476-41be-bbfc-475cb584a2c9]
2025-03-28 13:08:09.296 [http-nio-8080-exec-10] DEBUG org.hibernate.sql.results.internal.ResultsHelper -Collection fully initialized: [com.sprint.mission.discodeit.entity.Message.attachmentIds#07ba0cd4-275d-4c7f-a0cb-b08e3b979568]
2025-03-28 13:08:09.296 [http-nio-8080-exec-10] DEBUG org.hibernate.sql.results.internal.ResultsHelper -Collection fully initialized: [com.sprint.mission.discodeit.entity.Message.attachmentIds#a951df3f-6e94-44af-96c5-3995d195ce37]
2025-03-28 13:08:09.296 [http-nio-8080-exec-10] DEBUG org.hibernate.sql.results.internal.ResultsHelper -Collection fully initialized: [com.sprint.mission.discodeit.entity.Message.attachmentIds#b934b5ed-0874-4606-a8c1-3a083676ab73]
2025-03-28 13:08:09.296 [http-nio-8080-exec-10] DEBUG org.hibernate.sql.results.internal.ResultsHelper -Collection fully initialized: [com.sprint.mission.discodeit.entity.Message.attachmentIds#81ca0183-a2ec-49f1-a543-d33a33095d87]
2025-03-28 13:08:09.296 [http-nio-8080-exec-10] DEBUG org.hibernate.sql.results.internal.ResultsHelper -Collection fully initialized: [com.sprint.mission.discodeit.entity.Message.attachmentIds#e192edf0-21f6-4b14-88f7-3d8889897f9f]
2025-03-28 13:08:09.296 [http-nio-8080-exec-10] DEBUG org.hibernate.sql.results.internal.ResultsHelper -Collection fully initialized: [com.sprint.mission.discodeit.entity.Message.attachmentIds#1394fdfe-5c72-47e9-95f9-762651202a64]
2025-03-28 13:08:09.296 [http-nio-8080-exec-10] DEBUG org.hibernate.sql.results.internal.ResultsHelper -Collection fully initialized: [com.sprint.mission.discodeit.entity.Message.attachmentIds#286e413c-477a-46ff-b009-12be5ff1bf3b]
2025-03-28 13:08:09.296 [http-nio-8080-exec-10] DEBUG org.hibernate.sql.results.internal.ResultsHelper -Collection fully initialized: [com.sprint.mission.discodeit.entity.Message.attachmentIds#f4e83f25-9789-44c3-b5b4-b7e7d5bca84d]
2025-03-28 13:08:09.296 [http-nio-8080-exec-10] DEBUG org.hibernate.sql.results.internal.ResultsHelper -Collection fully initialized: [com.sprint.mission.discodeit.entity.Message.attachmentIds#120455f3-e5da-4218-8d0a-731fabeabf2d]
2025-03-28 13:08:09.297 [http-nio-8080-exec-10] DEBUG org.hibernate.sql.results.internal.ResultsHelper -Collection fully initialized: [com.sprint.mission.discodeit.entity.Message.attachmentIds#8cb2a4c5-fea7-431b-ad0d-503eacb40a68]
2025-03-28 13:08:09.297 [http-nio-8080-exec-10] DEBUG org.hibernate.sql.results.internal.ResultsHelper -Collection fully initialized: [com.sprint.mission.discodeit.entity.Message.attachmentIds#f369ba22-fe64-492f-a4e9-12f7d323d10a]
2025-03-28 13:08:09.297 [http-nio-8080-exec-10] DEBUG org.hibernate.sql.results.internal.ResultsHelper -Collection fully initialized: [com.sprint.mission.discodeit.entity.Message.attachmentIds#b3d41ff4-6638-47f8-ac13-df1369ebe316]
2025-03-28 13:08:09.297 [http-nio-8080-exec-10] DEBUG org.hibernate.sql.results.internal.ResultsHelper -Collection fully initialized: [com.sprint.mission.discodeit.entity.Message.attachmentIds#c8af6e60-8d9e-4c37-a0f8-ea95b17a4138]
2025-03-28 13:08:09.297 [http-nio-8080-exec-10] DEBUG org.hibernate.sql.results.internal.ResultsHelper -Collection fully initialized: [com.sprint.mission.discodeit.entity.Message.attachmentIds#22270357-f631-4b0b-a3e6-beb3606dd3ec]
2025-03-28 13:08:09.297 [http-nio-8080-exec-10] DEBUG org.hibernate.sql.results.internal.ResultsHelper -Collection fully initialized: [com.sprint.mission.discodeit.entity.Message.attachmentIds#1d1bd7bd-3f4d-4bb1-8bfe-15959993e475]
2025-03-28 13:08:09.297 [http-nio-8080-exec-10] DEBUG org.hibernate.sql.results.internal.ResultsHelper -Collection fully initialized: [com.sprint.mission.discodeit.entity.Message.attachmentIds#7fbc5b91-f752-4886-9826-01e15c059eac]
2025-03-28 13:08:09.314 [http-nio-8080-exec-10] DEBUG org.springframework.web.servlet.mvc.method.annotation.HttpEntityMethodProcessor -Using 'application/json', given [application/json, text/plain, */*] and supported [application/json, application/*+json, application/yaml]
2025-03-28 13:08:09.315 [http-nio-8080-exec-10] DEBUG org.springframework.web.servlet.mvc.method.annotation.HttpEntityMethodProcessor -Writing [com.sprint.mission.discodeit.dto.response.PageResponse@34b1cd1a]
2025-03-28 13:08:09.321 [http-nio-8080-exec-9] DEBUG org.springframework.web.servlet.DispatcherServlet -GET "/api/messages?channelId=fb861459-aa71-4721-8ed6-5199956000e9&size=50&sort=createdAt,desc", parameters={masked}
2025-03-28 13:08:09.322 [http-nio-8080-exec-9] DEBUG org.springframework.web.servlet.mvc.method.annotation.RequestMappingHandlerMapping -Mapped to com.sprint.mission.discodeit.controller.MessageController#findAllByChannelId(UUID, Instant, int)
2025-03-28 13:08:09.324 [http-nio-8080-exec-9] WARN  org.hibernate.orm.query              -HHH90003004: firstResult/maxResults specified with collection fetch; applying in memory
2025-03-28 13:08:09.342 [http-nio-8080-exec-9] DEBUG org.hibernate.sql.results.internal.ResultsHelper -Collection fully initialized: [com.sprint.mission.discodeit.entity.Message.attachmentIds#b87e1b9c-5503-4e14-8af8-b44557ceda4e]
2025-03-28 13:08:09.342 [http-nio-8080-exec-9] DEBUG org.hibernate.sql.results.internal.ResultsHelper -Collection fully initialized: [com.sprint.mission.discodeit.entity.Message.attachmentIds#88dddaf8-d306-4448-baf2-920a73e71928]
2025-03-28 13:08:09.342 [http-nio-8080-exec-9] DEBUG org.hibernate.sql.results.internal.ResultsHelper -Collection fully initialized: [com.sprint.mission.discodeit.entity.Message.attachmentIds#ae982b84-02b6-4360-a057-018e0cdb2434]
2025-03-28 13:08:09.342 [http-nio-8080-exec-9] DEBUG org.hibernate.sql.results.internal.ResultsHelper -Collection fully initialized: [com.sprint.mission.discodeit.entity.Message.attachmentIds#4f11ffc6-797c-4134-98c7-938b14751e59]
2025-03-28 13:08:09.342 [http-nio-8080-exec-9] DEBUG org.hibernate.sql.results.internal.ResultsHelper -Collection fully initialized: [com.sprint.mission.discodeit.entity.Message.attachmentIds#9690e9a4-21a1-43f7-9fc5-81eb72661e75]
2025-03-28 13:08:09.342 [http-nio-8080-exec-9] DEBUG org.hibernate.sql.results.internal.ResultsHelper -Collection fully initialized: [com.sprint.mission.discodeit.entity.Message.attachmentIds#792809d6-cc48-4036-b04d-bb96a032d920]
2025-03-28 13:08:09.344 [http-nio-8080-exec-9] DEBUG org.hibernate.sql.results.internal.ResultsHelper -Collection fully initialized: [com.sprint.mission.discodeit.entity.Message.attachmentIds#3d582dbb-2682-4b45-a835-72bdd322df4a]
2025-03-28 13:08:09.344 [http-nio-8080-exec-9] DEBUG org.hibernate.sql.results.internal.ResultsHelper -Collection fully initialized: [com.sprint.mission.discodeit.entity.Message.attachmentIds#4fcc1f5a-ee3c-4845-a4d4-778fedb3c874]
2025-03-28 13:08:09.344 [http-nio-8080-exec-9] DEBUG org.hibernate.sql.results.internal.ResultsHelper -Collection fully initialized: [com.sprint.mission.discodeit.entity.Message.attachmentIds#9e691408-f4de-4a95-910a-ca318ffe2fa3]
2025-03-28 13:08:09.344 [http-nio-8080-exec-9] DEBUG org.hibernate.sql.results.internal.ResultsHelper -Collection fully initialized: [com.sprint.mission.discodeit.entity.Message.attachmentIds#3c604c62-34c8-4faa-8f59-f9a016d04404]
2025-03-28 13:08:09.344 [http-nio-8080-exec-9] DEBUG org.hibernate.sql.results.internal.ResultsHelper -Collection fully initialized: [com.sprint.mission.discodeit.entity.Message.attachmentIds#3281936a-61d2-4cc3-9d2e-0792c5283b92]
2025-03-28 13:08:09.344 [http-nio-8080-exec-9] DEBUG org.hibernate.sql.results.internal.ResultsHelper -Collection fully initialized: [com.sprint.mission.discodeit.entity.Message.attachmentIds#7348bdba-39f9-4b02-b8d8-f1c7b4f1a18d]
2025-03-28 13:08:09.344 [http-nio-8080-exec-9] DEBUG org.hibernate.sql.results.internal.ResultsHelper -Collection fully initialized: [com.sprint.mission.discodeit.entity.Message.attachmentIds#f1ca445e-b436-4ee5-9711-031b94edcae3]
2025-03-28 13:08:09.344 [http-nio-8080-exec-9] DEBUG org.hibernate.sql.results.internal.ResultsHelper -Collection fully initialized: [com.sprint.mission.discodeit.entity.Message.attachmentIds#2b8ef2b7-6b77-4b08-81b2-ace3853cae93]
2025-03-28 13:08:09.344 [http-nio-8080-exec-9] DEBUG org.hibernate.sql.results.internal.ResultsHelper -Collection fully initialized: [com.sprint.mission.discodeit.entity.Message.attachmentIds#f6e5500f-5cc6-42c7-a81e-b7e3c84471e6]
2025-03-28 13:08:09.344 [http-nio-8080-exec-9] DEBUG org.hibernate.sql.results.internal.ResultsHelper -Collection fully initialized: [com.sprint.mission.discodeit.entity.Message.attachmentIds#ffc9e792-8c13-4ee6-a175-fa7a29717872]
2025-03-28 13:08:09.344 [http-nio-8080-exec-9] DEBUG org.hibernate.sql.results.internal.ResultsHelper -Collection fully initialized: [com.sprint.mission.discodeit.entity.Message.attachmentIds#21297a79-1a93-4615-aaaf-cc39e82138c3]
2025-03-28 13:08:09.344 [http-nio-8080-exec-9] DEBUG org.hibernate.sql.results.internal.ResultsHelper -Collection fully initialized: [com.sprint.mission.discodeit.entity.Message.attachmentIds#5e2bcdb8-9bc8-4a75-8bd0-0bdc4d698262]
2025-03-28 13:08:09.345 [http-nio-8080-exec-9] DEBUG org.hibernate.sql.results.internal.ResultsHelper -Collection fully initialized: [com.sprint.mission.discodeit.entity.Message.attachmentIds#5fcb3939-f9f7-4ab9-a645-cddee942677e]
2025-03-28 13:08:09.345 [http-nio-8080-exec-9] DEBUG org.hibernate.sql.results.internal.ResultsHelper -Collection fully initialized: [com.sprint.mission.discodeit.entity.Message.attachmentIds#77588fb7-6884-4b01-a31c-faab6fec65da]
2025-03-28 13:08:09.345 [http-nio-8080-exec-9] DEBUG org.hibernate.sql.results.internal.ResultsHelper -Collection fully initialized: [com.sprint.mission.discodeit.entity.Message.attachmentIds#ba0442fe-b908-48a6-8802-4d58d6cc8114]
2025-03-28 13:08:09.345 [http-nio-8080-exec-9] DEBUG org.hibernate.sql.results.internal.ResultsHelper -Collection fully initialized: [com.sprint.mission.discodeit.entity.Message.attachmentIds#7625c0a0-68d6-4cfc-b358-55abde948660]
2025-03-28 13:08:09.345 [http-nio-8080-exec-9] DEBUG org.hibernate.sql.results.internal.ResultsHelper -Collection fully initialized: [com.sprint.mission.discodeit.entity.Message.attachmentIds#8b11039d-420c-4fff-81bb-0940e837a642]
2025-03-28 13:08:09.345 [http-nio-8080-exec-9] DEBUG org.hibernate.sql.results.internal.ResultsHelper -Collection fully initialized: [com.sprint.mission.discodeit.entity.Message.attachmentIds#549e6626-7029-4966-85b3-3799ddabee64]
2025-03-28 13:08:09.345 [http-nio-8080-exec-9] DEBUG org.hibernate.sql.results.internal.ResultsHelper -Collection fully initialized: [com.sprint.mission.discodeit.entity.Message.attachmentIds#79a3fea1-4163-47e0-b6be-448e424c89f2]
2025-03-28 13:08:09.345 [http-nio-8080-exec-9] DEBUG org.hibernate.sql.results.internal.ResultsHelper -Collection fully initialized: [com.sprint.mission.discodeit.entity.Message.attachmentIds#b7ad1110-4577-4726-ac61-0cf0afac3e01]
2025-03-28 13:08:09.345 [http-nio-8080-exec-9] DEBUG org.hibernate.sql.results.internal.ResultsHelper -Collection fully initialized: [com.sprint.mission.discodeit.entity.Message.attachmentIds#71de75d0-b243-47e3-b771-619f2e9f1dd6]
2025-03-28 13:08:09.345 [http-nio-8080-exec-9] DEBUG org.hibernate.sql.results.internal.ResultsHelper -Collection fully initialized: [com.sprint.mission.discodeit.entity.Message.attachmentIds#c600ae86-66c1-420c-8d81-a0182905088f]
2025-03-28 13:08:09.346 [http-nio-8080-exec-9] DEBUG org.hibernate.sql.results.internal.ResultsHelper -Collection fully initialized: [com.sprint.mission.discodeit.entity.Message.attachmentIds#04351c6b-1385-4c9e-9e90-7033295783b7]
2025-03-28 13:08:09.346 [http-nio-8080-exec-9] DEBUG org.hibernate.sql.results.internal.ResultsHelper -Collection fully initialized: [com.sprint.mission.discodeit.entity.Message.attachmentIds#1723b37b-f7b6-4d6a-8ccf-11d00534f13b]
2025-03-28 13:08:09.346 [http-nio-8080-exec-9] DEBUG org.hibernate.sql.results.internal.ResultsHelper -Collection fully initialized: [com.sprint.mission.discodeit.entity.Message.attachmentIds#a3102a04-a27f-4388-96df-b240eaf16369]
2025-03-28 13:08:09.346 [http-nio-8080-exec-9] DEBUG org.hibernate.sql.results.internal.ResultsHelper -Collection fully initialized: [com.sprint.mission.discodeit.entity.Message.attachmentIds#318276f9-7639-44b8-b32e-69d43f9b1999]
2025-03-28 13:08:09.347 [http-nio-8080-exec-9] DEBUG org.hibernate.sql.results.internal.ResultsHelper -Collection fully initialized: [com.sprint.mission.discodeit.entity.Message.attachmentIds#8b1acf3d-704f-4ae8-9e67-3a0173851667]
2025-03-28 13:08:09.347 [http-nio-8080-exec-9] DEBUG org.hibernate.sql.results.internal.ResultsHelper -Collection fully initialized: [com.sprint.mission.discodeit.entity.Message.attachmentIds#31d166fd-f16f-48c1-8c26-ed7fdde184b7]
2025-03-28 13:08:09.347 [http-nio-8080-exec-9] DEBUG org.hibernate.sql.results.internal.ResultsHelper -Collection fully initialized: [com.sprint.mission.discodeit.entity.Message.attachmentIds#505fc0ba-83b4-4418-9ea5-76221fa0c3f2]
2025-03-28 13:08:09.347 [http-nio-8080-exec-9] DEBUG org.hibernate.sql.results.internal.ResultsHelper -Collection fully initialized: [com.sprint.mission.discodeit.entity.Message.attachmentIds#96d000e3-7b8c-4a6b-9332-76c9af041cae]
2025-03-28 13:08:09.347 [http-nio-8080-exec-9] DEBUG org.hibernate.sql.results.internal.ResultsHelper -Collection fully initialized: [com.sprint.mission.discodeit.entity.Message.attachmentIds#ae6a3af9-c242-4788-a38c-495862c821d9]
2025-03-28 13:08:09.347 [http-nio-8080-exec-9] DEBUG org.hibernate.sql.results.internal.ResultsHelper -Collection fully initialized: [com.sprint.mission.discodeit.entity.Message.attachmentIds#07b4c709-b888-405d-9186-151476022c7d]
2025-03-28 13:08:09.347 [http-nio-8080-exec-9] DEBUG org.hibernate.sql.results.internal.ResultsHelper -Collection fully initialized: [com.sprint.mission.discodeit.entity.Message.attachmentIds#ef00cd90-e5b4-4ab4-bea0-6a8b9034f038]
2025-03-28 13:08:09.347 [http-nio-8080-exec-9] DEBUG org.hibernate.sql.results.internal.ResultsHelper -Collection fully initialized: [com.sprint.mission.discodeit.entity.Message.attachmentIds#9d08d6e4-1114-4bab-9450-925fbc792dd4]
2025-03-28 13:08:09.348 [http-nio-8080-exec-9] DEBUG org.hibernate.sql.results.internal.ResultsHelper -Collection fully initialized: [com.sprint.mission.discodeit.entity.Message.attachmentIds#265a1160-4624-4f28-8fb3-d59a8c4d05db]
2025-03-28 13:08:09.348 [http-nio-8080-exec-9] DEBUG org.hibernate.sql.results.internal.ResultsHelper -Collection fully initialized: [com.sprint.mission.discodeit.entity.Message.attachmentIds#235fd912-9476-41be-bbfc-475cb584a2c9]
2025-03-28 13:08:09.348 [http-nio-8080-exec-9] DEBUG org.hibernate.sql.results.internal.ResultsHelper -Collection fully initialized: [com.sprint.mission.discodeit.entity.Message.attachmentIds#07ba0cd4-275d-4c7f-a0cb-b08e3b979568]
2025-03-28 13:08:09.348 [http-nio-8080-exec-9] DEBUG org.hibernate.sql.results.internal.ResultsHelper -Collection fully initialized: [com.sprint.mission.discodeit.entity.Message.attachmentIds#a951df3f-6e94-44af-96c5-3995d195ce37]
2025-03-28 13:08:09.348 [http-nio-8080-exec-9] DEBUG org.hibernate.sql.results.internal.ResultsHelper -Collection fully initialized: [com.sprint.mission.discodeit.entity.Message.attachmentIds#b934b5ed-0874-4606-a8c1-3a083676ab73]
2025-03-28 13:08:09.348 [http-nio-8080-exec-9] DEBUG org.hibernate.sql.results.internal.ResultsHelper -Collection fully initialized: [com.sprint.mission.discodeit.entity.Message.attachmentIds#81ca0183-a2ec-49f1-a543-d33a33095d87]
2025-03-28 13:08:09.348 [http-nio-8080-exec-9] DEBUG org.hibernate.sql.results.internal.ResultsHelper -Collection fully initialized: [com.sprint.mission.discodeit.entity.Message.attachmentIds#e192edf0-21f6-4b14-88f7-3d8889897f9f]
2025-03-28 13:08:09.348 [http-nio-8080-exec-9] DEBUG org.hibernate.sql.results.internal.ResultsHelper -Collection fully initialized: [com.sprint.mission.discodeit.entity.Message.attachmentIds#1394fdfe-5c72-47e9-95f9-762651202a64]
2025-03-28 13:08:09.348 [http-nio-8080-exec-9] DEBUG org.hibernate.sql.results.internal.ResultsHelper -Collection fully initialized: [com.sprint.mission.discodeit.entity.Message.attachmentIds#286e413c-477a-46ff-b009-12be5ff1bf3b]
2025-03-28 13:08:09.348 [http-nio-8080-exec-9] DEBUG org.hibernate.sql.results.internal.ResultsHelper -Collection fully initialized: [com.sprint.mission.discodeit.entity.Message.attachmentIds#f4e83f25-9789-44c3-b5b4-b7e7d5bca84d]
2025-03-28 13:08:09.349 [http-nio-8080-exec-9] DEBUG org.hibernate.sql.results.internal.ResultsHelper -Collection fully initialized: [com.sprint.mission.discodeit.entity.Message.attachmentIds#120455f3-e5da-4218-8d0a-731fabeabf2d]
2025-03-28 13:08:09.349 [http-nio-8080-exec-9] DEBUG org.hibernate.sql.results.internal.ResultsHelper -Collection fully initialized: [com.sprint.mission.discodeit.entity.Message.attachmentIds#8cb2a4c5-fea7-431b-ad0d-503eacb40a68]
2025-03-28 13:08:09.349 [http-nio-8080-exec-9] DEBUG org.hibernate.sql.results.internal.ResultsHelper -Collection fully initialized: [com.sprint.mission.discodeit.entity.Message.attachmentIds#f369ba22-fe64-492f-a4e9-12f7d323d10a]
2025-03-28 13:08:09.349 [http-nio-8080-exec-9] DEBUG org.hibernate.sql.results.internal.ResultsHelper -Collection fully initialized: [com.sprint.mission.discodeit.entity.Message.attachmentIds#b3d41ff4-6638-47f8-ac13-df1369ebe316]
2025-03-28 13:08:09.350 [http-nio-8080-exec-9] DEBUG org.hibernate.sql.results.internal.ResultsHelper -Collection fully initialized: [com.sprint.mission.discodeit.entity.Message.attachmentIds#c8af6e60-8d9e-4c37-a0f8-ea95b17a4138]
2025-03-28 13:08:09.350 [http-nio-8080-exec-9] DEBUG org.hibernate.sql.results.internal.ResultsHelper -Collection fully initialized: [com.sprint.mission.discodeit.entity.Message.attachmentIds#22270357-f631-4b0b-a3e6-beb3606dd3ec]
2025-03-28 13:08:09.351 [http-nio-8080-exec-9] DEBUG org.hibernate.sql.results.internal.ResultsHelper -Collection fully initialized: [com.sprint.mission.discodeit.entity.Message.attachmentIds#1d1bd7bd-3f4d-4bb1-8bfe-15959993e475]
2025-03-28 13:08:09.351 [http-nio-8080-exec-9] DEBUG org.hibernate.sql.results.internal.ResultsHelper -Collection fully initialized: [com.sprint.mission.discodeit.entity.Message.attachmentIds#7fbc5b91-f752-4886-9826-01e15c059eac]
2025-03-28 13:08:09.397 [http-nio-8080-exec-10] DEBUG org.springframework.web.servlet.DispatcherServlet -Completed 200 OK
2025-03-28 13:08:09.401 [http-nio-8080-exec-9] DEBUG org.springframework.web.servlet.mvc.method.annotation.HttpEntityMethodProcessor -Using 'application/json', given [application/json, text/plain, */*] and supported [application/json, application/*+json, application/yaml]
2025-03-28 13:08:09.402 [http-nio-8080-exec-9] DEBUG org.springframework.web.servlet.mvc.method.annotation.HttpEntityMethodProcessor -Writing [com.sprint.mission.discodeit.dto.response.PageResponse@69de9b81]
2025-03-28 13:08:09.479 [http-nio-8080-exec-9] DEBUG org.springframework.web.servlet.DispatcherServlet -Completed 200 OK
2025-03-28 13:08:09.968 [http-nio-8080-exec-1] DEBUG org.springframework.web.servlet.DispatcherServlet -GET "/api/channels?userId=abfbc5ad-b5bc-48c6-b48e-7b25ef412fe0", parameters={masked}
2025-03-28 13:08:09.969 [http-nio-8080-exec-1] DEBUG org.springframework.web.servlet.mvc.method.annotation.RequestMappingHandlerMapping -Mapped to com.sprint.mission.discodeit.controller.ChannelController#findAll(UUID)
2025-03-28 13:08:09.988 [http-nio-8080-exec-1] DEBUG org.hibernate.sql.results.internal.ResultsHelper -Collection fully initialized: [com.sprint.mission.discodeit.entity.Channel.messages#fb861459-aa71-4721-8ed6-5199956000e9]
2025-03-28 13:08:09.988 [http-nio-8080-exec-1] DEBUG org.hibernate.sql.results.internal.ResultsHelper -Collection fully initialized: [com.sprint.mission.discodeit.entity.Channel.readStatuses#c12a5958-cf69-47c0-bc6a-b4b3aca99b3b]
2025-03-28 13:08:09.988 [http-nio-8080-exec-1] DEBUG org.hibernate.sql.results.internal.ResultsHelper -Collection fully initialized: [com.sprint.mission.discodeit.entity.Channel.readStatuses#1be3ea47-28c9-4fbe-9672-6cb2cd2ceb5d]
2025-03-28 13:08:09.989 [http-nio-8080-exec-1] DEBUG org.hibernate.sql.results.internal.ResultsHelper -Collection fully initialized: [com.sprint.mission.discodeit.entity.Channel.messages#c12a5958-cf69-47c0-bc6a-b4b3aca99b3b]
2025-03-28 13:08:09.989 [http-nio-8080-exec-1] DEBUG org.hibernate.sql.results.internal.ResultsHelper -Collection fully initialized: [com.sprint.mission.discodeit.entity.Channel.readStatuses#fb861459-aa71-4721-8ed6-5199956000e9]
2025-03-28 13:08:09.989 [http-nio-8080-exec-1] DEBUG org.hibernate.sql.results.internal.ResultsHelper -Collection fully initialized: [com.sprint.mission.discodeit.entity.Channel.messages#1be3ea47-28c9-4fbe-9672-6cb2cd2ceb5d]
2025-03-28 13:08:09.991 [http-nio-8080-exec-1] INFO  com.sprint.mission.discodeit.service.basic.BasicChannelService -Find all channels by userId: userId=abfbc5ad-b5bc-48c6-b48e-7b25ef412fe0,조회된 채널 수=3
2025-03-28 13:08:09.992 [http-nio-8080-exec-1] DEBUG org.springframework.web.servlet.mvc.method.annotation.HttpEntityMethodProcessor -Using 'application/json', given [application/json, text/plain, */*] and supported [application/json, application/*+json, application/yaml]
2025-03-28 13:08:09.992 [http-nio-8080-exec-1] DEBUG org.springframework.web.servlet.mvc.method.annotation.HttpEntityMethodProcessor -Writing [[com.sprint.mission.discodeit.dto.channel.ChannelDto@574bc4a6, com.sprint.mission.discodeit.dto.chan (truncated)...]
2025-03-28 13:08:09.994 [http-nio-8080-exec-3] DEBUG org.springframework.web.servlet.DispatcherServlet -GET "/api/messages?channelId=fb861459-aa71-4721-8ed6-5199956000e9&size=50&sort=createdAt,desc", parameters={masked}
2025-03-28 13:08:09.995 [http-nio-8080-exec-3] DEBUG org.springframework.web.servlet.mvc.method.annotation.RequestMappingHandlerMapping -Mapped to com.sprint.mission.discodeit.controller.MessageController#findAllByChannelId(UUID, Instant, int)
2025-03-28 13:08:09.995 [http-nio-8080-exec-1] DEBUG org.springframework.web.servlet.DispatcherServlet -Completed 200 OK
2025-03-28 13:08:09.997 [http-nio-8080-exec-3] WARN  org.hibernate.orm.query              -HHH90003004: firstResult/maxResults specified with collection fetch; applying in memory
2025-03-28 13:08:10.019 [http-nio-8080-exec-2] DEBUG org.springframework.web.servlet.DispatcherServlet -GET "/api/readStatuses?userId=abfbc5ad-b5bc-48c6-b48e-7b25ef412fe0", parameters={masked}
2025-03-28 13:08:10.019 [http-nio-8080-exec-3] DEBUG org.hibernate.sql.results.internal.ResultsHelper -Collection fully initialized: [com.sprint.mission.discodeit.entity.Message.attachmentIds#b87e1b9c-5503-4e14-8af8-b44557ceda4e]
2025-03-28 13:08:10.019 [http-nio-8080-exec-3] DEBUG org.hibernate.sql.results.internal.ResultsHelper -Collection fully initialized: [com.sprint.mission.discodeit.entity.Message.attachmentIds#88dddaf8-d306-4448-baf2-920a73e71928]
2025-03-28 13:08:10.019 [http-nio-8080-exec-3] DEBUG org.hibernate.sql.results.internal.ResultsHelper -Collection fully initialized: [com.sprint.mission.discodeit.entity.Message.attachmentIds#ae982b84-02b6-4360-a057-018e0cdb2434]
2025-03-28 13:08:10.019 [http-nio-8080-exec-3] DEBUG org.hibernate.sql.results.internal.ResultsHelper -Collection fully initialized: [com.sprint.mission.discodeit.entity.Message.attachmentIds#4f11ffc6-797c-4134-98c7-938b14751e59]
2025-03-28 13:08:10.019 [http-nio-8080-exec-3] DEBUG org.hibernate.sql.results.internal.ResultsHelper -Collection fully initialized: [com.sprint.mission.discodeit.entity.Message.attachmentIds#9690e9a4-21a1-43f7-9fc5-81eb72661e75]
2025-03-28 13:08:10.019 [http-nio-8080-exec-2] DEBUG org.springframework.web.servlet.mvc.method.annotation.RequestMappingHandlerMapping -Mapped to com.sprint.mission.discodeit.controller.ReadStatusController#findAllByUserId(UUID)
2025-03-28 13:08:10.019 [http-nio-8080-exec-3] DEBUG org.hibernate.sql.results.internal.ResultsHelper -Collection fully initialized: [com.sprint.mission.discodeit.entity.Message.attachmentIds#792809d6-cc48-4036-b04d-bb96a032d920]
2025-03-28 13:08:10.020 [http-nio-8080-exec-3] DEBUG org.hibernate.sql.results.internal.ResultsHelper -Collection fully initialized: [com.sprint.mission.discodeit.entity.Message.attachmentIds#3d582dbb-2682-4b45-a835-72bdd322df4a]
2025-03-28 13:08:10.020 [http-nio-8080-exec-3] DEBUG org.hibernate.sql.results.internal.ResultsHelper -Collection fully initialized: [com.sprint.mission.discodeit.entity.Message.attachmentIds#4fcc1f5a-ee3c-4845-a4d4-778fedb3c874]
2025-03-28 13:08:10.020 [http-nio-8080-exec-3] DEBUG org.hibernate.sql.results.internal.ResultsHelper -Collection fully initialized: [com.sprint.mission.discodeit.entity.Message.attachmentIds#9e691408-f4de-4a95-910a-ca318ffe2fa3]
2025-03-28 13:08:10.020 [http-nio-8080-exec-3] DEBUG org.hibernate.sql.results.internal.ResultsHelper -Collection fully initialized: [com.sprint.mission.discodeit.entity.Message.attachmentIds#3c604c62-34c8-4faa-8f59-f9a016d04404]
2025-03-28 13:08:10.020 [http-nio-8080-exec-3] DEBUG org.hibernate.sql.results.internal.ResultsHelper -Collection fully initialized: [com.sprint.mission.discodeit.entity.Message.attachmentIds#3281936a-61d2-4cc3-9d2e-0792c5283b92]
2025-03-28 13:08:10.020 [http-nio-8080-exec-3] DEBUG org.hibernate.sql.results.internal.ResultsHelper -Collection fully initialized: [com.sprint.mission.discodeit.entity.Message.attachmentIds#7348bdba-39f9-4b02-b8d8-f1c7b4f1a18d]
2025-03-28 13:08:10.020 [http-nio-8080-exec-3] DEBUG org.hibernate.sql.results.internal.ResultsHelper -Collection fully initialized: [com.sprint.mission.discodeit.entity.Message.attachmentIds#f1ca445e-b436-4ee5-9711-031b94edcae3]
2025-03-28 13:08:10.020 [http-nio-8080-exec-3] DEBUG org.hibernate.sql.results.internal.ResultsHelper -Collection fully initialized: [com.sprint.mission.discodeit.entity.Message.attachmentIds#2b8ef2b7-6b77-4b08-81b2-ace3853cae93]
2025-03-28 13:08:10.020 [http-nio-8080-exec-3] DEBUG org.hibernate.sql.results.internal.ResultsHelper -Collection fully initialized: [com.sprint.mission.discodeit.entity.Message.attachmentIds#f6e5500f-5cc6-42c7-a81e-b7e3c84471e6]
2025-03-28 13:08:10.020 [http-nio-8080-exec-3] DEBUG org.hibernate.sql.results.internal.ResultsHelper -Collection fully initialized: [com.sprint.mission.discodeit.entity.Message.attachmentIds#ffc9e792-8c13-4ee6-a175-fa7a29717872]
2025-03-28 13:08:10.020 [http-nio-8080-exec-3] DEBUG org.hibernate.sql.results.internal.ResultsHelper -Collection fully initialized: [com.sprint.mission.discodeit.entity.Message.attachmentIds#21297a79-1a93-4615-aaaf-cc39e82138c3]
2025-03-28 13:08:10.020 [http-nio-8080-exec-3] DEBUG org.hibernate.sql.results.internal.ResultsHelper -Collection fully initialized: [com.sprint.mission.discodeit.entity.Message.attachmentIds#5e2bcdb8-9bc8-4a75-8bd0-0bdc4d698262]
2025-03-28 13:08:10.020 [http-nio-8080-exec-3] DEBUG org.hibernate.sql.results.internal.ResultsHelper -Collection fully initialized: [com.sprint.mission.discodeit.entity.Message.attachmentIds#5fcb3939-f9f7-4ab9-a645-cddee942677e]
2025-03-28 13:08:10.020 [http-nio-8080-exec-3] DEBUG org.hibernate.sql.results.internal.ResultsHelper -Collection fully initialized: [com.sprint.mission.discodeit.entity.Message.attachmentIds#77588fb7-6884-4b01-a31c-faab6fec65da]
2025-03-28 13:08:10.021 [http-nio-8080-exec-3] DEBUG org.hibernate.sql.results.internal.ResultsHelper -Collection fully initialized: [com.sprint.mission.discodeit.entity.Message.attachmentIds#ba0442fe-b908-48a6-8802-4d58d6cc8114]
2025-03-28 13:08:10.021 [http-nio-8080-exec-3] DEBUG org.hibernate.sql.results.internal.ResultsHelper -Collection fully initialized: [com.sprint.mission.discodeit.entity.Message.attachmentIds#7625c0a0-68d6-4cfc-b358-55abde948660]
2025-03-28 13:08:10.021 [http-nio-8080-exec-3] DEBUG org.hibernate.sql.results.internal.ResultsHelper -Collection fully initialized: [com.sprint.mission.discodeit.entity.Message.attachmentIds#8b11039d-420c-4fff-81bb-0940e837a642]
2025-03-28 13:08:10.021 [http-nio-8080-exec-3] DEBUG org.hibernate.sql.results.internal.ResultsHelper -Collection fully initialized: [com.sprint.mission.discodeit.entity.Message.attachmentIds#549e6626-7029-4966-85b3-3799ddabee64]
2025-03-28 13:08:10.021 [http-nio-8080-exec-3] DEBUG org.hibernate.sql.results.internal.ResultsHelper -Collection fully initialized: [com.sprint.mission.discodeit.entity.Message.attachmentIds#79a3fea1-4163-47e0-b6be-448e424c89f2]
2025-03-28 13:08:10.021 [http-nio-8080-exec-3] DEBUG org.hibernate.sql.results.internal.ResultsHelper -Collection fully initialized: [com.sprint.mission.discodeit.entity.Message.attachmentIds#b7ad1110-4577-4726-ac61-0cf0afac3e01]
2025-03-28 13:08:10.021 [http-nio-8080-exec-3] DEBUG org.hibernate.sql.results.internal.ResultsHelper -Collection fully initialized: [com.sprint.mission.discodeit.entity.Message.attachmentIds#71de75d0-b243-47e3-b771-619f2e9f1dd6]
2025-03-28 13:08:10.021 [http-nio-8080-exec-3] DEBUG org.hibernate.sql.results.internal.ResultsHelper -Collection fully initialized: [com.sprint.mission.discodeit.entity.Message.attachmentIds#c600ae86-66c1-420c-8d81-a0182905088f]
2025-03-28 13:08:10.021 [http-nio-8080-exec-3] DEBUG org.hibernate.sql.results.internal.ResultsHelper -Collection fully initialized: [com.sprint.mission.discodeit.entity.Message.attachmentIds#04351c6b-1385-4c9e-9e90-7033295783b7]
2025-03-28 13:08:10.021 [http-nio-8080-exec-3] DEBUG org.hibernate.sql.results.internal.ResultsHelper -Collection fully initialized: [com.sprint.mission.discodeit.entity.Message.attachmentIds#1723b37b-f7b6-4d6a-8ccf-11d00534f13b]
2025-03-28 13:08:10.021 [http-nio-8080-exec-3] DEBUG org.hibernate.sql.results.internal.ResultsHelper -Collection fully initialized: [com.sprint.mission.discodeit.entity.Message.attachmentIds#a3102a04-a27f-4388-96df-b240eaf16369]
2025-03-28 13:08:10.021 [http-nio-8080-exec-3] DEBUG org.hibernate.sql.results.internal.ResultsHelper -Collection fully initialized: [com.sprint.mission.discodeit.entity.Message.attachmentIds#318276f9-7639-44b8-b32e-69d43f9b1999]
2025-03-28 13:08:10.021 [http-nio-8080-exec-3] DEBUG org.hibernate.sql.results.internal.ResultsHelper -Collection fully initialized: [com.sprint.mission.discodeit.entity.Message.attachmentIds#8b1acf3d-704f-4ae8-9e67-3a0173851667]
2025-03-28 13:08:10.022 [http-nio-8080-exec-3] DEBUG org.hibernate.sql.results.internal.ResultsHelper -Collection fully initialized: [com.sprint.mission.discodeit.entity.Message.attachmentIds#31d166fd-f16f-48c1-8c26-ed7fdde184b7]
2025-03-28 13:08:10.022 [http-nio-8080-exec-3] DEBUG org.hibernate.sql.results.internal.ResultsHelper -Collection fully initialized: [com.sprint.mission.discodeit.entity.Message.attachmentIds#505fc0ba-83b4-4418-9ea5-76221fa0c3f2]
2025-03-28 13:08:10.022 [http-nio-8080-exec-3] DEBUG org.hibernate.sql.results.internal.ResultsHelper -Collection fully initialized: [com.sprint.mission.discodeit.entity.Message.attachmentIds#96d000e3-7b8c-4a6b-9332-76c9af041cae]
2025-03-28 13:08:10.022 [http-nio-8080-exec-3] DEBUG org.hibernate.sql.results.internal.ResultsHelper -Collection fully initialized: [com.sprint.mission.discodeit.entity.Message.attachmentIds#ae6a3af9-c242-4788-a38c-495862c821d9]
2025-03-28 13:08:10.022 [http-nio-8080-exec-3] DEBUG org.hibernate.sql.results.internal.ResultsHelper -Collection fully initialized: [com.sprint.mission.discodeit.entity.Message.attachmentIds#07b4c709-b888-405d-9186-151476022c7d]
2025-03-28 13:08:10.022 [http-nio-8080-exec-3] DEBUG org.hibernate.sql.results.internal.ResultsHelper -Collection fully initialized: [com.sprint.mission.discodeit.entity.Message.attachmentIds#ef00cd90-e5b4-4ab4-bea0-6a8b9034f038]
2025-03-28 13:08:10.022 [http-nio-8080-exec-3] DEBUG org.hibernate.sql.results.internal.ResultsHelper -Collection fully initialized: [com.sprint.mission.discodeit.entity.Message.attachmentIds#9d08d6e4-1114-4bab-9450-925fbc792dd4]
2025-03-28 13:08:10.022 [http-nio-8080-exec-3] DEBUG org.hibernate.sql.results.internal.ResultsHelper -Collection fully initialized: [com.sprint.mission.discodeit.entity.Message.attachmentIds#265a1160-4624-4f28-8fb3-d59a8c4d05db]
2025-03-28 13:08:10.022 [http-nio-8080-exec-3] DEBUG org.hibernate.sql.results.internal.ResultsHelper -Collection fully initialized: [com.sprint.mission.discodeit.entity.Message.attachmentIds#235fd912-9476-41be-bbfc-475cb584a2c9]
2025-03-28 13:08:10.022 [http-nio-8080-exec-3] DEBUG org.hibernate.sql.results.internal.ResultsHelper -Collection fully initialized: [com.sprint.mission.discodeit.entity.Message.attachmentIds#07ba0cd4-275d-4c7f-a0cb-b08e3b979568]
2025-03-28 13:08:10.022 [http-nio-8080-exec-3] DEBUG org.hibernate.sql.results.internal.ResultsHelper -Collection fully initialized: [com.sprint.mission.discodeit.entity.Message.attachmentIds#a951df3f-6e94-44af-96c5-3995d195ce37]
2025-03-28 13:08:10.022 [http-nio-8080-exec-3] DEBUG org.hibernate.sql.results.internal.ResultsHelper -Collection fully initialized: [com.sprint.mission.discodeit.entity.Message.attachmentIds#b934b5ed-0874-4606-a8c1-3a083676ab73]
2025-03-28 13:08:10.022 [http-nio-8080-exec-3] DEBUG org.hibernate.sql.results.internal.ResultsHelper -Collection fully initialized: [com.sprint.mission.discodeit.entity.Message.attachmentIds#81ca0183-a2ec-49f1-a543-d33a33095d87]
2025-03-28 13:08:10.022 [http-nio-8080-exec-3] DEBUG org.hibernate.sql.results.internal.ResultsHelper -Collection fully initialized: [com.sprint.mission.discodeit.entity.Message.attachmentIds#e192edf0-21f6-4b14-88f7-3d8889897f9f]
2025-03-28 13:08:10.022 [http-nio-8080-exec-3] DEBUG org.hibernate.sql.results.internal.ResultsHelper -Collection fully initialized: [com.sprint.mission.discodeit.entity.Message.attachmentIds#1394fdfe-5c72-47e9-95f9-762651202a64]
2025-03-28 13:08:10.022 [http-nio-8080-exec-3] DEBUG org.hibernate.sql.results.internal.ResultsHelper -Collection fully initialized: [com.sprint.mission.discodeit.entity.Message.attachmentIds#286e413c-477a-46ff-b009-12be5ff1bf3b]
2025-03-28 13:08:10.022 [http-nio-8080-exec-3] DEBUG org.hibernate.sql.results.internal.ResultsHelper -Collection fully initialized: [com.sprint.mission.discodeit.entity.Message.attachmentIds#f4e83f25-9789-44c3-b5b4-b7e7d5bca84d]
2025-03-28 13:08:10.022 [http-nio-8080-exec-3] DEBUG org.hibernate.sql.results.internal.ResultsHelper -Collection fully initialized: [com.sprint.mission.discodeit.entity.Message.attachmentIds#120455f3-e5da-4218-8d0a-731fabeabf2d]
2025-03-28 13:08:10.024 [http-nio-8080-exec-3] DEBUG org.hibernate.sql.results.internal.ResultsHelper -Collection fully initialized: [com.sprint.mission.discodeit.entity.Message.attachmentIds#8cb2a4c5-fea7-431b-ad0d-503eacb40a68]
2025-03-28 13:08:10.024 [http-nio-8080-exec-3] DEBUG org.hibernate.sql.results.internal.ResultsHelper -Collection fully initialized: [com.sprint.mission.discodeit.entity.Message.attachmentIds#f369ba22-fe64-492f-a4e9-12f7d323d10a]
2025-03-28 13:08:10.024 [http-nio-8080-exec-3] DEBUG org.hibernate.sql.results.internal.ResultsHelper -Collection fully initialized: [com.sprint.mission.discodeit.entity.Message.attachmentIds#b3d41ff4-6638-47f8-ac13-df1369ebe316]
2025-03-28 13:08:10.024 [http-nio-8080-exec-3] DEBUG org.hibernate.sql.results.internal.ResultsHelper -Collection fully initialized: [com.sprint.mission.discodeit.entity.Message.attachmentIds#c8af6e60-8d9e-4c37-a0f8-ea95b17a4138]
2025-03-28 13:08:10.024 [http-nio-8080-exec-3] DEBUG org.hibernate.sql.results.internal.ResultsHelper -Collection fully initialized: [com.sprint.mission.discodeit.entity.Message.attachmentIds#22270357-f631-4b0b-a3e6-beb3606dd3ec]
2025-03-28 13:08:10.024 [http-nio-8080-exec-3] DEBUG org.hibernate.sql.results.internal.ResultsHelper -Collection fully initialized: [com.sprint.mission.discodeit.entity.Message.attachmentIds#1d1bd7bd-3f4d-4bb1-8bfe-15959993e475]
2025-03-28 13:08:10.024 [http-nio-8080-exec-3] DEBUG org.hibernate.sql.results.internal.ResultsHelper -Collection fully initialized: [com.sprint.mission.discodeit.entity.Message.attachmentIds#7fbc5b91-f752-4886-9826-01e15c059eac]
2025-03-28 13:08:10.028 [http-nio-8080-exec-2] DEBUG org.springframework.web.servlet.mvc.method.annotation.HttpEntityMethodProcessor -Using 'application/json', given [application/json, text/plain, */*] and supported [application/json, application/*+json, application/yaml]
2025-03-28 13:08:10.028 [http-nio-8080-exec-2] DEBUG org.springframework.web.servlet.mvc.method.annotation.HttpEntityMethodProcessor -Writing [[com.sprint.mission.discodeit.dto.readstatus.ReadStatusDto@3b3f7150, com.sprint.mission.discodeit.dt (truncated)...]
2025-03-28 13:08:10.030 [http-nio-8080-exec-2] DEBUG org.springframework.web.servlet.DispatcherServlet -Completed 201 CREATED
2025-03-28 13:08:10.052 [http-nio-8080-exec-3] DEBUG org.springframework.web.servlet.mvc.method.annotation.HttpEntityMethodProcessor -Using 'application/json', given [application/json, text/plain, */*] and supported [application/json, application/*+json, application/yaml]
2025-03-28 13:08:10.054 [http-nio-8080-exec-3] DEBUG org.springframework.web.servlet.mvc.method.annotation.HttpEntityMethodProcessor -Writing [com.sprint.mission.discodeit.dto.response.PageResponse@43c484df]
2025-03-28 13:08:10.112 [http-nio-8080-exec-3] DEBUG org.springframework.web.servlet.DispatcherServlet -Completed 200 OK
2025-03-28 13:08:10.804 [http-nio-8080-exec-8] DEBUG org.springframework.web.servlet.DispatcherServlet -GET "/api/messages?channelId=fb861459-aa71-4721-8ed6-5199956000e9&size=50&sort=createdAt,desc", parameters={masked}
2025-03-28 13:08:10.804 [http-nio-8080-exec-8] DEBUG org.springframework.web.servlet.mvc.method.annotation.RequestMappingHandlerMapping -Mapped to com.sprint.mission.discodeit.controller.MessageController#findAllByChannelId(UUID, Instant, int)
2025-03-28 13:08:10.806 [http-nio-8080-exec-8] WARN  org.hibernate.orm.query              -HHH90003004: firstResult/maxResults specified with collection fetch; applying in memory
2025-03-28 13:08:10.820 [http-nio-8080-exec-8] DEBUG org.hibernate.sql.results.internal.ResultsHelper -Collection fully initialized: [com.sprint.mission.discodeit.entity.Message.attachmentIds#b87e1b9c-5503-4e14-8af8-b44557ceda4e]
2025-03-28 13:08:10.820 [http-nio-8080-exec-8] DEBUG org.hibernate.sql.results.internal.ResultsHelper -Collection fully initialized: [com.sprint.mission.discodeit.entity.Message.attachmentIds#88dddaf8-d306-4448-baf2-920a73e71928]
2025-03-28 13:08:10.820 [http-nio-8080-exec-8] DEBUG org.hibernate.sql.results.internal.ResultsHelper -Collection fully initialized: [com.sprint.mission.discodeit.entity.Message.attachmentIds#ae982b84-02b6-4360-a057-018e0cdb2434]
2025-03-28 13:08:10.820 [http-nio-8080-exec-8] DEBUG org.hibernate.sql.results.internal.ResultsHelper -Collection fully initialized: [com.sprint.mission.discodeit.entity.Message.attachmentIds#4f11ffc6-797c-4134-98c7-938b14751e59]
2025-03-28 13:08:10.820 [http-nio-8080-exec-8] DEBUG org.hibernate.sql.results.internal.ResultsHelper -Collection fully initialized: [com.sprint.mission.discodeit.entity.Message.attachmentIds#9690e9a4-21a1-43f7-9fc5-81eb72661e75]
2025-03-28 13:08:10.820 [http-nio-8080-exec-8] DEBUG org.hibernate.sql.results.internal.ResultsHelper -Collection fully initialized: [com.sprint.mission.discodeit.entity.Message.attachmentIds#792809d6-cc48-4036-b04d-bb96a032d920]
2025-03-28 13:08:10.820 [http-nio-8080-exec-8] DEBUG org.hibernate.sql.results.internal.ResultsHelper -Collection fully initialized: [com.sprint.mission.discodeit.entity.Message.attachmentIds#3d582dbb-2682-4b45-a835-72bdd322df4a]
2025-03-28 13:08:10.820 [http-nio-8080-exec-8] DEBUG org.hibernate.sql.results.internal.ResultsHelper -Collection fully initialized: [com.sprint.mission.discodeit.entity.Message.attachmentIds#4fcc1f5a-ee3c-4845-a4d4-778fedb3c874]
2025-03-28 13:08:10.820 [http-nio-8080-exec-8] DEBUG org.hibernate.sql.results.internal.ResultsHelper -Collection fully initialized: [com.sprint.mission.discodeit.entity.Message.attachmentIds#9e691408-f4de-4a95-910a-ca318ffe2fa3]
2025-03-28 13:08:10.820 [http-nio-8080-exec-8] DEBUG org.hibernate.sql.results.internal.ResultsHelper -Collection fully initialized: [com.sprint.mission.discodeit.entity.Message.attachmentIds#3c604c62-34c8-4faa-8f59-f9a016d04404]
2025-03-28 13:08:10.820 [http-nio-8080-exec-8] DEBUG org.hibernate.sql.results.internal.ResultsHelper -Collection fully initialized: [com.sprint.mission.discodeit.entity.Message.attachmentIds#3281936a-61d2-4cc3-9d2e-0792c5283b92]
2025-03-28 13:08:10.820 [http-nio-8080-exec-8] DEBUG org.hibernate.sql.results.internal.ResultsHelper -Collection fully initialized: [com.sprint.mission.discodeit.entity.Message.attachmentIds#7348bdba-39f9-4b02-b8d8-f1c7b4f1a18d]
2025-03-28 13:08:10.820 [http-nio-8080-exec-8] DEBUG org.hibernate.sql.results.internal.ResultsHelper -Collection fully initialized: [com.sprint.mission.discodeit.entity.Message.attachmentIds#f1ca445e-b436-4ee5-9711-031b94edcae3]
2025-03-28 13:08:10.820 [http-nio-8080-exec-8] DEBUG org.hibernate.sql.results.internal.ResultsHelper -Collection fully initialized: [com.sprint.mission.discodeit.entity.Message.attachmentIds#2b8ef2b7-6b77-4b08-81b2-ace3853cae93]
2025-03-28 13:08:10.820 [http-nio-8080-exec-8] DEBUG org.hibernate.sql.results.internal.ResultsHelper -Collection fully initialized: [com.sprint.mission.discodeit.entity.Message.attachmentIds#f6e5500f-5cc6-42c7-a81e-b7e3c84471e6]
2025-03-28 13:08:10.820 [http-nio-8080-exec-8] DEBUG org.hibernate.sql.results.internal.ResultsHelper -Collection fully initialized: [com.sprint.mission.discodeit.entity.Message.attachmentIds#ffc9e792-8c13-4ee6-a175-fa7a29717872]
2025-03-28 13:08:10.821 [http-nio-8080-exec-8] DEBUG org.hibernate.sql.results.internal.ResultsHelper -Collection fully initialized: [com.sprint.mission.discodeit.entity.Message.attachmentIds#21297a79-1a93-4615-aaaf-cc39e82138c3]
2025-03-28 13:08:10.821 [http-nio-8080-exec-8] DEBUG org.hibernate.sql.results.internal.ResultsHelper -Collection fully initialized: [com.sprint.mission.discodeit.entity.Message.attachmentIds#5e2bcdb8-9bc8-4a75-8bd0-0bdc4d698262]
2025-03-28 13:08:10.821 [http-nio-8080-exec-8] DEBUG org.hibernate.sql.results.internal.ResultsHelper -Collection fully initialized: [com.sprint.mission.discodeit.entity.Message.attachmentIds#5fcb3939-f9f7-4ab9-a645-cddee942677e]
2025-03-28 13:08:10.821 [http-nio-8080-exec-8] DEBUG org.hibernate.sql.results.internal.ResultsHelper -Collection fully initialized: [com.sprint.mission.discodeit.entity.Message.attachmentIds#77588fb7-6884-4b01-a31c-faab6fec65da]
2025-03-28 13:08:10.821 [http-nio-8080-exec-8] DEBUG org.hibernate.sql.results.internal.ResultsHelper -Collection fully initialized: [com.sprint.mission.discodeit.entity.Message.attachmentIds#ba0442fe-b908-48a6-8802-4d58d6cc8114]
2025-03-28 13:08:10.821 [http-nio-8080-exec-8] DEBUG org.hibernate.sql.results.internal.ResultsHelper -Collection fully initialized: [com.sprint.mission.discodeit.entity.Message.attachmentIds#7625c0a0-68d6-4cfc-b358-55abde948660]
2025-03-28 13:08:10.821 [http-nio-8080-exec-8] DEBUG org.hibernate.sql.results.internal.ResultsHelper -Collection fully initialized: [com.sprint.mission.discodeit.entity.Message.attachmentIds#8b11039d-420c-4fff-81bb-0940e837a642]
2025-03-28 13:08:10.821 [http-nio-8080-exec-8] DEBUG org.hibernate.sql.results.internal.ResultsHelper -Collection fully initialized: [com.sprint.mission.discodeit.entity.Message.attachmentIds#549e6626-7029-4966-85b3-3799ddabee64]
2025-03-28 13:08:10.821 [http-nio-8080-exec-8] DEBUG org.hibernate.sql.results.internal.ResultsHelper -Collection fully initialized: [com.sprint.mission.discodeit.entity.Message.attachmentIds#79a3fea1-4163-47e0-b6be-448e424c89f2]
2025-03-28 13:08:10.821 [http-nio-8080-exec-8] DEBUG org.hibernate.sql.results.internal.ResultsHelper -Collection fully initialized: [com.sprint.mission.discodeit.entity.Message.attachmentIds#b7ad1110-4577-4726-ac61-0cf0afac3e01]
2025-03-28 13:08:10.821 [http-nio-8080-exec-8] DEBUG org.hibernate.sql.results.internal.ResultsHelper -Collection fully initialized: [com.sprint.mission.discodeit.entity.Message.attachmentIds#71de75d0-b243-47e3-b771-619f2e9f1dd6]
2025-03-28 13:08:10.821 [http-nio-8080-exec-8] DEBUG org.hibernate.sql.results.internal.ResultsHelper -Collection fully initialized: [com.sprint.mission.discodeit.entity.Message.attachmentIds#c600ae86-66c1-420c-8d81-a0182905088f]
2025-03-28 13:08:10.821 [http-nio-8080-exec-8] DEBUG org.hibernate.sql.results.internal.ResultsHelper -Collection fully initialized: [com.sprint.mission.discodeit.entity.Message.attachmentIds#04351c6b-1385-4c9e-9e90-7033295783b7]
2025-03-28 13:08:10.821 [http-nio-8080-exec-8] DEBUG org.hibernate.sql.results.internal.ResultsHelper -Collection fully initialized: [com.sprint.mission.discodeit.entity.Message.attachmentIds#1723b37b-f7b6-4d6a-8ccf-11d00534f13b]
2025-03-28 13:08:10.821 [http-nio-8080-exec-8] DEBUG org.hibernate.sql.results.internal.ResultsHelper -Collection fully initialized: [com.sprint.mission.discodeit.entity.Message.attachmentIds#a3102a04-a27f-4388-96df-b240eaf16369]
2025-03-28 13:08:10.821 [http-nio-8080-exec-8] DEBUG org.hibernate.sql.results.internal.ResultsHelper -Collection fully initialized: [com.sprint.mission.discodeit.entity.Message.attachmentIds#318276f9-7639-44b8-b32e-69d43f9b1999]
2025-03-28 13:08:10.821 [http-nio-8080-exec-8] DEBUG org.hibernate.sql.results.internal.ResultsHelper -Collection fully initialized: [com.sprint.mission.discodeit.entity.Message.attachmentIds#8b1acf3d-704f-4ae8-9e67-3a0173851667]
2025-03-28 13:08:10.821 [http-nio-8080-exec-8] DEBUG org.hibernate.sql.results.internal.ResultsHelper -Collection fully initialized: [com.sprint.mission.discodeit.entity.Message.attachmentIds#31d166fd-f16f-48c1-8c26-ed7fdde184b7]
2025-03-28 13:08:10.822 [http-nio-8080-exec-8] DEBUG org.hibernate.sql.results.internal.ResultsHelper -Collection fully initialized: [com.sprint.mission.discodeit.entity.Message.attachmentIds#505fc0ba-83b4-4418-9ea5-76221fa0c3f2]
2025-03-28 13:08:10.822 [http-nio-8080-exec-8] DEBUG org.hibernate.sql.results.internal.ResultsHelper -Collection fully initialized: [com.sprint.mission.discodeit.entity.Message.attachmentIds#96d000e3-7b8c-4a6b-9332-76c9af041cae]
2025-03-28 13:08:10.822 [http-nio-8080-exec-8] DEBUG org.hibernate.sql.results.internal.ResultsHelper -Collection fully initialized: [com.sprint.mission.discodeit.entity.Message.attachmentIds#ae6a3af9-c242-4788-a38c-495862c821d9]
2025-03-28 13:08:10.822 [http-nio-8080-exec-8] DEBUG org.hibernate.sql.results.internal.ResultsHelper -Collection fully initialized: [com.sprint.mission.discodeit.entity.Message.attachmentIds#07b4c709-b888-405d-9186-151476022c7d]
2025-03-28 13:08:10.822 [http-nio-8080-exec-8] DEBUG org.hibernate.sql.results.internal.ResultsHelper -Collection fully initialized: [com.sprint.mission.discodeit.entity.Message.attachmentIds#ef00cd90-e5b4-4ab4-bea0-6a8b9034f038]
2025-03-28 13:08:10.822 [http-nio-8080-exec-8] DEBUG org.hibernate.sql.results.internal.ResultsHelper -Collection fully initialized: [com.sprint.mission.discodeit.entity.Message.attachmentIds#9d08d6e4-1114-4bab-9450-925fbc792dd4]
2025-03-28 13:08:10.822 [http-nio-8080-exec-8] DEBUG org.hibernate.sql.results.internal.ResultsHelper -Collection fully initialized: [com.sprint.mission.discodeit.entity.Message.attachmentIds#265a1160-4624-4f28-8fb3-d59a8c4d05db]
2025-03-28 13:08:10.822 [http-nio-8080-exec-8] DEBUG org.hibernate.sql.results.internal.ResultsHelper -Collection fully initialized: [com.sprint.mission.discodeit.entity.Message.attachmentIds#235fd912-9476-41be-bbfc-475cb584a2c9]
2025-03-28 13:08:10.822 [http-nio-8080-exec-8] DEBUG org.hibernate.sql.results.internal.ResultsHelper -Collection fully initialized: [com.sprint.mission.discodeit.entity.Message.attachmentIds#07ba0cd4-275d-4c7f-a0cb-b08e3b979568]
2025-03-28 13:08:10.822 [http-nio-8080-exec-8] DEBUG org.hibernate.sql.results.internal.ResultsHelper -Collection fully initialized: [com.sprint.mission.discodeit.entity.Message.attachmentIds#a951df3f-6e94-44af-96c5-3995d195ce37]
2025-03-28 13:08:10.822 [http-nio-8080-exec-8] DEBUG org.hibernate.sql.results.internal.ResultsHelper -Collection fully initialized: [com.sprint.mission.discodeit.entity.Message.attachmentIds#b934b5ed-0874-4606-a8c1-3a083676ab73]
2025-03-28 13:08:10.822 [http-nio-8080-exec-8] DEBUG org.hibernate.sql.results.internal.ResultsHelper -Collection fully initialized: [com.sprint.mission.discodeit.entity.Message.attachmentIds#81ca0183-a2ec-49f1-a543-d33a33095d87]
2025-03-28 13:08:10.822 [http-nio-8080-exec-8] DEBUG org.hibernate.sql.results.internal.ResultsHelper -Collection fully initialized: [com.sprint.mission.discodeit.entity.Message.attachmentIds#e192edf0-21f6-4b14-88f7-3d8889897f9f]
2025-03-28 13:08:10.822 [http-nio-8080-exec-8] DEBUG org.hibernate.sql.results.internal.ResultsHelper -Collection fully initialized: [com.sprint.mission.discodeit.entity.Message.attachmentIds#1394fdfe-5c72-47e9-95f9-762651202a64]
2025-03-28 13:08:10.822 [http-nio-8080-exec-8] DEBUG org.hibernate.sql.results.internal.ResultsHelper -Collection fully initialized: [com.sprint.mission.discodeit.entity.Message.attachmentIds#286e413c-477a-46ff-b009-12be5ff1bf3b]
2025-03-28 13:08:10.822 [http-nio-8080-exec-8] DEBUG org.hibernate.sql.results.internal.ResultsHelper -Collection fully initialized: [com.sprint.mission.discodeit.entity.Message.attachmentIds#f4e83f25-9789-44c3-b5b4-b7e7d5bca84d]
2025-03-28 13:08:10.822 [http-nio-8080-exec-8] DEBUG org.hibernate.sql.results.internal.ResultsHelper -Collection fully initialized: [com.sprint.mission.discodeit.entity.Message.attachmentIds#120455f3-e5da-4218-8d0a-731fabeabf2d]
2025-03-28 13:08:10.822 [http-nio-8080-exec-8] DEBUG org.hibernate.sql.results.internal.ResultsHelper -Collection fully initialized: [com.sprint.mission.discodeit.entity.Message.attachmentIds#8cb2a4c5-fea7-431b-ad0d-503eacb40a68]
2025-03-28 13:08:10.822 [http-nio-8080-exec-8] DEBUG org.hibernate.sql.results.internal.ResultsHelper -Collection fully initialized: [com.sprint.mission.discodeit.entity.Message.attachmentIds#f369ba22-fe64-492f-a4e9-12f7d323d10a]
2025-03-28 13:08:10.822 [http-nio-8080-exec-8] DEBUG org.hibernate.sql.results.internal.ResultsHelper -Collection fully initialized: [com.sprint.mission.discodeit.entity.Message.attachmentIds#b3d41ff4-6638-47f8-ac13-df1369ebe316]
2025-03-28 13:08:10.822 [http-nio-8080-exec-8] DEBUG org.hibernate.sql.results.internal.ResultsHelper -Collection fully initialized: [com.sprint.mission.discodeit.entity.Message.attachmentIds#c8af6e60-8d9e-4c37-a0f8-ea95b17a4138]
2025-03-28 13:08:10.822 [http-nio-8080-exec-8] DEBUG org.hibernate.sql.results.internal.ResultsHelper -Collection fully initialized: [com.sprint.mission.discodeit.entity.Message.attachmentIds#22270357-f631-4b0b-a3e6-beb3606dd3ec]
2025-03-28 13:08:10.823 [http-nio-8080-exec-8] DEBUG org.hibernate.sql.results.internal.ResultsHelper -Collection fully initialized: [com.sprint.mission.discodeit.entity.Message.attachmentIds#1d1bd7bd-3f4d-4bb1-8bfe-15959993e475]
2025-03-28 13:08:10.823 [http-nio-8080-exec-8] DEBUG org.hibernate.sql.results.internal.ResultsHelper -Collection fully initialized: [com.sprint.mission.discodeit.entity.Message.attachmentIds#7fbc5b91-f752-4886-9826-01e15c059eac]
2025-03-28 13:08:10.837 [http-nio-8080-exec-8] DEBUG org.springframework.web.servlet.mvc.method.annotation.HttpEntityMethodProcessor -Using 'application/json', given [application/json, text/plain, */*] and supported [application/json, application/*+json, application/yaml]
2025-03-28 13:08:10.837 [http-nio-8080-exec-8] DEBUG org.springframework.web.servlet.mvc.method.annotation.HttpEntityMethodProcessor -Writing [com.sprint.mission.discodeit.dto.response.PageResponse@2746f435]
2025-03-28 13:08:10.871 [http-nio-8080-exec-8] DEBUG org.springframework.web.servlet.DispatcherServlet -Completed 200 OK
2025-03-28 13:08:11.484 [http-nio-8080-exec-7] DEBUG org.springframework.web.servlet.DispatcherServlet -GET "/api/messages?channelId=fb861459-aa71-4721-8ed6-5199956000e9&cursor=2025-03-27T05:25:02.259330Z&size=50&sort=createdAt,desc", parameters={masked}
2025-03-28 13:08:11.484 [http-nio-8080-exec-7] DEBUG org.springframework.web.servlet.mvc.method.annotation.RequestMappingHandlerMapping -Mapped to com.sprint.mission.discodeit.controller.MessageController#findAllByChannelId(UUID, Instant, int)
2025-03-28 13:08:11.491 [http-nio-8080-exec-7] WARN  org.hibernate.orm.query              -HHH90003004: firstResult/maxResults specified with collection fetch; applying in memory
2025-03-28 13:08:11.526 [http-nio-8080-exec-7] DEBUG org.hibernate.sql.results.internal.ResultsHelper -Collection fully initialized: [com.sprint.mission.discodeit.entity.Message.attachmentIds#b3d41ff4-6638-47f8-ac13-df1369ebe316]
2025-03-28 13:08:11.526 [http-nio-8080-exec-7] DEBUG org.hibernate.sql.results.internal.ResultsHelper -Collection fully initialized: [com.sprint.mission.discodeit.entity.Message.attachmentIds#b7ad1110-4577-4726-ac61-0cf0afac3e01]
2025-03-28 13:08:11.526 [http-nio-8080-exec-7] DEBUG org.hibernate.sql.results.internal.ResultsHelper -Collection fully initialized: [com.sprint.mission.discodeit.entity.Message.attachmentIds#9690e9a4-21a1-43f7-9fc5-81eb72661e75]
2025-03-28 13:08:11.526 [http-nio-8080-exec-7] DEBUG org.hibernate.sql.results.internal.ResultsHelper -Collection fully initialized: [com.sprint.mission.discodeit.entity.Message.attachmentIds#71de75d0-b243-47e3-b771-619f2e9f1dd6]
2025-03-28 13:08:11.526 [http-nio-8080-exec-7] DEBUG org.hibernate.sql.results.internal.ResultsHelper -Collection fully initialized: [com.sprint.mission.discodeit.entity.Message.attachmentIds#04351c6b-1385-4c9e-9e90-7033295783b7]
2025-03-28 13:08:11.526 [http-nio-8080-exec-7] DEBUG org.hibernate.sql.results.internal.ResultsHelper -Collection fully initialized: [com.sprint.mission.discodeit.entity.Message.attachmentIds#1d1bd7bd-3f4d-4bb1-8bfe-15959993e475]
2025-03-28 13:08:11.526 [http-nio-8080-exec-7] DEBUG org.hibernate.sql.results.internal.ResultsHelper -Collection fully initialized: [com.sprint.mission.discodeit.entity.Message.attachmentIds#7fbc5b91-f752-4886-9826-01e15c059eac]
2025-03-28 13:08:11.526 [http-nio-8080-exec-7] DEBUG org.hibernate.sql.results.internal.ResultsHelper -Collection fully initialized: [com.sprint.mission.discodeit.entity.Message.attachmentIds#7625c0a0-68d6-4cfc-b358-55abde948660]
2025-03-28 13:08:11.540 [http-nio-8080-exec-7] DEBUG org.springframework.web.servlet.mvc.method.annotation.HttpEntityMethodProcessor -Using 'application/json', given [application/json, text/plain, */*] and supported [application/json, application/*+json, application/yaml]
2025-03-28 13:08:11.541 [http-nio-8080-exec-7] DEBUG org.springframework.web.servlet.mvc.method.annotation.HttpEntityMethodProcessor -Writing [com.sprint.mission.discodeit.dto.response.PageResponse@6930df2c]
2025-03-28 13:08:11.546 [http-nio-8080-exec-7] DEBUG org.springframework.web.servlet.DispatcherServlet -Completed 200 OK
2025-03-28 13:08:11.562 [http-nio-8080-exec-5] DEBUG org.springframework.web.servlet.DispatcherServlet -GET "/api/binaryContents/2c991d2f-f854-47ed-bc11-224475b59134", parameters={}
2025-03-28 13:08:11.562 [http-nio-8080-exec-5] DEBUG org.springframework.web.servlet.mvc.method.annotation.RequestMappingHandlerMapping -Mapped to com.sprint.mission.discodeit.controller.BinaryController#find(UUID)
2025-03-28 13:08:11.567 [http-nio-8080-exec-5] DEBUG org.springframework.web.servlet.mvc.method.annotation.HttpEntityMethodProcessor -Using 'application/json', given [application/json, text/plain, */*] and supported [application/json, application/*+json, application/yaml]
2025-03-28 13:08:11.568 [http-nio-8080-exec-5] DEBUG org.springframework.web.servlet.mvc.method.annotation.HttpEntityMethodProcessor -Writing [com.sprint.mission.discodeit.entity.BinaryContent@7da6ae07]
2025-03-28 13:08:11.568 [http-nio-8080-exec-5] DEBUG org.springframework.web.servlet.DispatcherServlet -Completed 200 OK
2025-03-28 13:08:11.580 [http-nio-8080-exec-6] DEBUG org.springframework.web.servlet.DispatcherServlet -GET "/api/binaryContents/2c991d2f-f854-47ed-bc11-224475b59134/download", parameters={}
2025-03-28 13:08:11.581 [http-nio-8080-exec-6] DEBUG org.springframework.web.servlet.mvc.method.annotation.RequestMappingHandlerMapping -Mapped to com.sprint.mission.discodeit.controller.BinaryController#downloadBinaryContent(UUID)
2025-03-28 13:08:11.587 [http-nio-8080-exec-6] DEBUG org.springframework.web.servlet.mvc.method.annotation.HttpEntityMethodProcessor -Found 'Content-Type:image/png' in response
2025-03-28 13:08:11.587 [http-nio-8080-exec-6] DEBUG org.springframework.web.servlet.mvc.method.annotation.HttpEntityMethodProcessor -Writing [file [C:\path\to\storage\2c991d2f-f854-47ed-bc11-224475b59134.png]]
2025-03-28 13:08:11.589 [http-nio-8080-exec-6] DEBUG org.springframework.web.servlet.DispatcherServlet -Completed 200 OK
2025-03-28 13:08:11.922 [http-nio-8080-exec-4] DEBUG org.springframework.web.servlet.DispatcherServlet -GET "/api/messages?channelId=fb861459-aa71-4721-8ed6-5199956000e9&size=50&sort=createdAt,desc", parameters={masked}
2025-03-28 13:08:11.922 [http-nio-8080-exec-4] DEBUG org.springframework.web.servlet.mvc.method.annotation.RequestMappingHandlerMapping -Mapped to com.sprint.mission.discodeit.controller.MessageController#findAllByChannelId(UUID, Instant, int)
2025-03-28 13:08:11.925 [http-nio-8080-exec-4] WARN  org.hibernate.orm.query              -HHH90003004: firstResult/maxResults specified with collection fetch; applying in memory
2025-03-28 13:08:11.939 [http-nio-8080-exec-4] DEBUG org.hibernate.sql.results.internal.ResultsHelper -Collection fully initialized: [com.sprint.mission.discodeit.entity.Message.attachmentIds#b87e1b9c-5503-4e14-8af8-b44557ceda4e]
2025-03-28 13:08:11.939 [http-nio-8080-exec-4] DEBUG org.hibernate.sql.results.internal.ResultsHelper -Collection fully initialized: [com.sprint.mission.discodeit.entity.Message.attachmentIds#88dddaf8-d306-4448-baf2-920a73e71928]
2025-03-28 13:08:11.939 [http-nio-8080-exec-4] DEBUG org.hibernate.sql.results.internal.ResultsHelper -Collection fully initialized: [com.sprint.mission.discodeit.entity.Message.attachmentIds#ae982b84-02b6-4360-a057-018e0cdb2434]
2025-03-28 13:08:11.939 [http-nio-8080-exec-4] DEBUG org.hibernate.sql.results.internal.ResultsHelper -Collection fully initialized: [com.sprint.mission.discodeit.entity.Message.attachmentIds#4f11ffc6-797c-4134-98c7-938b14751e59]
2025-03-28 13:08:11.939 [http-nio-8080-exec-4] DEBUG org.hibernate.sql.results.internal.ResultsHelper -Collection fully initialized: [com.sprint.mission.discodeit.entity.Message.attachmentIds#9690e9a4-21a1-43f7-9fc5-81eb72661e75]
2025-03-28 13:08:11.939 [http-nio-8080-exec-4] DEBUG org.hibernate.sql.results.internal.ResultsHelper -Collection fully initialized: [com.sprint.mission.discodeit.entity.Message.attachmentIds#792809d6-cc48-4036-b04d-bb96a032d920]
2025-03-28 13:08:11.939 [http-nio-8080-exec-4] DEBUG org.hibernate.sql.results.internal.ResultsHelper -Collection fully initialized: [com.sprint.mission.discodeit.entity.Message.attachmentIds#3d582dbb-2682-4b45-a835-72bdd322df4a]
2025-03-28 13:08:11.940 [http-nio-8080-exec-4] DEBUG org.hibernate.sql.results.internal.ResultsHelper -Collection fully initialized: [com.sprint.mission.discodeit.entity.Message.attachmentIds#4fcc1f5a-ee3c-4845-a4d4-778fedb3c874]
2025-03-28 13:08:11.940 [http-nio-8080-exec-4] DEBUG org.hibernate.sql.results.internal.ResultsHelper -Collection fully initialized: [com.sprint.mission.discodeit.entity.Message.attachmentIds#9e691408-f4de-4a95-910a-ca318ffe2fa3]
2025-03-28 13:08:11.940 [http-nio-8080-exec-4] DEBUG org.hibernate.sql.results.internal.ResultsHelper -Collection fully initialized: [com.sprint.mission.discodeit.entity.Message.attachmentIds#3c604c62-34c8-4faa-8f59-f9a016d04404]
2025-03-28 13:08:11.940 [http-nio-8080-exec-4] DEBUG org.hibernate.sql.results.internal.ResultsHelper -Collection fully initialized: [com.sprint.mission.discodeit.entity.Message.attachmentIds#3281936a-61d2-4cc3-9d2e-0792c5283b92]
2025-03-28 13:08:11.940 [http-nio-8080-exec-4] DEBUG org.hibernate.sql.results.internal.ResultsHelper -Collection fully initialized: [com.sprint.mission.discodeit.entity.Message.attachmentIds#7348bdba-39f9-4b02-b8d8-f1c7b4f1a18d]
2025-03-28 13:08:11.940 [http-nio-8080-exec-4] DEBUG org.hibernate.sql.results.internal.ResultsHelper -Collection fully initialized: [com.sprint.mission.discodeit.entity.Message.attachmentIds#f1ca445e-b436-4ee5-9711-031b94edcae3]
2025-03-28 13:08:11.940 [http-nio-8080-exec-4] DEBUG org.hibernate.sql.results.internal.ResultsHelper -Collection fully initialized: [com.sprint.mission.discodeit.entity.Message.attachmentIds#2b8ef2b7-6b77-4b08-81b2-ace3853cae93]
2025-03-28 13:08:11.940 [http-nio-8080-exec-4] DEBUG org.hibernate.sql.results.internal.ResultsHelper -Collection fully initialized: [com.sprint.mission.discodeit.entity.Message.attachmentIds#f6e5500f-5cc6-42c7-a81e-b7e3c84471e6]
2025-03-28 13:08:11.940 [http-nio-8080-exec-4] DEBUG org.hibernate.sql.results.internal.ResultsHelper -Collection fully initialized: [com.sprint.mission.discodeit.entity.Message.attachmentIds#ffc9e792-8c13-4ee6-a175-fa7a29717872]
2025-03-28 13:08:11.940 [http-nio-8080-exec-4] DEBUG org.hibernate.sql.results.internal.ResultsHelper -Collection fully initialized: [com.sprint.mission.discodeit.entity.Message.attachmentIds#21297a79-1a93-4615-aaaf-cc39e82138c3]
2025-03-28 13:08:11.940 [http-nio-8080-exec-4] DEBUG org.hibernate.sql.results.internal.ResultsHelper -Collection fully initialized: [com.sprint.mission.discodeit.entity.Message.attachmentIds#5e2bcdb8-9bc8-4a75-8bd0-0bdc4d698262]
2025-03-28 13:08:11.940 [http-nio-8080-exec-4] DEBUG org.hibernate.sql.results.internal.ResultsHelper -Collection fully initialized: [com.sprint.mission.discodeit.entity.Message.attachmentIds#5fcb3939-f9f7-4ab9-a645-cddee942677e]
2025-03-28 13:08:11.940 [http-nio-8080-exec-4] DEBUG org.hibernate.sql.results.internal.ResultsHelper -Collection fully initialized: [com.sprint.mission.discodeit.entity.Message.attachmentIds#77588fb7-6884-4b01-a31c-faab6fec65da]
2025-03-28 13:08:11.941 [http-nio-8080-exec-4] DEBUG org.hibernate.sql.results.internal.ResultsHelper -Collection fully initialized: [com.sprint.mission.discodeit.entity.Message.attachmentIds#ba0442fe-b908-48a6-8802-4d58d6cc8114]
2025-03-28 13:08:11.941 [http-nio-8080-exec-4] DEBUG org.hibernate.sql.results.internal.ResultsHelper -Collection fully initialized: [com.sprint.mission.discodeit.entity.Message.attachmentIds#7625c0a0-68d6-4cfc-b358-55abde948660]
2025-03-28 13:08:11.941 [http-nio-8080-exec-4] DEBUG org.hibernate.sql.results.internal.ResultsHelper -Collection fully initialized: [com.sprint.mission.discodeit.entity.Message.attachmentIds#8b11039d-420c-4fff-81bb-0940e837a642]
2025-03-28 13:08:11.941 [http-nio-8080-exec-4] DEBUG org.hibernate.sql.results.internal.ResultsHelper -Collection fully initialized: [com.sprint.mission.discodeit.entity.Message.attachmentIds#549e6626-7029-4966-85b3-3799ddabee64]
2025-03-28 13:08:11.941 [http-nio-8080-exec-4] DEBUG org.hibernate.sql.results.internal.ResultsHelper -Collection fully initialized: [com.sprint.mission.discodeit.entity.Message.attachmentIds#79a3fea1-4163-47e0-b6be-448e424c89f2]
2025-03-28 13:08:11.941 [http-nio-8080-exec-4] DEBUG org.hibernate.sql.results.internal.ResultsHelper -Collection fully initialized: [com.sprint.mission.discodeit.entity.Message.attachmentIds#b7ad1110-4577-4726-ac61-0cf0afac3e01]
2025-03-28 13:08:11.941 [http-nio-8080-exec-4] DEBUG org.hibernate.sql.results.internal.ResultsHelper -Collection fully initialized: [com.sprint.mission.discodeit.entity.Message.attachmentIds#71de75d0-b243-47e3-b771-619f2e9f1dd6]
2025-03-28 13:08:11.941 [http-nio-8080-exec-4] DEBUG org.hibernate.sql.results.internal.ResultsHelper -Collection fully initialized: [com.sprint.mission.discodeit.entity.Message.attachmentIds#c600ae86-66c1-420c-8d81-a0182905088f]
2025-03-28 13:08:11.941 [http-nio-8080-exec-4] DEBUG org.hibernate.sql.results.internal.ResultsHelper -Collection fully initialized: [com.sprint.mission.discodeit.entity.Message.attachmentIds#04351c6b-1385-4c9e-9e90-7033295783b7]
2025-03-28 13:08:11.941 [http-nio-8080-exec-4] DEBUG org.hibernate.sql.results.internal.ResultsHelper -Collection fully initialized: [com.sprint.mission.discodeit.entity.Message.attachmentIds#1723b37b-f7b6-4d6a-8ccf-11d00534f13b]
2025-03-28 13:08:11.941 [http-nio-8080-exec-4] DEBUG org.hibernate.sql.results.internal.ResultsHelper -Collection fully initialized: [com.sprint.mission.discodeit.entity.Message.attachmentIds#a3102a04-a27f-4388-96df-b240eaf16369]
2025-03-28 13:08:11.941 [http-nio-8080-exec-4] DEBUG org.hibernate.sql.results.internal.ResultsHelper -Collection fully initialized: [com.sprint.mission.discodeit.entity.Message.attachmentIds#318276f9-7639-44b8-b32e-69d43f9b1999]
2025-03-28 13:08:11.941 [http-nio-8080-exec-4] DEBUG org.hibernate.sql.results.internal.ResultsHelper -Collection fully initialized: [com.sprint.mission.discodeit.entity.Message.attachmentIds#8b1acf3d-704f-4ae8-9e67-3a0173851667]
2025-03-28 13:08:11.942 [http-nio-8080-exec-4] DEBUG org.hibernate.sql.results.internal.ResultsHelper -Collection fully initialized: [com.sprint.mission.discodeit.entity.Message.attachmentIds#31d166fd-f16f-48c1-8c26-ed7fdde184b7]
2025-03-28 13:08:11.942 [http-nio-8080-exec-4] DEBUG org.hibernate.sql.results.internal.ResultsHelper -Collection fully initialized: [com.sprint.mission.discodeit.entity.Message.attachmentIds#505fc0ba-83b4-4418-9ea5-76221fa0c3f2]
2025-03-28 13:08:11.942 [http-nio-8080-exec-4] DEBUG org.hibernate.sql.results.internal.ResultsHelper -Collection fully initialized: [com.sprint.mission.discodeit.entity.Message.attachmentIds#96d000e3-7b8c-4a6b-9332-76c9af041cae]
2025-03-28 13:08:11.942 [http-nio-8080-exec-4] DEBUG org.hibernate.sql.results.internal.ResultsHelper -Collection fully initialized: [com.sprint.mission.discodeit.entity.Message.attachmentIds#ae6a3af9-c242-4788-a38c-495862c821d9]
2025-03-28 13:08:11.942 [http-nio-8080-exec-4] DEBUG org.hibernate.sql.results.internal.ResultsHelper -Collection fully initialized: [com.sprint.mission.discodeit.entity.Message.attachmentIds#07b4c709-b888-405d-9186-151476022c7d]
2025-03-28 13:08:11.942 [http-nio-8080-exec-4] DEBUG org.hibernate.sql.results.internal.ResultsHelper -Collection fully initialized: [com.sprint.mission.discodeit.entity.Message.attachmentIds#ef00cd90-e5b4-4ab4-bea0-6a8b9034f038]
2025-03-28 13:08:11.942 [http-nio-8080-exec-4] DEBUG org.hibernate.sql.results.internal.ResultsHelper -Collection fully initialized: [com.sprint.mission.discodeit.entity.Message.attachmentIds#9d08d6e4-1114-4bab-9450-925fbc792dd4]
2025-03-28 13:08:11.942 [http-nio-8080-exec-4] DEBUG org.hibernate.sql.results.internal.ResultsHelper -Collection fully initialized: [com.sprint.mission.discodeit.entity.Message.attachmentIds#265a1160-4624-4f28-8fb3-d59a8c4d05db]
2025-03-28 13:08:11.942 [http-nio-8080-exec-4] DEBUG org.hibernate.sql.results.internal.ResultsHelper -Collection fully initialized: [com.sprint.mission.discodeit.entity.Message.attachmentIds#235fd912-9476-41be-bbfc-475cb584a2c9]
2025-03-28 13:08:11.942 [http-nio-8080-exec-4] DEBUG org.hibernate.sql.results.internal.ResultsHelper -Collection fully initialized: [com.sprint.mission.discodeit.entity.Message.attachmentIds#07ba0cd4-275d-4c7f-a0cb-b08e3b979568]
2025-03-28 13:08:11.942 [http-nio-8080-exec-4] DEBUG org.hibernate.sql.results.internal.ResultsHelper -Collection fully initialized: [com.sprint.mission.discodeit.entity.Message.attachmentIds#a951df3f-6e94-44af-96c5-3995d195ce37]
2025-03-28 13:08:11.942 [http-nio-8080-exec-4] DEBUG org.hibernate.sql.results.internal.ResultsHelper -Collection fully initialized: [com.sprint.mission.discodeit.entity.Message.attachmentIds#b934b5ed-0874-4606-a8c1-3a083676ab73]
2025-03-28 13:08:11.942 [http-nio-8080-exec-4] DEBUG org.hibernate.sql.results.internal.ResultsHelper -Collection fully initialized: [com.sprint.mission.discodeit.entity.Message.attachmentIds#81ca0183-a2ec-49f1-a543-d33a33095d87]
2025-03-28 13:08:11.944 [http-nio-8080-exec-4] DEBUG org.hibernate.sql.results.internal.ResultsHelper -Collection fully initialized: [com.sprint.mission.discodeit.entity.Message.attachmentIds#e192edf0-21f6-4b14-88f7-3d8889897f9f]
2025-03-28 13:08:11.944 [http-nio-8080-exec-4] DEBUG org.hibernate.sql.results.internal.ResultsHelper -Collection fully initialized: [com.sprint.mission.discodeit.entity.Message.attachmentIds#1394fdfe-5c72-47e9-95f9-762651202a64]
2025-03-28 13:08:11.944 [http-nio-8080-exec-4] DEBUG org.hibernate.sql.results.internal.ResultsHelper -Collection fully initialized: [com.sprint.mission.discodeit.entity.Message.attachmentIds#286e413c-477a-46ff-b009-12be5ff1bf3b]
2025-03-28 13:08:11.944 [http-nio-8080-exec-4] DEBUG org.hibernate.sql.results.internal.ResultsHelper -Collection fully initialized: [com.sprint.mission.discodeit.entity.Message.attachmentIds#f4e83f25-9789-44c3-b5b4-b7e7d5bca84d]
2025-03-28 13:08:11.944 [http-nio-8080-exec-4] DEBUG org.hibernate.sql.results.internal.ResultsHelper -Collection fully initialized: [com.sprint.mission.discodeit.entity.Message.attachmentIds#120455f3-e5da-4218-8d0a-731fabeabf2d]
2025-03-28 13:08:11.944 [http-nio-8080-exec-4] DEBUG org.hibernate.sql.results.internal.ResultsHelper -Collection fully initialized: [com.sprint.mission.discodeit.entity.Message.attachmentIds#8cb2a4c5-fea7-431b-ad0d-503eacb40a68]
2025-03-28 13:08:11.944 [http-nio-8080-exec-4] DEBUG org.hibernate.sql.results.internal.ResultsHelper -Collection fully initialized: [com.sprint.mission.discodeit.entity.Message.attachmentIds#f369ba22-fe64-492f-a4e9-12f7d323d10a]
2025-03-28 13:08:11.944 [http-nio-8080-exec-4] DEBUG org.hibernate.sql.results.internal.ResultsHelper -Collection fully initialized: [com.sprint.mission.discodeit.entity.Message.attachmentIds#b3d41ff4-6638-47f8-ac13-df1369ebe316]
2025-03-28 13:08:11.944 [http-nio-8080-exec-4] DEBUG org.hibernate.sql.results.internal.ResultsHelper -Collection fully initialized: [com.sprint.mission.discodeit.entity.Message.attachmentIds#c8af6e60-8d9e-4c37-a0f8-ea95b17a4138]
2025-03-28 13:08:11.944 [http-nio-8080-exec-4] DEBUG org.hibernate.sql.results.internal.ResultsHelper -Collection fully initialized: [com.sprint.mission.discodeit.entity.Message.attachmentIds#22270357-f631-4b0b-a3e6-beb3606dd3ec]
2025-03-28 13:08:11.944 [http-nio-8080-exec-4] DEBUG org.hibernate.sql.results.internal.ResultsHelper -Collection fully initialized: [com.sprint.mission.discodeit.entity.Message.attachmentIds#1d1bd7bd-3f4d-4bb1-8bfe-15959993e475]
2025-03-28 13:08:11.944 [http-nio-8080-exec-4] DEBUG org.hibernate.sql.results.internal.ResultsHelper -Collection fully initialized: [com.sprint.mission.discodeit.entity.Message.attachmentIds#7fbc5b91-f752-4886-9826-01e15c059eac]
2025-03-28 13:08:11.978 [http-nio-8080-exec-4] DEBUG org.springframework.web.servlet.mvc.method.annotation.HttpEntityMethodProcessor -Using 'application/json', given [application/json, text/plain, */*] and supported [application/json, application/*+json, application/yaml]
2025-03-28 13:08:11.978 [http-nio-8080-exec-4] DEBUG org.springframework.web.servlet.mvc.method.annotation.HttpEntityMethodProcessor -Writing [com.sprint.mission.discodeit.dto.response.PageResponse@6932e2c]
2025-03-28 13:08:12.024 [http-nio-8080-exec-4] DEBUG org.springframework.web.servlet.DispatcherServlet -Completed 200 OK
2025-03-28 13:08:12.369 [http-nio-8080-exec-10] DEBUG org.springframework.web.servlet.DispatcherServlet -GET "/api/messages?channelId=fb861459-aa71-4721-8ed6-5199956000e9&size=50&sort=createdAt,desc", parameters={masked}
2025-03-28 13:08:12.370 [http-nio-8080-exec-10] DEBUG org.springframework.web.servlet.mvc.method.annotation.RequestMappingHandlerMapping -Mapped to com.sprint.mission.discodeit.controller.MessageController#findAllByChannelId(UUID, Instant, int)
2025-03-28 13:08:12.371 [http-nio-8080-exec-10] WARN  org.hibernate.orm.query              -HHH90003004: firstResult/maxResults specified with collection fetch; applying in memory
2025-03-28 13:08:12.385 [http-nio-8080-exec-10] DEBUG org.hibernate.sql.results.internal.ResultsHelper -Collection fully initialized: [com.sprint.mission.discodeit.entity.Message.attachmentIds#b87e1b9c-5503-4e14-8af8-b44557ceda4e]
2025-03-28 13:08:12.386 [http-nio-8080-exec-10] DEBUG org.hibernate.sql.results.internal.ResultsHelper -Collection fully initialized: [com.sprint.mission.discodeit.entity.Message.attachmentIds#88dddaf8-d306-4448-baf2-920a73e71928]
2025-03-28 13:08:12.386 [http-nio-8080-exec-10] DEBUG org.hibernate.sql.results.internal.ResultsHelper -Collection fully initialized: [com.sprint.mission.discodeit.entity.Message.attachmentIds#ae982b84-02b6-4360-a057-018e0cdb2434]
2025-03-28 13:08:12.386 [http-nio-8080-exec-10] DEBUG org.hibernate.sql.results.internal.ResultsHelper -Collection fully initialized: [com.sprint.mission.discodeit.entity.Message.attachmentIds#4f11ffc6-797c-4134-98c7-938b14751e59]
2025-03-28 13:08:12.386 [http-nio-8080-exec-10] DEBUG org.hibernate.sql.results.internal.ResultsHelper -Collection fully initialized: [com.sprint.mission.discodeit.entity.Message.attachmentIds#9690e9a4-21a1-43f7-9fc5-81eb72661e75]
2025-03-28 13:08:12.386 [http-nio-8080-exec-10] DEBUG org.hibernate.sql.results.internal.ResultsHelper -Collection fully initialized: [com.sprint.mission.discodeit.entity.Message.attachmentIds#792809d6-cc48-4036-b04d-bb96a032d920]
2025-03-28 13:08:12.386 [http-nio-8080-exec-10] DEBUG org.hibernate.sql.results.internal.ResultsHelper -Collection fully initialized: [com.sprint.mission.discodeit.entity.Message.attachmentIds#3d582dbb-2682-4b45-a835-72bdd322df4a]
2025-03-28 13:08:12.386 [http-nio-8080-exec-10] DEBUG org.hibernate.sql.results.internal.ResultsHelper -Collection fully initialized: [com.sprint.mission.discodeit.entity.Message.attachmentIds#4fcc1f5a-ee3c-4845-a4d4-778fedb3c874]
2025-03-28 13:08:12.386 [http-nio-8080-exec-10] DEBUG org.hibernate.sql.results.internal.ResultsHelper -Collection fully initialized: [com.sprint.mission.discodeit.entity.Message.attachmentIds#9e691408-f4de-4a95-910a-ca318ffe2fa3]
2025-03-28 13:08:12.386 [http-nio-8080-exec-10] DEBUG org.hibernate.sql.results.internal.ResultsHelper -Collection fully initialized: [com.sprint.mission.discodeit.entity.Message.attachmentIds#3c604c62-34c8-4faa-8f59-f9a016d04404]
2025-03-28 13:08:12.386 [http-nio-8080-exec-10] DEBUG org.hibernate.sql.results.internal.ResultsHelper -Collection fully initialized: [com.sprint.mission.discodeit.entity.Message.attachmentIds#3281936a-61d2-4cc3-9d2e-0792c5283b92]
2025-03-28 13:08:12.386 [http-nio-8080-exec-10] DEBUG org.hibernate.sql.results.internal.ResultsHelper -Collection fully initialized: [com.sprint.mission.discodeit.entity.Message.attachmentIds#7348bdba-39f9-4b02-b8d8-f1c7b4f1a18d]
2025-03-28 13:08:12.386 [http-nio-8080-exec-10] DEBUG org.hibernate.sql.results.internal.ResultsHelper -Collection fully initialized: [com.sprint.mission.discodeit.entity.Message.attachmentIds#f1ca445e-b436-4ee5-9711-031b94edcae3]
2025-03-28 13:08:12.386 [http-nio-8080-exec-10] DEBUG org.hibernate.sql.results.internal.ResultsHelper -Collection fully initialized: [com.sprint.mission.discodeit.entity.Message.attachmentIds#2b8ef2b7-6b77-4b08-81b2-ace3853cae93]
2025-03-28 13:08:12.386 [http-nio-8080-exec-10] DEBUG org.hibernate.sql.results.internal.ResultsHelper -Collection fully initialized: [com.sprint.mission.discodeit.entity.Message.attachmentIds#f6e5500f-5cc6-42c7-a81e-b7e3c84471e6]
2025-03-28 13:08:12.386 [http-nio-8080-exec-10] DEBUG org.hibernate.sql.results.internal.ResultsHelper -Collection fully initialized: [com.sprint.mission.discodeit.entity.Message.attachmentIds#ffc9e792-8c13-4ee6-a175-fa7a29717872]
2025-03-28 13:08:12.386 [http-nio-8080-exec-10] DEBUG org.hibernate.sql.results.internal.ResultsHelper -Collection fully initialized: [com.sprint.mission.discodeit.entity.Message.attachmentIds#21297a79-1a93-4615-aaaf-cc39e82138c3]
2025-03-28 13:08:12.386 [http-nio-8080-exec-10] DEBUG org.hibernate.sql.results.internal.ResultsHelper -Collection fully initialized: [com.sprint.mission.discodeit.entity.Message.attachmentIds#5e2bcdb8-9bc8-4a75-8bd0-0bdc4d698262]
2025-03-28 13:08:12.387 [http-nio-8080-exec-10] DEBUG org.hibernate.sql.results.internal.ResultsHelper -Collection fully initialized: [com.sprint.mission.discodeit.entity.Message.attachmentIds#5fcb3939-f9f7-4ab9-a645-cddee942677e]
2025-03-28 13:08:12.387 [http-nio-8080-exec-10] DEBUG org.hibernate.sql.results.internal.ResultsHelper -Collection fully initialized: [com.sprint.mission.discodeit.entity.Message.attachmentIds#77588fb7-6884-4b01-a31c-faab6fec65da]
2025-03-28 13:08:12.387 [http-nio-8080-exec-10] DEBUG org.hibernate.sql.results.internal.ResultsHelper -Collection fully initialized: [com.sprint.mission.discodeit.entity.Message.attachmentIds#ba0442fe-b908-48a6-8802-4d58d6cc8114]
2025-03-28 13:08:12.387 [http-nio-8080-exec-10] DEBUG org.hibernate.sql.results.internal.ResultsHelper -Collection fully initialized: [com.sprint.mission.discodeit.entity.Message.attachmentIds#7625c0a0-68d6-4cfc-b358-55abde948660]
2025-03-28 13:08:12.387 [http-nio-8080-exec-10] DEBUG org.hibernate.sql.results.internal.ResultsHelper -Collection fully initialized: [com.sprint.mission.discodeit.entity.Message.attachmentIds#8b11039d-420c-4fff-81bb-0940e837a642]
2025-03-28 13:08:12.387 [http-nio-8080-exec-10] DEBUG org.hibernate.sql.results.internal.ResultsHelper -Collection fully initialized: [com.sprint.mission.discodeit.entity.Message.attachmentIds#549e6626-7029-4966-85b3-3799ddabee64]
2025-03-28 13:08:12.387 [http-nio-8080-exec-10] DEBUG org.hibernate.sql.results.internal.ResultsHelper -Collection fully initialized: [com.sprint.mission.discodeit.entity.Message.attachmentIds#79a3fea1-4163-47e0-b6be-448e424c89f2]
2025-03-28 13:08:12.387 [http-nio-8080-exec-10] DEBUG org.hibernate.sql.results.internal.ResultsHelper -Collection fully initialized: [com.sprint.mission.discodeit.entity.Message.attachmentIds#b7ad1110-4577-4726-ac61-0cf0afac3e01]
2025-03-28 13:08:12.387 [http-nio-8080-exec-10] DEBUG org.hibernate.sql.results.internal.ResultsHelper -Collection fully initialized: [com.sprint.mission.discodeit.entity.Message.attachmentIds#71de75d0-b243-47e3-b771-619f2e9f1dd6]
2025-03-28 13:08:12.387 [http-nio-8080-exec-10] DEBUG org.hibernate.sql.results.internal.ResultsHelper -Collection fully initialized: [com.sprint.mission.discodeit.entity.Message.attachmentIds#c600ae86-66c1-420c-8d81-a0182905088f]
2025-03-28 13:08:12.387 [http-nio-8080-exec-10] DEBUG org.hibernate.sql.results.internal.ResultsHelper -Collection fully initialized: [com.sprint.mission.discodeit.entity.Message.attachmentIds#04351c6b-1385-4c9e-9e90-7033295783b7]
2025-03-28 13:08:12.387 [http-nio-8080-exec-10] DEBUG org.hibernate.sql.results.internal.ResultsHelper -Collection fully initialized: [com.sprint.mission.discodeit.entity.Message.attachmentIds#1723b37b-f7b6-4d6a-8ccf-11d00534f13b]
2025-03-28 13:08:12.387 [http-nio-8080-exec-10] DEBUG org.hibernate.sql.results.internal.ResultsHelper -Collection fully initialized: [com.sprint.mission.discodeit.entity.Message.attachmentIds#a3102a04-a27f-4388-96df-b240eaf16369]
2025-03-28 13:08:12.387 [http-nio-8080-exec-10] DEBUG org.hibernate.sql.results.internal.ResultsHelper -Collection fully initialized: [com.sprint.mission.discodeit.entity.Message.attachmentIds#318276f9-7639-44b8-b32e-69d43f9b1999]
2025-03-28 13:08:12.387 [http-nio-8080-exec-10] DEBUG org.hibernate.sql.results.internal.ResultsHelper -Collection fully initialized: [com.sprint.mission.discodeit.entity.Message.attachmentIds#8b1acf3d-704f-4ae8-9e67-3a0173851667]
2025-03-28 13:08:12.387 [http-nio-8080-exec-10] DEBUG org.hibernate.sql.results.internal.ResultsHelper -Collection fully initialized: [com.sprint.mission.discodeit.entity.Message.attachmentIds#31d166fd-f16f-48c1-8c26-ed7fdde184b7]
2025-03-28 13:08:12.387 [http-nio-8080-exec-10] DEBUG org.hibernate.sql.results.internal.ResultsHelper -Collection fully initialized: [com.sprint.mission.discodeit.entity.Message.attachmentIds#505fc0ba-83b4-4418-9ea5-76221fa0c3f2]
2025-03-28 13:08:12.387 [http-nio-8080-exec-10] DEBUG org.hibernate.sql.results.internal.ResultsHelper -Collection fully initialized: [com.sprint.mission.discodeit.entity.Message.attachmentIds#96d000e3-7b8c-4a6b-9332-76c9af041cae]
2025-03-28 13:08:12.387 [http-nio-8080-exec-10] DEBUG org.hibernate.sql.results.internal.ResultsHelper -Collection fully initialized: [com.sprint.mission.discodeit.entity.Message.attachmentIds#ae6a3af9-c242-4788-a38c-495862c821d9]
2025-03-28 13:08:12.387 [http-nio-8080-exec-10] DEBUG org.hibernate.sql.results.internal.ResultsHelper -Collection fully initialized: [com.sprint.mission.discodeit.entity.Message.attachmentIds#07b4c709-b888-405d-9186-151476022c7d]
2025-03-28 13:08:12.387 [http-nio-8080-exec-10] DEBUG org.hibernate.sql.results.internal.ResultsHelper -Collection fully initialized: [com.sprint.mission.discodeit.entity.Message.attachmentIds#ef00cd90-e5b4-4ab4-bea0-6a8b9034f038]
2025-03-28 13:08:12.388 [http-nio-8080-exec-10] DEBUG org.hibernate.sql.results.internal.ResultsHelper -Collection fully initialized: [com.sprint.mission.discodeit.entity.Message.attachmentIds#9d08d6e4-1114-4bab-9450-925fbc792dd4]
2025-03-28 13:08:12.388 [http-nio-8080-exec-10] DEBUG org.hibernate.sql.results.internal.ResultsHelper -Collection fully initialized: [com.sprint.mission.discodeit.entity.Message.attachmentIds#265a1160-4624-4f28-8fb3-d59a8c4d05db]
2025-03-28 13:08:12.388 [http-nio-8080-exec-10] DEBUG org.hibernate.sql.results.internal.ResultsHelper -Collection fully initialized: [com.sprint.mission.discodeit.entity.Message.attachmentIds#235fd912-9476-41be-bbfc-475cb584a2c9]
2025-03-28 13:08:12.388 [http-nio-8080-exec-10] DEBUG org.hibernate.sql.results.internal.ResultsHelper -Collection fully initialized: [com.sprint.mission.discodeit.entity.Message.attachmentIds#07ba0cd4-275d-4c7f-a0cb-b08e3b979568]
2025-03-28 13:08:12.388 [http-nio-8080-exec-10] DEBUG org.hibernate.sql.results.internal.ResultsHelper -Collection fully initialized: [com.sprint.mission.discodeit.entity.Message.attachmentIds#a951df3f-6e94-44af-96c5-3995d195ce37]
2025-03-28 13:08:12.388 [http-nio-8080-exec-10] DEBUG org.hibernate.sql.results.internal.ResultsHelper -Collection fully initialized: [com.sprint.mission.discodeit.entity.Message.attachmentIds#b934b5ed-0874-4606-a8c1-3a083676ab73]
2025-03-28 13:08:12.388 [http-nio-8080-exec-10] DEBUG org.hibernate.sql.results.internal.ResultsHelper -Collection fully initialized: [com.sprint.mission.discodeit.entity.Message.attachmentIds#81ca0183-a2ec-49f1-a543-d33a33095d87]
2025-03-28 13:08:12.388 [http-nio-8080-exec-10] DEBUG org.hibernate.sql.results.internal.ResultsHelper -Collection fully initialized: [com.sprint.mission.discodeit.entity.Message.attachmentIds#e192edf0-21f6-4b14-88f7-3d8889897f9f]
2025-03-28 13:08:12.388 [http-nio-8080-exec-10] DEBUG org.hibernate.sql.results.internal.ResultsHelper -Collection fully initialized: [com.sprint.mission.discodeit.entity.Message.attachmentIds#1394fdfe-5c72-47e9-95f9-762651202a64]
2025-03-28 13:08:12.389 [http-nio-8080-exec-10] DEBUG org.hibernate.sql.results.internal.ResultsHelper -Collection fully initialized: [com.sprint.mission.discodeit.entity.Message.attachmentIds#286e413c-477a-46ff-b009-12be5ff1bf3b]
2025-03-28 13:08:12.389 [http-nio-8080-exec-10] DEBUG org.hibernate.sql.results.internal.ResultsHelper -Collection fully initialized: [com.sprint.mission.discodeit.entity.Message.attachmentIds#f4e83f25-9789-44c3-b5b4-b7e7d5bca84d]
2025-03-28 13:08:12.389 [http-nio-8080-exec-10] DEBUG org.hibernate.sql.results.internal.ResultsHelper -Collection fully initialized: [com.sprint.mission.discodeit.entity.Message.attachmentIds#120455f3-e5da-4218-8d0a-731fabeabf2d]
2025-03-28 13:08:12.389 [http-nio-8080-exec-10] DEBUG org.hibernate.sql.results.internal.ResultsHelper -Collection fully initialized: [com.sprint.mission.discodeit.entity.Message.attachmentIds#8cb2a4c5-fea7-431b-ad0d-503eacb40a68]
2025-03-28 13:08:12.389 [http-nio-8080-exec-10] DEBUG org.hibernate.sql.results.internal.ResultsHelper -Collection fully initialized: [com.sprint.mission.discodeit.entity.Message.attachmentIds#f369ba22-fe64-492f-a4e9-12f7d323d10a]
2025-03-28 13:08:12.389 [http-nio-8080-exec-10] DEBUG org.hibernate.sql.results.internal.ResultsHelper -Collection fully initialized: [com.sprint.mission.discodeit.entity.Message.attachmentIds#b3d41ff4-6638-47f8-ac13-df1369ebe316]
2025-03-28 13:08:12.389 [http-nio-8080-exec-10] DEBUG org.hibernate.sql.results.internal.ResultsHelper -Collection fully initialized: [com.sprint.mission.discodeit.entity.Message.attachmentIds#c8af6e60-8d9e-4c37-a0f8-ea95b17a4138]
2025-03-28 13:08:12.389 [http-nio-8080-exec-10] DEBUG org.hibernate.sql.results.internal.ResultsHelper -Collection fully initialized: [com.sprint.mission.discodeit.entity.Message.attachmentIds#22270357-f631-4b0b-a3e6-beb3606dd3ec]
2025-03-28 13:08:12.389 [http-nio-8080-exec-10] DEBUG org.hibernate.sql.results.internal.ResultsHelper -Collection fully initialized: [com.sprint.mission.discodeit.entity.Message.attachmentIds#1d1bd7bd-3f4d-4bb1-8bfe-15959993e475]
2025-03-28 13:08:12.389 [http-nio-8080-exec-10] DEBUG org.hibernate.sql.results.internal.ResultsHelper -Collection fully initialized: [com.sprint.mission.discodeit.entity.Message.attachmentIds#7fbc5b91-f752-4886-9826-01e15c059eac]
2025-03-28 13:08:12.409 [http-nio-8080-exec-10] DEBUG org.springframework.web.servlet.mvc.method.annotation.HttpEntityMethodProcessor -Using 'application/json', given [application/json, text/plain, */*] and supported [application/json, application/*+json, application/yaml]
2025-03-28 13:08:12.409 [http-nio-8080-exec-10] DEBUG org.springframework.web.servlet.mvc.method.annotation.HttpEntityMethodProcessor -Writing [com.sprint.mission.discodeit.dto.response.PageResponse@4bfc1e63]
2025-03-28 13:08:12.449 [http-nio-8080-exec-10] DEBUG org.springframework.web.servlet.DispatcherServlet -Completed 200 OK
2025-03-28 13:08:12.936 [http-nio-8080-exec-9] DEBUG org.springframework.web.servlet.DispatcherServlet -GET "/api/messages?channelId=fb861459-aa71-4721-8ed6-5199956000e9&size=50&sort=createdAt,desc", parameters={masked}
2025-03-28 13:08:12.936 [http-nio-8080-exec-9] DEBUG org.springframework.web.servlet.mvc.method.annotation.RequestMappingHandlerMapping -Mapped to com.sprint.mission.discodeit.controller.MessageController#findAllByChannelId(UUID, Instant, int)
2025-03-28 13:08:12.938 [http-nio-8080-exec-9] WARN  org.hibernate.orm.query              -HHH90003004: firstResult/maxResults specified with collection fetch; applying in memory
2025-03-28 13:08:12.948 [http-nio-8080-exec-9] DEBUG org.hibernate.sql.results.internal.ResultsHelper -Collection fully initialized: [com.sprint.mission.discodeit.entity.Message.attachmentIds#b87e1b9c-5503-4e14-8af8-b44557ceda4e]
2025-03-28 13:08:12.948 [http-nio-8080-exec-9] DEBUG org.hibernate.sql.results.internal.ResultsHelper -Collection fully initialized: [com.sprint.mission.discodeit.entity.Message.attachmentIds#88dddaf8-d306-4448-baf2-920a73e71928]
2025-03-28 13:08:12.948 [http-nio-8080-exec-9] DEBUG org.hibernate.sql.results.internal.ResultsHelper -Collection fully initialized: [com.sprint.mission.discodeit.entity.Message.attachmentIds#ae982b84-02b6-4360-a057-018e0cdb2434]
2025-03-28 13:08:12.948 [http-nio-8080-exec-9] DEBUG org.hibernate.sql.results.internal.ResultsHelper -Collection fully initialized: [com.sprint.mission.discodeit.entity.Message.attachmentIds#4f11ffc6-797c-4134-98c7-938b14751e59]
2025-03-28 13:08:12.948 [http-nio-8080-exec-9] DEBUG org.hibernate.sql.results.internal.ResultsHelper -Collection fully initialized: [com.sprint.mission.discodeit.entity.Message.attachmentIds#9690e9a4-21a1-43f7-9fc5-81eb72661e75]
2025-03-28 13:08:12.948 [http-nio-8080-exec-9] DEBUG org.hibernate.sql.results.internal.ResultsHelper -Collection fully initialized: [com.sprint.mission.discodeit.entity.Message.attachmentIds#792809d6-cc48-4036-b04d-bb96a032d920]
2025-03-28 13:08:12.948 [http-nio-8080-exec-9] DEBUG org.hibernate.sql.results.internal.ResultsHelper -Collection fully initialized: [com.sprint.mission.discodeit.entity.Message.attachmentIds#3d582dbb-2682-4b45-a835-72bdd322df4a]
2025-03-28 13:08:12.949 [http-nio-8080-exec-9] DEBUG org.hibernate.sql.results.internal.ResultsHelper -Collection fully initialized: [com.sprint.mission.discodeit.entity.Message.attachmentIds#4fcc1f5a-ee3c-4845-a4d4-778fedb3c874]
2025-03-28 13:08:12.949 [http-nio-8080-exec-9] DEBUG org.hibernate.sql.results.internal.ResultsHelper -Collection fully initialized: [com.sprint.mission.discodeit.entity.Message.attachmentIds#9e691408-f4de-4a95-910a-ca318ffe2fa3]
2025-03-28 13:08:12.949 [http-nio-8080-exec-9] DEBUG org.hibernate.sql.results.internal.ResultsHelper -Collection fully initialized: [com.sprint.mission.discodeit.entity.Message.attachmentIds#3c604c62-34c8-4faa-8f59-f9a016d04404]
2025-03-28 13:08:12.949 [http-nio-8080-exec-9] DEBUG org.hibernate.sql.results.internal.ResultsHelper -Collection fully initialized: [com.sprint.mission.discodeit.entity.Message.attachmentIds#3281936a-61d2-4cc3-9d2e-0792c5283b92]
2025-03-28 13:08:12.949 [http-nio-8080-exec-9] DEBUG org.hibernate.sql.results.internal.ResultsHelper -Collection fully initialized: [com.sprint.mission.discodeit.entity.Message.attachmentIds#7348bdba-39f9-4b02-b8d8-f1c7b4f1a18d]
2025-03-28 13:08:12.949 [http-nio-8080-exec-9] DEBUG org.hibernate.sql.results.internal.ResultsHelper -Collection fully initialized: [com.sprint.mission.discodeit.entity.Message.attachmentIds#f1ca445e-b436-4ee5-9711-031b94edcae3]
2025-03-28 13:08:12.949 [http-nio-8080-exec-9] DEBUG org.hibernate.sql.results.internal.ResultsHelper -Collection fully initialized: [com.sprint.mission.discodeit.entity.Message.attachmentIds#2b8ef2b7-6b77-4b08-81b2-ace3853cae93]
2025-03-28 13:08:12.949 [http-nio-8080-exec-9] DEBUG org.hibernate.sql.results.internal.ResultsHelper -Collection fully initialized: [com.sprint.mission.discodeit.entity.Message.attachmentIds#f6e5500f-5cc6-42c7-a81e-b7e3c84471e6]
2025-03-28 13:08:12.949 [http-nio-8080-exec-9] DEBUG org.hibernate.sql.results.internal.ResultsHelper -Collection fully initialized: [com.sprint.mission.discodeit.entity.Message.attachmentIds#ffc9e792-8c13-4ee6-a175-fa7a29717872]
2025-03-28 13:08:12.949 [http-nio-8080-exec-9] DEBUG org.hibernate.sql.results.internal.ResultsHelper -Collection fully initialized: [com.sprint.mission.discodeit.entity.Message.attachmentIds#21297a79-1a93-4615-aaaf-cc39e82138c3]
2025-03-28 13:08:12.949 [http-nio-8080-exec-9] DEBUG org.hibernate.sql.results.internal.ResultsHelper -Collection fully initialized: [com.sprint.mission.discodeit.entity.Message.attachmentIds#5e2bcdb8-9bc8-4a75-8bd0-0bdc4d698262]
2025-03-28 13:08:12.949 [http-nio-8080-exec-9] DEBUG org.hibernate.sql.results.internal.ResultsHelper -Collection fully initialized: [com.sprint.mission.discodeit.entity.Message.attachmentIds#5fcb3939-f9f7-4ab9-a645-cddee942677e]
2025-03-28 13:08:12.949 [http-nio-8080-exec-9] DEBUG org.hibernate.sql.results.internal.ResultsHelper -Collection fully initialized: [com.sprint.mission.discodeit.entity.Message.attachmentIds#77588fb7-6884-4b01-a31c-faab6fec65da]
2025-03-28 13:08:12.949 [http-nio-8080-exec-9] DEBUG org.hibernate.sql.results.internal.ResultsHelper -Collection fully initialized: [com.sprint.mission.discodeit.entity.Message.attachmentIds#ba0442fe-b908-48a6-8802-4d58d6cc8114]
2025-03-28 13:08:12.949 [http-nio-8080-exec-9] DEBUG org.hibernate.sql.results.internal.ResultsHelper -Collection fully initialized: [com.sprint.mission.discodeit.entity.Message.attachmentIds#7625c0a0-68d6-4cfc-b358-55abde948660]
2025-03-28 13:08:12.949 [http-nio-8080-exec-9] DEBUG org.hibernate.sql.results.internal.ResultsHelper -Collection fully initialized: [com.sprint.mission.discodeit.entity.Message.attachmentIds#8b11039d-420c-4fff-81bb-0940e837a642]
2025-03-28 13:08:12.949 [http-nio-8080-exec-9] DEBUG org.hibernate.sql.results.internal.ResultsHelper -Collection fully initialized: [com.sprint.mission.discodeit.entity.Message.attachmentIds#549e6626-7029-4966-85b3-3799ddabee64]
2025-03-28 13:08:12.949 [http-nio-8080-exec-9] DEBUG org.hibernate.sql.results.internal.ResultsHelper -Collection fully initialized: [com.sprint.mission.discodeit.entity.Message.attachmentIds#79a3fea1-4163-47e0-b6be-448e424c89f2]
2025-03-28 13:08:12.949 [http-nio-8080-exec-9] DEBUG org.hibernate.sql.results.internal.ResultsHelper -Collection fully initialized: [com.sprint.mission.discodeit.entity.Message.attachmentIds#b7ad1110-4577-4726-ac61-0cf0afac3e01]
2025-03-28 13:08:12.949 [http-nio-8080-exec-9] DEBUG org.hibernate.sql.results.internal.ResultsHelper -Collection fully initialized: [com.sprint.mission.discodeit.entity.Message.attachmentIds#71de75d0-b243-47e3-b771-619f2e9f1dd6]
2025-03-28 13:08:12.949 [http-nio-8080-exec-9] DEBUG org.hibernate.sql.results.internal.ResultsHelper -Collection fully initialized: [com.sprint.mission.discodeit.entity.Message.attachmentIds#c600ae86-66c1-420c-8d81-a0182905088f]
2025-03-28 13:08:12.949 [http-nio-8080-exec-9] DEBUG org.hibernate.sql.results.internal.ResultsHelper -Collection fully initialized: [com.sprint.mission.discodeit.entity.Message.attachmentIds#04351c6b-1385-4c9e-9e90-7033295783b7]
2025-03-28 13:08:12.949 [http-nio-8080-exec-9] DEBUG org.hibernate.sql.results.internal.ResultsHelper -Collection fully initialized: [com.sprint.mission.discodeit.entity.Message.attachmentIds#1723b37b-f7b6-4d6a-8ccf-11d00534f13b]
2025-03-28 13:08:12.949 [http-nio-8080-exec-9] DEBUG org.hibernate.sql.results.internal.ResultsHelper -Collection fully initialized: [com.sprint.mission.discodeit.entity.Message.attachmentIds#a3102a04-a27f-4388-96df-b240eaf16369]
2025-03-28 13:08:12.949 [http-nio-8080-exec-9] DEBUG org.hibernate.sql.results.internal.ResultsHelper -Collection fully initialized: [com.sprint.mission.discodeit.entity.Message.attachmentIds#318276f9-7639-44b8-b32e-69d43f9b1999]
2025-03-28 13:08:12.949 [http-nio-8080-exec-9] DEBUG org.hibernate.sql.results.internal.ResultsHelper -Collection fully initialized: [com.sprint.mission.discodeit.entity.Message.attachmentIds#8b1acf3d-704f-4ae8-9e67-3a0173851667]
2025-03-28 13:08:12.949 [http-nio-8080-exec-9] DEBUG org.hibernate.sql.results.internal.ResultsHelper -Collection fully initialized: [com.sprint.mission.discodeit.entity.Message.attachmentIds#31d166fd-f16f-48c1-8c26-ed7fdde184b7]
2025-03-28 13:08:12.949 [http-nio-8080-exec-9] DEBUG org.hibernate.sql.results.internal.ResultsHelper -Collection fully initialized: [com.sprint.mission.discodeit.entity.Message.attachmentIds#505fc0ba-83b4-4418-9ea5-76221fa0c3f2]
2025-03-28 13:08:12.949 [http-nio-8080-exec-9] DEBUG org.hibernate.sql.results.internal.ResultsHelper -Collection fully initialized: [com.sprint.mission.discodeit.entity.Message.attachmentIds#96d000e3-7b8c-4a6b-9332-76c9af041cae]
2025-03-28 13:08:12.949 [http-nio-8080-exec-9] DEBUG org.hibernate.sql.results.internal.ResultsHelper -Collection fully initialized: [com.sprint.mission.discodeit.entity.Message.attachmentIds#ae6a3af9-c242-4788-a38c-495862c821d9]
2025-03-28 13:08:12.949 [http-nio-8080-exec-9] DEBUG org.hibernate.sql.results.internal.ResultsHelper -Collection fully initialized: [com.sprint.mission.discodeit.entity.Message.attachmentIds#07b4c709-b888-405d-9186-151476022c7d]
2025-03-28 13:08:12.950 [http-nio-8080-exec-9] DEBUG org.hibernate.sql.results.internal.ResultsHelper -Collection fully initialized: [com.sprint.mission.discodeit.entity.Message.attachmentIds#ef00cd90-e5b4-4ab4-bea0-6a8b9034f038]
2025-03-28 13:08:12.950 [http-nio-8080-exec-9] DEBUG org.hibernate.sql.results.internal.ResultsHelper -Collection fully initialized: [com.sprint.mission.discodeit.entity.Message.attachmentIds#9d08d6e4-1114-4bab-9450-925fbc792dd4]
2025-03-28 13:08:12.950 [http-nio-8080-exec-9] DEBUG org.hibernate.sql.results.internal.ResultsHelper -Collection fully initialized: [com.sprint.mission.discodeit.entity.Message.attachmentIds#265a1160-4624-4f28-8fb3-d59a8c4d05db]
2025-03-28 13:08:12.950 [http-nio-8080-exec-9] DEBUG org.hibernate.sql.results.internal.ResultsHelper -Collection fully initialized: [com.sprint.mission.discodeit.entity.Message.attachmentIds#235fd912-9476-41be-bbfc-475cb584a2c9]
2025-03-28 13:08:12.950 [http-nio-8080-exec-9] DEBUG org.hibernate.sql.results.internal.ResultsHelper -Collection fully initialized: [com.sprint.mission.discodeit.entity.Message.attachmentIds#07ba0cd4-275d-4c7f-a0cb-b08e3b979568]
2025-03-28 13:08:12.950 [http-nio-8080-exec-9] DEBUG org.hibernate.sql.results.internal.ResultsHelper -Collection fully initialized: [com.sprint.mission.discodeit.entity.Message.attachmentIds#a951df3f-6e94-44af-96c5-3995d195ce37]
2025-03-28 13:08:12.950 [http-nio-8080-exec-9] DEBUG org.hibernate.sql.results.internal.ResultsHelper -Collection fully initialized: [com.sprint.mission.discodeit.entity.Message.attachmentIds#b934b5ed-0874-4606-a8c1-3a083676ab73]
2025-03-28 13:08:12.950 [http-nio-8080-exec-9] DEBUG org.hibernate.sql.results.internal.ResultsHelper -Collection fully initialized: [com.sprint.mission.discodeit.entity.Message.attachmentIds#81ca0183-a2ec-49f1-a543-d33a33095d87]
2025-03-28 13:08:12.950 [http-nio-8080-exec-9] DEBUG org.hibernate.sql.results.internal.ResultsHelper -Collection fully initialized: [com.sprint.mission.discodeit.entity.Message.attachmentIds#e192edf0-21f6-4b14-88f7-3d8889897f9f]
2025-03-28 13:08:12.950 [http-nio-8080-exec-9] DEBUG org.hibernate.sql.results.internal.ResultsHelper -Collection fully initialized: [com.sprint.mission.discodeit.entity.Message.attachmentIds#1394fdfe-5c72-47e9-95f9-762651202a64]
2025-03-28 13:08:12.950 [http-nio-8080-exec-9] DEBUG org.hibernate.sql.results.internal.ResultsHelper -Collection fully initialized: [com.sprint.mission.discodeit.entity.Message.attachmentIds#286e413c-477a-46ff-b009-12be5ff1bf3b]
2025-03-28 13:08:12.950 [http-nio-8080-exec-9] DEBUG org.hibernate.sql.results.internal.ResultsHelper -Collection fully initialized: [com.sprint.mission.discodeit.entity.Message.attachmentIds#f4e83f25-9789-44c3-b5b4-b7e7d5bca84d]
2025-03-28 13:08:12.950 [http-nio-8080-exec-9] DEBUG org.hibernate.sql.results.internal.ResultsHelper -Collection fully initialized: [com.sprint.mission.discodeit.entity.Message.attachmentIds#120455f3-e5da-4218-8d0a-731fabeabf2d]
2025-03-28 13:08:12.950 [http-nio-8080-exec-9] DEBUG org.hibernate.sql.results.internal.ResultsHelper -Collection fully initialized: [com.sprint.mission.discodeit.entity.Message.attachmentIds#8cb2a4c5-fea7-431b-ad0d-503eacb40a68]
2025-03-28 13:08:12.950 [http-nio-8080-exec-9] DEBUG org.hibernate.sql.results.internal.ResultsHelper -Collection fully initialized: [com.sprint.mission.discodeit.entity.Message.attachmentIds#f369ba22-fe64-492f-a4e9-12f7d323d10a]
2025-03-28 13:08:12.950 [http-nio-8080-exec-9] DEBUG org.hibernate.sql.results.internal.ResultsHelper -Collection fully initialized: [com.sprint.mission.discodeit.entity.Message.attachmentIds#b3d41ff4-6638-47f8-ac13-df1369ebe316]
2025-03-28 13:08:12.950 [http-nio-8080-exec-9] DEBUG org.hibernate.sql.results.internal.ResultsHelper -Collection fully initialized: [com.sprint.mission.discodeit.entity.Message.attachmentIds#c8af6e60-8d9e-4c37-a0f8-ea95b17a4138]
2025-03-28 13:08:12.950 [http-nio-8080-exec-9] DEBUG org.hibernate.sql.results.internal.ResultsHelper -Collection fully initialized: [com.sprint.mission.discodeit.entity.Message.attachmentIds#22270357-f631-4b0b-a3e6-beb3606dd3ec]
2025-03-28 13:08:12.950 [http-nio-8080-exec-9] DEBUG org.hibernate.sql.results.internal.ResultsHelper -Collection fully initialized: [com.sprint.mission.discodeit.entity.Message.attachmentIds#1d1bd7bd-3f4d-4bb1-8bfe-15959993e475]
2025-03-28 13:08:12.950 [http-nio-8080-exec-9] DEBUG org.hibernate.sql.results.internal.ResultsHelper -Collection fully initialized: [com.sprint.mission.discodeit.entity.Message.attachmentIds#7fbc5b91-f752-4886-9826-01e15c059eac]
2025-03-28 13:08:12.967 [http-nio-8080-exec-1] DEBUG org.springframework.web.servlet.DispatcherServlet -GET "/api/channels?userId=abfbc5ad-b5bc-48c6-b48e-7b25ef412fe0", parameters={masked}
2025-03-28 13:08:12.967 [http-nio-8080-exec-1] DEBUG org.springframework.web.servlet.mvc.method.annotation.RequestMappingHandlerMapping -Mapped to com.sprint.mission.discodeit.controller.ChannelController#findAll(UUID)
2025-03-28 13:08:12.971 [http-nio-8080-exec-9] DEBUG org.springframework.web.servlet.mvc.method.annotation.HttpEntityMethodProcessor -Using 'application/json', given [application/json, text/plain, */*] and supported [application/json, application/*+json, application/yaml]
2025-03-28 13:08:12.972 [http-nio-8080-exec-9] DEBUG org.springframework.web.servlet.mvc.method.annotation.HttpEntityMethodProcessor -Writing [com.sprint.mission.discodeit.dto.response.PageResponse@1cbb34f1]
2025-03-28 13:08:12.985 [http-nio-8080-exec-1] DEBUG org.hibernate.sql.results.internal.ResultsHelper -Collection fully initialized: [com.sprint.mission.discodeit.entity.Channel.messages#fb861459-aa71-4721-8ed6-5199956000e9]
2025-03-28 13:08:12.985 [http-nio-8080-exec-1] DEBUG org.hibernate.sql.results.internal.ResultsHelper -Collection fully initialized: [com.sprint.mission.discodeit.entity.Channel.readStatuses#c12a5958-cf69-47c0-bc6a-b4b3aca99b3b]
2025-03-28 13:08:12.985 [http-nio-8080-exec-1] DEBUG org.hibernate.sql.results.internal.ResultsHelper -Collection fully initialized: [com.sprint.mission.discodeit.entity.Channel.readStatuses#1be3ea47-28c9-4fbe-9672-6cb2cd2ceb5d]
2025-03-28 13:08:12.986 [http-nio-8080-exec-1] DEBUG org.hibernate.sql.results.internal.ResultsHelper -Collection fully initialized: [com.sprint.mission.discodeit.entity.Channel.messages#c12a5958-cf69-47c0-bc6a-b4b3aca99b3b]
2025-03-28 13:08:12.986 [http-nio-8080-exec-1] DEBUG org.hibernate.sql.results.internal.ResultsHelper -Collection fully initialized: [com.sprint.mission.discodeit.entity.Channel.readStatuses#fb861459-aa71-4721-8ed6-5199956000e9]
2025-03-28 13:08:12.986 [http-nio-8080-exec-1] DEBUG org.hibernate.sql.results.internal.ResultsHelper -Collection fully initialized: [com.sprint.mission.discodeit.entity.Channel.messages#1be3ea47-28c9-4fbe-9672-6cb2cd2ceb5d]
2025-03-28 13:08:12.989 [http-nio-8080-exec-1] INFO  com.sprint.mission.discodeit.service.basic.BasicChannelService -Find all channels by userId: userId=abfbc5ad-b5bc-48c6-b48e-7b25ef412fe0,조회된 채널 수=3
2025-03-28 13:08:12.990 [http-nio-8080-exec-1] DEBUG org.springframework.web.servlet.mvc.method.annotation.HttpEntityMethodProcessor -Using 'application/json', given [application/json, text/plain, */*] and supported [application/json, application/*+json, application/yaml]
2025-03-28 13:08:12.990 [http-nio-8080-exec-1] DEBUG org.springframework.web.servlet.mvc.method.annotation.HttpEntityMethodProcessor -Writing [[com.sprint.mission.discodeit.dto.channel.ChannelDto@43a1eaa5, com.sprint.mission.discodeit.dto.chan (truncated)...]
2025-03-28 13:08:12.992 [http-nio-8080-exec-1] DEBUG org.springframework.web.servlet.DispatcherServlet -Completed 200 OK
2025-03-28 13:08:13.004 [http-nio-8080-exec-2] DEBUG org.springframework.web.servlet.DispatcherServlet -GET "/api/readStatuses?userId=abfbc5ad-b5bc-48c6-b48e-7b25ef412fe0", parameters={masked}
2025-03-28 13:08:13.005 [http-nio-8080-exec-2] DEBUG org.springframework.web.servlet.mvc.method.annotation.RequestMappingHandlerMapping -Mapped to com.sprint.mission.discodeit.controller.ReadStatusController#findAllByUserId(UUID)
2025-03-28 13:08:13.012 [http-nio-8080-exec-2] DEBUG org.springframework.web.servlet.mvc.method.annotation.HttpEntityMethodProcessor -Using 'application/json', given [application/json, text/plain, */*] and supported [application/json, application/*+json, application/yaml]
2025-03-28 13:08:13.012 [http-nio-8080-exec-2] DEBUG org.springframework.web.servlet.mvc.method.annotation.HttpEntityMethodProcessor -Writing [[com.sprint.mission.discodeit.dto.readstatus.ReadStatusDto@763e2451, com.sprint.mission.discodeit.dt (truncated)...]
2025-03-28 13:08:13.015 [http-nio-8080-exec-2] DEBUG org.springframework.web.servlet.DispatcherServlet -Completed 201 CREATED
2025-03-28 13:08:13.017 [http-nio-8080-exec-9] DEBUG org.springframework.web.servlet.DispatcherServlet -Completed 200 OK
2025-03-28 13:08:13.716 [http-nio-8080-exec-3] DEBUG org.springframework.web.servlet.DispatcherServlet -GET "/api/messages?channelId=fb861459-aa71-4721-8ed6-5199956000e9&size=50&sort=createdAt,desc", parameters={masked}
2025-03-28 13:08:13.717 [http-nio-8080-exec-3] DEBUG org.springframework.web.servlet.mvc.method.annotation.RequestMappingHandlerMapping -Mapped to com.sprint.mission.discodeit.controller.MessageController#findAllByChannelId(UUID, Instant, int)
2025-03-28 13:08:13.718 [http-nio-8080-exec-3] WARN  org.hibernate.orm.query              -HHH90003004: firstResult/maxResults specified with collection fetch; applying in memory
2025-03-28 13:08:13.727 [http-nio-8080-exec-3] DEBUG org.hibernate.sql.results.internal.ResultsHelper -Collection fully initialized: [com.sprint.mission.discodeit.entity.Message.attachmentIds#b87e1b9c-5503-4e14-8af8-b44557ceda4e]
2025-03-28 13:08:13.727 [http-nio-8080-exec-3] DEBUG org.hibernate.sql.results.internal.ResultsHelper -Collection fully initialized: [com.sprint.mission.discodeit.entity.Message.attachmentIds#88dddaf8-d306-4448-baf2-920a73e71928]
2025-03-28 13:08:13.727 [http-nio-8080-exec-3] DEBUG org.hibernate.sql.results.internal.ResultsHelper -Collection fully initialized: [com.sprint.mission.discodeit.entity.Message.attachmentIds#ae982b84-02b6-4360-a057-018e0cdb2434]
2025-03-28 13:08:13.727 [http-nio-8080-exec-3] DEBUG org.hibernate.sql.results.internal.ResultsHelper -Collection fully initialized: [com.sprint.mission.discodeit.entity.Message.attachmentIds#4f11ffc6-797c-4134-98c7-938b14751e59]
2025-03-28 13:08:13.727 [http-nio-8080-exec-3] DEBUG org.hibernate.sql.results.internal.ResultsHelper -Collection fully initialized: [com.sprint.mission.discodeit.entity.Message.attachmentIds#9690e9a4-21a1-43f7-9fc5-81eb72661e75]
2025-03-28 13:08:13.727 [http-nio-8080-exec-3] DEBUG org.hibernate.sql.results.internal.ResultsHelper -Collection fully initialized: [com.sprint.mission.discodeit.entity.Message.attachmentIds#792809d6-cc48-4036-b04d-bb96a032d920]
2025-03-28 13:08:13.727 [http-nio-8080-exec-3] DEBUG org.hibernate.sql.results.internal.ResultsHelper -Collection fully initialized: [com.sprint.mission.discodeit.entity.Message.attachmentIds#3d582dbb-2682-4b45-a835-72bdd322df4a]
2025-03-28 13:08:13.727 [http-nio-8080-exec-3] DEBUG org.hibernate.sql.results.internal.ResultsHelper -Collection fully initialized: [com.sprint.mission.discodeit.entity.Message.attachmentIds#4fcc1f5a-ee3c-4845-a4d4-778fedb3c874]
2025-03-28 13:08:13.727 [http-nio-8080-exec-3] DEBUG org.hibernate.sql.results.internal.ResultsHelper -Collection fully initialized: [com.sprint.mission.discodeit.entity.Message.attachmentIds#9e691408-f4de-4a95-910a-ca318ffe2fa3]
2025-03-28 13:08:13.727 [http-nio-8080-exec-3] DEBUG org.hibernate.sql.results.internal.ResultsHelper -Collection fully initialized: [com.sprint.mission.discodeit.entity.Message.attachmentIds#3c604c62-34c8-4faa-8f59-f9a016d04404]
2025-03-28 13:08:13.727 [http-nio-8080-exec-3] DEBUG org.hibernate.sql.results.internal.ResultsHelper -Collection fully initialized: [com.sprint.mission.discodeit.entity.Message.attachmentIds#3281936a-61d2-4cc3-9d2e-0792c5283b92]
2025-03-28 13:08:13.727 [http-nio-8080-exec-3] DEBUG org.hibernate.sql.results.internal.ResultsHelper -Collection fully initialized: [com.sprint.mission.discodeit.entity.Message.attachmentIds#7348bdba-39f9-4b02-b8d8-f1c7b4f1a18d]
2025-03-28 13:08:13.727 [http-nio-8080-exec-3] DEBUG org.hibernate.sql.results.internal.ResultsHelper -Collection fully initialized: [com.sprint.mission.discodeit.entity.Message.attachmentIds#f1ca445e-b436-4ee5-9711-031b94edcae3]
2025-03-28 13:08:13.727 [http-nio-8080-exec-3] DEBUG org.hibernate.sql.results.internal.ResultsHelper -Collection fully initialized: [com.sprint.mission.discodeit.entity.Message.attachmentIds#2b8ef2b7-6b77-4b08-81b2-ace3853cae93]
2025-03-28 13:08:13.727 [http-nio-8080-exec-3] DEBUG org.hibernate.sql.results.internal.ResultsHelper -Collection fully initialized: [com.sprint.mission.discodeit.entity.Message.attachmentIds#f6e5500f-5cc6-42c7-a81e-b7e3c84471e6]
2025-03-28 13:08:13.727 [http-nio-8080-exec-3] DEBUG org.hibernate.sql.results.internal.ResultsHelper -Collection fully initialized: [com.sprint.mission.discodeit.entity.Message.attachmentIds#ffc9e792-8c13-4ee6-a175-fa7a29717872]
2025-03-28 13:08:13.727 [http-nio-8080-exec-3] DEBUG org.hibernate.sql.results.internal.ResultsHelper -Collection fully initialized: [com.sprint.mission.discodeit.entity.Message.attachmentIds#21297a79-1a93-4615-aaaf-cc39e82138c3]
2025-03-28 13:08:13.727 [http-nio-8080-exec-3] DEBUG org.hibernate.sql.results.internal.ResultsHelper -Collection fully initialized: [com.sprint.mission.discodeit.entity.Message.attachmentIds#5e2bcdb8-9bc8-4a75-8bd0-0bdc4d698262]
2025-03-28 13:08:13.727 [http-nio-8080-exec-3] DEBUG org.hibernate.sql.results.internal.ResultsHelper -Collection fully initialized: [com.sprint.mission.discodeit.entity.Message.attachmentIds#5fcb3939-f9f7-4ab9-a645-cddee942677e]
2025-03-28 13:08:13.727 [http-nio-8080-exec-3] DEBUG org.hibernate.sql.results.internal.ResultsHelper -Collection fully initialized: [com.sprint.mission.discodeit.entity.Message.attachmentIds#77588fb7-6884-4b01-a31c-faab6fec65da]
2025-03-28 13:08:13.727 [http-nio-8080-exec-3] DEBUG org.hibernate.sql.results.internal.ResultsHelper -Collection fully initialized: [com.sprint.mission.discodeit.entity.Message.attachmentIds#ba0442fe-b908-48a6-8802-4d58d6cc8114]
2025-03-28 13:08:13.727 [http-nio-8080-exec-3] DEBUG org.hibernate.sql.results.internal.ResultsHelper -Collection fully initialized: [com.sprint.mission.discodeit.entity.Message.attachmentIds#7625c0a0-68d6-4cfc-b358-55abde948660]
2025-03-28 13:08:13.727 [http-nio-8080-exec-3] DEBUG org.hibernate.sql.results.internal.ResultsHelper -Collection fully initialized: [com.sprint.mission.discodeit.entity.Message.attachmentIds#8b11039d-420c-4fff-81bb-0940e837a642]
2025-03-28 13:08:13.727 [http-nio-8080-exec-3] DEBUG org.hibernate.sql.results.internal.ResultsHelper -Collection fully initialized: [com.sprint.mission.discodeit.entity.Message.attachmentIds#549e6626-7029-4966-85b3-3799ddabee64]
2025-03-28 13:08:13.727 [http-nio-8080-exec-3] DEBUG org.hibernate.sql.results.internal.ResultsHelper -Collection fully initialized: [com.sprint.mission.discodeit.entity.Message.attachmentIds#79a3fea1-4163-47e0-b6be-448e424c89f2]
2025-03-28 13:08:13.727 [http-nio-8080-exec-3] DEBUG org.hibernate.sql.results.internal.ResultsHelper -Collection fully initialized: [com.sprint.mission.discodeit.entity.Message.attachmentIds#b7ad1110-4577-4726-ac61-0cf0afac3e01]
2025-03-28 13:08:13.727 [http-nio-8080-exec-3] DEBUG org.hibernate.sql.results.internal.ResultsHelper -Collection fully initialized: [com.sprint.mission.discodeit.entity.Message.attachmentIds#71de75d0-b243-47e3-b771-619f2e9f1dd6]
2025-03-28 13:08:13.727 [http-nio-8080-exec-3] DEBUG org.hibernate.sql.results.internal.ResultsHelper -Collection fully initialized: [com.sprint.mission.discodeit.entity.Message.attachmentIds#c600ae86-66c1-420c-8d81-a0182905088f]
2025-03-28 13:08:13.727 [http-nio-8080-exec-3] DEBUG org.hibernate.sql.results.internal.ResultsHelper -Collection fully initialized: [com.sprint.mission.discodeit.entity.Message.attachmentIds#04351c6b-1385-4c9e-9e90-7033295783b7]
2025-03-28 13:08:13.727 [http-nio-8080-exec-3] DEBUG org.hibernate.sql.results.internal.ResultsHelper -Collection fully initialized: [com.sprint.mission.discodeit.entity.Message.attachmentIds#1723b37b-f7b6-4d6a-8ccf-11d00534f13b]
2025-03-28 13:08:13.727 [http-nio-8080-exec-3] DEBUG org.hibernate.sql.results.internal.ResultsHelper -Collection fully initialized: [com.sprint.mission.discodeit.entity.Message.attachmentIds#a3102a04-a27f-4388-96df-b240eaf16369]
2025-03-28 13:08:13.727 [http-nio-8080-exec-3] DEBUG org.hibernate.sql.results.internal.ResultsHelper -Collection fully initialized: [com.sprint.mission.discodeit.entity.Message.attachmentIds#318276f9-7639-44b8-b32e-69d43f9b1999]
2025-03-28 13:08:13.727 [http-nio-8080-exec-3] DEBUG org.hibernate.sql.results.internal.ResultsHelper -Collection fully initialized: [com.sprint.mission.discodeit.entity.Message.attachmentIds#8b1acf3d-704f-4ae8-9e67-3a0173851667]
2025-03-28 13:08:13.727 [http-nio-8080-exec-3] DEBUG org.hibernate.sql.results.internal.ResultsHelper -Collection fully initialized: [com.sprint.mission.discodeit.entity.Message.attachmentIds#31d166fd-f16f-48c1-8c26-ed7fdde184b7]
2025-03-28 13:08:13.727 [http-nio-8080-exec-3] DEBUG org.hibernate.sql.results.internal.ResultsHelper -Collection fully initialized: [com.sprint.mission.discodeit.entity.Message.attachmentIds#505fc0ba-83b4-4418-9ea5-76221fa0c3f2]
2025-03-28 13:08:13.727 [http-nio-8080-exec-3] DEBUG org.hibernate.sql.results.internal.ResultsHelper -Collection fully initialized: [com.sprint.mission.discodeit.entity.Message.attachmentIds#96d000e3-7b8c-4a6b-9332-76c9af041cae]
2025-03-28 13:08:13.728 [http-nio-8080-exec-3] DEBUG org.hibernate.sql.results.internal.ResultsHelper -Collection fully initialized: [com.sprint.mission.discodeit.entity.Message.attachmentIds#ae6a3af9-c242-4788-a38c-495862c821d9]
2025-03-28 13:08:13.728 [http-nio-8080-exec-3] DEBUG org.hibernate.sql.results.internal.ResultsHelper -Collection fully initialized: [com.sprint.mission.discodeit.entity.Message.attachmentIds#07b4c709-b888-405d-9186-151476022c7d]
2025-03-28 13:08:13.728 [http-nio-8080-exec-3] DEBUG org.hibernate.sql.results.internal.ResultsHelper -Collection fully initialized: [com.sprint.mission.discodeit.entity.Message.attachmentIds#ef00cd90-e5b4-4ab4-bea0-6a8b9034f038]
2025-03-28 13:08:13.728 [http-nio-8080-exec-3] DEBUG org.hibernate.sql.results.internal.ResultsHelper -Collection fully initialized: [com.sprint.mission.discodeit.entity.Message.attachmentIds#9d08d6e4-1114-4bab-9450-925fbc792dd4]
2025-03-28 13:08:13.728 [http-nio-8080-exec-3] DEBUG org.hibernate.sql.results.internal.ResultsHelper -Collection fully initialized: [com.sprint.mission.discodeit.entity.Message.attachmentIds#265a1160-4624-4f28-8fb3-d59a8c4d05db]
2025-03-28 13:08:13.728 [http-nio-8080-exec-3] DEBUG org.hibernate.sql.results.internal.ResultsHelper -Collection fully initialized: [com.sprint.mission.discodeit.entity.Message.attachmentIds#235fd912-9476-41be-bbfc-475cb584a2c9]
2025-03-28 13:08:13.728 [http-nio-8080-exec-3] DEBUG org.hibernate.sql.results.internal.ResultsHelper -Collection fully initialized: [com.sprint.mission.discodeit.entity.Message.attachmentIds#07ba0cd4-275d-4c7f-a0cb-b08e3b979568]
2025-03-28 13:08:13.728 [http-nio-8080-exec-3] DEBUG org.hibernate.sql.results.internal.ResultsHelper -Collection fully initialized: [com.sprint.mission.discodeit.entity.Message.attachmentIds#a951df3f-6e94-44af-96c5-3995d195ce37]
2025-03-28 13:08:13.728 [http-nio-8080-exec-3] DEBUG org.hibernate.sql.results.internal.ResultsHelper -Collection fully initialized: [com.sprint.mission.discodeit.entity.Message.attachmentIds#b934b5ed-0874-4606-a8c1-3a083676ab73]
2025-03-28 13:08:13.728 [http-nio-8080-exec-3] DEBUG org.hibernate.sql.results.internal.ResultsHelper -Collection fully initialized: [com.sprint.mission.discodeit.entity.Message.attachmentIds#81ca0183-a2ec-49f1-a543-d33a33095d87]
2025-03-28 13:08:13.728 [http-nio-8080-exec-3] DEBUG org.hibernate.sql.results.internal.ResultsHelper -Collection fully initialized: [com.sprint.mission.discodeit.entity.Message.attachmentIds#e192edf0-21f6-4b14-88f7-3d8889897f9f]
2025-03-28 13:08:13.728 [http-nio-8080-exec-3] DEBUG org.hibernate.sql.results.internal.ResultsHelper -Collection fully initialized: [com.sprint.mission.discodeit.entity.Message.attachmentIds#1394fdfe-5c72-47e9-95f9-762651202a64]
2025-03-28 13:08:13.728 [http-nio-8080-exec-3] DEBUG org.hibernate.sql.results.internal.ResultsHelper -Collection fully initialized: [com.sprint.mission.discodeit.entity.Message.attachmentIds#286e413c-477a-46ff-b009-12be5ff1bf3b]
2025-03-28 13:08:13.728 [http-nio-8080-exec-3] DEBUG org.hibernate.sql.results.internal.ResultsHelper -Collection fully initialized: [com.sprint.mission.discodeit.entity.Message.attachmentIds#f4e83f25-9789-44c3-b5b4-b7e7d5bca84d]
2025-03-28 13:08:13.728 [http-nio-8080-exec-3] DEBUG org.hibernate.sql.results.internal.ResultsHelper -Collection fully initialized: [com.sprint.mission.discodeit.entity.Message.attachmentIds#120455f3-e5da-4218-8d0a-731fabeabf2d]
2025-03-28 13:08:13.728 [http-nio-8080-exec-3] DEBUG org.hibernate.sql.results.internal.ResultsHelper -Collection fully initialized: [com.sprint.mission.discodeit.entity.Message.attachmentIds#8cb2a4c5-fea7-431b-ad0d-503eacb40a68]
2025-03-28 13:08:13.728 [http-nio-8080-exec-3] DEBUG org.hibernate.sql.results.internal.ResultsHelper -Collection fully initialized: [com.sprint.mission.discodeit.entity.Message.attachmentIds#f369ba22-fe64-492f-a4e9-12f7d323d10a]
2025-03-28 13:08:13.728 [http-nio-8080-exec-3] DEBUG org.hibernate.sql.results.internal.ResultsHelper -Collection fully initialized: [com.sprint.mission.discodeit.entity.Message.attachmentIds#b3d41ff4-6638-47f8-ac13-df1369ebe316]
2025-03-28 13:08:13.728 [http-nio-8080-exec-3] DEBUG org.hibernate.sql.results.internal.ResultsHelper -Collection fully initialized: [com.sprint.mission.discodeit.entity.Message.attachmentIds#c8af6e60-8d9e-4c37-a0f8-ea95b17a4138]
2025-03-28 13:08:13.728 [http-nio-8080-exec-3] DEBUG org.hibernate.sql.results.internal.ResultsHelper -Collection fully initialized: [com.sprint.mission.discodeit.entity.Message.attachmentIds#22270357-f631-4b0b-a3e6-beb3606dd3ec]
2025-03-28 13:08:13.728 [http-nio-8080-exec-3] DEBUG org.hibernate.sql.results.internal.ResultsHelper -Collection fully initialized: [com.sprint.mission.discodeit.entity.Message.attachmentIds#1d1bd7bd-3f4d-4bb1-8bfe-15959993e475]
2025-03-28 13:08:13.728 [http-nio-8080-exec-3] DEBUG org.hibernate.sql.results.internal.ResultsHelper -Collection fully initialized: [com.sprint.mission.discodeit.entity.Message.attachmentIds#7fbc5b91-f752-4886-9826-01e15c059eac]
2025-03-28 13:08:13.739 [http-nio-8080-exec-3] DEBUG org.springframework.web.servlet.mvc.method.annotation.HttpEntityMethodProcessor -Using 'application/json', given [application/json, text/plain, */*] and supported [application/json, application/*+json, application/yaml]
2025-03-28 13:08:13.739 [http-nio-8080-exec-3] DEBUG org.springframework.web.servlet.mvc.method.annotation.HttpEntityMethodProcessor -Writing [com.sprint.mission.discodeit.dto.response.PageResponse@4792608d]
2025-03-28 13:08:13.772 [http-nio-8080-exec-3] DEBUG org.springframework.web.servlet.DispatcherServlet -Completed 200 OK
2025-03-28 13:08:14.805 [http-nio-8080-exec-8] DEBUG org.springframework.web.servlet.DispatcherServlet -GET "/api/messages?channelId=fb861459-aa71-4721-8ed6-5199956000e9&size=50&sort=createdAt,desc", parameters={masked}
2025-03-28 13:08:14.805 [http-nio-8080-exec-8] DEBUG org.springframework.web.servlet.mvc.method.annotation.RequestMappingHandlerMapping -Mapped to com.sprint.mission.discodeit.controller.MessageController#findAllByChannelId(UUID, Instant, int)
2025-03-28 13:08:14.807 [http-nio-8080-exec-8] WARN  org.hibernate.orm.query              -HHH90003004: firstResult/maxResults specified with collection fetch; applying in memory
2025-03-28 13:08:14.817 [http-nio-8080-exec-8] DEBUG org.hibernate.sql.results.internal.ResultsHelper -Collection fully initialized: [com.sprint.mission.discodeit.entity.Message.attachmentIds#b87e1b9c-5503-4e14-8af8-b44557ceda4e]
2025-03-28 13:08:14.817 [http-nio-8080-exec-8] DEBUG org.hibernate.sql.results.internal.ResultsHelper -Collection fully initialized: [com.sprint.mission.discodeit.entity.Message.attachmentIds#88dddaf8-d306-4448-baf2-920a73e71928]
2025-03-28 13:08:14.817 [http-nio-8080-exec-8] DEBUG org.hibernate.sql.results.internal.ResultsHelper -Collection fully initialized: [com.sprint.mission.discodeit.entity.Message.attachmentIds#ae982b84-02b6-4360-a057-018e0cdb2434]
2025-03-28 13:08:14.817 [http-nio-8080-exec-8] DEBUG org.hibernate.sql.results.internal.ResultsHelper -Collection fully initialized: [com.sprint.mission.discodeit.entity.Message.attachmentIds#4f11ffc6-797c-4134-98c7-938b14751e59]
2025-03-28 13:08:14.817 [http-nio-8080-exec-8] DEBUG org.hibernate.sql.results.internal.ResultsHelper -Collection fully initialized: [com.sprint.mission.discodeit.entity.Message.attachmentIds#9690e9a4-21a1-43f7-9fc5-81eb72661e75]
2025-03-28 13:08:14.817 [http-nio-8080-exec-8] DEBUG org.hibernate.sql.results.internal.ResultsHelper -Collection fully initialized: [com.sprint.mission.discodeit.entity.Message.attachmentIds#792809d6-cc48-4036-b04d-bb96a032d920]
2025-03-28 13:08:14.817 [http-nio-8080-exec-8] DEBUG org.hibernate.sql.results.internal.ResultsHelper -Collection fully initialized: [com.sprint.mission.discodeit.entity.Message.attachmentIds#3d582dbb-2682-4b45-a835-72bdd322df4a]
2025-03-28 13:08:14.817 [http-nio-8080-exec-8] DEBUG org.hibernate.sql.results.internal.ResultsHelper -Collection fully initialized: [com.sprint.mission.discodeit.entity.Message.attachmentIds#4fcc1f5a-ee3c-4845-a4d4-778fedb3c874]
2025-03-28 13:08:14.817 [http-nio-8080-exec-8] DEBUG org.hibernate.sql.results.internal.ResultsHelper -Collection fully initialized: [com.sprint.mission.discodeit.entity.Message.attachmentIds#9e691408-f4de-4a95-910a-ca318ffe2fa3]
2025-03-28 13:08:14.817 [http-nio-8080-exec-8] DEBUG org.hibernate.sql.results.internal.ResultsHelper -Collection fully initialized: [com.sprint.mission.discodeit.entity.Message.attachmentIds#3c604c62-34c8-4faa-8f59-f9a016d04404]
2025-03-28 13:08:14.817 [http-nio-8080-exec-8] DEBUG org.hibernate.sql.results.internal.ResultsHelper -Collection fully initialized: [com.sprint.mission.discodeit.entity.Message.attachmentIds#3281936a-61d2-4cc3-9d2e-0792c5283b92]
2025-03-28 13:08:14.817 [http-nio-8080-exec-8] DEBUG org.hibernate.sql.results.internal.ResultsHelper -Collection fully initialized: [com.sprint.mission.discodeit.entity.Message.attachmentIds#7348bdba-39f9-4b02-b8d8-f1c7b4f1a18d]
2025-03-28 13:08:14.817 [http-nio-8080-exec-8] DEBUG org.hibernate.sql.results.internal.ResultsHelper -Collection fully initialized: [com.sprint.mission.discodeit.entity.Message.attachmentIds#f1ca445e-b436-4ee5-9711-031b94edcae3]
2025-03-28 13:08:14.817 [http-nio-8080-exec-8] DEBUG org.hibernate.sql.results.internal.ResultsHelper -Collection fully initialized: [com.sprint.mission.discodeit.entity.Message.attachmentIds#2b8ef2b7-6b77-4b08-81b2-ace3853cae93]
2025-03-28 13:08:14.817 [http-nio-8080-exec-8] DEBUG org.hibernate.sql.results.internal.ResultsHelper -Collection fully initialized: [com.sprint.mission.discodeit.entity.Message.attachmentIds#f6e5500f-5cc6-42c7-a81e-b7e3c84471e6]
2025-03-28 13:08:14.817 [http-nio-8080-exec-8] DEBUG org.hibernate.sql.results.internal.ResultsHelper -Collection fully initialized: [com.sprint.mission.discodeit.entity.Message.attachmentIds#ffc9e792-8c13-4ee6-a175-fa7a29717872]
2025-03-28 13:08:14.817 [http-nio-8080-exec-8] DEBUG org.hibernate.sql.results.internal.ResultsHelper -Collection fully initialized: [com.sprint.mission.discodeit.entity.Message.attachmentIds#21297a79-1a93-4615-aaaf-cc39e82138c3]
2025-03-28 13:08:14.817 [http-nio-8080-exec-8] DEBUG org.hibernate.sql.results.internal.ResultsHelper -Collection fully initialized: [com.sprint.mission.discodeit.entity.Message.attachmentIds#5e2bcdb8-9bc8-4a75-8bd0-0bdc4d698262]
2025-03-28 13:08:14.817 [http-nio-8080-exec-8] DEBUG org.hibernate.sql.results.internal.ResultsHelper -Collection fully initialized: [com.sprint.mission.discodeit.entity.Message.attachmentIds#5fcb3939-f9f7-4ab9-a645-cddee942677e]
2025-03-28 13:08:14.817 [http-nio-8080-exec-8] DEBUG org.hibernate.sql.results.internal.ResultsHelper -Collection fully initialized: [com.sprint.mission.discodeit.entity.Message.attachmentIds#77588fb7-6884-4b01-a31c-faab6fec65da]
2025-03-28 13:08:14.817 [http-nio-8080-exec-8] DEBUG org.hibernate.sql.results.internal.ResultsHelper -Collection fully initialized: [com.sprint.mission.discodeit.entity.Message.attachmentIds#ba0442fe-b908-48a6-8802-4d58d6cc8114]
2025-03-28 13:08:14.817 [http-nio-8080-exec-8] DEBUG org.hibernate.sql.results.internal.ResultsHelper -Collection fully initialized: [com.sprint.mission.discodeit.entity.Message.attachmentIds#7625c0a0-68d6-4cfc-b358-55abde948660]
2025-03-28 13:08:14.817 [http-nio-8080-exec-8] DEBUG org.hibernate.sql.results.internal.ResultsHelper -Collection fully initialized: [com.sprint.mission.discodeit.entity.Message.attachmentIds#8b11039d-420c-4fff-81bb-0940e837a642]
2025-03-28 13:08:14.817 [http-nio-8080-exec-8] DEBUG org.hibernate.sql.results.internal.ResultsHelper -Collection fully initialized: [com.sprint.mission.discodeit.entity.Message.attachmentIds#549e6626-7029-4966-85b3-3799ddabee64]
2025-03-28 13:08:14.818 [http-nio-8080-exec-8] DEBUG org.hibernate.sql.results.internal.ResultsHelper -Collection fully initialized: [com.sprint.mission.discodeit.entity.Message.attachmentIds#79a3fea1-4163-47e0-b6be-448e424c89f2]
2025-03-28 13:08:14.818 [http-nio-8080-exec-8] DEBUG org.hibernate.sql.results.internal.ResultsHelper -Collection fully initialized: [com.sprint.mission.discodeit.entity.Message.attachmentIds#b7ad1110-4577-4726-ac61-0cf0afac3e01]
2025-03-28 13:08:14.818 [http-nio-8080-exec-8] DEBUG org.hibernate.sql.results.internal.ResultsHelper -Collection fully initialized: [com.sprint.mission.discodeit.entity.Message.attachmentIds#71de75d0-b243-47e3-b771-619f2e9f1dd6]
2025-03-28 13:08:14.818 [http-nio-8080-exec-8] DEBUG org.hibernate.sql.results.internal.ResultsHelper -Collection fully initialized: [com.sprint.mission.discodeit.entity.Message.attachmentIds#c600ae86-66c1-420c-8d81-a0182905088f]
2025-03-28 13:08:14.818 [http-nio-8080-exec-8] DEBUG org.hibernate.sql.results.internal.ResultsHelper -Collection fully initialized: [com.sprint.mission.discodeit.entity.Message.attachmentIds#04351c6b-1385-4c9e-9e90-7033295783b7]
2025-03-28 13:08:14.818 [http-nio-8080-exec-8] DEBUG org.hibernate.sql.results.internal.ResultsHelper -Collection fully initialized: [com.sprint.mission.discodeit.entity.Message.attachmentIds#1723b37b-f7b6-4d6a-8ccf-11d00534f13b]
2025-03-28 13:08:14.818 [http-nio-8080-exec-8] DEBUG org.hibernate.sql.results.internal.ResultsHelper -Collection fully initialized: [com.sprint.mission.discodeit.entity.Message.attachmentIds#a3102a04-a27f-4388-96df-b240eaf16369]
2025-03-28 13:08:14.818 [http-nio-8080-exec-8] DEBUG org.hibernate.sql.results.internal.ResultsHelper -Collection fully initialized: [com.sprint.mission.discodeit.entity.Message.attachmentIds#318276f9-7639-44b8-b32e-69d43f9b1999]
2025-03-28 13:08:14.818 [http-nio-8080-exec-8] DEBUG org.hibernate.sql.results.internal.ResultsHelper -Collection fully initialized: [com.sprint.mission.discodeit.entity.Message.attachmentIds#8b1acf3d-704f-4ae8-9e67-3a0173851667]
2025-03-28 13:08:14.818 [http-nio-8080-exec-8] DEBUG org.hibernate.sql.results.internal.ResultsHelper -Collection fully initialized: [com.sprint.mission.discodeit.entity.Message.attachmentIds#31d166fd-f16f-48c1-8c26-ed7fdde184b7]
2025-03-28 13:08:14.818 [http-nio-8080-exec-8] DEBUG org.hibernate.sql.results.internal.ResultsHelper -Collection fully initialized: [com.sprint.mission.discodeit.entity.Message.attachmentIds#505fc0ba-83b4-4418-9ea5-76221fa0c3f2]
2025-03-28 13:08:14.818 [http-nio-8080-exec-8] DEBUG org.hibernate.sql.results.internal.ResultsHelper -Collection fully initialized: [com.sprint.mission.discodeit.entity.Message.attachmentIds#96d000e3-7b8c-4a6b-9332-76c9af041cae]
2025-03-28 13:08:14.818 [http-nio-8080-exec-8] DEBUG org.hibernate.sql.results.internal.ResultsHelper -Collection fully initialized: [com.sprint.mission.discodeit.entity.Message.attachmentIds#ae6a3af9-c242-4788-a38c-495862c821d9]
2025-03-28 13:08:14.818 [http-nio-8080-exec-8] DEBUG org.hibernate.sql.results.internal.ResultsHelper -Collection fully initialized: [com.sprint.mission.discodeit.entity.Message.attachmentIds#07b4c709-b888-405d-9186-151476022c7d]
2025-03-28 13:08:14.818 [http-nio-8080-exec-8] DEBUG org.hibernate.sql.results.internal.ResultsHelper -Collection fully initialized: [com.sprint.mission.discodeit.entity.Message.attachmentIds#ef00cd90-e5b4-4ab4-bea0-6a8b9034f038]
2025-03-28 13:08:14.818 [http-nio-8080-exec-8] DEBUG org.hibernate.sql.results.internal.ResultsHelper -Collection fully initialized: [com.sprint.mission.discodeit.entity.Message.attachmentIds#9d08d6e4-1114-4bab-9450-925fbc792dd4]
2025-03-28 13:08:14.818 [http-nio-8080-exec-8] DEBUG org.hibernate.sql.results.internal.ResultsHelper -Collection fully initialized: [com.sprint.mission.discodeit.entity.Message.attachmentIds#265a1160-4624-4f28-8fb3-d59a8c4d05db]
2025-03-28 13:08:14.818 [http-nio-8080-exec-8] DEBUG org.hibernate.sql.results.internal.ResultsHelper -Collection fully initialized: [com.sprint.mission.discodeit.entity.Message.attachmentIds#235fd912-9476-41be-bbfc-475cb584a2c9]
2025-03-28 13:08:14.818 [http-nio-8080-exec-8] DEBUG org.hibernate.sql.results.internal.ResultsHelper -Collection fully initialized: [com.sprint.mission.discodeit.entity.Message.attachmentIds#07ba0cd4-275d-4c7f-a0cb-b08e3b979568]
2025-03-28 13:08:14.818 [http-nio-8080-exec-8] DEBUG org.hibernate.sql.results.internal.ResultsHelper -Collection fully initialized: [com.sprint.mission.discodeit.entity.Message.attachmentIds#a951df3f-6e94-44af-96c5-3995d195ce37]
2025-03-28 13:08:14.818 [http-nio-8080-exec-8] DEBUG org.hibernate.sql.results.internal.ResultsHelper -Collection fully initialized: [com.sprint.mission.discodeit.entity.Message.attachmentIds#b934b5ed-0874-4606-a8c1-3a083676ab73]
2025-03-28 13:08:14.818 [http-nio-8080-exec-8] DEBUG org.hibernate.sql.results.internal.ResultsHelper -Collection fully initialized: [com.sprint.mission.discodeit.entity.Message.attachmentIds#81ca0183-a2ec-49f1-a543-d33a33095d87]
2025-03-28 13:08:14.818 [http-nio-8080-exec-8] DEBUG org.hibernate.sql.results.internal.ResultsHelper -Collection fully initialized: [com.sprint.mission.discodeit.entity.Message.attachmentIds#e192edf0-21f6-4b14-88f7-3d8889897f9f]
2025-03-28 13:08:14.818 [http-nio-8080-exec-8] DEBUG org.hibernate.sql.results.internal.ResultsHelper -Collection fully initialized: [com.sprint.mission.discodeit.entity.Message.attachmentIds#1394fdfe-5c72-47e9-95f9-762651202a64]
2025-03-28 13:08:14.818 [http-nio-8080-exec-8] DEBUG org.hibernate.sql.results.internal.ResultsHelper -Collection fully initialized: [com.sprint.mission.discodeit.entity.Message.attachmentIds#286e413c-477a-46ff-b009-12be5ff1bf3b]
2025-03-28 13:08:14.818 [http-nio-8080-exec-8] DEBUG org.hibernate.sql.results.internal.ResultsHelper -Collection fully initialized: [com.sprint.mission.discodeit.entity.Message.attachmentIds#f4e83f25-9789-44c3-b5b4-b7e7d5bca84d]
2025-03-28 13:08:14.818 [http-nio-8080-exec-8] DEBUG org.hibernate.sql.results.internal.ResultsHelper -Collection fully initialized: [com.sprint.mission.discodeit.entity.Message.attachmentIds#120455f3-e5da-4218-8d0a-731fabeabf2d]
2025-03-28 13:08:14.818 [http-nio-8080-exec-8] DEBUG org.hibernate.sql.results.internal.ResultsHelper -Collection fully initialized: [com.sprint.mission.discodeit.entity.Message.attachmentIds#8cb2a4c5-fea7-431b-ad0d-503eacb40a68]
2025-03-28 13:08:14.818 [http-nio-8080-exec-8] DEBUG org.hibernate.sql.results.internal.ResultsHelper -Collection fully initialized: [com.sprint.mission.discodeit.entity.Message.attachmentIds#f369ba22-fe64-492f-a4e9-12f7d323d10a]
2025-03-28 13:08:14.818 [http-nio-8080-exec-8] DEBUG org.hibernate.sql.results.internal.ResultsHelper -Collection fully initialized: [com.sprint.mission.discodeit.entity.Message.attachmentIds#b3d41ff4-6638-47f8-ac13-df1369ebe316]
2025-03-28 13:08:14.818 [http-nio-8080-exec-8] DEBUG org.hibernate.sql.results.internal.ResultsHelper -Collection fully initialized: [com.sprint.mission.discodeit.entity.Message.attachmentIds#c8af6e60-8d9e-4c37-a0f8-ea95b17a4138]
2025-03-28 13:08:14.818 [http-nio-8080-exec-8] DEBUG org.hibernate.sql.results.internal.ResultsHelper -Collection fully initialized: [com.sprint.mission.discodeit.entity.Message.attachmentIds#22270357-f631-4b0b-a3e6-beb3606dd3ec]
2025-03-28 13:08:14.819 [http-nio-8080-exec-8] DEBUG org.hibernate.sql.results.internal.ResultsHelper -Collection fully initialized: [com.sprint.mission.discodeit.entity.Message.attachmentIds#1d1bd7bd-3f4d-4bb1-8bfe-15959993e475]
2025-03-28 13:08:14.819 [http-nio-8080-exec-8] DEBUG org.hibernate.sql.results.internal.ResultsHelper -Collection fully initialized: [com.sprint.mission.discodeit.entity.Message.attachmentIds#7fbc5b91-f752-4886-9826-01e15c059eac]
2025-03-28 13:08:14.831 [http-nio-8080-exec-8] DEBUG org.springframework.web.servlet.mvc.method.annotation.HttpEntityMethodProcessor -Using 'application/json', given [application/json, text/plain, */*] and supported [application/json, application/*+json, application/yaml]
2025-03-28 13:08:14.831 [http-nio-8080-exec-8] DEBUG org.springframework.web.servlet.mvc.method.annotation.HttpEntityMethodProcessor -Writing [com.sprint.mission.discodeit.dto.response.PageResponse@32a54092]
2025-03-28 13:08:14.866 [http-nio-8080-exec-8] DEBUG org.springframework.web.servlet.DispatcherServlet -Completed 200 OK
2025-03-28 13:08:15.980 [http-nio-8080-exec-7] DEBUG org.springframework.web.servlet.DispatcherServlet -GET "/api/channels?userId=abfbc5ad-b5bc-48c6-b48e-7b25ef412fe0", parameters={masked}
2025-03-28 13:08:15.980 [http-nio-8080-exec-7] DEBUG org.springframework.web.servlet.mvc.method.annotation.RequestMappingHandlerMapping -Mapped to com.sprint.mission.discodeit.controller.ChannelController#findAll(UUID)
2025-03-28 13:08:15.995 [http-nio-8080-exec-7] DEBUG org.hibernate.sql.results.internal.ResultsHelper -Collection fully initialized: [com.sprint.mission.discodeit.entity.Channel.messages#fb861459-aa71-4721-8ed6-5199956000e9]
2025-03-28 13:08:15.995 [http-nio-8080-exec-7] DEBUG org.hibernate.sql.results.internal.ResultsHelper -Collection fully initialized: [com.sprint.mission.discodeit.entity.Channel.readStatuses#c12a5958-cf69-47c0-bc6a-b4b3aca99b3b]
2025-03-28 13:08:15.995 [http-nio-8080-exec-7] DEBUG org.hibernate.sql.results.internal.ResultsHelper -Collection fully initialized: [com.sprint.mission.discodeit.entity.Channel.readStatuses#1be3ea47-28c9-4fbe-9672-6cb2cd2ceb5d]
2025-03-28 13:08:15.995 [http-nio-8080-exec-7] DEBUG org.hibernate.sql.results.internal.ResultsHelper -Collection fully initialized: [com.sprint.mission.discodeit.entity.Channel.messages#c12a5958-cf69-47c0-bc6a-b4b3aca99b3b]
2025-03-28 13:08:15.995 [http-nio-8080-exec-7] DEBUG org.hibernate.sql.results.internal.ResultsHelper -Collection fully initialized: [com.sprint.mission.discodeit.entity.Channel.readStatuses#fb861459-aa71-4721-8ed6-5199956000e9]
2025-03-28 13:08:15.995 [http-nio-8080-exec-7] DEBUG org.hibernate.sql.results.internal.ResultsHelper -Collection fully initialized: [com.sprint.mission.discodeit.entity.Channel.messages#1be3ea47-28c9-4fbe-9672-6cb2cd2ceb5d]
2025-03-28 13:08:15.998 [http-nio-8080-exec-7] INFO  com.sprint.mission.discodeit.service.basic.BasicChannelService -Find all channels by userId: userId=abfbc5ad-b5bc-48c6-b48e-7b25ef412fe0,조회된 채널 수=3
2025-03-28 13:08:15.999 [http-nio-8080-exec-7] DEBUG org.springframework.web.servlet.mvc.method.annotation.HttpEntityMethodProcessor -Using 'application/json', given [application/json, text/plain, */*] and supported [application/json, application/*+json, application/yaml]
2025-03-28 13:08:15.999 [http-nio-8080-exec-7] DEBUG org.springframework.web.servlet.mvc.method.annotation.HttpEntityMethodProcessor -Writing [[com.sprint.mission.discodeit.dto.channel.ChannelDto@3649c293, com.sprint.mission.discodeit.dto.chan (truncated)...]
2025-03-28 13:08:16.005 [http-nio-8080-exec-7] DEBUG org.springframework.web.servlet.DispatcherServlet -Completed 200 OK
2025-03-28 13:08:16.012 [http-nio-8080-exec-5] DEBUG org.springframework.web.servlet.DispatcherServlet -GET "/api/readStatuses?userId=abfbc5ad-b5bc-48c6-b48e-7b25ef412fe0", parameters={masked}
2025-03-28 13:08:16.012 [http-nio-8080-exec-5] DEBUG org.springframework.web.servlet.mvc.method.annotation.RequestMappingHandlerMapping -Mapped to com.sprint.mission.discodeit.controller.ReadStatusController#findAllByUserId(UUID)
2025-03-28 13:08:16.016 [http-nio-8080-exec-5] DEBUG org.springframework.web.servlet.mvc.method.annotation.HttpEntityMethodProcessor -Using 'application/json', given [application/json, text/plain, */*] and supported [application/json, application/*+json, application/yaml]
2025-03-28 13:08:16.016 [http-nio-8080-exec-5] DEBUG org.springframework.web.servlet.mvc.method.annotation.HttpEntityMethodProcessor -Writing [[com.sprint.mission.discodeit.dto.readstatus.ReadStatusDto@7567d2c6, com.sprint.mission.discodeit.dt (truncated)...]
2025-03-28 13:08:16.017 [http-nio-8080-exec-5] DEBUG org.springframework.web.servlet.DispatcherServlet -Completed 201 CREATED
2025-03-28 13:08:16.405 [http-nio-8080-exec-6] DEBUG org.springframework.web.servlet.DispatcherServlet -GET "/api/messages?channelId=fb861459-aa71-4721-8ed6-5199956000e9&size=50&sort=createdAt,desc", parameters={masked}
2025-03-28 13:08:16.406 [http-nio-8080-exec-6] DEBUG org.springframework.web.servlet.mvc.method.annotation.RequestMappingHandlerMapping -Mapped to com.sprint.mission.discodeit.controller.MessageController#findAllByChannelId(UUID, Instant, int)
2025-03-28 13:08:16.409 [http-nio-8080-exec-6] WARN  org.hibernate.orm.query              -HHH90003004: firstResult/maxResults specified with collection fetch; applying in memory
2025-03-28 13:08:16.420 [http-nio-8080-exec-6] DEBUG org.hibernate.sql.results.internal.ResultsHelper -Collection fully initialized: [com.sprint.mission.discodeit.entity.Message.attachmentIds#b87e1b9c-5503-4e14-8af8-b44557ceda4e]
2025-03-28 13:08:16.420 [http-nio-8080-exec-6] DEBUG org.hibernate.sql.results.internal.ResultsHelper -Collection fully initialized: [com.sprint.mission.discodeit.entity.Message.attachmentIds#88dddaf8-d306-4448-baf2-920a73e71928]
2025-03-28 13:08:16.420 [http-nio-8080-exec-6] DEBUG org.hibernate.sql.results.internal.ResultsHelper -Collection fully initialized: [com.sprint.mission.discodeit.entity.Message.attachmentIds#ae982b84-02b6-4360-a057-018e0cdb2434]
2025-03-28 13:08:16.420 [http-nio-8080-exec-6] DEBUG org.hibernate.sql.results.internal.ResultsHelper -Collection fully initialized: [com.sprint.mission.discodeit.entity.Message.attachmentIds#4f11ffc6-797c-4134-98c7-938b14751e59]
2025-03-28 13:08:16.420 [http-nio-8080-exec-6] DEBUG org.hibernate.sql.results.internal.ResultsHelper -Collection fully initialized: [com.sprint.mission.discodeit.entity.Message.attachmentIds#9690e9a4-21a1-43f7-9fc5-81eb72661e75]
2025-03-28 13:08:16.420 [http-nio-8080-exec-6] DEBUG org.hibernate.sql.results.internal.ResultsHelper -Collection fully initialized: [com.sprint.mission.discodeit.entity.Message.attachmentIds#792809d6-cc48-4036-b04d-bb96a032d920]
2025-03-28 13:08:16.420 [http-nio-8080-exec-6] DEBUG org.hibernate.sql.results.internal.ResultsHelper -Collection fully initialized: [com.sprint.mission.discodeit.entity.Message.attachmentIds#3d582dbb-2682-4b45-a835-72bdd322df4a]
2025-03-28 13:08:16.420 [http-nio-8080-exec-6] DEBUG org.hibernate.sql.results.internal.ResultsHelper -Collection fully initialized: [com.sprint.mission.discodeit.entity.Message.attachmentIds#4fcc1f5a-ee3c-4845-a4d4-778fedb3c874]
2025-03-28 13:08:16.420 [http-nio-8080-exec-6] DEBUG org.hibernate.sql.results.internal.ResultsHelper -Collection fully initialized: [com.sprint.mission.discodeit.entity.Message.attachmentIds#9e691408-f4de-4a95-910a-ca318ffe2fa3]
2025-03-28 13:08:16.420 [http-nio-8080-exec-6] DEBUG org.hibernate.sql.results.internal.ResultsHelper -Collection fully initialized: [com.sprint.mission.discodeit.entity.Message.attachmentIds#3c604c62-34c8-4faa-8f59-f9a016d04404]
2025-03-28 13:08:16.420 [http-nio-8080-exec-6] DEBUG org.hibernate.sql.results.internal.ResultsHelper -Collection fully initialized: [com.sprint.mission.discodeit.entity.Message.attachmentIds#3281936a-61d2-4cc3-9d2e-0792c5283b92]
2025-03-28 13:08:16.420 [http-nio-8080-exec-6] DEBUG org.hibernate.sql.results.internal.ResultsHelper -Collection fully initialized: [com.sprint.mission.discodeit.entity.Message.attachmentIds#7348bdba-39f9-4b02-b8d8-f1c7b4f1a18d]
2025-03-28 13:08:16.420 [http-nio-8080-exec-6] DEBUG org.hibernate.sql.results.internal.ResultsHelper -Collection fully initialized: [com.sprint.mission.discodeit.entity.Message.attachmentIds#f1ca445e-b436-4ee5-9711-031b94edcae3]
2025-03-28 13:08:16.420 [http-nio-8080-exec-6] DEBUG org.hibernate.sql.results.internal.ResultsHelper -Collection fully initialized: [com.sprint.mission.discodeit.entity.Message.attachmentIds#2b8ef2b7-6b77-4b08-81b2-ace3853cae93]
2025-03-28 13:08:16.420 [http-nio-8080-exec-6] DEBUG org.hibernate.sql.results.internal.ResultsHelper -Collection fully initialized: [com.sprint.mission.discodeit.entity.Message.attachmentIds#f6e5500f-5cc6-42c7-a81e-b7e3c84471e6]
2025-03-28 13:08:16.420 [http-nio-8080-exec-6] DEBUG org.hibernate.sql.results.internal.ResultsHelper -Collection fully initialized: [com.sprint.mission.discodeit.entity.Message.attachmentIds#ffc9e792-8c13-4ee6-a175-fa7a29717872]
2025-03-28 13:08:16.420 [http-nio-8080-exec-6] DEBUG org.hibernate.sql.results.internal.ResultsHelper -Collection fully initialized: [com.sprint.mission.discodeit.entity.Message.attachmentIds#21297a79-1a93-4615-aaaf-cc39e82138c3]
2025-03-28 13:08:16.421 [http-nio-8080-exec-6] DEBUG org.hibernate.sql.results.internal.ResultsHelper -Collection fully initialized: [com.sprint.mission.discodeit.entity.Message.attachmentIds#5e2bcdb8-9bc8-4a75-8bd0-0bdc4d698262]
2025-03-28 13:08:16.421 [http-nio-8080-exec-6] DEBUG org.hibernate.sql.results.internal.ResultsHelper -Collection fully initialized: [com.sprint.mission.discodeit.entity.Message.attachmentIds#5fcb3939-f9f7-4ab9-a645-cddee942677e]
2025-03-28 13:08:16.421 [http-nio-8080-exec-6] DEBUG org.hibernate.sql.results.internal.ResultsHelper -Collection fully initialized: [com.sprint.mission.discodeit.entity.Message.attachmentIds#77588fb7-6884-4b01-a31c-faab6fec65da]
2025-03-28 13:08:16.421 [http-nio-8080-exec-6] DEBUG org.hibernate.sql.results.internal.ResultsHelper -Collection fully initialized: [com.sprint.mission.discodeit.entity.Message.attachmentIds#ba0442fe-b908-48a6-8802-4d58d6cc8114]
2025-03-28 13:08:16.421 [http-nio-8080-exec-6] DEBUG org.hibernate.sql.results.internal.ResultsHelper -Collection fully initialized: [com.sprint.mission.discodeit.entity.Message.attachmentIds#7625c0a0-68d6-4cfc-b358-55abde948660]
2025-03-28 13:08:16.421 [http-nio-8080-exec-6] DEBUG org.hibernate.sql.results.internal.ResultsHelper -Collection fully initialized: [com.sprint.mission.discodeit.entity.Message.attachmentIds#8b11039d-420c-4fff-81bb-0940e837a642]
2025-03-28 13:08:16.421 [http-nio-8080-exec-6] DEBUG org.hibernate.sql.results.internal.ResultsHelper -Collection fully initialized: [com.sprint.mission.discodeit.entity.Message.attachmentIds#549e6626-7029-4966-85b3-3799ddabee64]
2025-03-28 13:08:16.421 [http-nio-8080-exec-6] DEBUG org.hibernate.sql.results.internal.ResultsHelper -Collection fully initialized: [com.sprint.mission.discodeit.entity.Message.attachmentIds#79a3fea1-4163-47e0-b6be-448e424c89f2]
2025-03-28 13:08:16.421 [http-nio-8080-exec-6] DEBUG org.hibernate.sql.results.internal.ResultsHelper -Collection fully initialized: [com.sprint.mission.discodeit.entity.Message.attachmentIds#b7ad1110-4577-4726-ac61-0cf0afac3e01]
2025-03-28 13:08:16.421 [http-nio-8080-exec-6] DEBUG org.hibernate.sql.results.internal.ResultsHelper -Collection fully initialized: [com.sprint.mission.discodeit.entity.Message.attachmentIds#71de75d0-b243-47e3-b771-619f2e9f1dd6]
2025-03-28 13:08:16.421 [http-nio-8080-exec-6] DEBUG org.hibernate.sql.results.internal.ResultsHelper -Collection fully initialized: [com.sprint.mission.discodeit.entity.Message.attachmentIds#c600ae86-66c1-420c-8d81-a0182905088f]
2025-03-28 13:08:16.421 [http-nio-8080-exec-6] DEBUG org.hibernate.sql.results.internal.ResultsHelper -Collection fully initialized: [com.sprint.mission.discodeit.entity.Message.attachmentIds#04351c6b-1385-4c9e-9e90-7033295783b7]
2025-03-28 13:08:16.421 [http-nio-8080-exec-6] DEBUG org.hibernate.sql.results.internal.ResultsHelper -Collection fully initialized: [com.sprint.mission.discodeit.entity.Message.attachmentIds#1723b37b-f7b6-4d6a-8ccf-11d00534f13b]
2025-03-28 13:08:16.421 [http-nio-8080-exec-6] DEBUG org.hibernate.sql.results.internal.ResultsHelper -Collection fully initialized: [com.sprint.mission.discodeit.entity.Message.attachmentIds#a3102a04-a27f-4388-96df-b240eaf16369]
2025-03-28 13:08:16.421 [http-nio-8080-exec-6] DEBUG org.hibernate.sql.results.internal.ResultsHelper -Collection fully initialized: [com.sprint.mission.discodeit.entity.Message.attachmentIds#318276f9-7639-44b8-b32e-69d43f9b1999]
2025-03-28 13:08:16.421 [http-nio-8080-exec-6] DEBUG org.hibernate.sql.results.internal.ResultsHelper -Collection fully initialized: [com.sprint.mission.discodeit.entity.Message.attachmentIds#8b1acf3d-704f-4ae8-9e67-3a0173851667]
2025-03-28 13:08:16.421 [http-nio-8080-exec-6] DEBUG org.hibernate.sql.results.internal.ResultsHelper -Collection fully initialized: [com.sprint.mission.discodeit.entity.Message.attachmentIds#31d166fd-f16f-48c1-8c26-ed7fdde184b7]
2025-03-28 13:08:16.421 [http-nio-8080-exec-6] DEBUG org.hibernate.sql.results.internal.ResultsHelper -Collection fully initialized: [com.sprint.mission.discodeit.entity.Message.attachmentIds#505fc0ba-83b4-4418-9ea5-76221fa0c3f2]
2025-03-28 13:08:16.421 [http-nio-8080-exec-6] DEBUG org.hibernate.sql.results.internal.ResultsHelper -Collection fully initialized: [com.sprint.mission.discodeit.entity.Message.attachmentIds#96d000e3-7b8c-4a6b-9332-76c9af041cae]
2025-03-28 13:08:16.422 [http-nio-8080-exec-6] DEBUG org.hibernate.sql.results.internal.ResultsHelper -Collection fully initialized: [com.sprint.mission.discodeit.entity.Message.attachmentIds#ae6a3af9-c242-4788-a38c-495862c821d9]
2025-03-28 13:08:16.422 [http-nio-8080-exec-6] DEBUG org.hibernate.sql.results.internal.ResultsHelper -Collection fully initialized: [com.sprint.mission.discodeit.entity.Message.attachmentIds#07b4c709-b888-405d-9186-151476022c7d]
2025-03-28 13:08:16.422 [http-nio-8080-exec-6] DEBUG org.hibernate.sql.results.internal.ResultsHelper -Collection fully initialized: [com.sprint.mission.discodeit.entity.Message.attachmentIds#ef00cd90-e5b4-4ab4-bea0-6a8b9034f038]
2025-03-28 13:08:16.422 [http-nio-8080-exec-6] DEBUG org.hibernate.sql.results.internal.ResultsHelper -Collection fully initialized: [com.sprint.mission.discodeit.entity.Message.attachmentIds#9d08d6e4-1114-4bab-9450-925fbc792dd4]
2025-03-28 13:08:16.422 [http-nio-8080-exec-6] DEBUG org.hibernate.sql.results.internal.ResultsHelper -Collection fully initialized: [com.sprint.mission.discodeit.entity.Message.attachmentIds#265a1160-4624-4f28-8fb3-d59a8c4d05db]
2025-03-28 13:08:16.422 [http-nio-8080-exec-6] DEBUG org.hibernate.sql.results.internal.ResultsHelper -Collection fully initialized: [com.sprint.mission.discodeit.entity.Message.attachmentIds#235fd912-9476-41be-bbfc-475cb584a2c9]
2025-03-28 13:08:16.422 [http-nio-8080-exec-6] DEBUG org.hibernate.sql.results.internal.ResultsHelper -Collection fully initialized: [com.sprint.mission.discodeit.entity.Message.attachmentIds#07ba0cd4-275d-4c7f-a0cb-b08e3b979568]
2025-03-28 13:08:16.422 [http-nio-8080-exec-6] DEBUG org.hibernate.sql.results.internal.ResultsHelper -Collection fully initialized: [com.sprint.mission.discodeit.entity.Message.attachmentIds#a951df3f-6e94-44af-96c5-3995d195ce37]
2025-03-28 13:08:16.422 [http-nio-8080-exec-6] DEBUG org.hibernate.sql.results.internal.ResultsHelper -Collection fully initialized: [com.sprint.mission.discodeit.entity.Message.attachmentIds#b934b5ed-0874-4606-a8c1-3a083676ab73]
2025-03-28 13:08:16.422 [http-nio-8080-exec-6] DEBUG org.hibernate.sql.results.internal.ResultsHelper -Collection fully initialized: [com.sprint.mission.discodeit.entity.Message.attachmentIds#81ca0183-a2ec-49f1-a543-d33a33095d87]
2025-03-28 13:08:16.422 [http-nio-8080-exec-6] DEBUG org.hibernate.sql.results.internal.ResultsHelper -Collection fully initialized: [com.sprint.mission.discodeit.entity.Message.attachmentIds#e192edf0-21f6-4b14-88f7-3d8889897f9f]
2025-03-28 13:08:16.422 [http-nio-8080-exec-6] DEBUG org.hibernate.sql.results.internal.ResultsHelper -Collection fully initialized: [com.sprint.mission.discodeit.entity.Message.attachmentIds#1394fdfe-5c72-47e9-95f9-762651202a64]
2025-03-28 13:08:16.422 [http-nio-8080-exec-6] DEBUG org.hibernate.sql.results.internal.ResultsHelper -Collection fully initialized: [com.sprint.mission.discodeit.entity.Message.attachmentIds#286e413c-477a-46ff-b009-12be5ff1bf3b]
2025-03-28 13:08:16.422 [http-nio-8080-exec-6] DEBUG org.hibernate.sql.results.internal.ResultsHelper -Collection fully initialized: [com.sprint.mission.discodeit.entity.Message.attachmentIds#f4e83f25-9789-44c3-b5b4-b7e7d5bca84d]
2025-03-28 13:08:16.422 [http-nio-8080-exec-6] DEBUG org.hibernate.sql.results.internal.ResultsHelper -Collection fully initialized: [com.sprint.mission.discodeit.entity.Message.attachmentIds#120455f3-e5da-4218-8d0a-731fabeabf2d]
2025-03-28 13:08:16.422 [http-nio-8080-exec-6] DEBUG org.hibernate.sql.results.internal.ResultsHelper -Collection fully initialized: [com.sprint.mission.discodeit.entity.Message.attachmentIds#8cb2a4c5-fea7-431b-ad0d-503eacb40a68]
2025-03-28 13:08:16.422 [http-nio-8080-exec-6] DEBUG org.hibernate.sql.results.internal.ResultsHelper -Collection fully initialized: [com.sprint.mission.discodeit.entity.Message.attachmentIds#f369ba22-fe64-492f-a4e9-12f7d323d10a]
2025-03-28 13:08:16.422 [http-nio-8080-exec-6] DEBUG org.hibernate.sql.results.internal.ResultsHelper -Collection fully initialized: [com.sprint.mission.discodeit.entity.Message.attachmentIds#b3d41ff4-6638-47f8-ac13-df1369ebe316]
2025-03-28 13:08:16.422 [http-nio-8080-exec-6] DEBUG org.hibernate.sql.results.internal.ResultsHelper -Collection fully initialized: [com.sprint.mission.discodeit.entity.Message.attachmentIds#c8af6e60-8d9e-4c37-a0f8-ea95b17a4138]
2025-03-28 13:08:16.422 [http-nio-8080-exec-6] DEBUG org.hibernate.sql.results.internal.ResultsHelper -Collection fully initialized: [com.sprint.mission.discodeit.entity.Message.attachmentIds#22270357-f631-4b0b-a3e6-beb3606dd3ec]
2025-03-28 13:08:16.422 [http-nio-8080-exec-6] DEBUG org.hibernate.sql.results.internal.ResultsHelper -Collection fully initialized: [com.sprint.mission.discodeit.entity.Message.attachmentIds#1d1bd7bd-3f4d-4bb1-8bfe-15959993e475]
2025-03-28 13:08:16.422 [http-nio-8080-exec-6] DEBUG org.hibernate.sql.results.internal.ResultsHelper -Collection fully initialized: [com.sprint.mission.discodeit.entity.Message.attachmentIds#7fbc5b91-f752-4886-9826-01e15c059eac]
2025-03-28 13:08:16.436 [http-nio-8080-exec-6] DEBUG org.springframework.web.servlet.mvc.method.annotation.HttpEntityMethodProcessor -Using 'application/json', given [application/json, text/plain, */*] and supported [application/json, application/*+json, application/yaml]
2025-03-28 13:08:16.436 [http-nio-8080-exec-6] DEBUG org.springframework.web.servlet.mvc.method.annotation.HttpEntityMethodProcessor -Writing [com.sprint.mission.discodeit.dto.response.PageResponse@22840612]
2025-03-28 13:08:16.474 [http-nio-8080-exec-6] DEBUG org.springframework.web.servlet.DispatcherServlet -Completed 200 OK
2025-03-28 13:08:18.557 [http-nio-8080-exec-4] DEBUG org.springframework.web.servlet.DispatcherServlet -POST "/api/messages", parameters={multipart}
2025-03-28 13:08:18.591 [http-nio-8080-exec-4] DEBUG org.springframework.web.servlet.mvc.method.annotation.RequestMappingHandlerMapping -Mapped to com.sprint.mission.discodeit.controller.MessageController#createMessage(CreateMessageRequestDto, List)
2025-03-28 13:08:18.609 [http-nio-8080-exec-4] DEBUG org.springframework.web.servlet.mvc.method.annotation.RequestPartMethodArgumentResolver -Read "application/json" to [com.sprint.mission.discodeit.dto.message.CreateMessageRequestDto@7473b265]
2025-03-28 13:08:18.613 [http-nio-8080-exec-4] INFO  com.sprint.mission.discodeit.service.basic.BasicMessageService -메시지 생성 요청: channelId=fb861459-aa71-4721-8ed6-5199956000e9, authorId=abfbc5ad-b5bc-48c6-b48e-7b25ef412fe0, 첨부파일 수=0, 내용=ㅎㅇ
2025-03-28 13:08:18.633 [http-nio-8080-exec-4] INFO  com.sprint.mission.discodeit.service.basic.BasicMessageService -메시지 생성 완료: id=84fe1a16-b840-41f0-9514-5133c9a52cc9, authorId=abfbc5ad-b5bc-48c6-b48e-7b25ef412fe0
2025-03-28 13:08:18.652 [http-nio-8080-exec-4] DEBUG org.springframework.web.servlet.mvc.method.annotation.HttpEntityMethodProcessor -Using 'application/json', given [application/json, text/plain, */*] and supported [application/json, application/*+json, application/yaml]
2025-03-28 13:08:18.652 [http-nio-8080-exec-4] DEBUG org.springframework.web.servlet.mvc.method.annotation.HttpEntityMethodProcessor -Writing [com.sprint.mission.discodeit.dto.message.MessageDto@6c6c15b5]
2025-03-28 13:08:18.654 [http-nio-8080-exec-4] DEBUG org.springframework.web.servlet.DispatcherServlet -Completed 201 CREATED
2025-03-28 13:08:18.659 [http-nio-8080-exec-10] DEBUG org.springframework.web.servlet.DispatcherServlet -PATCH "/api/readStatuses/a498b848-2398-435a-b6c3-21d5d1b7a85f", parameters={}
2025-03-28 13:08:18.659 [http-nio-8080-exec-10] DEBUG org.springframework.web.servlet.mvc.method.annotation.RequestMappingHandlerMapping -Mapped to com.sprint.mission.discodeit.controller.ReadStatusController#updateReadStatus(UUID, UpdateReadStatusRequestDto)
2025-03-28 13:08:18.660 [http-nio-8080-exec-10] DEBUG org.springframework.web.servlet.mvc.method.annotation.RequestResponseBodyMethodProcessor -Read "application/json;charset=UTF-8" to [com.sprint.mission.discodeit.dto.readstatus.UpdateReadStatusRequestDto@44bfbcdf]
2025-03-28 13:08:18.664 [http-nio-8080-exec-10] DEBUG org.springframework.web.servlet.mvc.method.annotation.HttpEntityMethodProcessor -Using 'application/json', given [application/json, text/plain, */*] and supported [application/json, application/*+json, application/yaml]
2025-03-28 13:08:18.664 [http-nio-8080-exec-10] DEBUG org.springframework.web.servlet.mvc.method.annotation.HttpEntityMethodProcessor -Writing [com.sprint.mission.discodeit.dto.readstatus.ReadStatusDto@686c70e8]
2025-03-28 13:08:18.665 [http-nio-8080-exec-10] DEBUG org.springframework.web.servlet.DispatcherServlet -Completed 200 OK
2025-03-28 13:08:18.768 [http-nio-8080-exec-1] DEBUG org.springframework.web.servlet.DispatcherServlet -GET "/api/messages?channelId=fb861459-aa71-4721-8ed6-5199956000e9&size=50&sort=createdAt,desc", parameters={masked}
2025-03-28 13:08:18.769 [http-nio-8080-exec-1] DEBUG org.springframework.web.servlet.mvc.method.annotation.RequestMappingHandlerMapping -Mapped to com.sprint.mission.discodeit.controller.MessageController#findAllByChannelId(UUID, Instant, int)
2025-03-28 13:08:18.770 [http-nio-8080-exec-1] WARN  org.hibernate.orm.query              -HHH90003004: firstResult/maxResults specified with collection fetch; applying in memory
2025-03-28 13:08:18.778 [http-nio-8080-exec-1] DEBUG org.hibernate.sql.results.internal.ResultsHelper -Collection fully initialized: [com.sprint.mission.discodeit.entity.Message.attachmentIds#b87e1b9c-5503-4e14-8af8-b44557ceda4e]
2025-03-28 13:08:18.778 [http-nio-8080-exec-1] DEBUG org.hibernate.sql.results.internal.ResultsHelper -Collection fully initialized: [com.sprint.mission.discodeit.entity.Message.attachmentIds#88dddaf8-d306-4448-baf2-920a73e71928]
2025-03-28 13:08:18.778 [http-nio-8080-exec-1] DEBUG org.hibernate.sql.results.internal.ResultsHelper -Collection fully initialized: [com.sprint.mission.discodeit.entity.Message.attachmentIds#ae982b84-02b6-4360-a057-018e0cdb2434]
2025-03-28 13:08:18.778 [http-nio-8080-exec-1] DEBUG org.hibernate.sql.results.internal.ResultsHelper -Collection fully initialized: [com.sprint.mission.discodeit.entity.Message.attachmentIds#4f11ffc6-797c-4134-98c7-938b14751e59]
2025-03-28 13:08:18.778 [http-nio-8080-exec-1] DEBUG org.hibernate.sql.results.internal.ResultsHelper -Collection fully initialized: [com.sprint.mission.discodeit.entity.Message.attachmentIds#9690e9a4-21a1-43f7-9fc5-81eb72661e75]
2025-03-28 13:08:18.778 [http-nio-8080-exec-1] DEBUG org.hibernate.sql.results.internal.ResultsHelper -Collection fully initialized: [com.sprint.mission.discodeit.entity.Message.attachmentIds#792809d6-cc48-4036-b04d-bb96a032d920]
2025-03-28 13:08:18.778 [http-nio-8080-exec-1] DEBUG org.hibernate.sql.results.internal.ResultsHelper -Collection fully initialized: [com.sprint.mission.discodeit.entity.Message.attachmentIds#3d582dbb-2682-4b45-a835-72bdd322df4a]
2025-03-28 13:08:18.778 [http-nio-8080-exec-1] DEBUG org.hibernate.sql.results.internal.ResultsHelper -Collection fully initialized: [com.sprint.mission.discodeit.entity.Message.attachmentIds#4fcc1f5a-ee3c-4845-a4d4-778fedb3c874]
2025-03-28 13:08:18.778 [http-nio-8080-exec-1] DEBUG org.hibernate.sql.results.internal.ResultsHelper -Collection fully initialized: [com.sprint.mission.discodeit.entity.Message.attachmentIds#9e691408-f4de-4a95-910a-ca318ffe2fa3]
2025-03-28 13:08:18.778 [http-nio-8080-exec-1] DEBUG org.hibernate.sql.results.internal.ResultsHelper -Collection fully initialized: [com.sprint.mission.discodeit.entity.Message.attachmentIds#3c604c62-34c8-4faa-8f59-f9a016d04404]
2025-03-28 13:08:18.778 [http-nio-8080-exec-1] DEBUG org.hibernate.sql.results.internal.ResultsHelper -Collection fully initialized: [com.sprint.mission.discodeit.entity.Message.attachmentIds#3281936a-61d2-4cc3-9d2e-0792c5283b92]
2025-03-28 13:08:18.778 [http-nio-8080-exec-1] DEBUG org.hibernate.sql.results.internal.ResultsHelper -Collection fully initialized: [com.sprint.mission.discodeit.entity.Message.attachmentIds#7348bdba-39f9-4b02-b8d8-f1c7b4f1a18d]
2025-03-28 13:08:18.778 [http-nio-8080-exec-1] DEBUG org.hibernate.sql.results.internal.ResultsHelper -Collection fully initialized: [com.sprint.mission.discodeit.entity.Message.attachmentIds#f1ca445e-b436-4ee5-9711-031b94edcae3]
2025-03-28 13:08:18.778 [http-nio-8080-exec-1] DEBUG org.hibernate.sql.results.internal.ResultsHelper -Collection fully initialized: [com.sprint.mission.discodeit.entity.Message.attachmentIds#2b8ef2b7-6b77-4b08-81b2-ace3853cae93]
2025-03-28 13:08:18.778 [http-nio-8080-exec-1] DEBUG org.hibernate.sql.results.internal.ResultsHelper -Collection fully initialized: [com.sprint.mission.discodeit.entity.Message.attachmentIds#f6e5500f-5cc6-42c7-a81e-b7e3c84471e6]
2025-03-28 13:08:18.778 [http-nio-8080-exec-1] DEBUG org.hibernate.sql.results.internal.ResultsHelper -Collection fully initialized: [com.sprint.mission.discodeit.entity.Message.attachmentIds#ffc9e792-8c13-4ee6-a175-fa7a29717872]
2025-03-28 13:08:18.778 [http-nio-8080-exec-1] DEBUG org.hibernate.sql.results.internal.ResultsHelper -Collection fully initialized: [com.sprint.mission.discodeit.entity.Message.attachmentIds#21297a79-1a93-4615-aaaf-cc39e82138c3]
2025-03-28 13:08:18.778 [http-nio-8080-exec-1] DEBUG org.hibernate.sql.results.internal.ResultsHelper -Collection fully initialized: [com.sprint.mission.discodeit.entity.Message.attachmentIds#5e2bcdb8-9bc8-4a75-8bd0-0bdc4d698262]
2025-03-28 13:08:18.778 [http-nio-8080-exec-1] DEBUG org.hibernate.sql.results.internal.ResultsHelper -Collection fully initialized: [com.sprint.mission.discodeit.entity.Message.attachmentIds#5fcb3939-f9f7-4ab9-a645-cddee942677e]
2025-03-28 13:08:18.778 [http-nio-8080-exec-1] DEBUG org.hibernate.sql.results.internal.ResultsHelper -Collection fully initialized: [com.sprint.mission.discodeit.entity.Message.attachmentIds#77588fb7-6884-4b01-a31c-faab6fec65da]
2025-03-28 13:08:18.778 [http-nio-8080-exec-1] DEBUG org.hibernate.sql.results.internal.ResultsHelper -Collection fully initialized: [com.sprint.mission.discodeit.entity.Message.attachmentIds#ba0442fe-b908-48a6-8802-4d58d6cc8114]
2025-03-28 13:08:18.778 [http-nio-8080-exec-1] DEBUG org.hibernate.sql.results.internal.ResultsHelper -Collection fully initialized: [com.sprint.mission.discodeit.entity.Message.attachmentIds#7625c0a0-68d6-4cfc-b358-55abde948660]
2025-03-28 13:08:18.778 [http-nio-8080-exec-1] DEBUG org.hibernate.sql.results.internal.ResultsHelper -Collection fully initialized: [com.sprint.mission.discodeit.entity.Message.attachmentIds#8b11039d-420c-4fff-81bb-0940e837a642]
2025-03-28 13:08:18.778 [http-nio-8080-exec-1] DEBUG org.hibernate.sql.results.internal.ResultsHelper -Collection fully initialized: [com.sprint.mission.discodeit.entity.Message.attachmentIds#549e6626-7029-4966-85b3-3799ddabee64]
2025-03-28 13:08:18.779 [http-nio-8080-exec-1] DEBUG org.hibernate.sql.results.internal.ResultsHelper -Collection fully initialized: [com.sprint.mission.discodeit.entity.Message.attachmentIds#79a3fea1-4163-47e0-b6be-448e424c89f2]
2025-03-28 13:08:18.779 [http-nio-8080-exec-1] DEBUG org.hibernate.sql.results.internal.ResultsHelper -Collection fully initialized: [com.sprint.mission.discodeit.entity.Message.attachmentIds#b7ad1110-4577-4726-ac61-0cf0afac3e01]
2025-03-28 13:08:18.779 [http-nio-8080-exec-1] DEBUG org.hibernate.sql.results.internal.ResultsHelper -Collection fully initialized: [com.sprint.mission.discodeit.entity.Message.attachmentIds#71de75d0-b243-47e3-b771-619f2e9f1dd6]
2025-03-28 13:08:18.779 [http-nio-8080-exec-1] DEBUG org.hibernate.sql.results.internal.ResultsHelper -Collection fully initialized: [com.sprint.mission.discodeit.entity.Message.attachmentIds#c600ae86-66c1-420c-8d81-a0182905088f]
2025-03-28 13:08:18.779 [http-nio-8080-exec-1] DEBUG org.hibernate.sql.results.internal.ResultsHelper -Collection fully initialized: [com.sprint.mission.discodeit.entity.Message.attachmentIds#04351c6b-1385-4c9e-9e90-7033295783b7]
2025-03-28 13:08:18.779 [http-nio-8080-exec-1] DEBUG org.hibernate.sql.results.internal.ResultsHelper -Collection fully initialized: [com.sprint.mission.discodeit.entity.Message.attachmentIds#1723b37b-f7b6-4d6a-8ccf-11d00534f13b]
2025-03-28 13:08:18.779 [http-nio-8080-exec-1] DEBUG org.hibernate.sql.results.internal.ResultsHelper -Collection fully initialized: [com.sprint.mission.discodeit.entity.Message.attachmentIds#a3102a04-a27f-4388-96df-b240eaf16369]
2025-03-28 13:08:18.779 [http-nio-8080-exec-1] DEBUG org.hibernate.sql.results.internal.ResultsHelper -Collection fully initialized: [com.sprint.mission.discodeit.entity.Message.attachmentIds#318276f9-7639-44b8-b32e-69d43f9b1999]
2025-03-28 13:08:18.779 [http-nio-8080-exec-1] DEBUG org.hibernate.sql.results.internal.ResultsHelper -Collection fully initialized: [com.sprint.mission.discodeit.entity.Message.attachmentIds#8b1acf3d-704f-4ae8-9e67-3a0173851667]
2025-03-28 13:08:18.779 [http-nio-8080-exec-1] DEBUG org.hibernate.sql.results.internal.ResultsHelper -Collection fully initialized: [com.sprint.mission.discodeit.entity.Message.attachmentIds#31d166fd-f16f-48c1-8c26-ed7fdde184b7]
2025-03-28 13:08:18.779 [http-nio-8080-exec-1] DEBUG org.hibernate.sql.results.internal.ResultsHelper -Collection fully initialized: [com.sprint.mission.discodeit.entity.Message.attachmentIds#505fc0ba-83b4-4418-9ea5-76221fa0c3f2]
2025-03-28 13:08:18.779 [http-nio-8080-exec-1] DEBUG org.hibernate.sql.results.internal.ResultsHelper -Collection fully initialized: [com.sprint.mission.discodeit.entity.Message.attachmentIds#96d000e3-7b8c-4a6b-9332-76c9af041cae]
2025-03-28 13:08:18.779 [http-nio-8080-exec-1] DEBUG org.hibernate.sql.results.internal.ResultsHelper -Collection fully initialized: [com.sprint.mission.discodeit.entity.Message.attachmentIds#ae6a3af9-c242-4788-a38c-495862c821d9]
2025-03-28 13:08:18.779 [http-nio-8080-exec-1] DEBUG org.hibernate.sql.results.internal.ResultsHelper -Collection fully initialized: [com.sprint.mission.discodeit.entity.Message.attachmentIds#07b4c709-b888-405d-9186-151476022c7d]
2025-03-28 13:08:18.779 [http-nio-8080-exec-1] DEBUG org.hibernate.sql.results.internal.ResultsHelper -Collection fully initialized: [com.sprint.mission.discodeit.entity.Message.attachmentIds#ef00cd90-e5b4-4ab4-bea0-6a8b9034f038]
2025-03-28 13:08:18.779 [http-nio-8080-exec-1] DEBUG org.hibernate.sql.results.internal.ResultsHelper -Collection fully initialized: [com.sprint.mission.discodeit.entity.Message.attachmentIds#9d08d6e4-1114-4bab-9450-925fbc792dd4]
2025-03-28 13:08:18.779 [http-nio-8080-exec-1] DEBUG org.hibernate.sql.results.internal.ResultsHelper -Collection fully initialized: [com.sprint.mission.discodeit.entity.Message.attachmentIds#265a1160-4624-4f28-8fb3-d59a8c4d05db]
2025-03-28 13:08:18.779 [http-nio-8080-exec-1] DEBUG org.hibernate.sql.results.internal.ResultsHelper -Collection fully initialized: [com.sprint.mission.discodeit.entity.Message.attachmentIds#235fd912-9476-41be-bbfc-475cb584a2c9]
2025-03-28 13:08:18.779 [http-nio-8080-exec-1] DEBUG org.hibernate.sql.results.internal.ResultsHelper -Collection fully initialized: [com.sprint.mission.discodeit.entity.Message.attachmentIds#07ba0cd4-275d-4c7f-a0cb-b08e3b979568]
2025-03-28 13:08:18.779 [http-nio-8080-exec-1] DEBUG org.hibernate.sql.results.internal.ResultsHelper -Collection fully initialized: [com.sprint.mission.discodeit.entity.Message.attachmentIds#a951df3f-6e94-44af-96c5-3995d195ce37]
2025-03-28 13:08:18.779 [http-nio-8080-exec-1] DEBUG org.hibernate.sql.results.internal.ResultsHelper -Collection fully initialized: [com.sprint.mission.discodeit.entity.Message.attachmentIds#b934b5ed-0874-4606-a8c1-3a083676ab73]
2025-03-28 13:08:18.779 [http-nio-8080-exec-1] DEBUG org.hibernate.sql.results.internal.ResultsHelper -Collection fully initialized: [com.sprint.mission.discodeit.entity.Message.attachmentIds#81ca0183-a2ec-49f1-a543-d33a33095d87]
2025-03-28 13:08:18.780 [http-nio-8080-exec-1] DEBUG org.hibernate.sql.results.internal.ResultsHelper -Collection fully initialized: [com.sprint.mission.discodeit.entity.Message.attachmentIds#e192edf0-21f6-4b14-88f7-3d8889897f9f]
2025-03-28 13:08:18.780 [http-nio-8080-exec-1] DEBUG org.hibernate.sql.results.internal.ResultsHelper -Collection fully initialized: [com.sprint.mission.discodeit.entity.Message.attachmentIds#1394fdfe-5c72-47e9-95f9-762651202a64]
2025-03-28 13:08:18.780 [http-nio-8080-exec-1] DEBUG org.hibernate.sql.results.internal.ResultsHelper -Collection fully initialized: [com.sprint.mission.discodeit.entity.Message.attachmentIds#286e413c-477a-46ff-b009-12be5ff1bf3b]
2025-03-28 13:08:18.780 [http-nio-8080-exec-1] DEBUG org.hibernate.sql.results.internal.ResultsHelper -Collection fully initialized: [com.sprint.mission.discodeit.entity.Message.attachmentIds#f4e83f25-9789-44c3-b5b4-b7e7d5bca84d]
2025-03-28 13:08:18.780 [http-nio-8080-exec-1] DEBUG org.hibernate.sql.results.internal.ResultsHelper -Collection fully initialized: [com.sprint.mission.discodeit.entity.Message.attachmentIds#120455f3-e5da-4218-8d0a-731fabeabf2d]
2025-03-28 13:08:18.780 [http-nio-8080-exec-1] DEBUG org.hibernate.sql.results.internal.ResultsHelper -Collection fully initialized: [com.sprint.mission.discodeit.entity.Message.attachmentIds#8cb2a4c5-fea7-431b-ad0d-503eacb40a68]
2025-03-28 13:08:18.780 [http-nio-8080-exec-1] DEBUG org.hibernate.sql.results.internal.ResultsHelper -Collection fully initialized: [com.sprint.mission.discodeit.entity.Message.attachmentIds#f369ba22-fe64-492f-a4e9-12f7d323d10a]
2025-03-28 13:08:18.780 [http-nio-8080-exec-1] DEBUG org.hibernate.sql.results.internal.ResultsHelper -Collection fully initialized: [com.sprint.mission.discodeit.entity.Message.attachmentIds#84fe1a16-b840-41f0-9514-5133c9a52cc9]
2025-03-28 13:08:18.780 [http-nio-8080-exec-1] DEBUG org.hibernate.sql.results.internal.ResultsHelper -Collection fully initialized: [com.sprint.mission.discodeit.entity.Message.attachmentIds#b3d41ff4-6638-47f8-ac13-df1369ebe316]
2025-03-28 13:08:18.780 [http-nio-8080-exec-1] DEBUG org.hibernate.sql.results.internal.ResultsHelper -Collection fully initialized: [com.sprint.mission.discodeit.entity.Message.attachmentIds#c8af6e60-8d9e-4c37-a0f8-ea95b17a4138]
2025-03-28 13:08:18.780 [http-nio-8080-exec-1] DEBUG org.hibernate.sql.results.internal.ResultsHelper -Collection fully initialized: [com.sprint.mission.discodeit.entity.Message.attachmentIds#22270357-f631-4b0b-a3e6-beb3606dd3ec]
2025-03-28 13:08:18.780 [http-nio-8080-exec-1] DEBUG org.hibernate.sql.results.internal.ResultsHelper -Collection fully initialized: [com.sprint.mission.discodeit.entity.Message.attachmentIds#1d1bd7bd-3f4d-4bb1-8bfe-15959993e475]
2025-03-28 13:08:18.780 [http-nio-8080-exec-1] DEBUG org.hibernate.sql.results.internal.ResultsHelper -Collection fully initialized: [com.sprint.mission.discodeit.entity.Message.attachmentIds#7fbc5b91-f752-4886-9826-01e15c059eac]
2025-03-28 13:08:18.791 [http-nio-8080-exec-1] DEBUG org.springframework.web.servlet.mvc.method.annotation.HttpEntityMethodProcessor -Using 'application/json', given [application/json, text/plain, */*] and supported [application/json, application/*+json, application/yaml]
2025-03-28 13:08:18.791 [http-nio-8080-exec-1] DEBUG org.springframework.web.servlet.mvc.method.annotation.HttpEntityMethodProcessor -Writing [com.sprint.mission.discodeit.dto.response.PageResponse@40bb009c]
2025-03-28 13:08:18.820 [http-nio-8080-exec-1] DEBUG org.springframework.web.servlet.DispatcherServlet -Completed 200 OK
2025-03-28 13:08:18.979 [http-nio-8080-exec-2] DEBUG org.springframework.web.servlet.DispatcherServlet -GET "/api/channels?userId=abfbc5ad-b5bc-48c6-b48e-7b25ef412fe0", parameters={masked}
2025-03-28 13:08:18.979 [http-nio-8080-exec-2] DEBUG org.springframework.web.servlet.mvc.method.annotation.RequestMappingHandlerMapping -Mapped to com.sprint.mission.discodeit.controller.ChannelController#findAll(UUID)
2025-03-28 13:08:18.991 [http-nio-8080-exec-2] DEBUG org.hibernate.sql.results.internal.ResultsHelper -Collection fully initialized: [com.sprint.mission.discodeit.entity.Channel.messages#fb861459-aa71-4721-8ed6-5199956000e9]
2025-03-28 13:08:18.991 [http-nio-8080-exec-2] DEBUG org.hibernate.sql.results.internal.ResultsHelper -Collection fully initialized: [com.sprint.mission.discodeit.entity.Channel.readStatuses#c12a5958-cf69-47c0-bc6a-b4b3aca99b3b]
2025-03-28 13:08:18.991 [http-nio-8080-exec-2] DEBUG org.hibernate.sql.results.internal.ResultsHelper -Collection fully initialized: [com.sprint.mission.discodeit.entity.Channel.readStatuses#1be3ea47-28c9-4fbe-9672-6cb2cd2ceb5d]
2025-03-28 13:08:18.991 [http-nio-8080-exec-2] DEBUG org.hibernate.sql.results.internal.ResultsHelper -Collection fully initialized: [com.sprint.mission.discodeit.entity.Channel.messages#c12a5958-cf69-47c0-bc6a-b4b3aca99b3b]
2025-03-28 13:08:18.992 [http-nio-8080-exec-2] DEBUG org.hibernate.sql.results.internal.ResultsHelper -Collection fully initialized: [com.sprint.mission.discodeit.entity.Channel.readStatuses#fb861459-aa71-4721-8ed6-5199956000e9]
2025-03-28 13:08:18.992 [http-nio-8080-exec-2] DEBUG org.hibernate.sql.results.internal.ResultsHelper -Collection fully initialized: [com.sprint.mission.discodeit.entity.Channel.messages#1be3ea47-28c9-4fbe-9672-6cb2cd2ceb5d]
2025-03-28 13:08:18.994 [http-nio-8080-exec-2] INFO  com.sprint.mission.discodeit.service.basic.BasicChannelService -Find all channels by userId: userId=abfbc5ad-b5bc-48c6-b48e-7b25ef412fe0,조회된 채널 수=3
2025-03-28 13:08:18.994 [http-nio-8080-exec-2] DEBUG org.springframework.web.servlet.mvc.method.annotation.HttpEntityMethodProcessor -Using 'application/json', given [application/json, text/plain, */*] and supported [application/json, application/*+json, application/yaml]
2025-03-28 13:08:18.994 [http-nio-8080-exec-2] DEBUG org.springframework.web.servlet.mvc.method.annotation.HttpEntityMethodProcessor -Writing [[com.sprint.mission.discodeit.dto.channel.ChannelDto@4a70e7d, com.sprint.mission.discodeit.dto.chann (truncated)...]
2025-03-28 13:08:18.996 [http-nio-8080-exec-2] DEBUG org.springframework.web.servlet.DispatcherServlet -Completed 200 OK
2025-03-28 13:08:19.001 [http-nio-8080-exec-9] DEBUG org.springframework.web.servlet.DispatcherServlet -GET "/api/readStatuses?userId=abfbc5ad-b5bc-48c6-b48e-7b25ef412fe0", parameters={masked}
2025-03-28 13:08:19.002 [http-nio-8080-exec-9] DEBUG org.springframework.web.servlet.mvc.method.annotation.RequestMappingHandlerMapping -Mapped to com.sprint.mission.discodeit.controller.ReadStatusController#findAllByUserId(UUID)
2025-03-28 13:08:19.005 [http-nio-8080-exec-9] DEBUG org.springframework.web.servlet.mvc.method.annotation.HttpEntityMethodProcessor -Using 'application/json', given [application/json, text/plain, */*] and supported [application/json, application/*+json, application/yaml]
2025-03-28 13:08:19.006 [http-nio-8080-exec-9] DEBUG org.springframework.web.servlet.mvc.method.annotation.HttpEntityMethodProcessor -Writing [[com.sprint.mission.discodeit.dto.readstatus.ReadStatusDto@9fd9b0f, com.sprint.mission.discodeit.dto (truncated)...]
2025-03-28 13:08:19.006 [http-nio-8080-exec-9] DEBUG org.springframework.web.servlet.DispatcherServlet -Completed 201 CREATED
2025-03-28 13:08:21.836 [http-nio-8080-exec-3] DEBUG org.springframework.web.servlet.DispatcherServlet -GET "/api/messages?channelId=fb861459-aa71-4721-8ed6-5199956000e9&size=50&sort=createdAt,desc", parameters={masked}
2025-03-28 13:08:21.836 [http-nio-8080-exec-3] DEBUG org.springframework.web.servlet.mvc.method.annotation.RequestMappingHandlerMapping -Mapped to com.sprint.mission.discodeit.controller.MessageController#findAllByChannelId(UUID, Instant, int)
2025-03-28 13:08:21.838 [http-nio-8080-exec-3] WARN  org.hibernate.orm.query              -HHH90003004: firstResult/maxResults specified with collection fetch; applying in memory
2025-03-28 13:08:21.847 [http-nio-8080-exec-3] DEBUG org.hibernate.sql.results.internal.ResultsHelper -Collection fully initialized: [com.sprint.mission.discodeit.entity.Message.attachmentIds#b87e1b9c-5503-4e14-8af8-b44557ceda4e]
2025-03-28 13:08:21.847 [http-nio-8080-exec-3] DEBUG org.hibernate.sql.results.internal.ResultsHelper -Collection fully initialized: [com.sprint.mission.discodeit.entity.Message.attachmentIds#88dddaf8-d306-4448-baf2-920a73e71928]
2025-03-28 13:08:21.847 [http-nio-8080-exec-3] DEBUG org.hibernate.sql.results.internal.ResultsHelper -Collection fully initialized: [com.sprint.mission.discodeit.entity.Message.attachmentIds#ae982b84-02b6-4360-a057-018e0cdb2434]
2025-03-28 13:08:21.847 [http-nio-8080-exec-3] DEBUG org.hibernate.sql.results.internal.ResultsHelper -Collection fully initialized: [com.sprint.mission.discodeit.entity.Message.attachmentIds#4f11ffc6-797c-4134-98c7-938b14751e59]
2025-03-28 13:08:21.847 [http-nio-8080-exec-3] DEBUG org.hibernate.sql.results.internal.ResultsHelper -Collection fully initialized: [com.sprint.mission.discodeit.entity.Message.attachmentIds#9690e9a4-21a1-43f7-9fc5-81eb72661e75]
2025-03-28 13:08:21.847 [http-nio-8080-exec-3] DEBUG org.hibernate.sql.results.internal.ResultsHelper -Collection fully initialized: [com.sprint.mission.discodeit.entity.Message.attachmentIds#792809d6-cc48-4036-b04d-bb96a032d920]
2025-03-28 13:08:21.847 [http-nio-8080-exec-3] DEBUG org.hibernate.sql.results.internal.ResultsHelper -Collection fully initialized: [com.sprint.mission.discodeit.entity.Message.attachmentIds#3d582dbb-2682-4b45-a835-72bdd322df4a]
2025-03-28 13:08:21.847 [http-nio-8080-exec-3] DEBUG org.hibernate.sql.results.internal.ResultsHelper -Collection fully initialized: [com.sprint.mission.discodeit.entity.Message.attachmentIds#4fcc1f5a-ee3c-4845-a4d4-778fedb3c874]
2025-03-28 13:08:21.847 [http-nio-8080-exec-3] DEBUG org.hibernate.sql.results.internal.ResultsHelper -Collection fully initialized: [com.sprint.mission.discodeit.entity.Message.attachmentIds#9e691408-f4de-4a95-910a-ca318ffe2fa3]
2025-03-28 13:08:21.848 [http-nio-8080-exec-3] DEBUG org.hibernate.sql.results.internal.ResultsHelper -Collection fully initialized: [com.sprint.mission.discodeit.entity.Message.attachmentIds#3c604c62-34c8-4faa-8f59-f9a016d04404]
2025-03-28 13:08:21.848 [http-nio-8080-exec-3] DEBUG org.hibernate.sql.results.internal.ResultsHelper -Collection fully initialized: [com.sprint.mission.discodeit.entity.Message.attachmentIds#3281936a-61d2-4cc3-9d2e-0792c5283b92]
2025-03-28 13:08:21.848 [http-nio-8080-exec-3] DEBUG org.hibernate.sql.results.internal.ResultsHelper -Collection fully initialized: [com.sprint.mission.discodeit.entity.Message.attachmentIds#7348bdba-39f9-4b02-b8d8-f1c7b4f1a18d]
2025-03-28 13:08:21.848 [http-nio-8080-exec-3] DEBUG org.hibernate.sql.results.internal.ResultsHelper -Collection fully initialized: [com.sprint.mission.discodeit.entity.Message.attachmentIds#f1ca445e-b436-4ee5-9711-031b94edcae3]
2025-03-28 13:08:21.848 [http-nio-8080-exec-3] DEBUG org.hibernate.sql.results.internal.ResultsHelper -Collection fully initialized: [com.sprint.mission.discodeit.entity.Message.attachmentIds#2b8ef2b7-6b77-4b08-81b2-ace3853cae93]
2025-03-28 13:08:21.848 [http-nio-8080-exec-3] DEBUG org.hibernate.sql.results.internal.ResultsHelper -Collection fully initialized: [com.sprint.mission.discodeit.entity.Message.attachmentIds#f6e5500f-5cc6-42c7-a81e-b7e3c84471e6]
2025-03-28 13:08:21.848 [http-nio-8080-exec-3] DEBUG org.hibernate.sql.results.internal.ResultsHelper -Collection fully initialized: [com.sprint.mission.discodeit.entity.Message.attachmentIds#ffc9e792-8c13-4ee6-a175-fa7a29717872]
2025-03-28 13:08:21.848 [http-nio-8080-exec-3] DEBUG org.hibernate.sql.results.internal.ResultsHelper -Collection fully initialized: [com.sprint.mission.discodeit.entity.Message.attachmentIds#21297a79-1a93-4615-aaaf-cc39e82138c3]
2025-03-28 13:08:21.848 [http-nio-8080-exec-3] DEBUG org.hibernate.sql.results.internal.ResultsHelper -Collection fully initialized: [com.sprint.mission.discodeit.entity.Message.attachmentIds#5e2bcdb8-9bc8-4a75-8bd0-0bdc4d698262]
2025-03-28 13:08:21.848 [http-nio-8080-exec-3] DEBUG org.hibernate.sql.results.internal.ResultsHelper -Collection fully initialized: [com.sprint.mission.discodeit.entity.Message.attachmentIds#5fcb3939-f9f7-4ab9-a645-cddee942677e]
2025-03-28 13:08:21.848 [http-nio-8080-exec-3] DEBUG org.hibernate.sql.results.internal.ResultsHelper -Collection fully initialized: [com.sprint.mission.discodeit.entity.Message.attachmentIds#77588fb7-6884-4b01-a31c-faab6fec65da]
2025-03-28 13:08:21.848 [http-nio-8080-exec-3] DEBUG org.hibernate.sql.results.internal.ResultsHelper -Collection fully initialized: [com.sprint.mission.discodeit.entity.Message.attachmentIds#ba0442fe-b908-48a6-8802-4d58d6cc8114]
2025-03-28 13:08:21.848 [http-nio-8080-exec-3] DEBUG org.hibernate.sql.results.internal.ResultsHelper -Collection fully initialized: [com.sprint.mission.discodeit.entity.Message.attachmentIds#7625c0a0-68d6-4cfc-b358-55abde948660]
2025-03-28 13:08:21.848 [http-nio-8080-exec-3] DEBUG org.hibernate.sql.results.internal.ResultsHelper -Collection fully initialized: [com.sprint.mission.discodeit.entity.Message.attachmentIds#8b11039d-420c-4fff-81bb-0940e837a642]
2025-03-28 13:08:21.848 [http-nio-8080-exec-3] DEBUG org.hibernate.sql.results.internal.ResultsHelper -Collection fully initialized: [com.sprint.mission.discodeit.entity.Message.attachmentIds#549e6626-7029-4966-85b3-3799ddabee64]
2025-03-28 13:08:21.848 [http-nio-8080-exec-3] DEBUG org.hibernate.sql.results.internal.ResultsHelper -Collection fully initialized: [com.sprint.mission.discodeit.entity.Message.attachmentIds#79a3fea1-4163-47e0-b6be-448e424c89f2]
2025-03-28 13:08:21.848 [http-nio-8080-exec-3] DEBUG org.hibernate.sql.results.internal.ResultsHelper -Collection fully initialized: [com.sprint.mission.discodeit.entity.Message.attachmentIds#b7ad1110-4577-4726-ac61-0cf0afac3e01]
2025-03-28 13:08:21.848 [http-nio-8080-exec-3] DEBUG org.hibernate.sql.results.internal.ResultsHelper -Collection fully initialized: [com.sprint.mission.discodeit.entity.Message.attachmentIds#71de75d0-b243-47e3-b771-619f2e9f1dd6]
2025-03-28 13:08:21.849 [http-nio-8080-exec-3] DEBUG org.hibernate.sql.results.internal.ResultsHelper -Collection fully initialized: [com.sprint.mission.discodeit.entity.Message.attachmentIds#c600ae86-66c1-420c-8d81-a0182905088f]
2025-03-28 13:08:21.849 [http-nio-8080-exec-3] DEBUG org.hibernate.sql.results.internal.ResultsHelper -Collection fully initialized: [com.sprint.mission.discodeit.entity.Message.attachmentIds#04351c6b-1385-4c9e-9e90-7033295783b7]
2025-03-28 13:08:21.849 [http-nio-8080-exec-3] DEBUG org.hibernate.sql.results.internal.ResultsHelper -Collection fully initialized: [com.sprint.mission.discodeit.entity.Message.attachmentIds#1723b37b-f7b6-4d6a-8ccf-11d00534f13b]
2025-03-28 13:08:21.849 [http-nio-8080-exec-3] DEBUG org.hibernate.sql.results.internal.ResultsHelper -Collection fully initialized: [com.sprint.mission.discodeit.entity.Message.attachmentIds#a3102a04-a27f-4388-96df-b240eaf16369]
2025-03-28 13:08:21.849 [http-nio-8080-exec-3] DEBUG org.hibernate.sql.results.internal.ResultsHelper -Collection fully initialized: [com.sprint.mission.discodeit.entity.Message.attachmentIds#318276f9-7639-44b8-b32e-69d43f9b1999]
2025-03-28 13:08:21.849 [http-nio-8080-exec-3] DEBUG org.hibernate.sql.results.internal.ResultsHelper -Collection fully initialized: [com.sprint.mission.discodeit.entity.Message.attachmentIds#8b1acf3d-704f-4ae8-9e67-3a0173851667]
2025-03-28 13:08:21.849 [http-nio-8080-exec-3] DEBUG org.hibernate.sql.results.internal.ResultsHelper -Collection fully initialized: [com.sprint.mission.discodeit.entity.Message.attachmentIds#31d166fd-f16f-48c1-8c26-ed7fdde184b7]
2025-03-28 13:08:21.849 [http-nio-8080-exec-3] DEBUG org.hibernate.sql.results.internal.ResultsHelper -Collection fully initialized: [com.sprint.mission.discodeit.entity.Message.attachmentIds#505fc0ba-83b4-4418-9ea5-76221fa0c3f2]
2025-03-28 13:08:21.849 [http-nio-8080-exec-3] DEBUG org.hibernate.sql.results.internal.ResultsHelper -Collection fully initialized: [com.sprint.mission.discodeit.entity.Message.attachmentIds#96d000e3-7b8c-4a6b-9332-76c9af041cae]
2025-03-28 13:08:21.849 [http-nio-8080-exec-3] DEBUG org.hibernate.sql.results.internal.ResultsHelper -Collection fully initialized: [com.sprint.mission.discodeit.entity.Message.attachmentIds#ae6a3af9-c242-4788-a38c-495862c821d9]
2025-03-28 13:08:21.849 [http-nio-8080-exec-3] DEBUG org.hibernate.sql.results.internal.ResultsHelper -Collection fully initialized: [com.sprint.mission.discodeit.entity.Message.attachmentIds#07b4c709-b888-405d-9186-151476022c7d]
2025-03-28 13:08:21.849 [http-nio-8080-exec-3] DEBUG org.hibernate.sql.results.internal.ResultsHelper -Collection fully initialized: [com.sprint.mission.discodeit.entity.Message.attachmentIds#ef00cd90-e5b4-4ab4-bea0-6a8b9034f038]
2025-03-28 13:08:21.849 [http-nio-8080-exec-3] DEBUG org.hibernate.sql.results.internal.ResultsHelper -Collection fully initialized: [com.sprint.mission.discodeit.entity.Message.attachmentIds#9d08d6e4-1114-4bab-9450-925fbc792dd4]
2025-03-28 13:08:21.849 [http-nio-8080-exec-3] DEBUG org.hibernate.sql.results.internal.ResultsHelper -Collection fully initialized: [com.sprint.mission.discodeit.entity.Message.attachmentIds#265a1160-4624-4f28-8fb3-d59a8c4d05db]
2025-03-28 13:08:21.849 [http-nio-8080-exec-3] DEBUG org.hibernate.sql.results.internal.ResultsHelper -Collection fully initialized: [com.sprint.mission.discodeit.entity.Message.attachmentIds#235fd912-9476-41be-bbfc-475cb584a2c9]
2025-03-28 13:08:21.849 [http-nio-8080-exec-3] DEBUG org.hibernate.sql.results.internal.ResultsHelper -Collection fully initialized: [com.sprint.mission.discodeit.entity.Message.attachmentIds#07ba0cd4-275d-4c7f-a0cb-b08e3b979568]
2025-03-28 13:08:21.849 [http-nio-8080-exec-3] DEBUG org.hibernate.sql.results.internal.ResultsHelper -Collection fully initialized: [com.sprint.mission.discodeit.entity.Message.attachmentIds#a951df3f-6e94-44af-96c5-3995d195ce37]
2025-03-28 13:08:21.849 [http-nio-8080-exec-3] DEBUG org.hibernate.sql.results.internal.ResultsHelper -Collection fully initialized: [com.sprint.mission.discodeit.entity.Message.attachmentIds#b934b5ed-0874-4606-a8c1-3a083676ab73]
2025-03-28 13:08:21.849 [http-nio-8080-exec-3] DEBUG org.hibernate.sql.results.internal.ResultsHelper -Collection fully initialized: [com.sprint.mission.discodeit.entity.Message.attachmentIds#81ca0183-a2ec-49f1-a543-d33a33095d87]
2025-03-28 13:08:21.849 [http-nio-8080-exec-3] DEBUG org.hibernate.sql.results.internal.ResultsHelper -Collection fully initialized: [com.sprint.mission.discodeit.entity.Message.attachmentIds#e192edf0-21f6-4b14-88f7-3d8889897f9f]
2025-03-28 13:08:21.850 [http-nio-8080-exec-3] DEBUG org.hibernate.sql.results.internal.ResultsHelper -Collection fully initialized: [com.sprint.mission.discodeit.entity.Message.attachmentIds#1394fdfe-5c72-47e9-95f9-762651202a64]
2025-03-28 13:08:21.850 [http-nio-8080-exec-3] DEBUG org.hibernate.sql.results.internal.ResultsHelper -Collection fully initialized: [com.sprint.mission.discodeit.entity.Message.attachmentIds#286e413c-477a-46ff-b009-12be5ff1bf3b]
2025-03-28 13:08:21.850 [http-nio-8080-exec-3] DEBUG org.hibernate.sql.results.internal.ResultsHelper -Collection fully initialized: [com.sprint.mission.discodeit.entity.Message.attachmentIds#f4e83f25-9789-44c3-b5b4-b7e7d5bca84d]
2025-03-28 13:08:21.850 [http-nio-8080-exec-3] DEBUG org.hibernate.sql.results.internal.ResultsHelper -Collection fully initialized: [com.sprint.mission.discodeit.entity.Message.attachmentIds#120455f3-e5da-4218-8d0a-731fabeabf2d]
2025-03-28 13:08:21.850 [http-nio-8080-exec-3] DEBUG org.hibernate.sql.results.internal.ResultsHelper -Collection fully initialized: [com.sprint.mission.discodeit.entity.Message.attachmentIds#8cb2a4c5-fea7-431b-ad0d-503eacb40a68]
2025-03-28 13:08:21.850 [http-nio-8080-exec-3] DEBUG org.hibernate.sql.results.internal.ResultsHelper -Collection fully initialized: [com.sprint.mission.discodeit.entity.Message.attachmentIds#f369ba22-fe64-492f-a4e9-12f7d323d10a]
2025-03-28 13:08:21.850 [http-nio-8080-exec-3] DEBUG org.hibernate.sql.results.internal.ResultsHelper -Collection fully initialized: [com.sprint.mission.discodeit.entity.Message.attachmentIds#84fe1a16-b840-41f0-9514-5133c9a52cc9]
2025-03-28 13:08:21.850 [http-nio-8080-exec-3] DEBUG org.hibernate.sql.results.internal.ResultsHelper -Collection fully initialized: [com.sprint.mission.discodeit.entity.Message.attachmentIds#b3d41ff4-6638-47f8-ac13-df1369ebe316]
2025-03-28 13:08:21.850 [http-nio-8080-exec-3] DEBUG org.hibernate.sql.results.internal.ResultsHelper -Collection fully initialized: [com.sprint.mission.discodeit.entity.Message.attachmentIds#c8af6e60-8d9e-4c37-a0f8-ea95b17a4138]
2025-03-28 13:08:21.850 [http-nio-8080-exec-3] DEBUG org.hibernate.sql.results.internal.ResultsHelper -Collection fully initialized: [com.sprint.mission.discodeit.entity.Message.attachmentIds#22270357-f631-4b0b-a3e6-beb3606dd3ec]
2025-03-28 13:08:21.850 [http-nio-8080-exec-3] DEBUG org.hibernate.sql.results.internal.ResultsHelper -Collection fully initialized: [com.sprint.mission.discodeit.entity.Message.attachmentIds#1d1bd7bd-3f4d-4bb1-8bfe-15959993e475]
2025-03-28 13:08:21.850 [http-nio-8080-exec-3] DEBUG org.hibernate.sql.results.internal.ResultsHelper -Collection fully initialized: [com.sprint.mission.discodeit.entity.Message.attachmentIds#7fbc5b91-f752-4886-9826-01e15c059eac]
2025-03-28 13:08:21.865 [http-nio-8080-exec-3] DEBUG org.springframework.web.servlet.mvc.method.annotation.HttpEntityMethodProcessor -Using 'application/json', given [application/json, text/plain, */*] and supported [application/json, application/*+json, application/yaml]
2025-03-28 13:08:21.865 [http-nio-8080-exec-3] DEBUG org.springframework.web.servlet.mvc.method.annotation.HttpEntityMethodProcessor -Writing [com.sprint.mission.discodeit.dto.response.PageResponse@52a298eb]
2025-03-28 13:08:21.898 [http-nio-8080-exec-3] DEBUG org.springframework.web.servlet.DispatcherServlet -Completed 200 OK
2025-03-28 13:08:21.968 [http-nio-8080-exec-8] DEBUG org.springframework.web.servlet.DispatcherServlet -GET "/api/channels?userId=abfbc5ad-b5bc-48c6-b48e-7b25ef412fe0", parameters={masked}
2025-03-28 13:08:21.968 [http-nio-8080-exec-8] DEBUG org.springframework.web.servlet.mvc.method.annotation.RequestMappingHandlerMapping -Mapped to com.sprint.mission.discodeit.controller.ChannelController#findAll(UUID)
2025-03-28 13:08:21.983 [http-nio-8080-exec-8] DEBUG org.hibernate.sql.results.internal.ResultsHelper -Collection fully initialized: [com.sprint.mission.discodeit.entity.Channel.messages#fb861459-aa71-4721-8ed6-5199956000e9]
2025-03-28 13:08:21.984 [http-nio-8080-exec-8] DEBUG org.hibernate.sql.results.internal.ResultsHelper -Collection fully initialized: [com.sprint.mission.discodeit.entity.Channel.readStatuses#c12a5958-cf69-47c0-bc6a-b4b3aca99b3b]
2025-03-28 13:08:21.984 [http-nio-8080-exec-8] DEBUG org.hibernate.sql.results.internal.ResultsHelper -Collection fully initialized: [com.sprint.mission.discodeit.entity.Channel.readStatuses#1be3ea47-28c9-4fbe-9672-6cb2cd2ceb5d]
2025-03-28 13:08:21.984 [http-nio-8080-exec-8] DEBUG org.hibernate.sql.results.internal.ResultsHelper -Collection fully initialized: [com.sprint.mission.discodeit.entity.Channel.messages#c12a5958-cf69-47c0-bc6a-b4b3aca99b3b]
2025-03-28 13:08:21.984 [http-nio-8080-exec-8] DEBUG org.hibernate.sql.results.internal.ResultsHelper -Collection fully initialized: [com.sprint.mission.discodeit.entity.Channel.readStatuses#fb861459-aa71-4721-8ed6-5199956000e9]
2025-03-28 13:08:21.984 [http-nio-8080-exec-8] DEBUG org.hibernate.sql.results.internal.ResultsHelper -Collection fully initialized: [com.sprint.mission.discodeit.entity.Channel.messages#1be3ea47-28c9-4fbe-9672-6cb2cd2ceb5d]
2025-03-28 13:08:21.985 [http-nio-8080-exec-8] INFO  com.sprint.mission.discodeit.service.basic.BasicChannelService -Find all channels by userId: userId=abfbc5ad-b5bc-48c6-b48e-7b25ef412fe0,조회된 채널 수=3
2025-03-28 13:08:21.985 [http-nio-8080-exec-8] DEBUG org.springframework.web.servlet.mvc.method.annotation.HttpEntityMethodProcessor -Using 'application/json', given [application/json, text/plain, */*] and supported [application/json, application/*+json, application/yaml]
2025-03-28 13:08:21.985 [http-nio-8080-exec-8] DEBUG org.springframework.web.servlet.mvc.method.annotation.HttpEntityMethodProcessor -Writing [[com.sprint.mission.discodeit.dto.channel.ChannelDto@3dbd8311, com.sprint.mission.discodeit.dto.chan (truncated)...]
2025-03-28 13:08:21.987 [http-nio-8080-exec-8] DEBUG org.springframework.web.servlet.DispatcherServlet -Completed 200 OK
2025-03-28 13:08:21.994 [http-nio-8080-exec-7] DEBUG org.springframework.web.servlet.DispatcherServlet -GET "/api/readStatuses?userId=abfbc5ad-b5bc-48c6-b48e-7b25ef412fe0", parameters={masked}
2025-03-28 13:08:21.994 [http-nio-8080-exec-7] DEBUG org.springframework.web.servlet.mvc.method.annotation.RequestMappingHandlerMapping -Mapped to com.sprint.mission.discodeit.controller.ReadStatusController#findAllByUserId(UUID)
2025-03-28 13:08:21.998 [http-nio-8080-exec-7] DEBUG org.springframework.web.servlet.mvc.method.annotation.HttpEntityMethodProcessor -Using 'application/json', given [application/json, text/plain, */*] and supported [application/json, application/*+json, application/yaml]
2025-03-28 13:08:21.998 [http-nio-8080-exec-7] DEBUG org.springframework.web.servlet.mvc.method.annotation.HttpEntityMethodProcessor -Writing [[com.sprint.mission.discodeit.dto.readstatus.ReadStatusDto@2c5ee3ea, com.sprint.mission.discodeit.dt (truncated)...]
2025-03-28 13:08:21.998 [http-nio-8080-exec-7] DEBUG org.springframework.web.servlet.DispatcherServlet -Completed 201 CREATED
2025-03-28 13:08:23.894 [http-nio-8080-exec-5] DEBUG org.springframework.web.servlet.DispatcherServlet -PATCH "/api/readStatuses/b347b492-9d51-4367-9047-67ba0279fd33", parameters={}
2025-03-28 13:08:23.894 [http-nio-8080-exec-5] DEBUG org.springframework.web.servlet.mvc.method.annotation.RequestMappingHandlerMapping -Mapped to com.sprint.mission.discodeit.controller.ReadStatusController#updateReadStatus(UUID, UpdateReadStatusRequestDto)
2025-03-28 13:08:23.896 [http-nio-8080-exec-5] DEBUG org.springframework.web.servlet.mvc.method.annotation.RequestResponseBodyMethodProcessor -Read "application/json;charset=UTF-8" to [com.sprint.mission.discodeit.dto.readstatus.UpdateReadStatusRequestDto@455d0f82]
2025-03-28 13:08:23.900 [http-nio-8080-exec-6] DEBUG org.springframework.web.servlet.DispatcherServlet -GET "/api/messages?channelId=c12a5958-cf69-47c0-bc6a-b4b3aca99b3b&size=50&sort=createdAt,desc", parameters={masked}
2025-03-28 13:08:23.900 [http-nio-8080-exec-6] DEBUG org.springframework.web.servlet.mvc.method.annotation.RequestMappingHandlerMapping -Mapped to com.sprint.mission.discodeit.controller.MessageController#findAllByChannelId(UUID, Instant, int)
2025-03-28 13:08:23.901 [http-nio-8080-exec-5] DEBUG org.springframework.web.servlet.mvc.method.annotation.HttpEntityMethodProcessor -Using 'application/json', given [application/json, text/plain, */*] and supported [application/json, application/*+json, application/yaml]
2025-03-28 13:08:23.901 [http-nio-8080-exec-5] DEBUG org.springframework.web.servlet.mvc.method.annotation.HttpEntityMethodProcessor -Writing [com.sprint.mission.discodeit.dto.readstatus.ReadStatusDto@74c3eeda]
2025-03-28 13:08:23.901 [http-nio-8080-exec-6] WARN  org.hibernate.orm.query              -HHH90003004: firstResult/maxResults specified with collection fetch; applying in memory
2025-03-28 13:08:23.902 [http-nio-8080-exec-5] DEBUG org.springframework.web.servlet.DispatcherServlet -Completed 200 OK
2025-03-28 13:08:23.908 [http-nio-8080-exec-6] DEBUG org.hibernate.sql.results.internal.ResultsHelper -Collection fully initialized: [com.sprint.mission.discodeit.entity.Message.attachmentIds#61ca4ff6-a268-4a52-8dfa-5884a77594f7]
2025-03-28 13:08:23.909 [http-nio-8080-exec-6] DEBUG org.springframework.web.servlet.mvc.method.annotation.HttpEntityMethodProcessor -Using 'application/json', given [application/json, text/plain, */*] and supported [application/json, application/*+json, application/yaml]
2025-03-28 13:08:23.909 [http-nio-8080-exec-6] DEBUG org.springframework.web.servlet.mvc.method.annotation.HttpEntityMethodProcessor -Writing [com.sprint.mission.discodeit.dto.response.PageResponse@1a6785b7]
2025-03-28 13:08:23.910 [http-nio-8080-exec-6] DEBUG org.springframework.web.servlet.DispatcherServlet -Completed 200 OK
2025-03-28 13:08:23.912 [http-nio-8080-exec-4] DEBUG org.springframework.web.servlet.DispatcherServlet -GET "/api/messages?channelId=c12a5958-cf69-47c0-bc6a-b4b3aca99b3b&size=50&sort=createdAt,desc", parameters={masked}
2025-03-28 13:08:23.913 [http-nio-8080-exec-4] DEBUG org.springframework.web.servlet.mvc.method.annotation.RequestMappingHandlerMapping -Mapped to com.sprint.mission.discodeit.controller.MessageController#findAllByChannelId(UUID, Instant, int)
2025-03-28 13:08:23.914 [http-nio-8080-exec-4] WARN  org.hibernate.orm.query              -HHH90003004: firstResult/maxResults specified with collection fetch; applying in memory
2025-03-28 13:08:23.919 [http-nio-8080-exec-4] DEBUG org.hibernate.sql.results.internal.ResultsHelper -Collection fully initialized: [com.sprint.mission.discodeit.entity.Message.attachmentIds#61ca4ff6-a268-4a52-8dfa-5884a77594f7]
2025-03-28 13:08:23.920 [http-nio-8080-exec-4] DEBUG org.springframework.web.servlet.mvc.method.annotation.HttpEntityMethodProcessor -Using 'application/json', given [application/json, text/plain, */*] and supported [application/json, application/*+json, application/yaml]
2025-03-28 13:08:23.920 [http-nio-8080-exec-4] DEBUG org.springframework.web.servlet.mvc.method.annotation.HttpEntityMethodProcessor -Writing [com.sprint.mission.discodeit.dto.response.PageResponse@ae2ec4f]
2025-03-28 13:08:23.920 [http-nio-8080-exec-4] DEBUG org.springframework.web.servlet.DispatcherServlet -Completed 200 OK
2025-03-28 13:08:24.376 [http-nio-8080-exec-10] DEBUG org.springframework.web.servlet.DispatcherServlet -GET "/api/messages?channelId=c12a5958-cf69-47c0-bc6a-b4b3aca99b3b&size=50&sort=createdAt,desc", parameters={masked}
2025-03-28 13:08:24.377 [http-nio-8080-exec-10] DEBUG org.springframework.web.servlet.mvc.method.annotation.RequestMappingHandlerMapping -Mapped to com.sprint.mission.discodeit.controller.MessageController#findAllByChannelId(UUID, Instant, int)
2025-03-28 13:08:24.378 [http-nio-8080-exec-10] WARN  org.hibernate.orm.query              -HHH90003004: firstResult/maxResults specified with collection fetch; applying in memory
2025-03-28 13:08:24.384 [http-nio-8080-exec-10] DEBUG org.hibernate.sql.results.internal.ResultsHelper -Collection fully initialized: [com.sprint.mission.discodeit.entity.Message.attachmentIds#61ca4ff6-a268-4a52-8dfa-5884a77594f7]
2025-03-28 13:08:24.384 [http-nio-8080-exec-10] DEBUG org.springframework.web.servlet.mvc.method.annotation.HttpEntityMethodProcessor -Using 'application/json', given [application/json, text/plain, */*] and supported [application/json, application/*+json, application/yaml]
2025-03-28 13:08:24.384 [http-nio-8080-exec-10] DEBUG org.springframework.web.servlet.mvc.method.annotation.HttpEntityMethodProcessor -Writing [com.sprint.mission.discodeit.dto.response.PageResponse@35afe425]
2025-03-28 13:08:24.385 [http-nio-8080-exec-10] DEBUG org.springframework.web.servlet.DispatcherServlet -Completed 200 OK
2025-03-28 13:08:24.976 [http-nio-8080-exec-1] DEBUG org.springframework.web.servlet.DispatcherServlet -PATCH "/api/readStatuses/0b93a875-801b-417a-9e9f-779bc5cbbca4", parameters={}
2025-03-28 13:08:24.976 [http-nio-8080-exec-2] DEBUG org.springframework.web.servlet.DispatcherServlet -GET "/api/channels?userId=abfbc5ad-b5bc-48c6-b48e-7b25ef412fe0", parameters={masked}
2025-03-28 13:08:24.977 [http-nio-8080-exec-1] DEBUG org.springframework.web.servlet.mvc.method.annotation.RequestMappingHandlerMapping -Mapped to com.sprint.mission.discodeit.controller.ReadStatusController#updateReadStatus(UUID, UpdateReadStatusRequestDto)
2025-03-28 13:08:24.977 [http-nio-8080-exec-2] DEBUG org.springframework.web.servlet.mvc.method.annotation.RequestMappingHandlerMapping -Mapped to com.sprint.mission.discodeit.controller.ChannelController#findAll(UUID)
2025-03-28 13:08:24.978 [http-nio-8080-exec-1] DEBUG org.springframework.web.servlet.mvc.method.annotation.RequestResponseBodyMethodProcessor -Read "application/json;charset=UTF-8" to [com.sprint.mission.discodeit.dto.readstatus.UpdateReadStatusRequestDto@70a101e0]
2025-03-28 13:08:24.978 [http-nio-8080-exec-9] DEBUG org.springframework.web.servlet.DispatcherServlet -GET "/api/messages?channelId=1be3ea47-28c9-4fbe-9672-6cb2cd2ceb5d&size=50&sort=createdAt,desc", parameters={masked}
2025-03-28 13:08:24.978 [http-nio-8080-exec-9] DEBUG org.springframework.web.servlet.mvc.method.annotation.RequestMappingHandlerMapping -Mapped to com.sprint.mission.discodeit.controller.MessageController#findAllByChannelId(UUID, Instant, int)
2025-03-28 13:08:24.980 [http-nio-8080-exec-9] WARN  org.hibernate.orm.query              -HHH90003004: firstResult/maxResults specified with collection fetch; applying in memory
2025-03-28 13:08:24.981 [http-nio-8080-exec-1] DEBUG org.springframework.web.servlet.mvc.method.annotation.HttpEntityMethodProcessor -Using 'application/json', given [application/json, text/plain, */*] and supported [application/json, application/*+json, application/yaml]
2025-03-28 13:08:24.982 [http-nio-8080-exec-1] DEBUG org.springframework.web.servlet.mvc.method.annotation.HttpEntityMethodProcessor -Writing [com.sprint.mission.discodeit.dto.readstatus.ReadStatusDto@449d69ab]
2025-03-28 13:08:24.982 [http-nio-8080-exec-1] DEBUG org.springframework.web.servlet.DispatcherServlet -Completed 200 OK
2025-03-28 13:08:24.989 [http-nio-8080-exec-9] DEBUG org.hibernate.sql.results.internal.ResultsHelper -Collection fully initialized: [com.sprint.mission.discodeit.entity.Message.attachmentIds#21b061c5-d0c7-419a-a503-7c327db3c7eb]
2025-03-28 13:08:24.989 [http-nio-8080-exec-9] DEBUG org.hibernate.sql.results.internal.ResultsHelper -Collection fully initialized: [com.sprint.mission.discodeit.entity.Message.attachmentIds#86b479d5-d611-4ce4-9e16-cece67532817]
2025-03-28 13:08:24.989 [http-nio-8080-exec-9] DEBUG org.hibernate.sql.results.internal.ResultsHelper -Collection fully initialized: [com.sprint.mission.discodeit.entity.Message.attachmentIds#bffae241-7752-4775-a176-42093fa0fbab]
2025-03-28 13:08:24.989 [http-nio-8080-exec-9] DEBUG org.hibernate.sql.results.internal.ResultsHelper -Collection fully initialized: [com.sprint.mission.discodeit.entity.Message.attachmentIds#c81e34b9-4d63-42c7-853f-c91f498e691b]
2025-03-28 13:08:24.990 [http-nio-8080-exec-9] DEBUG org.springframework.web.servlet.mvc.method.annotation.HttpEntityMethodProcessor -Using 'application/json', given [application/json, text/plain, */*] and supported [application/json, application/*+json, application/yaml]
2025-03-28 13:08:24.990 [http-nio-8080-exec-9] DEBUG org.springframework.web.servlet.mvc.method.annotation.HttpEntityMethodProcessor -Writing [com.sprint.mission.discodeit.dto.response.PageResponse@6998ba81]
2025-03-28 13:08:24.991 [http-nio-8080-exec-2] DEBUG org.hibernate.sql.results.internal.ResultsHelper -Collection fully initialized: [com.sprint.mission.discodeit.entity.Channel.messages#fb861459-aa71-4721-8ed6-5199956000e9]
2025-03-28 13:08:24.991 [http-nio-8080-exec-2] DEBUG org.hibernate.sql.results.internal.ResultsHelper -Collection fully initialized: [com.sprint.mission.discodeit.entity.Channel.readStatuses#c12a5958-cf69-47c0-bc6a-b4b3aca99b3b]
2025-03-28 13:08:24.991 [http-nio-8080-exec-2] DEBUG org.hibernate.sql.results.internal.ResultsHelper -Collection fully initialized: [com.sprint.mission.discodeit.entity.Channel.readStatuses#1be3ea47-28c9-4fbe-9672-6cb2cd2ceb5d]
2025-03-28 13:08:24.991 [http-nio-8080-exec-2] DEBUG org.hibernate.sql.results.internal.ResultsHelper -Collection fully initialized: [com.sprint.mission.discodeit.entity.Channel.messages#c12a5958-cf69-47c0-bc6a-b4b3aca99b3b]
2025-03-28 13:08:24.991 [http-nio-8080-exec-2] DEBUG org.hibernate.sql.results.internal.ResultsHelper -Collection fully initialized: [com.sprint.mission.discodeit.entity.Channel.readStatuses#fb861459-aa71-4721-8ed6-5199956000e9]
2025-03-28 13:08:24.991 [http-nio-8080-exec-2] DEBUG org.hibernate.sql.results.internal.ResultsHelper -Collection fully initialized: [com.sprint.mission.discodeit.entity.Channel.messages#1be3ea47-28c9-4fbe-9672-6cb2cd2ceb5d]
2025-03-28 13:08:24.992 [http-nio-8080-exec-9] DEBUG org.springframework.web.servlet.DispatcherServlet -Completed 200 OK
2025-03-28 13:08:24.994 [http-nio-8080-exec-9] DEBUG org.springframework.web.servlet.DispatcherServlet -GET "/api/messages?channelId=1be3ea47-28c9-4fbe-9672-6cb2cd2ceb5d&size=50&sort=createdAt,desc", parameters={masked}
2025-03-28 13:08:24.994 [http-nio-8080-exec-2] INFO  com.sprint.mission.discodeit.service.basic.BasicChannelService -Find all channels by userId: userId=abfbc5ad-b5bc-48c6-b48e-7b25ef412fe0,조회된 채널 수=3
2025-03-28 13:08:24.995 [http-nio-8080-exec-9] DEBUG org.springframework.web.servlet.mvc.method.annotation.RequestMappingHandlerMapping -Mapped to com.sprint.mission.discodeit.controller.MessageController#findAllByChannelId(UUID, Instant, int)
2025-03-28 13:08:24.995 [http-nio-8080-exec-2] DEBUG org.springframework.web.servlet.mvc.method.annotation.HttpEntityMethodProcessor -Using 'application/json', given [application/json, text/plain, */*] and supported [application/json, application/*+json, application/yaml]
2025-03-28 13:08:24.995 [http-nio-8080-exec-2] DEBUG org.springframework.web.servlet.mvc.method.annotation.HttpEntityMethodProcessor -Writing [[com.sprint.mission.discodeit.dto.channel.ChannelDto@7d4732a3, com.sprint.mission.discodeit.dto.chan (truncated)...]
2025-03-28 13:08:24.997 [http-nio-8080-exec-9] WARN  org.hibernate.orm.query              -HHH90003004: firstResult/maxResults specified with collection fetch; applying in memory
2025-03-28 13:08:24.998 [http-nio-8080-exec-2] DEBUG org.springframework.web.servlet.DispatcherServlet -Completed 200 OK
2025-03-28 13:08:25.003 [http-nio-8080-exec-9] DEBUG org.hibernate.sql.results.internal.ResultsHelper -Collection fully initialized: [com.sprint.mission.discodeit.entity.Message.attachmentIds#21b061c5-d0c7-419a-a503-7c327db3c7eb]
2025-03-28 13:08:25.003 [http-nio-8080-exec-9] DEBUG org.hibernate.sql.results.internal.ResultsHelper -Collection fully initialized: [com.sprint.mission.discodeit.entity.Message.attachmentIds#86b479d5-d611-4ce4-9e16-cece67532817]
2025-03-28 13:08:25.003 [http-nio-8080-exec-9] DEBUG org.hibernate.sql.results.internal.ResultsHelper -Collection fully initialized: [com.sprint.mission.discodeit.entity.Message.attachmentIds#bffae241-7752-4775-a176-42093fa0fbab]
2025-03-28 13:08:25.003 [http-nio-8080-exec-9] DEBUG org.hibernate.sql.results.internal.ResultsHelper -Collection fully initialized: [com.sprint.mission.discodeit.entity.Message.attachmentIds#c81e34b9-4d63-42c7-853f-c91f498e691b]
2025-03-28 13:08:25.005 [http-nio-8080-exec-9] DEBUG org.springframework.web.servlet.mvc.method.annotation.HttpEntityMethodProcessor -Using 'application/json', given [application/json, text/plain, */*] and supported [application/json, application/*+json, application/yaml]
2025-03-28 13:08:25.005 [http-nio-8080-exec-9] DEBUG org.springframework.web.servlet.mvc.method.annotation.HttpEntityMethodProcessor -Writing [com.sprint.mission.discodeit.dto.response.PageResponse@2a9bbc44]
2025-03-28 13:08:25.007 [http-nio-8080-exec-8] DEBUG org.springframework.web.servlet.DispatcherServlet -GET "/api/readStatuses?userId=abfbc5ad-b5bc-48c6-b48e-7b25ef412fe0", parameters={masked}
2025-03-28 13:08:25.007 [http-nio-8080-exec-9] DEBUG org.springframework.web.servlet.DispatcherServlet -Completed 200 OK
2025-03-28 13:08:25.007 [http-nio-8080-exec-8] DEBUG org.springframework.web.servlet.mvc.method.annotation.RequestMappingHandlerMapping -Mapped to com.sprint.mission.discodeit.controller.ReadStatusController#findAllByUserId(UUID)
2025-03-28 13:08:25.012 [http-nio-8080-exec-8] DEBUG org.springframework.web.servlet.mvc.method.annotation.HttpEntityMethodProcessor -Using 'application/json', given [application/json, text/plain, */*] and supported [application/json, application/*+json, application/yaml]
2025-03-28 13:08:25.012 [http-nio-8080-exec-8] DEBUG org.springframework.web.servlet.mvc.method.annotation.HttpEntityMethodProcessor -Writing [[com.sprint.mission.discodeit.dto.readstatus.ReadStatusDto@5b94a57a, com.sprint.mission.discodeit.dt (truncated)...]
2025-03-28 13:08:25.012 [http-nio-8080-exec-8] DEBUG org.springframework.web.servlet.DispatcherServlet -Completed 201 CREATED
2025-03-28 13:08:25.471 [http-nio-8080-exec-7] DEBUG org.springframework.web.servlet.DispatcherServlet -GET "/api/messages?channelId=1be3ea47-28c9-4fbe-9672-6cb2cd2ceb5d&size=50&sort=createdAt,desc", parameters={masked}
2025-03-28 13:08:25.472 [http-nio-8080-exec-7] DEBUG org.springframework.web.servlet.mvc.method.annotation.RequestMappingHandlerMapping -Mapped to com.sprint.mission.discodeit.controller.MessageController#findAllByChannelId(UUID, Instant, int)
2025-03-28 13:08:25.472 [http-nio-8080-exec-7] WARN  org.hibernate.orm.query              -HHH90003004: firstResult/maxResults specified with collection fetch; applying in memory
2025-03-28 13:08:25.478 [http-nio-8080-exec-7] DEBUG org.hibernate.sql.results.internal.ResultsHelper -Collection fully initialized: [com.sprint.mission.discodeit.entity.Message.attachmentIds#21b061c5-d0c7-419a-a503-7c327db3c7eb]
2025-03-28 13:08:25.478 [http-nio-8080-exec-7] DEBUG org.hibernate.sql.results.internal.ResultsHelper -Collection fully initialized: [com.sprint.mission.discodeit.entity.Message.attachmentIds#86b479d5-d611-4ce4-9e16-cece67532817]
2025-03-28 13:08:25.478 [http-nio-8080-exec-7] DEBUG org.hibernate.sql.results.internal.ResultsHelper -Collection fully initialized: [com.sprint.mission.discodeit.entity.Message.attachmentIds#bffae241-7752-4775-a176-42093fa0fbab]
2025-03-28 13:08:25.478 [http-nio-8080-exec-7] DEBUG org.hibernate.sql.results.internal.ResultsHelper -Collection fully initialized: [com.sprint.mission.discodeit.entity.Message.attachmentIds#c81e34b9-4d63-42c7-853f-c91f498e691b]
2025-03-28 13:08:25.479 [http-nio-8080-exec-7] DEBUG org.springframework.web.servlet.mvc.method.annotation.HttpEntityMethodProcessor -Using 'application/json', given [application/json, text/plain, */*] and supported [application/json, application/*+json, application/yaml]
2025-03-28 13:08:25.480 [http-nio-8080-exec-7] DEBUG org.springframework.web.servlet.mvc.method.annotation.HttpEntityMethodProcessor -Writing [com.sprint.mission.discodeit.dto.response.PageResponse@4d316e2b]
2025-03-28 13:08:25.482 [http-nio-8080-exec-7] DEBUG org.springframework.web.servlet.DispatcherServlet -Completed 200 OK
2025-03-28 13:08:26.175 [http-nio-8080-exec-5] DEBUG org.springframework.web.servlet.DispatcherServlet -GET "/api/messages?channelId=1be3ea47-28c9-4fbe-9672-6cb2cd2ceb5d&size=50&sort=createdAt,desc", parameters={masked}
2025-03-28 13:08:26.175 [http-nio-8080-exec-5] DEBUG org.springframework.web.servlet.mvc.method.annotation.RequestMappingHandlerMapping -Mapped to com.sprint.mission.discodeit.controller.MessageController#findAllByChannelId(UUID, Instant, int)
2025-03-28 13:08:26.177 [http-nio-8080-exec-5] WARN  org.hibernate.orm.query              -HHH90003004: firstResult/maxResults specified with collection fetch; applying in memory
2025-03-28 13:08:26.182 [http-nio-8080-exec-5] DEBUG org.hibernate.sql.results.internal.ResultsHelper -Collection fully initialized: [com.sprint.mission.discodeit.entity.Message.attachmentIds#21b061c5-d0c7-419a-a503-7c327db3c7eb]
2025-03-28 13:08:26.182 [http-nio-8080-exec-5] DEBUG org.hibernate.sql.results.internal.ResultsHelper -Collection fully initialized: [com.sprint.mission.discodeit.entity.Message.attachmentIds#86b479d5-d611-4ce4-9e16-cece67532817]
2025-03-28 13:08:26.183 [http-nio-8080-exec-5] DEBUG org.hibernate.sql.results.internal.ResultsHelper -Collection fully initialized: [com.sprint.mission.discodeit.entity.Message.attachmentIds#bffae241-7752-4775-a176-42093fa0fbab]
2025-03-28 13:08:26.183 [http-nio-8080-exec-5] DEBUG org.hibernate.sql.results.internal.ResultsHelper -Collection fully initialized: [com.sprint.mission.discodeit.entity.Message.attachmentIds#c81e34b9-4d63-42c7-853f-c91f498e691b]
2025-03-28 13:08:26.185 [http-nio-8080-exec-5] DEBUG org.springframework.web.servlet.mvc.method.annotation.HttpEntityMethodProcessor -Using 'application/json', given [application/json, text/plain, */*] and supported [application/json, application/*+json, application/yaml]
2025-03-28 13:08:26.185 [http-nio-8080-exec-5] DEBUG org.springframework.web.servlet.mvc.method.annotation.HttpEntityMethodProcessor -Writing [com.sprint.mission.discodeit.dto.response.PageResponse@229ea7df]
2025-03-28 13:08:26.186 [http-nio-8080-exec-5] DEBUG org.springframework.web.servlet.DispatcherServlet -Completed 200 OK
2025-03-28 13:08:27.224 [http-nio-8080-exec-6] DEBUG org.springframework.web.servlet.DispatcherServlet -GET "/api/messages?channelId=1be3ea47-28c9-4fbe-9672-6cb2cd2ceb5d&size=50&sort=createdAt,desc", parameters={masked}
2025-03-28 13:08:27.224 [http-nio-8080-exec-6] DEBUG org.springframework.web.servlet.mvc.method.annotation.RequestMappingHandlerMapping -Mapped to com.sprint.mission.discodeit.controller.MessageController#findAllByChannelId(UUID, Instant, int)
2025-03-28 13:08:27.226 [http-nio-8080-exec-6] WARN  org.hibernate.orm.query              -HHH90003004: firstResult/maxResults specified with collection fetch; applying in memory
2025-03-28 13:08:27.232 [http-nio-8080-exec-6] DEBUG org.hibernate.sql.results.internal.ResultsHelper -Collection fully initialized: [com.sprint.mission.discodeit.entity.Message.attachmentIds#21b061c5-d0c7-419a-a503-7c327db3c7eb]
2025-03-28 13:08:27.232 [http-nio-8080-exec-6] DEBUG org.hibernate.sql.results.internal.ResultsHelper -Collection fully initialized: [com.sprint.mission.discodeit.entity.Message.attachmentIds#86b479d5-d611-4ce4-9e16-cece67532817]
2025-03-28 13:08:27.232 [http-nio-8080-exec-6] DEBUG org.hibernate.sql.results.internal.ResultsHelper -Collection fully initialized: [com.sprint.mission.discodeit.entity.Message.attachmentIds#bffae241-7752-4775-a176-42093fa0fbab]
2025-03-28 13:08:27.232 [http-nio-8080-exec-6] DEBUG org.hibernate.sql.results.internal.ResultsHelper -Collection fully initialized: [com.sprint.mission.discodeit.entity.Message.attachmentIds#c81e34b9-4d63-42c7-853f-c91f498e691b]
2025-03-28 13:08:27.235 [http-nio-8080-exec-6] DEBUG org.springframework.web.servlet.mvc.method.annotation.HttpEntityMethodProcessor -Using 'application/json', given [application/json, text/plain, */*] and supported [application/json, application/*+json, application/yaml]
2025-03-28 13:08:27.236 [http-nio-8080-exec-6] DEBUG org.springframework.web.servlet.mvc.method.annotation.HttpEntityMethodProcessor -Writing [com.sprint.mission.discodeit.dto.response.PageResponse@1321d39c]
2025-03-28 13:08:27.238 [http-nio-8080-exec-6] DEBUG org.springframework.web.servlet.DispatcherServlet -Completed 200 OK
2025-03-28 13:08:29.975 [SpringApplicationShutdownHook] INFO  org.springframework.boot.web.embedded.tomcat.GracefulShutdown -Commencing graceful shutdown. Waiting for active requests to complete
2025-03-28 13:08:30.584 [tomcat-shutdown] INFO  org.springframework.boot.web.embedded.tomcat.GracefulShutdown -Graceful shutdown complete
2025-03-28 13:08:30.652 [SpringApplicationShutdownHook] INFO  org.springframework.orm.jpa.LocalContainerEntityManagerFactoryBean -Closing JPA EntityManagerFactory for persistence unit 'default'
2025-03-28 13:08:30.657 [SpringApplicationShutdownHook] INFO  com.zaxxer.hikari.HikariDataSource   -HikariPool-1 - Shutdown initiated...
2025-03-28 13:08:30.663 [SpringApplicationShutdownHook] INFO  com.zaxxer.hikari.HikariDataSource   -HikariPool-1 - Shutdown completed.
2025-03-28 13:09:39.814 [background-preinit] INFO  org.hibernate.validator.internal.util.Version -HV000001: Hibernate Validator 8.0.2.Final
2025-03-28 13:09:39.940 [main] INFO  com.sprint.mission.discodeit.DiscodeitApplication -Starting DiscodeitApplication using Java 17.0.12 with PID 7436 (C:\Users\qwert\1-sprint-mission\build\classes\java\main started by qwert in C:\Users\qwert\1-sprint-mission)
2025-03-28 13:09:39.942 [main] INFO  com.sprint.mission.discodeit.DiscodeitApplication -The following 1 profile is active: "dev"
2025-03-28 13:09:42.532 [main] INFO  org.springframework.data.repository.config.RepositoryConfigurationDelegate -Bootstrapping Spring Data JPA repositories in DEFAULT mode.
2025-03-28 13:09:42.890 [main] INFO  org.springframework.data.repository.config.RepositoryConfigurationDelegate -Finished Spring Data repository scanning in 342 ms. Found 6 JPA repository interfaces.
2025-03-28 13:09:44.291 [main] INFO  org.springframework.boot.web.embedded.tomcat.TomcatWebServer -Tomcat initialized with port 8080 (http)
2025-03-28 13:09:44.310 [main] INFO  org.apache.coyote.http11.Http11NioProtocol -Initializing ProtocolHandler ["http-nio-8080"]
2025-03-28 13:09:44.318 [main] INFO  org.apache.catalina.core.StandardService -Starting service [Tomcat]
2025-03-28 13:09:44.319 [main] INFO  org.apache.catalina.core.StandardEngine -Starting Servlet engine: [Apache Tomcat/10.1.34]
2025-03-28 13:09:44.460 [main] INFO  org.apache.catalina.core.ContainerBase.[Tomcat].[localhost].[/] -Initializing Spring embedded WebApplicationContext
2025-03-28 13:09:44.461 [main] INFO  org.springframework.boot.web.servlet.context.ServletWebServerApplicationContext -Root WebApplicationContext: initialization completed in 4428 ms
2025-03-28 13:09:44.812 [main] DEBUG org.springframework.web.filter.ServerHttpObservationFilter -Filter 'webMvcObservationFilter' configured for use
2025-03-28 13:09:44.924 [main] INFO  com.zaxxer.hikari.HikariDataSource   -HikariPool-1 - Starting...
2025-03-28 13:09:45.286 [main] INFO  com.zaxxer.hikari.pool.HikariPool    -HikariPool-1 - Added connection org.postgresql.jdbc.PgConnection@3cad24ae
2025-03-28 13:09:45.289 [main] INFO  com.zaxxer.hikari.HikariDataSource   -HikariPool-1 - Start completed.
2025-03-28 13:09:45.469 [main] INFO  org.hibernate.jpa.internal.util.LogHelper -HHH000204: Processing PersistenceUnitInfo [name: default]
2025-03-28 13:09:45.630 [main] INFO  org.hibernate.Version                -HHH000412: Hibernate ORM core version 6.6.5.Final
2025-03-28 13:09:45.714 [main] INFO  org.hibernate.cache.internal.RegionFactoryInitiator -HHH000026: Second-level cache disabled
2025-03-28 13:09:46.423 [main] INFO  org.springframework.orm.jpa.persistenceunit.SpringPersistenceUnitInfo -No LoadTimeWeaver setup: ignoring JPA class transformer
2025-03-28 13:09:46.602 [main] INFO  org.hibernate.orm.connections.pooling -HHH10001005: Database info:
	Database JDBC URL [Connecting through datasource 'HikariDataSource (HikariPool-1)']
	Database driver: undefined/unknown
	Database version: 17.4
	Autocommit mode: undefined/unknown
	Isolation level: undefined/unknown
	Minimum pool size: undefined/unknown
	Maximum pool size: undefined/unknown
2025-03-28 13:09:48.903 [main] INFO  org.hibernate.engine.transaction.jta.platform.internal.JtaPlatformInitiator -HHH000489: No JTA platform available (set 'hibernate.transaction.jta.platform' to enable JTA platform integration)
2025-03-28 13:09:49.186 [main] INFO  org.springframework.orm.jpa.LocalContainerEntityManagerFactoryBean -Initialized JPA EntityManagerFactory for persistence unit 'default'
2025-03-28 13:09:49.939 [main] INFO  org.springframework.data.jpa.repository.query.QueryEnhancerFactory -Hibernate is in classpath; If applicable, HQL parser will be used.
2025-03-28 13:09:51.911 [main] INFO  org.springframework.boot.autoconfigure.web.servlet.WelcomePageHandlerMapping -Adding welcome page: class path resource [static/index.html]
2025-03-28 13:09:52.148 [main] DEBUG org.springframework.web.servlet.mvc.method.annotation.RequestMappingHandlerMapping -28 mappings in 'requestMappingHandlerMapping'
2025-03-28 13:09:52.287 [main] DEBUG org.springframework.web.servlet.handler.SimpleUrlHandlerMapping -Patterns [/webjars/**, /**, /swagger-ui*/*swagger-initializer.js, /swagger-ui*/**] in 'resourceHandlerMapping'
2025-03-28 13:09:52.472 [main] DEBUG org.springframework.web.servlet.mvc.method.annotation.RequestMappingHandlerAdapter -ControllerAdvice beans: 0 @ModelAttribute, 0 @InitBinder, 1 RequestBodyAdvice, 1 ResponseBodyAdvice
2025-03-28 13:09:52.808 [main] DEBUG org.springframework.web.servlet.mvc.method.annotation.ExceptionHandlerExceptionResolver -ControllerAdvice beans: 2 @ExceptionHandler, 1 ResponseBodyAdvice
2025-03-28 13:09:54.236 [main] INFO  org.springframework.boot.actuate.endpoint.web.EndpointLinksResolver -Exposing 4 endpoints beneath base path '/actuator'
2025-03-28 13:09:54.500 [main] INFO  org.apache.coyote.http11.Http11NioProtocol -Starting ProtocolHandler ["http-nio-8080"]
2025-03-28 13:09:54.535 [main] INFO  org.springframework.boot.web.embedded.tomcat.TomcatWebServer -Tomcat started on port 8080 (http) with context path '/'
2025-03-28 13:09:54.562 [main] INFO  com.sprint.mission.discodeit.DiscodeitApplication -Started DiscodeitApplication in 16.056 seconds (process running for 17.621)
2025-03-28 13:09:55.170 [RMI TCP Connection(1)-172.30.1.73] INFO  org.apache.catalina.core.ContainerBase.[Tomcat].[localhost].[/] -Initializing Spring DispatcherServlet 'dispatcherServlet'
2025-03-28 13:09:55.170 [RMI TCP Connection(1)-172.30.1.73] INFO  org.springframework.web.servlet.DispatcherServlet -Initializing Servlet 'dispatcherServlet'
2025-03-28 13:09:55.170 [RMI TCP Connection(1)-172.30.1.73] DEBUG org.springframework.web.servlet.DispatcherServlet -Detected StandardServletMultipartResolver
2025-03-28 13:09:55.170 [RMI TCP Connection(1)-172.30.1.73] DEBUG org.springframework.web.servlet.DispatcherServlet -Detected AcceptHeaderLocaleResolver
2025-03-28 13:09:55.171 [RMI TCP Connection(1)-172.30.1.73] DEBUG org.springframework.web.servlet.DispatcherServlet -Detected FixedThemeResolver
2025-03-28 13:09:55.173 [RMI TCP Connection(1)-172.30.1.73] DEBUG org.springframework.web.servlet.DispatcherServlet -Detected org.springframework.web.servlet.view.DefaultRequestToViewNameTranslator@58c9bef9
2025-03-28 13:09:55.174 [RMI TCP Connection(1)-172.30.1.73] DEBUG org.springframework.web.servlet.DispatcherServlet -Detected org.springframework.web.servlet.support.SessionFlashMapManager@46c87d4b
2025-03-28 13:09:55.175 [RMI TCP Connection(1)-172.30.1.73] DEBUG org.springframework.web.servlet.DispatcherServlet -enableLoggingRequestDetails='false': request parameters and headers will be masked to prevent unsafe logging of potentially sensitive data
2025-03-28 13:09:55.175 [RMI TCP Connection(1)-172.30.1.73] INFO  org.springframework.web.servlet.DispatcherServlet -Completed initialization in 5 ms
2025-03-28 13:10:28.424 [http-nio-8080-exec-1] DEBUG org.springframework.web.servlet.DispatcherServlet -GET "/", parameters={}
2025-03-28 13:10:28.459 [http-nio-8080-exec-1] DEBUG org.springframework.web.servlet.view.ContentNegotiatingViewResolver -Selected 'text/html' given [text/html, application/xhtml+xml, image/avif, image/webp, image/apng, application/xml;q=0.9, */*;q=0.8, application/signed-exchange;v=b3;q=0.7]
2025-03-28 13:10:28.460 [http-nio-8080-exec-1] DEBUG org.springframework.web.servlet.view.InternalResourceView -View name [forward:], model {}
2025-03-28 13:10:28.464 [http-nio-8080-exec-1] DEBUG org.springframework.web.servlet.view.InternalResourceView -Forwarding to [index.html]
2025-03-28 13:10:28.489 [http-nio-8080-exec-1] DEBUG org.springframework.web.servlet.DispatcherServlet -"FORWARD" dispatch for GET "/index.html", parameters={}
2025-03-28 13:10:28.494 [http-nio-8080-exec-1] DEBUG org.springframework.web.servlet.handler.SimpleUrlHandlerMapping -Mapped to ResourceHttpRequestHandler [classpath [META-INF/resources/], classpath [resources/], classpath [static/], classpath [public/], ServletContext [/]]
2025-03-28 13:10:28.513 [http-nio-8080-exec-1] DEBUG org.springframework.web.servlet.DispatcherServlet -Exiting from "FORWARD" dispatch, status 200
2025-03-28 13:10:28.514 [http-nio-8080-exec-1] DEBUG org.springframework.web.servlet.DispatcherServlet -Completed 200 OK
2025-03-28 13:10:28.527 [http-nio-8080-exec-3] DEBUG org.springframework.web.servlet.DispatcherServlet -GET "/assets/index-kQJbKSsj.css", parameters={}
2025-03-28 13:10:28.528 [http-nio-8080-exec-2] DEBUG org.springframework.web.servlet.DispatcherServlet -GET "/assets/index-BdLer33P.js", parameters={}
2025-03-28 13:10:28.529 [http-nio-8080-exec-3] DEBUG org.springframework.web.servlet.handler.SimpleUrlHandlerMapping -Mapped to ResourceHttpRequestHandler [classpath [META-INF/resources/], classpath [resources/], classpath [static/], classpath [public/], ServletContext [/]]
2025-03-28 13:10:28.530 [http-nio-8080-exec-2] DEBUG org.springframework.web.servlet.handler.SimpleUrlHandlerMapping -Mapped to ResourceHttpRequestHandler [classpath [META-INF/resources/], classpath [resources/], classpath [static/], classpath [public/], ServletContext [/]]
2025-03-28 13:10:28.561 [http-nio-8080-exec-3] DEBUG org.springframework.web.servlet.DispatcherServlet -Completed 200 OK
2025-03-28 13:10:28.567 [http-nio-8080-exec-2] DEBUG org.springframework.web.servlet.DispatcherServlet -Completed 200 OK
2025-03-28 13:10:52.334 [http-nio-8080-exec-4] DEBUG org.springframework.web.servlet.DispatcherServlet -GET "/actuator/info", parameters={}
2025-03-28 13:10:52.387 [http-nio-8080-exec-4] DEBUG org.springframework.web.servlet.mvc.method.annotation.RequestResponseBodyMethodProcessor -Read "application/octet-stream" to []
2025-03-28 13:10:52.422 [http-nio-8080-exec-4] DEBUG org.springframework.web.servlet.mvc.method.annotation.RequestResponseBodyMethodProcessor -Using 'application/vnd.spring-boot.actuator.v3+json;q=0.8', given [text/html, application/xhtml+xml, image/avif, image/webp, image/apng, application/xml;q=0.9, */*;q=0.8, application/signed-exchange;v=b3;q=0.7] and supported [application/vnd.spring-boot.actuator.v3+json, application/vnd.spring-boot.actuator.v2+json, application/json]
2025-03-28 13:10:52.432 [http-nio-8080-exec-4] DEBUG org.springframework.web.servlet.mvc.method.annotation.RequestResponseBodyMethodProcessor -Writing [{}]
2025-03-28 13:10:52.451 [http-nio-8080-exec-4] DEBUG org.springframework.web.servlet.DispatcherServlet -Completed 200 OK
2025-03-28 13:11:14.272 [http-nio-8080-exec-5] DEBUG org.springframework.web.servlet.DispatcherServlet -GET "/actuator/metrics", parameters={}
2025-03-28 13:11:14.274 [http-nio-8080-exec-5] DEBUG org.springframework.web.servlet.mvc.method.annotation.RequestResponseBodyMethodProcessor -Read "application/octet-stream" to []
2025-03-28 13:11:14.276 [http-nio-8080-exec-5] DEBUG org.springframework.web.servlet.mvc.method.annotation.RequestResponseBodyMethodProcessor -Using 'application/vnd.spring-boot.actuator.v3+json;q=0.8', given [text/html, application/xhtml+xml, image/avif, image/webp, image/apng, application/xml;q=0.9, */*;q=0.8, application/signed-exchange;v=b3;q=0.7] and supported [application/vnd.spring-boot.actuator.v3+json, application/vnd.spring-boot.actuator.v2+json, application/json]
2025-03-28 13:11:14.277 [http-nio-8080-exec-5] DEBUG org.springframework.web.servlet.mvc.method.annotation.RequestResponseBodyMethodProcessor -Writing [org.springframework.boot.actuate.metrics.MetricsEndpoint$MetricNamesDescriptor@86c4471]
2025-03-28 13:11:14.281 [http-nio-8080-exec-5] DEBUG org.springframework.web.servlet.DispatcherServlet -Completed 200 OK
2025-03-28 13:11:48.794 [http-nio-8080-exec-7] DEBUG org.springframework.web.servlet.DispatcherServlet -GET "/actuator/health", parameters={}
2025-03-28 13:11:48.796 [http-nio-8080-exec-7] DEBUG org.springframework.web.servlet.mvc.method.annotation.RequestResponseBodyMethodProcessor -Read "application/octet-stream" to []
2025-03-28 13:11:48.812 [http-nio-8080-exec-7] DEBUG org.springframework.web.servlet.mvc.method.annotation.HttpEntityMethodProcessor -Using 'application/vnd.spring-boot.actuator.v3+json;q=0.8', given [text/html, application/xhtml+xml, image/avif, image/webp, image/apng, application/xml;q=0.9, */*;q=0.8, application/signed-exchange;v=b3;q=0.7] and supported [application/vnd.spring-boot.actuator.v3+json, application/vnd.spring-boot.actuator.v2+json, application/json]
2025-03-28 13:11:48.815 [http-nio-8080-exec-7] DEBUG org.springframework.web.servlet.mvc.method.annotation.HttpEntityMethodProcessor -Writing [org.springframework.boot.actuate.health.SystemHealth@200cc3d9]
2025-03-28 13:11:48.826 [http-nio-8080-exec-7] DEBUG org.springframework.web.servlet.DispatcherServlet -Completed 200 OK
2025-03-28 13:12:09.967 [http-nio-8080-exec-8] DEBUG org.springframework.web.servlet.DispatcherServlet -GET "/actuator/loggers", parameters={}
2025-03-28 13:12:09.969 [http-nio-8080-exec-8] DEBUG org.springframework.web.servlet.mvc.method.annotation.RequestResponseBodyMethodProcessor -Read "application/octet-stream" to []
2025-03-28 13:12:09.982 [http-nio-8080-exec-8] DEBUG org.springframework.web.servlet.mvc.method.annotation.RequestResponseBodyMethodProcessor -Using 'application/vnd.spring-boot.actuator.v3+json;q=0.8', given [text/html, application/xhtml+xml, image/avif, image/webp, image/apng, application/xml;q=0.9, */*;q=0.8, application/signed-exchange;v=b3;q=0.7] and supported [application/vnd.spring-boot.actuator.v3+json, application/vnd.spring-boot.actuator.v2+json, application/json]
2025-03-28 13:12:09.984 [http-nio-8080-exec-8] DEBUG org.springframework.web.servlet.mvc.method.annotation.RequestResponseBodyMethodProcessor -Writing [org.springframework.boot.actuate.logging.LoggersEndpoint$LoggersDescriptor@134932e8]
2025-03-28 13:12:10.000 [http-nio-8080-exec-8] DEBUG org.springframework.web.servlet.DispatcherServlet -Completed 200 OK
2025-03-28 13:12:27.414 [http-nio-8080-exec-9] DEBUG org.springframework.web.servlet.DispatcherServlet -GET "/actuator/info", parameters={}
2025-03-28 13:12:27.416 [http-nio-8080-exec-9] DEBUG org.springframework.web.servlet.mvc.method.annotation.RequestResponseBodyMethodProcessor -Read "application/octet-stream" to []
2025-03-28 13:12:27.417 [http-nio-8080-exec-9] DEBUG org.springframework.web.servlet.mvc.method.annotation.RequestResponseBodyMethodProcessor -Using 'application/vnd.spring-boot.actuator.v3+json;q=0.8', given [text/html, application/xhtml+xml, image/avif, image/webp, image/apng, application/xml;q=0.9, */*;q=0.8, application/signed-exchange;v=b3;q=0.7] and supported [application/vnd.spring-boot.actuator.v3+json, application/vnd.spring-boot.actuator.v2+json, application/json]
2025-03-28 13:12:27.418 [http-nio-8080-exec-9] DEBUG org.springframework.web.servlet.mvc.method.annotation.RequestResponseBodyMethodProcessor -Writing [{}]
2025-03-28 13:12:27.419 [http-nio-8080-exec-9] DEBUG org.springframework.web.servlet.DispatcherServlet -Completed 200 OK
2025-03-28 13:14:17.661 [http-nio-8080-exec-3] DEBUG org.springframework.web.servlet.DispatcherServlet -GET "/actuator/env", parameters={}
2025-03-28 13:14:17.662 [http-nio-8080-exec-3] DEBUG org.springframework.web.servlet.handler.SimpleUrlHandlerMapping -Mapped to ResourceHttpRequestHandler [classpath [META-INF/resources/], classpath [resources/], classpath [static/], classpath [public/], ServletContext [/]]
2025-03-28 13:14:17.669 [http-nio-8080-exec-3] DEBUG org.springframework.web.servlet.resource.ResourceHttpRequestHandler -Resource not found
2025-03-28 13:14:17.674 [http-nio-8080-exec-3] DEBUG org.springframework.web.servlet.mvc.method.annotation.ExceptionHandlerExceptionResolver -Using @ExceptionHandler com.sprint.mission.discodeit.exception.GlobalExceptionHandler#handleUnhandledException(Exception)
2025-03-28 13:14:17.685 [http-nio-8080-exec-3] DEBUG org.springframework.web.servlet.mvc.method.annotation.HttpEntityMethodProcessor -Using 'application/json;q=0.8', given [text/html, application/xhtml+xml, image/avif, image/webp, image/apng, application/xml;q=0.9, */*;q=0.8, application/signed-exchange;v=b3;q=0.7] and supported [application/json, application/*+json, application/yaml]
2025-03-28 13:14:17.686 [http-nio-8080-exec-3] DEBUG org.springframework.web.servlet.mvc.method.annotation.HttpEntityMethodProcessor -Writing [com.sprint.mission.discodeit.dto.response.ErrorResponse@36d9a44b]
2025-03-28 13:14:17.690 [http-nio-8080-exec-3] DEBUG org.springframework.web.servlet.mvc.method.annotation.ExceptionHandlerExceptionResolver -Resolved [org.springframework.web.servlet.resource.NoResourceFoundException: No static resource actuator/env.]
2025-03-28 13:14:17.690 [http-nio-8080-exec-3] DEBUG org.springframework.web.servlet.DispatcherServlet -Completed 500 INTERNAL_SERVER_ERROR
2025-03-28 13:16:47.647 [SpringApplicationShutdownHook] INFO  org.springframework.boot.web.embedded.tomcat.GracefulShutdown -Commencing graceful shutdown. Waiting for active requests to complete
2025-03-28 13:16:48.170 [tomcat-shutdown] INFO  org.springframework.boot.web.embedded.tomcat.GracefulShutdown -Graceful shutdown complete
2025-03-28 13:16:48.223 [SpringApplicationShutdownHook] INFO  org.springframework.orm.jpa.LocalContainerEntityManagerFactoryBean -Closing JPA EntityManagerFactory for persistence unit 'default'
2025-03-28 13:16:48.225 [SpringApplicationShutdownHook] INFO  com.zaxxer.hikari.HikariDataSource   -HikariPool-1 - Shutdown initiated...
2025-03-28 13:16:48.238 [SpringApplicationShutdownHook] INFO  com.zaxxer.hikari.HikariDataSource   -HikariPool-1 - Shutdown completed.
2025-03-28 13:16:55.439 [background-preinit] DEBUG org.jboss.logging                    -Logging Provider: org.jboss.logging.Slf4jLoggerProvider found via system property
2025-03-28 13:16:55.445 [background-preinit] INFO  org.hibernate.validator.internal.util.Version -HV000001: Hibernate Validator 8.0.2.Final
2025-03-28 13:16:55.458 [background-preinit] DEBUG org.hibernate.validator.internal.xml.config.ValidationXmlParser -Trying to load META-INF/validation.xml for XML based Validator configuration.
2025-03-28 13:16:55.461 [background-preinit] DEBUG org.hibernate.validator.internal.xml.config.ResourceLoaderHelper -Trying to load META-INF/validation.xml via TCCL
2025-03-28 13:16:55.462 [background-preinit] DEBUG org.hibernate.validator.internal.xml.config.ResourceLoaderHelper -Trying to load META-INF/validation.xml via Hibernate Validator's class loader
2025-03-28 13:16:55.464 [background-preinit] DEBUG org.hibernate.validator.internal.xml.config.ValidationXmlParser -No META-INF/validation.xml found. Using annotation based configuration only.
2025-03-28 13:16:55.478 [background-preinit] DEBUG org.hibernate.validator.internal.engine.resolver.TraversableResolvers -Found jakarta.persistence.Persistence on classpath containing 'getPersistenceUtil'. Assuming JPA 2 environment. Trying to instantiate JPA aware TraversableResolver
2025-03-28 13:16:55.479 [background-preinit] DEBUG org.hibernate.validator.internal.engine.resolver.TraversableResolvers -Instantiated JPA aware TraversableResolver of type org.hibernate.validator.internal.engine.resolver.JPATraversableResolver.
2025-03-28 13:16:55.531 [background-preinit] DEBUG org.hibernate.validator.messageinterpolation.ResourceBundleMessageInterpolator -Loaded expression factory via original TCCL
2025-03-28 13:16:55.549 [main] INFO  com.sprint.mission.discodeit.DiscodeitApplication -Starting DiscodeitApplication using Java 17.0.12 with PID 5656 (C:\Users\qwert\1-sprint-mission\build\classes\java\main started by qwert in C:\Users\qwert\1-sprint-mission)
2025-03-28 13:16:55.551 [main] DEBUG com.sprint.mission.discodeit.DiscodeitApplication -Running with Spring Boot v3.4.2, Spring v6.2.2
2025-03-28 13:16:55.552 [main] INFO  com.sprint.mission.discodeit.DiscodeitApplication -No active profile set, falling back to 1 default profile: "default"
2025-03-28 13:16:55.554 [main] DEBUG org.springframework.boot.SpringApplication -Loading source class com.sprint.mission.discodeit.DiscodeitApplication
2025-03-28 13:16:55.656 [main] DEBUG org.springframework.boot.web.servlet.context.AnnotationConfigServletWebServerApplicationContext -Refreshing org.springframework.boot.web.servlet.context.AnnotationConfigServletWebServerApplicationContext@a202ccb
2025-03-28 13:16:55.711 [main] DEBUG org.springframework.beans.factory.support.DefaultListableBeanFactory -Creating shared instance of singleton bean 'org.springframework.context.annotation.internalConfigurationAnnotationProcessor'
2025-03-28 13:16:55.754 [main] DEBUG org.springframework.beans.factory.support.DefaultListableBeanFactory -Creating shared instance of singleton bean 'org.springframework.boot.autoconfigure.internalCachingMetadataReaderFactory'
2025-03-28 13:16:55.807 [background-preinit] DEBUG org.hibernate.validator.internal.engine.ValidatorFactoryConfigurationHelper -HV000252: Using org.hibernate.validator.internal.engine.DefaultPropertyNodeNameProvider as property node name provider.
2025-03-28 13:16:55.820 [background-preinit] DEBUG org.hibernate.validator.internal.engine.ValidatorFactoryConfigurationHelper -HV000234: Using org.hibernate.validator.messageinterpolation.ResourceBundleMessageInterpolator as ValidatorFactory-scoped message interpolator.
2025-03-28 13:16:55.820 [background-preinit] DEBUG org.hibernate.validator.internal.engine.ValidatorFactoryConfigurationHelper -HV000234: Using org.hibernate.validator.internal.engine.resolver.JPATraversableResolver as ValidatorFactory-scoped traversable resolver.
2025-03-28 13:16:55.821 [background-preinit] DEBUG org.hibernate.validator.internal.engine.ValidatorFactoryConfigurationHelper -HV000234: Using org.hibernate.validator.internal.util.ExecutableParameterNameProvider as ValidatorFactory-scoped parameter name provider.
2025-03-28 13:16:55.821 [background-preinit] DEBUG org.hibernate.validator.internal.engine.ValidatorFactoryConfigurationHelper -HV000234: Using org.hibernate.validator.internal.engine.DefaultClockProvider as ValidatorFactory-scoped clock provider.
2025-03-28 13:16:55.821 [background-preinit] DEBUG org.hibernate.validator.internal.engine.ValidatorFactoryConfigurationHelper -HV000234: Using org.hibernate.validator.internal.engine.scripting.DefaultScriptEvaluatorFactory as ValidatorFactory-scoped script evaluator factory.
2025-03-28 13:16:55.885 [main] DEBUG org.springframework.context.annotation.ClassPathBeanDefinitionScanner -Identified candidate component class: file [C:\Users\qwert\1-sprint-mission\build\classes\java\main\com\sprint\mission\discodeit\config\SwaggerConfig.class]
2025-03-28 13:16:56.000 [main] DEBUG org.springframework.context.annotation.ClassPathBeanDefinitionScanner -Identified candidate component class: file [C:\Users\qwert\1-sprint-mission\build\classes\java\main\com\sprint\mission\discodeit\controller\AuthController.class]
2025-03-28 13:16:56.002 [main] DEBUG org.springframework.context.annotation.ClassPathBeanDefinitionScanner -Identified candidate component class: file [C:\Users\qwert\1-sprint-mission\build\classes\java\main\com\sprint\mission\discodeit\controller\BinaryController.class]
2025-03-28 13:16:56.004 [main] DEBUG org.springframework.context.annotation.ClassPathBeanDefinitionScanner -Identified candidate component class: file [C:\Users\qwert\1-sprint-mission\build\classes\java\main\com\sprint\mission\discodeit\controller\ChannelController.class]
2025-03-28 13:16:56.005 [main] DEBUG org.springframework.context.annotation.ClassPathBeanDefinitionScanner -Identified candidate component class: file [C:\Users\qwert\1-sprint-mission\build\classes\java\main\com\sprint\mission\discodeit\controller\MessageController.class]
2025-03-28 13:16:56.006 [main] DEBUG org.springframework.context.annotation.ClassPathBeanDefinitionScanner -Identified candidate component class: file [C:\Users\qwert\1-sprint-mission\build\classes\java\main\com\sprint\mission\discodeit\controller\ReadStatusController.class]
2025-03-28 13:16:56.008 [main] DEBUG org.springframework.context.annotation.ClassPathBeanDefinitionScanner -Identified candidate component class: file [C:\Users\qwert\1-sprint-mission\build\classes\java\main\com\sprint\mission\discodeit\controller\UserController.class]
2025-03-28 13:16:56.048 [main] DEBUG org.springframework.context.annotation.ClassPathBeanDefinitionScanner -Identified candidate component class: file [C:\Users\qwert\1-sprint-mission\build\classes\java\main\com\sprint\mission\discodeit\exception\GlobalExceptionHandler.class]
2025-03-28 13:16:56.055 [main] DEBUG org.springframework.context.annotation.ClassPathBeanDefinitionScanner -Identified candidate component class: file [C:\Users\qwert\1-sprint-mission\build\classes\java\main\com\sprint\mission\discodeit\mapper\BinaryContentMapper.class]
2025-03-28 13:16:56.056 [main] DEBUG org.springframework.context.annotation.ClassPathBeanDefinitionScanner -Identified candidate component class: file [C:\Users\qwert\1-sprint-mission\build\classes\java\main\com\sprint\mission\discodeit\mapper\ChannelMapper.class]
2025-03-28 13:16:56.057 [main] DEBUG org.springframework.context.annotation.ClassPathBeanDefinitionScanner -Identified candidate component class: file [C:\Users\qwert\1-sprint-mission\build\classes\java\main\com\sprint\mission\discodeit\mapper\MessageMapper.class]
2025-03-28 13:16:56.058 [main] DEBUG org.springframework.context.annotation.ClassPathBeanDefinitionScanner -Identified candidate component class: file [C:\Users\qwert\1-sprint-mission\build\classes\java\main\com\sprint\mission\discodeit\mapper\PageResponseMapper.class]
2025-03-28 13:16:56.058 [main] DEBUG org.springframework.context.annotation.ClassPathBeanDefinitionScanner -Identified candidate component class: file [C:\Users\qwert\1-sprint-mission\build\classes\java\main\com\sprint\mission\discodeit\mapper\ReadStatusMapper.class]
2025-03-28 13:16:56.061 [main] DEBUG org.springframework.context.annotation.ClassPathBeanDefinitionScanner -Identified candidate component class: file [C:\Users\qwert\1-sprint-mission\build\classes\java\main\com\sprint\mission\discodeit\mapper\UserMapperImpl.class]
2025-03-28 13:16:56.062 [main] DEBUG org.springframework.context.annotation.ClassPathBeanDefinitionScanner -Identified candidate component class: file [C:\Users\qwert\1-sprint-mission\build\classes\java\main\com\sprint\mission\discodeit\mapper\UserStatusMapperImpl.class]
2025-03-28 13:16:56.072 [main] DEBUG org.springframework.context.annotation.ClassPathBeanDefinitionScanner -Identified candidate component class: file [C:\Users\qwert\1-sprint-mission\build\classes\java\main\com\sprint\mission\discodeit\service\basic\BasicAuthService.class]
2025-03-28 13:16:56.078 [main] DEBUG org.springframework.context.annotation.ClassPathBeanDefinitionScanner -Identified candidate component class: file [C:\Users\qwert\1-sprint-mission\build\classes\java\main\com\sprint\mission\discodeit\service\basic\BasicBinaryContentService.class]
2025-03-28 13:16:56.079 [main] DEBUG org.springframework.context.annotation.ClassPathBeanDefinitionScanner -Identified candidate component class: file [C:\Users\qwert\1-sprint-mission\build\classes\java\main\com\sprint\mission\discodeit\service\basic\BasicChannelService.class]
2025-03-28 13:16:56.081 [main] DEBUG org.springframework.context.annotation.ClassPathBeanDefinitionScanner -Identified candidate component class: file [C:\Users\qwert\1-sprint-mission\build\classes\java\main\com\sprint\mission\discodeit\service\basic\BasicMessageService.class]
2025-03-28 13:16:56.082 [main] DEBUG org.springframework.context.annotation.ClassPathBeanDefinitionScanner -Identified candidate component class: file [C:\Users\qwert\1-sprint-mission\build\classes\java\main\com\sprint\mission\discodeit\service\basic\BasicReadStatusService.class]
2025-03-28 13:16:56.084 [main] DEBUG org.springframework.context.annotation.ClassPathBeanDefinitionScanner -Identified candidate component class: file [C:\Users\qwert\1-sprint-mission\build\classes\java\main\com\sprint\mission\discodeit\service\basic\BasicUserService.class]
2025-03-28 13:16:56.084 [main] DEBUG org.springframework.context.annotation.ClassPathBeanDefinitionScanner -Identified candidate component class: file [C:\Users\qwert\1-sprint-mission\build\classes\java\main\com\sprint\mission\discodeit\service\basic\BasicUserStatusService.class]
2025-03-28 13:16:58.167 [main] INFO  org.springframework.data.repository.config.RepositoryConfigurationDelegate -Bootstrapping Spring Data JPA repositories in DEFAULT mode.
2025-03-28 13:16:58.182 [main] DEBUG org.springframework.beans.factory.support.DefaultListableBeanFactory -Creating shared instance of singleton bean 'org.springframework.boot.autoconfigure.AutoConfigurationPackages'
2025-03-28 13:16:58.195 [main] DEBUG org.springframework.boot.autoconfigure.AutoConfigurationPackages -@EnableAutoConfiguration was declared on a class in the package 'com.sprint.mission.discodeit'. Automatic @Repository and @Entity scanning is enabled.
2025-03-28 13:16:58.196 [main] DEBUG org.springframework.data.repository.config.RepositoryConfigurationDelegate -Scanning for JPA repositories in packages com.sprint.mission.discodeit.
2025-03-28 13:16:58.239 [main] DEBUG org.springframework.data.repository.config.RepositoryComponentProvider -Identified candidate component class: file [C:\Users\qwert\1-sprint-mission\build\classes\java\main\com\sprint\mission\discodeit\repository\BinaryContentRepository.class]
2025-03-28 13:16:58.239 [main] DEBUG org.springframework.data.repository.config.RepositoryComponentProvider -Identified candidate component class: file [C:\Users\qwert\1-sprint-mission\build\classes\java\main\com\sprint\mission\discodeit\repository\ChannelRepository.class]
2025-03-28 13:16:58.239 [main] DEBUG org.springframework.data.repository.config.RepositoryComponentProvider -Identified candidate component class: file [C:\Users\qwert\1-sprint-mission\build\classes\java\main\com\sprint\mission\discodeit\repository\MessageRepository.class]
2025-03-28 13:16:58.240 [main] DEBUG org.springframework.data.repository.config.RepositoryComponentProvider -Identified candidate component class: file [C:\Users\qwert\1-sprint-mission\build\classes\java\main\com\sprint\mission\discodeit\repository\ReadStatusRepository.class]
2025-03-28 13:16:58.240 [main] DEBUG org.springframework.data.repository.config.RepositoryComponentProvider -Identified candidate component class: file [C:\Users\qwert\1-sprint-mission\build\classes\java\main\com\sprint\mission\discodeit\repository\UserRepository.class]
2025-03-28 13:16:58.240 [main] DEBUG org.springframework.data.repository.config.RepositoryComponentProvider -Identified candidate component class: file [C:\Users\qwert\1-sprint-mission\build\classes\java\main\com\sprint\mission\discodeit\repository\UserStatusRepository.class]
2025-03-28 13:16:58.551 [main] DEBUG org.springframework.context.annotation.ClassPathScanningCandidateComponentProvider -Identified candidate component class: file [C:\Users\qwert\1-sprint-mission\build\classes\java\main\com\sprint\mission\discodeit\mapper\UserMapperImpl.class]
2025-03-28 13:16:58.551 [main] DEBUG org.springframework.context.annotation.ClassPathScanningCandidateComponentProvider -Identified candidate component class: file [C:\Users\qwert\1-sprint-mission\build\classes\java\main\com\sprint\mission\discodeit\mapper\UserStatusMapperImpl.class]
2025-03-28 13:16:58.572 [main] INFO  org.springframework.data.repository.config.RepositoryConfigurationDelegate -Finished Spring Data repository scanning in 373 ms. Found 6 JPA repository interfaces.
2025-03-28 13:16:58.851 [main] DEBUG org.springframework.beans.factory.support.DefaultListableBeanFactory -Creating shared instance of singleton bean 'propertySourcesPlaceholderConfigurer'
2025-03-28 13:16:58.860 [main] DEBUG org.springframework.beans.factory.support.DefaultListableBeanFactory -Creating shared instance of singleton bean 'emBeanDefinitionRegistrarPostProcessor'
2025-03-28 13:16:58.861 [main] DEBUG org.springframework.beans.factory.support.DefaultListableBeanFactory -Creating shared instance of singleton bean 'org.springframework.boot.sql.init.dependency.DatabaseInitializationDependencyConfigurer$DependsOnDatabaseInitializationPostProcessor'
2025-03-28 13:16:58.946 [main] DEBUG org.springframework.beans.factory.support.DefaultListableBeanFactory -Creating shared instance of singleton bean 'org.springframework.context.event.internalEventListenerProcessor'
2025-03-28 13:16:58.948 [main] DEBUG org.springframework.beans.factory.support.DefaultListableBeanFactory -Creating shared instance of singleton bean 'org.springframework.data.jpa.domain.support.AuditingBeanFactoryPostProcessor'
2025-03-28 13:16:58.949 [main] DEBUG org.springframework.beans.factory.support.DefaultListableBeanFactory -Creating shared instance of singleton bean 'preserveErrorControllerTargetClassPostProcessor'
2025-03-28 13:16:58.950 [main] DEBUG org.springframework.beans.factory.support.DefaultListableBeanFactory -Creating shared instance of singleton bean 'org.springframework.context.event.internalEventListenerFactory'
2025-03-28 13:16:58.951 [main] DEBUG org.springframework.beans.factory.support.DefaultListableBeanFactory -Creating shared instance of singleton bean 'org.springframework.transaction.config.internalTransactionalEventListenerFactory'
2025-03-28 13:16:58.957 [main] DEBUG org.springframework.beans.factory.support.DefaultListableBeanFactory -Creating shared instance of singleton bean 'org.springframework.context.annotation.internalAutowiredAnnotationProcessor'
2025-03-28 13:16:58.959 [main] DEBUG org.springframework.beans.factory.support.DefaultListableBeanFactory -Creating shared instance of singleton bean 'org.springframework.context.annotation.internalCommonAnnotationProcessor'
2025-03-28 13:16:58.967 [main] DEBUG org.springframework.beans.factory.support.DefaultListableBeanFactory -Creating shared instance of singleton bean 'org.springframework.context.annotation.internalPersistenceAnnotationProcessor'
2025-03-28 13:16:58.968 [main] DEBUG org.springframework.beans.factory.support.DefaultListableBeanFactory -Creating shared instance of singleton bean 'org.springframework.boot.context.properties.ConfigurationPropertiesBindingPostProcessor'
2025-03-28 13:16:58.968 [main] DEBUG org.springframework.beans.factory.support.DefaultListableBeanFactory -Creating shared instance of singleton bean 'org.springframework.boot.context.internalConfigurationPropertiesBinder'
2025-03-28 13:16:58.971 [main] DEBUG org.springframework.beans.factory.support.DefaultListableBeanFactory -Creating shared instance of singleton bean 'jdbcConnectionDetailsHikariBeanPostProcessor'
2025-03-28 13:16:58.976 [main] DEBUG org.springframework.beans.factory.support.DefaultListableBeanFactory -Creating shared instance of singleton bean 'methodValidationPostProcessor'
2025-03-28 13:16:58.978 [main] DEBUG org.springframework.beans.factory.support.DefaultListableBeanFactory -Autowiring by type from bean name 'methodValidationPostProcessor' via factory method to bean named 'environment'
2025-03-28 13:16:58.998 [main] DEBUG org.springframework.beans.factory.support.DefaultListableBeanFactory -Creating shared instance of singleton bean 'org.springframework.boot.context.properties.EnableConfigurationPropertiesRegistrar.methodValidationExcludeFilter'
2025-03-28 13:16:59.030 [main] DEBUG org.springframework.beans.factory.support.DefaultListableBeanFactory -Creating shared instance of singleton bean 'org.springframework.aop.config.internalAutoProxyCreator'
2025-03-28 13:16:59.056 [main] DEBUG org.springframework.beans.factory.support.DefaultListableBeanFactory -Creating shared instance of singleton bean 'persistenceExceptionTranslationPostProcessor'
2025-03-28 13:16:59.056 [main] DEBUG org.springframework.beans.factory.support.DefaultListableBeanFactory -Autowiring by type from bean name 'persistenceExceptionTranslationPostProcessor' via factory method to bean named 'environment'
2025-03-28 13:16:59.061 [main] DEBUG org.springframework.beans.factory.support.DefaultListableBeanFactory -Creating shared instance of singleton bean 'webServerFactoryCustomizerBeanPostProcessor'
2025-03-28 13:16:59.062 [main] DEBUG org.springframework.beans.factory.support.DefaultListableBeanFactory -Creating shared instance of singleton bean 'errorPageRegistrarBeanPostProcessor'
2025-03-28 13:16:59.063 [main] DEBUG org.springframework.beans.factory.support.DefaultListableBeanFactory -Creating shared instance of singleton bean 'healthEndpointGroupsBeanPostProcessor'
2025-03-28 13:16:59.064 [main] DEBUG org.springframework.beans.factory.support.DefaultListableBeanFactory -Creating shared instance of singleton bean 'org.springframework.transaction.config.internalTransactionAdvisor'
2025-03-28 13:16:59.065 [main] DEBUG org.springframework.beans.factory.support.DefaultListableBeanFactory -Creating shared instance of singleton bean 'org.springframework.transaction.annotation.ProxyTransactionManagementConfiguration'
2025-03-28 13:16:59.099 [main] DEBUG org.springframework.aop.aspectj.annotation.ReflectiveAspectJAdvisorFactory -Found AspectJ method: public void org.springframework.beans.factory.aspectj.AbstractDependencyInjectionAspect.ajc$before$org_springframework_beans_factory_aspectj_AbstractDependencyInjectionAspect$1$e854fa65(java.lang.Object)
2025-03-28 13:16:59.102 [main] DEBUG org.springframework.aop.aspectj.annotation.ReflectiveAspectJAdvisorFactory -Found AspectJ method: public void org.springframework.beans.factory.aspectj.AbstractDependencyInjectionAspect.ajc$afterReturning$org_springframework_beans_factory_aspectj_AbstractDependencyInjectionAspect$2$1ea6722c(java.lang.Object)
2025-03-28 13:16:59.102 [main] DEBUG org.springframework.aop.aspectj.annotation.ReflectiveAspectJAdvisorFactory -Found AspectJ method: public void org.springframework.beans.factory.aspectj.AbstractDependencyInjectionAspect.ajc$afterReturning$org_springframework_beans_factory_aspectj_AbstractDependencyInjectionAspect$3$6aa27052(java.lang.Object)
2025-03-28 13:16:59.123 [main] DEBUG org.springframework.aop.aspectj.annotation.ReflectiveAspectJAdvisorFactory -Found AspectJ method: public java.lang.Object io.micrometer.observation.aop.ObservedAspect.observeClass(org.aspectj.lang.ProceedingJoinPoint) throws java.lang.Throwable
2025-03-28 13:16:59.124 [main] DEBUG org.springframework.aop.aspectj.annotation.ReflectiveAspectJAdvisorFactory -Found AspectJ method: public java.lang.Object io.micrometer.observation.aop.ObservedAspect.observeMethod(org.aspectj.lang.ProceedingJoinPoint) throws java.lang.Throwable
2025-03-28 13:16:59.334 [main] DEBUG org.springframework.aop.aspectj.AspectJExpressionPointcut -Pointcut parser rejected expression [(beanConstruction(bean) && (preConstructionCondition() && inConfigurableBean()))]: java.lang.IllegalArgumentException: error Type referred to is not an annotation type: Configurable
2025-03-28 13:16:59.337 [main] DEBUG org.springframework.aop.aspectj.AspectJExpressionPointcut -Pointcut parser rejected expression [(beanConstruction(bean) && (postConstructionCondition() && inConfigurableBean()))]: java.lang.IllegalArgumentException: error Type referred to is not an annotation type: Configurable
2025-03-28 13:16:59.341 [main] DEBUG org.springframework.aop.aspectj.AspectJExpressionPointcut -Pointcut parser rejected expression [(beanDeserialization(bean) && inConfigurableBean())]: java.lang.IllegalArgumentException: error Type referred to is not an annotation type: Configurable
2025-03-28 13:16:59.441 [main] DEBUG org.springframework.beans.factory.support.DefaultListableBeanFactory -Creating shared instance of singleton bean 'transactionAttributeSource'
2025-03-28 13:16:59.462 [main] DEBUG org.springframework.beans.factory.support.DefaultListableBeanFactory -Creating shared instance of singleton bean 'transactionInterceptor'
2025-03-28 13:16:59.462 [main] DEBUG org.springframework.beans.factory.support.DefaultListableBeanFactory -Autowiring by type from bean name 'transactionInterceptor' via factory method to bean named 'transactionAttributeSource'
2025-03-28 13:16:59.476 [main] DEBUG org.springframework.beans.factory.support.DefaultListableBeanFactory -Autowiring by type from bean name 'org.springframework.transaction.config.internalTransactionAdvisor' via factory method to bean named 'transactionAttributeSource'
2025-03-28 13:16:59.476 [main] DEBUG org.springframework.beans.factory.support.DefaultListableBeanFactory -Autowiring by type from bean name 'org.springframework.transaction.config.internalTransactionAdvisor' via factory method to bean named 'transactionInterceptor'
2025-03-28 13:16:59.488 [main] DEBUG org.springframework.beans.factory.support.DefaultListableBeanFactory -Creating shared instance of singleton bean 'meterRegistryPostProcessor'
2025-03-28 13:16:59.490 [main] DEBUG org.springframework.beans.factory.support.DefaultListableBeanFactory -Autowiring by type from bean name 'meterRegistryPostProcessor' via factory method to bean named 'org.springframework.boot.web.servlet.context.AnnotationConfigServletWebServerApplicationContext@a202ccb'
2025-03-28 13:16:59.496 [main] DEBUG org.springframework.beans.factory.support.DefaultListableBeanFactory -Creating shared instance of singleton bean 'metricsRepositoryMethodInvocationListenerBeanPostProcessor'
2025-03-28 13:16:59.500 [main] DEBUG org.springframework.beans.factory.support.DefaultListableBeanFactory -Creating shared instance of singleton bean 'observationRegistryPostProcessor'
2025-03-28 13:16:59.507 [main] DEBUG org.springframework.beans.factory.support.DefaultListableBeanFactory -Creating shared instance of singleton bean 'projectingArgumentResolverBeanPostProcessor'
2025-03-28 13:16:59.553 [main] DEBUG org.springframework.ui.context.support.UiApplicationContextUtils -Unable to locate ThemeSource with name 'themeSource': using default [org.springframework.ui.context.support.ResourceBundleThemeSource@5cc1bf20]
2025-03-28 13:16:59.554 [main] DEBUG org.springframework.beans.factory.support.DefaultListableBeanFactory -Creating shared instance of singleton bean 'tomcatServletWebServerFactory'
2025-03-28 13:16:59.555 [main] DEBUG org.springframework.beans.factory.support.DefaultListableBeanFactory -Creating shared instance of singleton bean 'org.springframework.boot.autoconfigure.web.servlet.ServletWebServerFactoryConfiguration$EmbeddedTomcat'
2025-03-28 13:16:59.645 [main] DEBUG org.springframework.beans.factory.support.DefaultListableBeanFactory -Creating shared instance of singleton bean 'websocketServletWebServerCustomizer'
2025-03-28 13:16:59.645 [main] DEBUG org.springframework.beans.factory.support.DefaultListableBeanFactory -Creating shared instance of singleton bean 'org.springframework.boot.autoconfigure.websocket.servlet.WebSocketServletAutoConfiguration$TomcatWebSocketConfiguration'
2025-03-28 13:16:59.649 [main] DEBUG org.springframework.beans.factory.support.DefaultListableBeanFactory -Creating shared instance of singleton bean 'servletWebServerFactoryCustomizer'
2025-03-28 13:16:59.650 [main] DEBUG org.springframework.beans.factory.support.DefaultListableBeanFactory -Creating shared instance of singleton bean 'org.springframework.boot.autoconfigure.web.servlet.ServletWebServerFactoryAutoConfiguration'
2025-03-28 13:16:59.655 [main] DEBUG org.springframework.beans.factory.support.DefaultListableBeanFactory -Creating shared instance of singleton bean 'server-org.springframework.boot.autoconfigure.web.ServerProperties'
2025-03-28 13:16:59.670 [main] DEBUG org.springframework.beans.factory.support.DefaultListableBeanFactory -Creating shared instance of singleton bean 'org.springframework.boot.context.properties.BoundConfigurationProperties'
2025-03-28 13:16:59.693 [main] DEBUG org.springframework.beans.factory.support.DefaultListableBeanFactory -Autowiring by type from bean name 'servletWebServerFactoryCustomizer' via factory method to bean named 'server-org.springframework.boot.autoconfigure.web.ServerProperties'
2025-03-28 13:16:59.695 [main] DEBUG org.springframework.beans.factory.support.DefaultListableBeanFactory -Creating shared instance of singleton bean 'sslBundleRegistry'
2025-03-28 13:16:59.696 [main] DEBUG org.springframework.beans.factory.support.DefaultListableBeanFactory -Creating shared instance of singleton bean 'org.springframework.boot.autoconfigure.ssl.SslAutoConfiguration'
2025-03-28 13:16:59.697 [main] DEBUG org.springframework.beans.factory.support.DefaultListableBeanFactory -Creating shared instance of singleton bean 'spring.ssl-org.springframework.boot.autoconfigure.ssl.SslProperties'
2025-03-28 13:16:59.700 [main] DEBUG org.springframework.beans.factory.support.DefaultListableBeanFactory -Autowiring by type from bean name 'org.springframework.boot.autoconfigure.ssl.SslAutoConfiguration' via constructor to bean named 'org.springframework.boot.web.servlet.context.AnnotationConfigServletWebServerApplicationContext@a202ccb'
2025-03-28 13:16:59.701 [main] DEBUG org.springframework.beans.factory.support.DefaultListableBeanFactory -Autowiring by type from bean name 'org.springframework.boot.autoconfigure.ssl.SslAutoConfiguration' via constructor to bean named 'spring.ssl-org.springframework.boot.autoconfigure.ssl.SslProperties'
2025-03-28 13:16:59.705 [main] DEBUG org.springframework.beans.factory.support.DefaultListableBeanFactory -Creating shared instance of singleton bean 'sslPropertiesSslBundleRegistrar'
2025-03-28 13:16:59.705 [main] DEBUG org.springframework.beans.factory.support.DefaultListableBeanFactory -Creating shared instance of singleton bean 'fileWatcher'
2025-03-28 13:16:59.708 [main] DEBUG org.springframework.beans.factory.support.DefaultListableBeanFactory -Autowiring by type from bean name 'sslPropertiesSslBundleRegistrar' via factory method to bean named 'fileWatcher'
2025-03-28 13:16:59.724 [main] DEBUG org.springframework.beans.factory.support.DefaultListableBeanFactory -Creating shared instance of singleton bean 'tomcatServletWebServerFactoryCustomizer'
2025-03-28 13:16:59.725 [main] DEBUG org.springframework.beans.factory.support.DefaultListableBeanFactory -Autowiring by type from bean name 'tomcatServletWebServerFactoryCustomizer' via factory method to bean named 'server-org.springframework.boot.autoconfigure.web.ServerProperties'
2025-03-28 13:16:59.729 [main] DEBUG org.springframework.beans.factory.support.DefaultListableBeanFactory -Creating shared instance of singleton bean 'nettyWebServerFactoryCustomizer'
2025-03-28 13:16:59.729 [main] DEBUG org.springframework.beans.factory.support.DefaultListableBeanFactory -Creating shared instance of singleton bean 'org.springframework.boot.autoconfigure.web.embedded.EmbeddedWebServerFactoryCustomizerAutoConfiguration$NettyWebServerFactoryCustomizerConfiguration'
2025-03-28 13:16:59.732 [main] DEBUG org.springframework.beans.factory.support.DefaultListableBeanFactory -Autowiring by type from bean name 'nettyWebServerFactoryCustomizer' via factory method to bean named 'environment'
2025-03-28 13:16:59.734 [main] DEBUG org.springframework.beans.factory.support.DefaultListableBeanFactory -Autowiring by type from bean name 'nettyWebServerFactoryCustomizer' via factory method to bean named 'server-org.springframework.boot.autoconfigure.web.ServerProperties'
2025-03-28 13:16:59.743 [main] DEBUG org.springframework.beans.factory.support.DefaultListableBeanFactory -Creating shared instance of singleton bean 'tomcatWebServerFactoryCustomizer'
2025-03-28 13:16:59.744 [main] DEBUG org.springframework.beans.factory.support.DefaultListableBeanFactory -Creating shared instance of singleton bean 'org.springframework.boot.autoconfigure.web.embedded.EmbeddedWebServerFactoryCustomizerAutoConfiguration$TomcatWebServerFactoryCustomizerConfiguration'
2025-03-28 13:16:59.749 [main] DEBUG org.springframework.beans.factory.support.DefaultListableBeanFactory -Autowiring by type from bean name 'tomcatWebServerFactoryCustomizer' via factory method to bean named 'environment'
2025-03-28 13:16:59.749 [main] DEBUG org.springframework.beans.factory.support.DefaultListableBeanFactory -Autowiring by type from bean name 'tomcatWebServerFactoryCustomizer' via factory method to bean named 'server-org.springframework.boot.autoconfigure.web.ServerProperties'
2025-03-28 13:16:59.760 [main] DEBUG org.springframework.beans.factory.support.DefaultListableBeanFactory -Creating shared instance of singleton bean 'localeCharsetMappingsCustomizer'
2025-03-28 13:16:59.760 [main] DEBUG org.springframework.beans.factory.support.DefaultListableBeanFactory -Creating shared instance of singleton bean 'org.springframework.boot.autoconfigure.web.servlet.HttpEncodingAutoConfiguration'
2025-03-28 13:16:59.761 [main] DEBUG org.springframework.beans.factory.support.DefaultListableBeanFactory -Autowiring by type from bean name 'org.springframework.boot.autoconfigure.web.servlet.HttpEncodingAutoConfiguration' via constructor to bean named 'server-org.springframework.boot.autoconfigure.web.ServerProperties'
2025-03-28 13:16:59.820 [main] DEBUG org.springframework.beans.factory.support.DefaultListableBeanFactory -Creating shared instance of singleton bean 'errorPageCustomizer'
2025-03-28 13:16:59.820 [main] DEBUG org.springframework.beans.factory.support.DefaultListableBeanFactory -Creating shared instance of singleton bean 'org.springframework.boot.autoconfigure.web.servlet.error.ErrorMvcAutoConfiguration'
2025-03-28 13:16:59.822 [main] DEBUG org.springframework.beans.factory.support.DefaultListableBeanFactory -Autowiring by type from bean name 'org.springframework.boot.autoconfigure.web.servlet.error.ErrorMvcAutoConfiguration' via constructor to bean named 'server-org.springframework.boot.autoconfigure.web.ServerProperties'
2025-03-28 13:16:59.827 [main] DEBUG org.springframework.beans.factory.support.DefaultListableBeanFactory -Creating shared instance of singleton bean 'dispatcherServletRegistration'
2025-03-28 13:16:59.828 [main] DEBUG org.springframework.beans.factory.support.DefaultListableBeanFactory -Creating shared instance of singleton bean 'org.springframework.boot.autoconfigure.web.servlet.DispatcherServletAutoConfiguration$DispatcherServletRegistrationConfiguration'
2025-03-28 13:16:59.830 [main] DEBUG org.springframework.beans.factory.support.DefaultListableBeanFactory -Creating shared instance of singleton bean 'dispatcherServlet'
2025-03-28 13:16:59.831 [main] DEBUG org.springframework.beans.factory.support.DefaultListableBeanFactory -Creating shared instance of singleton bean 'org.springframework.boot.autoconfigure.web.servlet.DispatcherServletAutoConfiguration$DispatcherServletConfiguration'
2025-03-28 13:16:59.834 [main] DEBUG org.springframework.beans.factory.support.DefaultListableBeanFactory -Creating shared instance of singleton bean 'spring.mvc-org.springframework.boot.autoconfigure.web.servlet.WebMvcProperties'
2025-03-28 13:16:59.848 [main] DEBUG org.springframework.beans.factory.support.DefaultListableBeanFactory -Autowiring by type from bean name 'dispatcherServlet' via factory method to bean named 'spring.mvc-org.springframework.boot.autoconfigure.web.servlet.WebMvcProperties'
2025-03-28 13:16:59.892 [main] DEBUG org.springframework.beans.factory.support.DefaultListableBeanFactory -Autowiring by type from bean name 'dispatcherServletRegistration' via factory method to bean named 'dispatcherServlet'
2025-03-28 13:16:59.892 [main] DEBUG org.springframework.beans.factory.support.DefaultListableBeanFactory -Autowiring by type from bean name 'dispatcherServletRegistration' via factory method to bean named 'spring.mvc-org.springframework.boot.autoconfigure.web.servlet.WebMvcProperties'
2025-03-28 13:16:59.895 [main] DEBUG org.springframework.beans.factory.support.DefaultListableBeanFactory -Creating shared instance of singleton bean 'multipartConfigElement'
2025-03-28 13:16:59.896 [main] DEBUG org.springframework.beans.factory.support.DefaultListableBeanFactory -Creating shared instance of singleton bean 'org.springframework.boot.autoconfigure.web.servlet.MultipartAutoConfiguration'
2025-03-28 13:16:59.897 [main] DEBUG org.springframework.beans.factory.support.DefaultListableBeanFactory -Creating shared instance of singleton bean 'spring.servlet.multipart-org.springframework.boot.autoconfigure.web.servlet.MultipartProperties'
2025-03-28 13:16:59.905 [main] DEBUG org.springframework.beans.factory.support.DefaultListableBeanFactory -Autowiring by type from bean name 'org.springframework.boot.autoconfigure.web.servlet.MultipartAutoConfiguration' via constructor to bean named 'spring.servlet.multipart-org.springframework.boot.autoconfigure.web.servlet.MultipartProperties'
2025-03-28 13:16:59.921 [main] DEBUG org.springframework.beans.factory.support.DefaultListableBeanFactory -Autowiring by type from bean name 'errorPageCustomizer' via factory method to bean named 'dispatcherServletRegistration'
2025-03-28 13:17:00.100 [main] DEBUG org.springframework.boot.web.embedded.tomcat.TomcatServletWebServerFactory -Code archive: C:\Users\qwert\.gradle\caches\modules-2\files-2.1\org.springframework.boot\spring-boot\3.4.2\b2514201ba6b838bd638a51619515501c5baefea\spring-boot-3.4.2.jar
2025-03-28 13:17:00.100 [main] DEBUG org.springframework.boot.web.embedded.tomcat.TomcatServletWebServerFactory -Code archive: C:\Users\qwert\.gradle\caches\modules-2\files-2.1\org.springframework.boot\spring-boot\3.4.2\b2514201ba6b838bd638a51619515501c5baefea\spring-boot-3.4.2.jar
2025-03-28 13:17:00.101 [main] DEBUG org.springframework.boot.web.embedded.tomcat.TomcatServletWebServerFactory -None of the document roots [src/main/webapp, public, static] point to a directory and will be ignored.
2025-03-28 13:17:00.140 [main] INFO  org.springframework.boot.web.embedded.tomcat.TomcatWebServer -Tomcat initialized with port 8080 (http)
2025-03-28 13:17:00.164 [main] INFO  org.apache.coyote.http11.Http11NioProtocol -Initializing ProtocolHandler ["http-nio-8080"]
2025-03-28 13:17:00.168 [main] INFO  org.apache.catalina.core.StandardService -Starting service [Tomcat]
2025-03-28 13:17:00.168 [main] INFO  org.apache.catalina.core.StandardEngine -Starting Servlet engine: [Apache Tomcat/10.1.34]
2025-03-28 13:17:00.314 [main] INFO  org.apache.catalina.core.ContainerBase.[Tomcat].[localhost].[/] -Initializing Spring embedded WebApplicationContext
2025-03-28 13:17:00.315 [main] DEBUG org.springframework.boot.web.servlet.context.ServletWebServerApplicationContext -Published root WebApplicationContext as ServletContext attribute with name [org.springframework.web.context.WebApplicationContext.ROOT]
2025-03-28 13:17:00.315 [main] INFO  org.springframework.boot.web.servlet.context.ServletWebServerApplicationContext -Root WebApplicationContext: initialization completed in 4659 ms
2025-03-28 13:17:00.321 [main] DEBUG org.springframework.beans.factory.support.DefaultListableBeanFactory -Creating shared instance of singleton bean 'webMvcObservationFilter'
2025-03-28 13:17:00.321 [main] DEBUG org.springframework.beans.factory.support.DefaultListableBeanFactory -Creating shared instance of singleton bean 'org.springframework.boot.actuate.autoconfigure.observation.web.servlet.WebMvcObservationAutoConfiguration'
2025-03-28 13:17:00.326 [main] DEBUG org.springframework.beans.factory.support.DefaultListableBeanFactory -Creating shared instance of singleton bean 'observationRegistry'
2025-03-28 13:17:00.326 [main] DEBUG org.springframework.beans.factory.support.DefaultListableBeanFactory -Creating shared instance of singleton bean 'org.springframework.boot.actuate.autoconfigure.observation.ObservationAutoConfiguration'
2025-03-28 13:17:00.336 [main] DEBUG org.springframework.beans.factory.support.DefaultListableBeanFactory -Creating shared instance of singleton bean 'propertiesObservationFilter'
2025-03-28 13:17:00.338 [main] DEBUG org.springframework.beans.factory.support.DefaultListableBeanFactory -Creating shared instance of singleton bean 'management.observations-org.springframework.boot.actuate.autoconfigure.observation.ObservationProperties'
2025-03-28 13:17:00.346 [main] DEBUG org.springframework.beans.factory.support.DefaultListableBeanFactory -Autowiring by type from bean name 'propertiesObservationFilter' via factory method to bean named 'management.observations-org.springframework.boot.actuate.autoconfigure.observation.ObservationProperties'
2025-03-28 13:17:00.377 [main] DEBUG org.springframework.beans.factory.support.DefaultListableBeanFactory -Creating shared instance of singleton bean 'metricsObservationHandlerGrouping'
2025-03-28 13:17:00.377 [main] DEBUG org.springframework.beans.factory.support.DefaultListableBeanFactory -Creating shared instance of singleton bean 'org.springframework.boot.actuate.autoconfigure.observation.ObservationAutoConfiguration$OnlyMetricsConfiguration'
2025-03-28 13:17:00.382 [main] DEBUG org.springframework.beans.factory.support.DefaultListableBeanFactory -Creating shared instance of singleton bean 'defaultMeterObservationHandler'
2025-03-28 13:17:00.382 [main] DEBUG org.springframework.beans.factory.support.DefaultListableBeanFactory -Creating shared instance of singleton bean 'org.springframework.boot.actuate.autoconfigure.observation.ObservationAutoConfiguration$MeterObservationHandlerConfiguration$OnlyMetricsMeterObservationHandlerConfiguration'
2025-03-28 13:17:00.385 [main] DEBUG org.springframework.beans.factory.support.DefaultListableBeanFactory -Creating shared instance of singleton bean 'simpleMeterRegistry'
2025-03-28 13:17:00.386 [main] DEBUG org.springframework.beans.factory.support.DefaultListableBeanFactory -Creating shared instance of singleton bean 'org.springframework.boot.actuate.autoconfigure.metrics.export.simple.SimpleMetricsExportAutoConfiguration'
2025-03-28 13:17:00.388 [main] DEBUG org.springframework.beans.factory.support.DefaultListableBeanFactory -Creating shared instance of singleton bean 'simpleConfig'
2025-03-28 13:17:00.389 [main] DEBUG org.springframework.beans.factory.support.DefaultListableBeanFactory -Creating shared instance of singleton bean 'management.simple.metrics.export-org.springframework.boot.actuate.autoconfigure.metrics.export.simple.SimpleProperties'
2025-03-28 13:17:00.391 [main] DEBUG org.springframework.beans.factory.support.DefaultListableBeanFactory -Autowiring by type from bean name 'simpleConfig' via factory method to bean named 'management.simple.metrics.export-org.springframework.boot.actuate.autoconfigure.metrics.export.simple.SimpleProperties'
2025-03-28 13:17:00.399 [main] DEBUG org.springframework.beans.factory.support.DefaultListableBeanFactory -Creating shared instance of singleton bean 'micrometerClock'
2025-03-28 13:17:00.400 [main] DEBUG org.springframework.beans.factory.support.DefaultListableBeanFactory -Creating shared instance of singleton bean 'org.springframework.boot.actuate.autoconfigure.metrics.MetricsAutoConfiguration'
2025-03-28 13:17:00.405 [main] DEBUG org.springframework.beans.factory.support.DefaultListableBeanFactory -Autowiring by type from bean name 'simpleMeterRegistry' via factory method to bean named 'simpleConfig'
2025-03-28 13:17:00.405 [main] DEBUG org.springframework.beans.factory.support.DefaultListableBeanFactory -Autowiring by type from bean name 'simpleMeterRegistry' via factory method to bean named 'micrometerClock'
2025-03-28 13:17:00.417 [main] DEBUG io.micrometer.common.util.internal.logging.InternalLoggerFactory -Using SLF4J as the default logging framework
2025-03-28 13:17:00.447 [main] DEBUG org.springframework.beans.factory.support.DefaultListableBeanFactory -Creating shared instance of singleton bean 'propertiesMeterFilter'
2025-03-28 13:17:00.448 [main] DEBUG org.springframework.beans.factory.support.DefaultListableBeanFactory -Creating shared instance of singleton bean 'management.metrics-org.springframework.boot.actuate.autoconfigure.metrics.MetricsProperties'
2025-03-28 13:17:00.454 [main] DEBUG org.springframework.beans.factory.support.DefaultListableBeanFactory -Autowiring by type from bean name 'propertiesMeterFilter' via factory method to bean named 'management.metrics-org.springframework.boot.actuate.autoconfigure.metrics.MetricsProperties'
2025-03-28 13:17:00.460 [main] DEBUG org.springframework.beans.factory.support.DefaultListableBeanFactory -Creating shared instance of singleton bean 'metricsHttpClientUriTagFilter'
2025-03-28 13:17:00.460 [main] DEBUG org.springframework.beans.factory.support.DefaultListableBeanFactory -Creating shared instance of singleton bean 'org.springframework.boot.actuate.autoconfigure.observation.web.client.HttpClientObservationsAutoConfiguration$MeterFilterConfiguration'
2025-03-28 13:17:00.465 [main] DEBUG org.springframework.beans.factory.support.DefaultListableBeanFactory -Autowiring by type from bean name 'metricsHttpClientUriTagFilter' via factory method to bean named 'management.observations-org.springframework.boot.actuate.autoconfigure.observation.ObservationProperties'
2025-03-28 13:17:00.465 [main] DEBUG org.springframework.beans.factory.support.DefaultListableBeanFactory -Autowiring by type from bean name 'metricsHttpClientUriTagFilter' via factory method to bean named 'management.metrics-org.springframework.boot.actuate.autoconfigure.metrics.MetricsProperties'
2025-03-28 13:17:00.469 [main] DEBUG org.springframework.beans.factory.support.DefaultListableBeanFactory -Creating shared instance of singleton bean 'metricsHttpServerUriTagFilter'
2025-03-28 13:17:00.469 [main] DEBUG org.springframework.beans.factory.support.DefaultListableBeanFactory -Creating shared instance of singleton bean 'org.springframework.boot.actuate.autoconfigure.observation.web.servlet.WebMvcObservationAutoConfiguration$MeterFilterConfiguration'
2025-03-28 13:17:00.472 [main] DEBUG org.springframework.beans.factory.support.DefaultListableBeanFactory -Autowiring by type from bean name 'metricsHttpServerUriTagFilter' via factory method to bean named 'management.observations-org.springframework.boot.actuate.autoconfigure.observation.ObservationProperties'
2025-03-28 13:17:00.472 [main] DEBUG org.springframework.beans.factory.support.DefaultListableBeanFactory -Autowiring by type from bean name 'metricsHttpServerUriTagFilter' via factory method to bean named 'management.metrics-org.springframework.boot.actuate.autoconfigure.metrics.MetricsProperties'
2025-03-28 13:17:00.481 [main] DEBUG org.springframework.beans.factory.support.DefaultListableBeanFactory -Autowiring by type from bean name 'defaultMeterObservationHandler' via factory method to bean named 'simpleMeterRegistry'
2025-03-28 13:17:00.481 [main] DEBUG org.springframework.beans.factory.support.DefaultListableBeanFactory -Autowiring by type from bean name 'defaultMeterObservationHandler' via factory method to bean named 'management.observations-org.springframework.boot.actuate.autoconfigure.observation.ObservationProperties'
2025-03-28 13:17:00.491 [main] DEBUG org.springframework.beans.factory.support.DefaultListableBeanFactory -Autowiring by type from bean name 'webMvcObservationFilter' via factory method to bean named 'observationRegistry'
2025-03-28 13:17:00.492 [main] DEBUG org.springframework.beans.factory.support.DefaultListableBeanFactory -Autowiring by type from bean name 'webMvcObservationFilter' via factory method to bean named 'management.observations-org.springframework.boot.actuate.autoconfigure.observation.ObservationProperties'
2025-03-28 13:17:00.512 [main] DEBUG org.springframework.beans.factory.support.DefaultListableBeanFactory -Creating shared instance of singleton bean 'servletEndpointRegistrar'
2025-03-28 13:17:00.512 [main] DEBUG org.springframework.beans.factory.support.DefaultListableBeanFactory -Creating shared instance of singleton bean 'org.springframework.boot.actuate.autoconfigure.endpoint.web.ServletEndpointManagementContextConfiguration$WebMvcServletEndpointManagementContextConfiguration'
2025-03-28 13:17:00.516 [main] DEBUG org.springframework.beans.factory.support.DefaultListableBeanFactory -Creating shared instance of singleton bean 'management.endpoints.web-org.springframework.boot.actuate.autoconfigure.endpoint.web.WebEndpointProperties'
2025-03-28 13:17:00.521 [main] DEBUG org.springframework.beans.factory.support.DefaultListableBeanFactory -Creating shared instance of singleton bean 'servletEndpointDiscoverer'
2025-03-28 13:17:00.522 [main] DEBUG org.springframework.beans.factory.support.DefaultListableBeanFactory -Creating shared instance of singleton bean 'org.springframework.boot.actuate.autoconfigure.endpoint.web.WebEndpointAutoConfiguration$WebEndpointServletConfiguration'
2025-03-28 13:17:00.524 [main] DEBUG org.springframework.beans.factory.support.DefaultListableBeanFactory -Autowiring by type from bean name 'servletEndpointDiscoverer' via factory method to bean named 'org.springframework.boot.web.servlet.context.AnnotationConfigServletWebServerApplicationContext@a202ccb'
2025-03-28 13:17:00.527 [main] DEBUG org.springframework.beans.factory.support.DefaultListableBeanFactory -Creating shared instance of singleton bean 'webEndpointPathMapper'
2025-03-28 13:17:00.527 [main] DEBUG org.springframework.beans.factory.support.DefaultListableBeanFactory -Creating shared instance of singleton bean 'org.springframework.boot.actuate.autoconfigure.endpoint.web.WebEndpointAutoConfiguration'
2025-03-28 13:17:00.529 [main] DEBUG org.springframework.beans.factory.support.DefaultListableBeanFactory -Autowiring by type from bean name 'org.springframework.boot.actuate.autoconfigure.endpoint.web.WebEndpointAutoConfiguration' via constructor to bean named 'org.springframework.boot.web.servlet.context.AnnotationConfigServletWebServerApplicationContext@a202ccb'
2025-03-28 13:17:00.529 [main] DEBUG org.springframework.beans.factory.support.DefaultListableBeanFactory -Autowiring by type from bean name 'org.springframework.boot.actuate.autoconfigure.endpoint.web.WebEndpointAutoConfiguration' via constructor to bean named 'management.endpoints.web-org.springframework.boot.actuate.autoconfigure.endpoint.web.WebEndpointProperties'
2025-03-28 13:17:00.545 [main] DEBUG org.springframework.beans.factory.support.DefaultListableBeanFactory -Creating shared instance of singleton bean 'servletExposeExcludePropertyEndpointFilter'
2025-03-28 13:17:00.545 [main] DEBUG org.springframework.beans.factory.support.DefaultListableBeanFactory -Creating shared instance of singleton bean 'org.springframework.boot.actuate.autoconfigure.endpoint.web.ServletEndpointManagementContextConfiguration'
2025-03-28 13:17:00.548 [main] DEBUG org.springframework.beans.factory.support.DefaultListableBeanFactory -Autowiring by type from bean name 'servletExposeExcludePropertyEndpointFilter' via factory method to bean named 'management.endpoints.web-org.springframework.boot.actuate.autoconfigure.endpoint.web.WebEndpointProperties'
2025-03-28 13:17:00.569 [main] DEBUG org.springframework.beans.factory.support.DefaultListableBeanFactory -Creating shared instance of singleton bean 'propertiesEndpointAccessResolver'
2025-03-28 13:17:00.570 [main] DEBUG org.springframework.beans.factory.support.DefaultListableBeanFactory -Creating shared instance of singleton bean 'org.springframework.boot.actuate.autoconfigure.endpoint.EndpointAutoConfiguration'
2025-03-28 13:17:00.572 [main] DEBUG org.springframework.beans.factory.support.DefaultListableBeanFactory -Autowiring by type from bean name 'propertiesEndpointAccessResolver' via factory method to bean named 'environment'
2025-03-28 13:17:00.575 [main] DEBUG org.springframework.beans.factory.support.DefaultListableBeanFactory -Autowiring by type from bean name 'servletEndpointRegistrar' via factory method to bean named 'management.endpoints.web-org.springframework.boot.actuate.autoconfigure.endpoint.web.WebEndpointProperties'
2025-03-28 13:17:00.575 [main] DEBUG org.springframework.beans.factory.support.DefaultListableBeanFactory -Autowiring by type from bean name 'servletEndpointRegistrar' via factory method to bean named 'servletEndpointDiscoverer'
2025-03-28 13:17:00.575 [main] DEBUG org.springframework.beans.factory.support.DefaultListableBeanFactory -Autowiring by type from bean name 'servletEndpointRegistrar' via factory method to bean named 'dispatcherServletRegistration'
2025-03-28 13:17:00.575 [main] DEBUG org.springframework.beans.factory.support.DefaultListableBeanFactory -Autowiring by type from bean name 'servletEndpointRegistrar' via factory method to bean named 'propertiesEndpointAccessResolver'
2025-03-28 13:17:00.602 [main] DEBUG org.springframework.beans.factory.support.DefaultListableBeanFactory -Creating shared instance of singleton bean 'requestContextFilter'
2025-03-28 13:17:00.613 [main] DEBUG org.springframework.beans.factory.support.DefaultListableBeanFactory -Creating shared instance of singleton bean 'formContentFilter'
2025-03-28 13:17:00.614 [main] DEBUG org.springframework.beans.factory.support.DefaultListableBeanFactory -Creating shared instance of singleton bean 'org.springframework.boot.autoconfigure.web.servlet.WebMvcAutoConfiguration'
2025-03-28 13:17:00.622 [main] DEBUG org.springframework.beans.factory.support.DefaultListableBeanFactory -Creating shared instance of singleton bean 'characterEncodingFilter'
2025-03-28 13:17:00.654 [main] DEBUG org.springframework.boot.web.servlet.ServletContextInitializerBeans -Mapping filters: webMvcObservationFilter urls=[/*] order=-2147483647, characterEncodingFilter urls=[/*] order=-2147483648, formContentFilter urls=[/*] order=-9900, requestContextFilter urls=[/*] order=-105
2025-03-28 13:17:00.654 [main] DEBUG org.springframework.boot.web.servlet.ServletContextInitializerBeans -Mapping servlets: dispatcherServlet urls=[/]
2025-03-28 13:17:00.703 [main] DEBUG org.springframework.boot.web.servlet.filter.OrderedRequestContextFilter -Filter 'requestContextFilter' configured for use
2025-03-28 13:17:00.708 [main] DEBUG org.springframework.web.filter.ServerHttpObservationFilter -Filter 'webMvcObservationFilter' configured for use
2025-03-28 13:17:00.709 [main] DEBUG org.springframework.boot.web.servlet.filter.OrderedCharacterEncodingFilter -Filter 'characterEncodingFilter' configured for use
2025-03-28 13:17:00.709 [main] DEBUG org.springframework.boot.web.servlet.filter.OrderedFormContentFilter -Filter 'formContentFilter' configured for use
2025-03-28 13:17:00.722 [main] DEBUG org.springframework.beans.factory.support.DefaultListableBeanFactory -Creating shared instance of singleton bean 'dataSourceScriptDatabaseInitializer'
2025-03-28 13:17:00.722 [main] DEBUG org.springframework.beans.factory.support.DefaultListableBeanFactory -Creating shared instance of singleton bean 'org.springframework.boot.autoconfigure.sql.init.DataSourceInitializationConfiguration'
2025-03-28 13:17:00.725 [main] DEBUG org.springframework.beans.factory.support.DefaultListableBeanFactory -Creating shared instance of singleton bean 'dataSource'
2025-03-28 13:17:00.725 [main] DEBUG org.springframework.beans.factory.support.DefaultListableBeanFactory -Creating shared instance of singleton bean 'org.springframework.boot.autoconfigure.jdbc.DataSourceConfiguration$Hikari'
2025-03-28 13:17:00.729 [main] DEBUG org.springframework.beans.factory.support.DefaultListableBeanFactory -Creating shared instance of singleton bean 'spring.datasource-org.springframework.boot.autoconfigure.jdbc.DataSourceProperties'
2025-03-28 13:17:00.747 [main] DEBUG org.springframework.beans.factory.support.DefaultListableBeanFactory -Creating shared instance of singleton bean 'jdbcConnectionDetails'
2025-03-28 13:17:00.747 [main] DEBUG org.springframework.beans.factory.support.DefaultListableBeanFactory -Creating shared instance of singleton bean 'org.springframework.boot.autoconfigure.jdbc.DataSourceAutoConfiguration$PooledDataSourceConfiguration'
2025-03-28 13:17:00.750 [main] DEBUG org.springframework.beans.factory.support.DefaultListableBeanFactory -Autowiring by type from bean name 'jdbcConnectionDetails' via factory method to bean named 'spring.datasource-org.springframework.boot.autoconfigure.jdbc.DataSourceProperties'
2025-03-28 13:17:00.752 [main] DEBUG org.springframework.beans.factory.support.DefaultListableBeanFactory -Autowiring by type from bean name 'dataSource' via factory method to bean named 'spring.datasource-org.springframework.boot.autoconfigure.jdbc.DataSourceProperties'
2025-03-28 13:17:00.752 [main] DEBUG org.springframework.beans.factory.support.DefaultListableBeanFactory -Autowiring by type from bean name 'dataSource' via factory method to bean named 'jdbcConnectionDetails'
2025-03-28 13:17:00.755 [main] WARN  org.springframework.boot.web.servlet.context.AnnotationConfigServletWebServerApplicationContext -Exception encountered during context initialization - cancelling refresh attempt: org.springframework.beans.factory.BeanCreationException: Error creating bean with name 'entityManagerFactory' defined in class path resource [org/springframework/boot/autoconfigure/orm/jpa/HibernateJpaConfiguration.class]: Failed to initialize dependency 'dataSourceScriptDatabaseInitializer' of LoadTimeWeaverAware bean 'entityManagerFactory': Error creating bean with name 'dataSourceScriptDatabaseInitializer' defined in class path resource [org/springframework/boot/autoconfigure/sql/init/DataSourceInitializationConfiguration.class]: Unsatisfied dependency expressed through method 'dataSourceScriptDatabaseInitializer' parameter 0: Error creating bean with name 'dataSource' defined in class path resource [org/springframework/boot/autoconfigure/jdbc/DataSourceConfiguration$Hikari.class]: Failed to instantiate [com.zaxxer.hikari.HikariDataSource]: Factory method 'dataSource' threw exception with message: Failed to determine a suitable driver class
2025-03-28 13:17:00.755 [main] DEBUG org.springframework.beans.factory.support.DisposableBeanAdapter -Custom destroy method 'close' on bean with name 'simpleMeterRegistry' completed
2025-03-28 13:17:00.761 [main] INFO  org.apache.catalina.core.StandardService -Stopping service [Tomcat]
2025-03-28 13:17:00.828 [main] DEBUG org.springframework.boot.autoconfigure.logging.ConditionEvaluationReportLogger -


============================
CONDITIONS EVALUATION REPORT
============================


Positive matches:
-----------------

   AopAutoConfiguration matched:
      - @ConditionalOnProperty (spring.aop.auto=true) matched (OnPropertyCondition)

   AopAutoConfiguration.AspectJAutoProxyingConfiguration matched:
      - @ConditionalOnClass found required class 'org.aspectj.weaver.Advice' (OnClassCondition)

   AopAutoConfiguration.AspectJAutoProxyingConfiguration.CglibAutoProxyConfiguration matched:
      - @ConditionalOnProperty (spring.aop.proxy-target-class=true) matched (OnPropertyCondition)

   ApplicationAvailabilityAutoConfiguration#applicationAvailability matched:
      - @ConditionalOnMissingBean (types: org.springframework.boot.availability.ApplicationAvailability; SearchStrategy: all) did not find any beans (OnBeanCondition)

   AuditEventsEndpointAutoConfiguration matched:
      - @ConditionalOnAvailableEndpoint marked as exposed by a 'management.endpoints.jmx.exposure' property (OnAvailableEndpointCondition)

   BeansEndpointAutoConfiguration matched:
      - @ConditionalOnAvailableEndpoint marked as exposed by a 'management.endpoints.jmx.exposure' property (OnAvailableEndpointCondition)

   BeansEndpointAutoConfiguration#beansEndpoint matched:
      - @ConditionalOnMissingBean (types: org.springframework.boot.actuate.beans.BeansEndpoint; SearchStrategy: all) did not find any beans (OnBeanCondition)

   CacheMeterBinderProvidersConfiguration matched:
      - @ConditionalOnClass found required class 'io.micrometer.core.instrument.binder.MeterBinder' (OnClassCondition)

   CachesEndpointAutoConfiguration matched:
      - @ConditionalOnClass found required class 'org.springframework.cache.CacheManager' (OnClassCondition)
      - @ConditionalOnAvailableEndpoint marked as exposed by a 'management.endpoints.jmx.exposure' property (OnAvailableEndpointCondition)

   CachesEndpointAutoConfiguration#cachesEndpoint matched:
      - @ConditionalOnMissingBean (types: org.springframework.boot.actuate.cache.CachesEndpoint; SearchStrategy: all) did not find any beans (OnBeanCondition)

   ClientHttpConnectorAutoConfiguration matched:
      - @ConditionalOnClass found required class 'org.springframework.web.reactive.function.client.WebClient' (OnClassCondition)

   ClientHttpConnectorAutoConfiguration#webClientHttpConnector matched:
      - @ConditionalOnMissingBean (types: org.springframework.http.client.reactive.ClientHttpConnector; SearchStrategy: all) did not find any beans (OnBeanCondition)

   ClientHttpConnectorAutoConfiguration#webClientHttpConnectorCustomizer matched:
      - @ConditionalOnBean (types: org.springframework.http.client.reactive.ClientHttpConnector; SearchStrategy: all) found bean 'webClientHttpConnector' (OnBeanCondition)

   ClientHttpConnectorFactoryConfiguration.ReactorNetty matched:
      - @ConditionalOnClass found required class 'reactor.netty.http.client.HttpClient' (OnClassCondition)
      - @ConditionalOnMissingBean (types: org.springframework.boot.autoconfigure.web.reactive.function.client.ClientHttpConnectorFactory; SearchStrategy: all) did not find any beans (OnBeanCondition)

   CodecsAutoConfiguration matched:
      - @ConditionalOnClass found required classes 'org.springframework.http.codec.CodecConfigurer', 'org.springframework.web.reactive.function.client.WebClient' (OnClassCondition)

   CodecsAutoConfiguration.JacksonCodecConfiguration matched:
      - @ConditionalOnClass found required class 'com.fasterxml.jackson.databind.ObjectMapper' (OnClassCondition)

   CodecsAutoConfiguration.JacksonCodecConfiguration#jacksonCodecCustomizer matched:
      - @ConditionalOnBean (types: com.fasterxml.jackson.databind.ObjectMapper; SearchStrategy: all) found bean 'jacksonObjectMapper' (OnBeanCondition)

   CompositeMeterRegistryAutoConfiguration matched:
      - @ConditionalOnClass found required class 'io.micrometer.core.instrument.composite.CompositeMeterRegistry' (OnClassCondition)

   ConditionsReportEndpointAutoConfiguration matched:
      - @ConditionalOnAvailableEndpoint marked as exposed by a 'management.endpoints.jmx.exposure' property (OnAvailableEndpointCondition)

   ConditionsReportEndpointAutoConfiguration#conditionsReportEndpoint matched:
      - @ConditionalOnMissingBean (types: org.springframework.boot.actuate.autoconfigure.condition.ConditionsReportEndpoint; SearchStrategy: current) did not find any beans (OnBeanCondition)

   ConfigurationPropertiesReportEndpointAutoConfiguration matched:
      - @ConditionalOnAvailableEndpoint marked as exposed by a 'management.endpoints.jmx.exposure' property (OnAvailableEndpointCondition)

   ConfigurationPropertiesReportEndpointAutoConfiguration#configurationPropertiesReportEndpoint matched:
      - @ConditionalOnMissingBean (types: org.springframework.boot.actuate.context.properties.ConfigurationPropertiesReportEndpoint; SearchStrategy: all) did not find any beans (OnBeanCondition)

   DataSourceAutoConfiguration matched:
      - @ConditionalOnClass found required classes 'javax.sql.DataSource', 'org.springframework.jdbc.datasource.embedded.EmbeddedDatabaseType' (OnClassCondition)
      - @ConditionalOnMissingBean (types: io.r2dbc.spi.ConnectionFactory; SearchStrategy: all) did not find any beans (OnBeanCondition)

   DataSourceAutoConfiguration.PooledDataSourceConfiguration matched:
      - AnyNestedCondition 1 matched 1 did not; NestedCondition on DataSourceAutoConfiguration.PooledDataSourceCondition.PooledDataSourceAvailable PooledDataSource found supported DataSource; NestedCondition on DataSourceAutoConfiguration.PooledDataSourceCondition.ExplicitType @ConditionalOnProperty (spring.datasource.type) did not find property 'type' (DataSourceAutoConfiguration.PooledDataSourceCondition)
      - @ConditionalOnMissingBean (types: javax.sql.DataSource,javax.sql.XADataSource; SearchStrategy: all) did not find any beans (OnBeanCondition)

   DataSourceAutoConfiguration.PooledDataSourceConfiguration#jdbcConnectionDetails matched:
      - @ConditionalOnMissingBean (types: org.springframework.boot.autoconfigure.jdbc.JdbcConnectionDetails; SearchStrategy: all) did not find any beans (OnBeanCondition)

   DataSourceConfiguration.Hikari matched:
      - @ConditionalOnClass found required class 'com.zaxxer.hikari.HikariDataSource' (OnClassCondition)
      - @ConditionalOnProperty (spring.datasource.type=com.zaxxer.hikari.HikariDataSource) matched (OnPropertyCondition)
      - @ConditionalOnMissingBean (types: javax.sql.DataSource; SearchStrategy: all) did not find any beans (OnBeanCondition)

   DataSourceHealthContributorAutoConfiguration matched:
      - @ConditionalOnClass found required classes 'org.springframework.jdbc.core.JdbcTemplate', 'org.springframework.jdbc.datasource.lookup.AbstractRoutingDataSource' (OnClassCondition)
      - @ConditionalOnEnabledHealthIndicator management.health.defaults.enabled is considered true (OnEnabledHealthIndicatorCondition)
      - @ConditionalOnBean (types: javax.sql.DataSource; SearchStrategy: all) found bean 'dataSource' (OnBeanCondition)

   DataSourceHealthContributorAutoConfiguration#dbHealthContributor matched:
      - @ConditionalOnMissingBean (names: dbHealthIndicator,dbHealthContributor; SearchStrategy: all) did not find any beans (OnBeanCondition)

   DataSourceInitializationConfiguration matched:
      - @ConditionalOnClass found required class 'org.springframework.jdbc.datasource.init.DatabasePopulator' (OnClassCondition)
      - @ConditionalOnSingleCandidate (types: javax.sql.DataSource; SearchStrategy: all) found a single bean 'dataSource'; @ConditionalOnMissingBean (types: org.springframework.boot.autoconfigure.sql.init.SqlDataSourceScriptDatabaseInitializer,org.springframework.boot.autoconfigure.sql.init.SqlR2dbcScriptDatabaseInitializer; SearchStrategy: all) did not find any beans (OnBeanCondition)

   DataSourceJmxConfiguration matched:
      - @ConditionalOnProperty (spring.jmx.enabled=true) matched (OnPropertyCondition)

   DataSourceJmxConfiguration.Hikari matched:
      - @ConditionalOnClass found required class 'com.zaxxer.hikari.HikariDataSource' (OnClassCondition)
      - @ConditionalOnSingleCandidate (types: javax.sql.DataSource; SearchStrategy: all) found a single bean 'dataSource' (OnBeanCondition)

   DataSourcePoolMetadataProvidersConfiguration.HikariPoolDataSourceMetadataProviderConfiguration matched:
      - @ConditionalOnClass found required class 'com.zaxxer.hikari.HikariDataSource' (OnClassCondition)

   DataSourcePoolMetricsAutoConfiguration matched:
      - @ConditionalOnClass found required classes 'javax.sql.DataSource', 'io.micrometer.core.instrument.MeterRegistry' (OnClassCondition)
      - @ConditionalOnBean (types: javax.sql.DataSource,io.micrometer.core.instrument.MeterRegistry; SearchStrategy: all) found beans 'simpleMeterRegistry', 'dataSource' (OnBeanCondition)

   DataSourcePoolMetricsAutoConfiguration.DataSourcePoolMetadataMetricsConfiguration matched:
      - @ConditionalOnBean (types: org.springframework.boot.jdbc.metadata.DataSourcePoolMetadataProvider; SearchStrategy: all) found bean 'hikariPoolDataSourceMetadataProvider' (OnBeanCondition)

   DataSourcePoolMetricsAutoConfiguration.HikariDataSourceMetricsConfiguration matched:
      - @ConditionalOnClass found required class 'com.zaxxer.hikari.HikariDataSource' (OnClassCondition)

   DataSourceTransactionManagerAutoConfiguration matched:
      - @ConditionalOnClass found required classes 'javax.sql.DataSource', 'org.springframework.jdbc.core.JdbcTemplate', 'org.springframework.transaction.TransactionManager' (OnClassCondition)

   DataSourceTransactionManagerAutoConfiguration.JdbcTransactionManagerConfiguration matched:
      - @ConditionalOnSingleCandidate (types: javax.sql.DataSource; SearchStrategy: all) found a single bean 'dataSource' (OnBeanCondition)

   DiskSpaceHealthContributorAutoConfiguration matched:
      - @ConditionalOnEnabledHealthIndicator management.health.defaults.enabled is considered true (OnEnabledHealthIndicatorCondition)

   DiskSpaceHealthContributorAutoConfiguration#diskSpaceHealthIndicator matched:
      - @ConditionalOnMissingBean (names: diskSpaceHealthIndicator; SearchStrategy: all) did not find any beans (OnBeanCondition)

   DispatcherServletAutoConfiguration matched:
      - @ConditionalOnClass found required class 'org.springframework.web.servlet.DispatcherServlet' (OnClassCondition)
      - found 'session' scope (OnWebApplicationCondition)

   DispatcherServletAutoConfiguration.DispatcherServletConfiguration matched:
      - @ConditionalOnClass found required class 'jakarta.servlet.ServletRegistration' (OnClassCondition)
      - Default DispatcherServlet did not find dispatcher servlet beans (DispatcherServletAutoConfiguration.DefaultDispatcherServletCondition)

   DispatcherServletAutoConfiguration.DispatcherServletRegistrationConfiguration matched:
      - @ConditionalOnClass found required class 'jakarta.servlet.ServletRegistration' (OnClassCondition)
      - DispatcherServlet Registration did not find servlet registration bean (DispatcherServletAutoConfiguration.DispatcherServletRegistrationCondition)

   DispatcherServletAutoConfiguration.DispatcherServletRegistrationConfiguration#dispatcherServletRegistration matched:
      - @ConditionalOnBean (names: dispatcherServlet types: org.springframework.web.servlet.DispatcherServlet; SearchStrategy: all) found bean 'dispatcherServlet' (OnBeanCondition)

   EmbeddedWebServerFactoryCustomizerAutoConfiguration matched:
      - @ConditionalOnWebApplication (required) found 'session' scope (OnWebApplicationCondition)
      - @ConditionalOnWarDeployment the application is not deployed as a WAR file. (OnWarDeploymentCondition)

   EmbeddedWebServerFactoryCustomizerAutoConfiguration.NettyWebServerFactoryCustomizerConfiguration matched:
      - @ConditionalOnClass found required class 'reactor.netty.http.server.HttpServer' (OnClassCondition)

   EmbeddedWebServerFactoryCustomizerAutoConfiguration.TomcatWebServerFactoryCustomizerConfiguration matched:
      - @ConditionalOnClass found required classes 'org.apache.catalina.startup.Tomcat', 'org.apache.coyote.UpgradeProtocol' (OnClassCondition)

   EndpointAutoConfiguration#endpointCachingOperationInvokerAdvisor matched:
      - @ConditionalOnMissingBean (types: org.springframework.boot.actuate.endpoint.invoker.cache.CachingOperationInvokerAdvisor; SearchStrategy: all) did not find any beans (OnBeanCondition)

   EndpointAutoConfiguration#endpointOperationParameterMapper matched:
      - @ConditionalOnMissingBean (types: org.springframework.boot.actuate.endpoint.invoke.ParameterValueMapper; SearchStrategy: all) did not find any beans (OnBeanCondition)

   EndpointAutoConfiguration#propertiesEndpointAccessResolver matched:
      - @ConditionalOnMissingBean (types: org.springframework.boot.actuate.endpoint.EndpointAccessResolver; SearchStrategy: all) did not find any beans (OnBeanCondition)

   EnvironmentEndpointAutoConfiguration matched:
      - @ConditionalOnAvailableEndpoint marked as exposed by a 'management.endpoints.jmx.exposure' property (OnAvailableEndpointCondition)

   EnvironmentEndpointAutoConfiguration#environmentEndpoint matched:
      - @ConditionalOnMissingBean (types: org.springframework.boot.actuate.env.EnvironmentEndpoint; SearchStrategy: all) did not find any beans (OnBeanCondition)

   ErrorMvcAutoConfiguration matched:
      - @ConditionalOnClass found required classes 'jakarta.servlet.Servlet', 'org.springframework.web.servlet.DispatcherServlet' (OnClassCondition)
      - found 'session' scope (OnWebApplicationCondition)

   ErrorMvcAutoConfiguration#basicErrorController matched:
      - @ConditionalOnMissingBean (types: org.springframework.boot.web.servlet.error.ErrorController; SearchStrategy: current) did not find any beans (OnBeanCondition)

   ErrorMvcAutoConfiguration#errorAttributes matched:
      - @ConditionalOnMissingBean (types: org.springframework.boot.web.servlet.error.ErrorAttributes; SearchStrategy: current) did not find any beans (OnBeanCondition)

   ErrorMvcAutoConfiguration.DefaultErrorViewResolverConfiguration#conventionErrorViewResolver matched:
      - @ConditionalOnBean (types: org.springframework.web.servlet.DispatcherServlet; SearchStrategy: all) found bean 'dispatcherServlet'; @ConditionalOnMissingBean (types: org.springframework.boot.autoconfigure.web.servlet.error.ErrorViewResolver; SearchStrategy: all) did not find any beans (OnBeanCondition)

   ErrorMvcAutoConfiguration.WhitelabelErrorViewConfiguration matched:
      - @ConditionalOnProperty (server.error.whitelabel.enabled) matched (OnPropertyCondition)
      - ErrorTemplate Missing did not find error template view (ErrorMvcAutoConfiguration.ErrorTemplateMissingCondition)

   ErrorMvcAutoConfiguration.WhitelabelErrorViewConfiguration#beanNameViewResolver matched:
      - @ConditionalOnMissingBean (types: org.springframework.web.servlet.view.BeanNameViewResolver; SearchStrategy: all) did not find any beans (OnBeanCondition)

   ErrorMvcAutoConfiguration.WhitelabelErrorViewConfiguration#defaultErrorView matched:
      - @ConditionalOnMissingBean (names: error; SearchStrategy: all) did not find any beans (OnBeanCondition)

   GenericCacheConfiguration matched:
      - Cache org.springframework.boot.autoconfigure.cache.GenericCacheConfiguration automatic cache type (CacheCondition)

   HealthContributorAutoConfiguration#pingHealthContributor matched:
      - @ConditionalOnEnabledHealthIndicator management.health.defaults.enabled is considered true (OnEnabledHealthIndicatorCondition)

   HealthEndpointAutoConfiguration matched:
      - @ConditionalOnAvailableEndpoint marked as exposed by a 'management.endpoints.web.exposure' property (OnAvailableEndpointCondition)

   HealthEndpointConfiguration#healthContributorRegistry matched:
      - @ConditionalOnMissingBean (types: org.springframework.boot.actuate.health.HealthContributorRegistry; SearchStrategy: all) did not find any beans (OnBeanCondition)

   HealthEndpointConfiguration#healthEndpoint matched:
      - @ConditionalOnMissingBean (types: org.springframework.boot.actuate.health.HealthEndpoint; SearchStrategy: all) did not find any beans (OnBeanCondition)

   HealthEndpointConfiguration#healthEndpointGroupMembershipValidator matched:
      - @ConditionalOnProperty (management.endpoint.health.validate-group-membership=true) matched (OnPropertyCondition)

   HealthEndpointConfiguration#healthEndpointGroups matched:
      - @ConditionalOnMissingBean (types: org.springframework.boot.actuate.health.HealthEndpointGroups; SearchStrategy: all) did not find any beans (OnBeanCondition)

   HealthEndpointConfiguration#healthHttpCodeStatusMapper matched:
      - @ConditionalOnMissingBean (types: org.springframework.boot.actuate.health.HttpCodeStatusMapper; SearchStrategy: all) did not find any beans (OnBeanCondition)

   HealthEndpointConfiguration#healthStatusAggregator matched:
      - @ConditionalOnMissingBean (types: org.springframework.boot.actuate.health.StatusAggregator; SearchStrategy: all) did not find any beans (OnBeanCondition)

   HealthEndpointWebExtensionConfiguration matched:
      - found 'session' scope (OnWebApplicationCondition)
      - @ConditionalOnAvailableEndpoint marked as exposed by a 'management.endpoints.web.exposure' property (OnAvailableEndpointCondition)
      - @ConditionalOnBean (types: org.springframework.boot.actuate.health.HealthEndpoint; SearchStrategy: all) found bean 'healthEndpoint' (OnBeanCondition)

   HealthEndpointWebExtensionConfiguration#healthEndpointWebExtension matched:
      - @ConditionalOnMissingBean (types: org.springframework.boot.actuate.health.HealthEndpointWebExtension; SearchStrategy: all) did not find any beans (OnBeanCondition)

   HealthEndpointWebExtensionConfiguration.MvcAdditionalHealthEndpointPathsConfiguration matched:
      - @ConditionalOnBean (types: org.springframework.web.servlet.DispatcherServlet; SearchStrategy: all) found bean 'dispatcherServlet' (OnBeanCondition)

   HeapDumpWebEndpointAutoConfiguration matched:
      - @ConditionalOnAvailableEndpoint marked as exposed by a 'management.endpoints.jmx.exposure' property (OnAvailableEndpointCondition)

   HeapDumpWebEndpointAutoConfiguration#heapDumpWebEndpoint matched:
      - @ConditionalOnMissingBean (types: org.springframework.boot.actuate.management.HeapDumpWebEndpoint; SearchStrategy: all) did not find any beans (OnBeanCondition)

   HibernateJpaAutoConfiguration matched:
      - @ConditionalOnClass found required classes 'org.springframework.orm.jpa.LocalContainerEntityManagerFactoryBean', 'jakarta.persistence.EntityManager', 'org.hibernate.engine.spi.SessionImplementor' (OnClassCondition)

   HibernateJpaConfiguration matched:
      - @ConditionalOnSingleCandidate (types: javax.sql.DataSource; SearchStrategy: all) found a single bean 'dataSource' (OnBeanCondition)

   HttpClientAutoConfiguration matched:
      - @ConditionalOnClass found required class 'org.springframework.http.client.ClientHttpRequestFactory' (OnClassCondition)
      - NoneNestedConditions 0 matched 1 did not; NestedCondition on NotReactiveWebApplicationCondition.ReactiveWebApplication not a reactive web application (NotReactiveWebApplicationCondition)

   HttpClientAutoConfiguration#clientHttpRequestFactoryBuilder matched:
      - @ConditionalOnMissingBean (types: org.springframework.boot.http.client.ClientHttpRequestFactoryBuilder; SearchStrategy: all) did not find any beans (OnBeanCondition)

   HttpClientAutoConfiguration#clientHttpRequestFactorySettings matched:
      - @ConditionalOnMissingBean (types: org.springframework.boot.http.client.ClientHttpRequestFactorySettings; SearchStrategy: all) did not find any beans (OnBeanCondition)

   HttpClientObservationsAutoConfiguration matched:
      - @ConditionalOnClass found required class 'io.micrometer.observation.Observation' (OnClassCondition)
      - @ConditionalOnBean (types: io.micrometer.observation.ObservationRegistry; SearchStrategy: all) found bean 'observationRegistry' (OnBeanCondition)

   HttpClientObservationsAutoConfiguration.MeterFilterConfiguration matched:
      - @ConditionalOnClass found required class 'io.micrometer.core.instrument.MeterRegistry' (OnClassCondition)
      - @ConditionalOnBean (types: io.micrometer.core.instrument.MeterRegistry; SearchStrategy: all) found bean 'simpleMeterRegistry' (OnBeanCondition)

   HttpEncodingAutoConfiguration matched:
      - @ConditionalOnClass found required class 'org.springframework.web.filter.CharacterEncodingFilter' (OnClassCondition)
      - found 'session' scope (OnWebApplicationCondition)
      - @ConditionalOnProperty (server.servlet.encoding.enabled) matched (OnPropertyCondition)

   HttpEncodingAutoConfiguration#characterEncodingFilter matched:
      - @ConditionalOnMissingBean (types: org.springframework.web.filter.CharacterEncodingFilter; SearchStrategy: all) did not find any beans (OnBeanCondition)

   HttpExchangesEndpointAutoConfiguration matched:
      - @ConditionalOnAvailableEndpoint marked as exposed by a 'management.endpoints.jmx.exposure' property (OnAvailableEndpointCondition)

   HttpMessageConvertersAutoConfiguration matched:
      - @ConditionalOnClass found required class 'org.springframework.http.converter.HttpMessageConverter' (OnClassCondition)
      - NoneNestedConditions 0 matched 1 did not; NestedCondition on HttpMessageConvertersAutoConfiguration.NotReactiveWebApplicationCondition.ReactiveWebApplication not a reactive web application (HttpMessageConvertersAutoConfiguration.NotReactiveWebApplicationCondition)

   HttpMessageConvertersAutoConfiguration#messageConverters matched:
      - @ConditionalOnMissingBean (types: org.springframework.boot.autoconfigure.http.HttpMessageConverters; SearchStrategy: all) did not find any beans (OnBeanCondition)

   HttpMessageConvertersAutoConfiguration.StringHttpMessageConverterConfiguration matched:
      - @ConditionalOnClass found required class 'org.springframework.http.converter.StringHttpMessageConverter' (OnClassCondition)

   HttpMessageConvertersAutoConfiguration.StringHttpMessageConverterConfiguration#stringHttpMessageConverter matched:
      - @ConditionalOnMissingBean (types: org.springframework.http.converter.StringHttpMessageConverter; SearchStrategy: all) did not find any beans (OnBeanCondition)

   InfoEndpointAutoConfiguration matched:
      - @ConditionalOnAvailableEndpoint marked as exposed by a 'management.endpoints.jmx.exposure' property (OnAvailableEndpointCondition)

   InfoEndpointAutoConfiguration#infoEndpoint matched:
      - @ConditionalOnMissingBean (types: org.springframework.boot.actuate.info.InfoEndpoint; SearchStrategy: all) did not find any beans (OnBeanCondition)

   JacksonAutoConfiguration matched:
      - @ConditionalOnClass found required class 'com.fasterxml.jackson.databind.ObjectMapper' (OnClassCondition)

   JacksonAutoConfiguration.Jackson2ObjectMapperBuilderCustomizerConfiguration matched:
      - @ConditionalOnClass found required class 'org.springframework.http.converter.json.Jackson2ObjectMapperBuilder' (OnClassCondition)

   JacksonAutoConfiguration.JacksonObjectMapperBuilderConfiguration matched:
      - @ConditionalOnClass found required class 'org.springframework.http.converter.json.Jackson2ObjectMapperBuilder' (OnClassCondition)

   JacksonAutoConfiguration.JacksonObjectMapperBuilderConfiguration#jacksonObjectMapperBuilder matched:
      - @ConditionalOnMissingBean (types: org.springframework.http.converter.json.Jackson2ObjectMapperBuilder; SearchStrategy: all) did not find any beans (OnBeanCondition)

   JacksonAutoConfiguration.JacksonObjectMapperConfiguration matched:
      - @ConditionalOnClass found required class 'org.springframework.http.converter.json.Jackson2ObjectMapperBuilder' (OnClassCondition)

   JacksonAutoConfiguration.JacksonObjectMapperConfiguration#jacksonObjectMapper matched:
      - @ConditionalOnMissingBean (types: com.fasterxml.jackson.databind.ObjectMapper; SearchStrategy: all) did not find any beans (OnBeanCondition)

   JacksonAutoConfiguration.ParameterNamesModuleConfiguration matched:
      - @ConditionalOnClass found required class 'com.fasterxml.jackson.module.paramnames.ParameterNamesModule' (OnClassCondition)

   JacksonAutoConfiguration.ParameterNamesModuleConfiguration#parameterNamesModule matched:
      - @ConditionalOnMissingBean (types: com.fasterxml.jackson.module.paramnames.ParameterNamesModule; SearchStrategy: all) did not find any beans (OnBeanCondition)

   JacksonEndpointAutoConfiguration#endpointObjectMapper matched:
      - @ConditionalOnClass found required classes 'com.fasterxml.jackson.databind.ObjectMapper', 'org.springframework.http.converter.json.Jackson2ObjectMapperBuilder' (OnClassCondition)
      - @ConditionalOnProperty (management.endpoints.jackson.isolated-object-mapper) matched (OnPropertyCondition)

   JacksonHttpMessageConvertersConfiguration.MappingJackson2HttpMessageConverterConfiguration matched:
      - @ConditionalOnClass found required class 'com.fasterxml.jackson.databind.ObjectMapper' (OnClassCondition)
      - @ConditionalOnProperty (spring.mvc.converters.preferred-json-mapper=jackson) matched (OnPropertyCondition)
      - @ConditionalOnBean (types: com.fasterxml.jackson.databind.ObjectMapper; SearchStrategy: all) found bean 'jacksonObjectMapper' (OnBeanCondition)

   JacksonHttpMessageConvertersConfiguration.MappingJackson2HttpMessageConverterConfiguration#mappingJackson2HttpMessageConverter matched:
      - @ConditionalOnMissingBean (types: org.springframework.http.converter.json.MappingJackson2HttpMessageConverter ignored: org.springframework.hateoas.server.mvc.TypeConstrainedMappingJackson2HttpMessageConverter,org.springframework.data.rest.webmvc.alps.AlpsJsonHttpMessageConverter; SearchStrategy: all) did not find any beans (OnBeanCondition)

   JdbcClientAutoConfiguration matched:
      - @ConditionalOnSingleCandidate (types: org.springframework.jdbc.core.namedparam.NamedParameterJdbcTemplate; SearchStrategy: all) found a single bean 'namedParameterJdbcTemplate'; @ConditionalOnMissingBean (types: org.springframework.jdbc.core.simple.JdbcClient; SearchStrategy: all) did not find any beans (OnBeanCondition)

   JdbcTemplateAutoConfiguration matched:
      - @ConditionalOnClass found required classes 'javax.sql.DataSource', 'org.springframework.jdbc.core.JdbcTemplate' (OnClassCondition)
      - @ConditionalOnSingleCandidate (types: javax.sql.DataSource; SearchStrategy: all) found a single bean 'dataSource' (OnBeanCondition)

   JdbcTemplateConfiguration matched:
      - @ConditionalOnMissingBean (types: org.springframework.jdbc.core.JdbcOperations; SearchStrategy: all) did not find any beans (OnBeanCondition)

   JmxAutoConfiguration matched:
      - @ConditionalOnClass found required class 'org.springframework.jmx.export.MBeanExporter' (OnClassCondition)
      - @ConditionalOnProperty (spring.jmx.enabled=true) matched (OnPropertyCondition)

   JmxAutoConfiguration#mbeanExporter matched:
      - @ConditionalOnMissingBean (types: org.springframework.jmx.export.MBeanExporter; SearchStrategy: current) did not find any beans (OnBeanCondition)

   JmxAutoConfiguration#mbeanServer matched:
      - @ConditionalOnMissingBean (types: javax.management.MBeanServer; SearchStrategy: all) did not find any beans (OnBeanCondition)

   JmxAutoConfiguration#objectNamingStrategy matched:
      - @ConditionalOnMissingBean (types: org.springframework.jmx.export.naming.ObjectNamingStrategy; SearchStrategy: current) did not find any beans (OnBeanCondition)

   JmxEndpointAutoConfiguration matched:
      - @ConditionalOnProperty (spring.jmx.enabled=true) matched (OnPropertyCondition)

   JmxEndpointAutoConfiguration#endpointObjectNameFactory matched:
      - @ConditionalOnMissingBean (types: org.springframework.boot.actuate.endpoint.jmx.EndpointObjectNameFactory; SearchStrategy: current) did not find any beans (OnBeanCondition)

   JmxEndpointAutoConfiguration#jmxAnnotationEndpointDiscoverer matched:
      - @ConditionalOnMissingBean (types: org.springframework.boot.actuate.endpoint.jmx.JmxEndpointsSupplier; SearchStrategy: all) did not find any beans (OnBeanCondition)

   JmxEndpointAutoConfiguration#jmxMBeanExporter matched:
      - @ConditionalOnSingleCandidate (types: javax.management.MBeanServer; SearchStrategy: all) found a single bean 'mbeanServer' (OnBeanCondition)

   JpaBaseConfiguration#entityManagerFactory matched:
      - @ConditionalOnMissingBean (types: org.springframework.orm.jpa.LocalContainerEntityManagerFactoryBean,jakarta.persistence.EntityManagerFactory; SearchStrategy: all) did not find any beans (OnBeanCondition)

   JpaBaseConfiguration#entityManagerFactoryBuilder matched:
      - @ConditionalOnMissingBean (types: org.springframework.boot.orm.jpa.EntityManagerFactoryBuilder; SearchStrategy: all) did not find any beans (OnBeanCondition)

   JpaBaseConfiguration#jpaVendorAdapter matched:
      - @ConditionalOnMissingBean (types: org.springframework.orm.jpa.JpaVendorAdapter; SearchStrategy: all) did not find any beans (OnBeanCondition)

   JpaBaseConfiguration#transactionManager matched:
      - @ConditionalOnMissingBean (types: org.springframework.transaction.TransactionManager; SearchStrategy: all) did not find any beans (OnBeanCondition)

   JpaBaseConfiguration.JpaWebConfiguration matched:
      - @ConditionalOnClass found required class 'org.springframework.web.servlet.config.annotation.WebMvcConfigurer' (OnClassCondition)
      - found 'session' scope (OnWebApplicationCondition)
      - @ConditionalOnProperty (spring.jpa.open-in-view=true) matched (OnPropertyCondition)
      - @ConditionalOnMissingBean (types: org.springframework.orm.jpa.support.OpenEntityManagerInViewInterceptor,org.springframework.orm.jpa.support.OpenEntityManagerInViewFilter; SearchStrategy: all) did not find any beans (OnBeanCondition)

   JpaBaseConfiguration.PersistenceManagedTypesConfiguration matched:
      - @ConditionalOnMissingBean (types: org.springframework.orm.jpa.LocalContainerEntityManagerFactoryBean,jakarta.persistence.EntityManagerFactory; SearchStrategy: all) did not find any beans (OnBeanCondition)

   JpaBaseConfiguration.PersistenceManagedTypesConfiguration#persistenceManagedTypes matched:
      - @ConditionalOnMissingBean (types: org.springframework.orm.jpa.persistenceunit.PersistenceManagedTypes; SearchStrategy: all) did not find any beans (OnBeanCondition)

   JpaRepositoriesAutoConfiguration matched:
      - @ConditionalOnClass found required class 'org.springframework.data.jpa.repository.JpaRepository' (OnClassCondition)
      - @ConditionalOnProperty (spring.data.jpa.repositories.enabled=true) matched (OnPropertyCondition)
      - @ConditionalOnBean (types: javax.sql.DataSource; SearchStrategy: all) found bean 'dataSource'; @ConditionalOnMissingBean (types: org.springframework.data.jpa.repository.support.JpaRepositoryFactoryBean,org.springframework.data.jpa.repository.config.JpaRepositoryConfigExtension; SearchStrategy: all) did not find any beans (OnBeanCondition)

   JtaAutoConfiguration matched:
      - @ConditionalOnClass found required class 'jakarta.transaction.Transaction' (OnClassCondition)
      - @ConditionalOnProperty (spring.jta.enabled) matched (OnPropertyCondition)

   JvmMetricsAutoConfiguration matched:
      - @ConditionalOnClass found required class 'io.micrometer.core.instrument.MeterRegistry' (OnClassCondition)
      - @ConditionalOnBean (types: io.micrometer.core.instrument.MeterRegistry; SearchStrategy: all) found bean 'simpleMeterRegistry' (OnBeanCondition)

   JvmMetricsAutoConfiguration#classLoaderMetrics matched:
      - @ConditionalOnMissingBean (types: io.micrometer.core.instrument.binder.jvm.ClassLoaderMetrics; SearchStrategy: all) did not find any beans (OnBeanCondition)

   JvmMetricsAutoConfiguration#jvmCompilationMetrics matched:
      - @ConditionalOnMissingBean (types: io.micrometer.core.instrument.binder.jvm.JvmCompilationMetrics; SearchStrategy: all) did not find any beans (OnBeanCondition)

   JvmMetricsAutoConfiguration#jvmGcMetrics matched:
      - @ConditionalOnMissingBean (types: io.micrometer.core.instrument.binder.jvm.JvmGcMetrics; SearchStrategy: all) did not find any beans (OnBeanCondition)

   JvmMetricsAutoConfiguration#jvmHeapPressureMetrics matched:
      - @ConditionalOnMissingBean (types: io.micrometer.core.instrument.binder.jvm.JvmHeapPressureMetrics; SearchStrategy: all) did not find any beans (OnBeanCondition)

   JvmMetricsAutoConfiguration#jvmInfoMetrics matched:
      - @ConditionalOnMissingBean (types: io.micrometer.core.instrument.binder.jvm.JvmInfoMetrics; SearchStrategy: all) did not find any beans (OnBeanCondition)

   JvmMetricsAutoConfiguration#jvmMemoryMetrics matched:
      - @ConditionalOnMissingBean (types: io.micrometer.core.instrument.binder.jvm.JvmMemoryMetrics; SearchStrategy: all) did not find any beans (OnBeanCondition)

   JvmMetricsAutoConfiguration#jvmThreadMetrics matched:
      - @ConditionalOnMissingBean (types: io.micrometer.core.instrument.binder.jvm.JvmThreadMetrics; SearchStrategy: all) did not find any beans (OnBeanCondition)

   LifecycleAutoConfiguration#defaultLifecycleProcessor matched:
      - @ConditionalOnMissingBean (names: lifecycleProcessor; SearchStrategy: current) did not find any beans (OnBeanCondition)

   LogFileWebEndpointAutoConfiguration matched:
      - @ConditionalOnAvailableEndpoint marked as exposed by a 'management.endpoints.jmx.exposure' property (OnAvailableEndpointCondition)

   LogbackMetricsAutoConfiguration matched:
      - @ConditionalOnClass found required classes 'io.micrometer.core.instrument.MeterRegistry', 'ch.qos.logback.classic.LoggerContext', 'org.slf4j.LoggerFactory' (OnClassCondition)
      - LogbackLoggingCondition ILoggerFactory is a Logback LoggerContext (LogbackMetricsAutoConfiguration.LogbackLoggingCondition)
      - @ConditionalOnBean (types: io.micrometer.core.instrument.MeterRegistry; SearchStrategy: all) found bean 'simpleMeterRegistry' (OnBeanCondition)

   LogbackMetricsAutoConfiguration#logbackMetrics matched:
      - @ConditionalOnMissingBean (types: io.micrometer.core.instrument.binder.logging.LogbackMetrics; SearchStrategy: all) did not find any beans (OnBeanCondition)

   LoggersEndpointAutoConfiguration matched:
      - @ConditionalOnAvailableEndpoint marked as exposed by a 'management.endpoints.jmx.exposure' property (OnAvailableEndpointCondition)

   LoggersEndpointAutoConfiguration#loggersEndpoint matched:
      - Logging System enabled (LoggersEndpointAutoConfiguration.OnEnabledLoggingSystemCondition)
      - @ConditionalOnBean (types: org.springframework.boot.logging.LoggingSystem; SearchStrategy: all) found bean 'springBootLoggingSystem'; @ConditionalOnMissingBean (types: org.springframework.boot.actuate.logging.LoggersEndpoint; SearchStrategy: all) did not find any beans (OnBeanCondition)

   ManagementContextAutoConfiguration.SameManagementContextConfiguration matched:
      - Management Port actual port type (SAME) matched required type (OnManagementPortCondition)

   MappingsEndpointAutoConfiguration matched:
      - @ConditionalOnAvailableEndpoint marked as exposed by a 'management.endpoints.jmx.exposure' property (OnAvailableEndpointCondition)

   MappingsEndpointAutoConfiguration.ServletWebConfiguration matched:
      - found 'session' scope (OnWebApplicationCondition)

   MappingsEndpointAutoConfiguration.ServletWebConfiguration.SpringMvcConfiguration matched:
      - @ConditionalOnClass found required class 'org.springframework.web.servlet.DispatcherServlet' (OnClassCondition)
      - @ConditionalOnBean (types: org.springframework.web.servlet.DispatcherServlet; SearchStrategy: all) found bean 'dispatcherServlet' (OnBeanCondition)

   MetricsAutoConfiguration matched:
      - @ConditionalOnClass found required class 'io.micrometer.core.annotation.Timed' (OnClassCondition)

   MetricsAutoConfiguration#micrometerClock matched:
      - @ConditionalOnMissingBean (types: io.micrometer.core.instrument.Clock; SearchStrategy: all) did not find any beans (OnBeanCondition)

   MetricsEndpointAutoConfiguration matched:
      - @ConditionalOnClass found required class 'io.micrometer.core.annotation.Timed' (OnClassCondition)
      - @ConditionalOnAvailableEndpoint marked as exposed by a 'management.endpoints.jmx.exposure' property (OnAvailableEndpointCondition)

   MetricsEndpointAutoConfiguration#metricsEndpoint matched:
      - @ConditionalOnBean (types: io.micrometer.core.instrument.MeterRegistry; SearchStrategy: all) found bean 'simpleMeterRegistry'; @ConditionalOnMissingBean (types: org.springframework.boot.actuate.metrics.MetricsEndpoint; SearchStrategy: all) did not find any beans (OnBeanCondition)

   MultipartAutoConfiguration matched:
      - @ConditionalOnClass found required classes 'jakarta.servlet.Servlet', 'org.springframework.web.multipart.support.StandardServletMultipartResolver', 'jakarta.servlet.MultipartConfigElement' (OnClassCondition)
      - found 'session' scope (OnWebApplicationCondition)
      - @ConditionalOnProperty (spring.servlet.multipart.enabled) matched (OnPropertyCondition)

   MultipartAutoConfiguration#multipartConfigElement matched:
      - @ConditionalOnMissingBean (types: jakarta.servlet.MultipartConfigElement; SearchStrategy: all) did not find any beans (OnBeanCondition)

   MultipartAutoConfiguration#multipartResolver matched:
      - @ConditionalOnMissingBean (types: org.springframework.web.multipart.MultipartResolver; SearchStrategy: all) did not find any beans (OnBeanCondition)

   NamedParameterJdbcTemplateConfiguration matched:
      - @ConditionalOnSingleCandidate (types: org.springframework.jdbc.core.JdbcTemplate; SearchStrategy: all) found a single bean 'jdbcTemplate'; @ConditionalOnMissingBean (types: org.springframework.jdbc.core.namedparam.NamedParameterJdbcOperations; SearchStrategy: all) did not find any beans (OnBeanCondition)

   NettyAutoConfiguration matched:
      - @ConditionalOnClass found required class 'io.netty.util.NettyRuntime' (OnClassCondition)

   NoOpCacheConfiguration matched:
      - Cache org.springframework.boot.autoconfigure.cache.NoOpCacheConfiguration automatic cache type (CacheCondition)

   ObservationAutoConfiguration matched:
      - @ConditionalOnClass found required class 'io.micrometer.observation.ObservationRegistry' (OnClassCondition)

   ObservationAutoConfiguration#observationRegistry matched:
      - @ConditionalOnMissingBean (types: io.micrometer.observation.ObservationRegistry; SearchStrategy: all) did not find any beans (OnBeanCondition)

   ObservationAutoConfiguration.MeterObservationHandlerConfiguration matched:
      - @ConditionalOnBean (types: io.micrometer.core.instrument.MeterRegistry; SearchStrategy: all) found bean 'simpleMeterRegistry'; @ConditionalOnMissingBean (types: io.micrometer.core.instrument.observation.MeterObservationHandler; SearchStrategy: all) did not find any beans (OnBeanCondition)

   ObservationAutoConfiguration.MeterObservationHandlerConfiguration.OnlyMetricsMeterObservationHandlerConfiguration matched:
      - @ConditionalOnMissingBean (types: io.micrometer.tracing.Tracer; SearchStrategy: all) did not find any beans (OnBeanCondition)

   ObservationAutoConfiguration.ObservedAspectConfiguration matched:
      - @ConditionalOnClass found required class 'org.aspectj.weaver.Advice' (OnClassCondition)

   ObservationAutoConfiguration.ObservedAspectConfiguration#observedAspect matched:
      - @ConditionalOnMissingBean (types: io.micrometer.observation.aop.ObservedAspect; SearchStrategy: all) did not find any beans (OnBeanCondition)

   ObservationAutoConfiguration.OnlyMetricsConfiguration matched:
      - @ConditionalOnClass found required class 'io.micrometer.core.instrument.MeterRegistry'; @ConditionalOnMissingClass did not find unwanted class 'io.micrometer.tracing.Tracer' (OnClassCondition)

   PersistenceExceptionTranslationAutoConfiguration matched:
      - @ConditionalOnClass found required class 'org.springframework.dao.annotation.PersistenceExceptionTranslationPostProcessor' (OnClassCondition)

   PersistenceExceptionTranslationAutoConfiguration#persistenceExceptionTranslationPostProcessor matched:
      - @ConditionalOnProperty (spring.dao.exceptiontranslation.enabled) matched (OnPropertyCondition)
      - @ConditionalOnMissingBean (types: org.springframework.dao.annotation.PersistenceExceptionTranslationPostProcessor; SearchStrategy: all) did not find any beans (OnBeanCondition)

   PropertyPlaceholderAutoConfiguration#propertySourcesPlaceholderConfigurer matched:
      - @ConditionalOnMissingBean (types: org.springframework.context.support.PropertySourcesPlaceholderConfigurer; SearchStrategy: current) did not find any beans (OnBeanCondition)

   ReactiveHealthEndpointConfiguration matched:
      - @ConditionalOnClass found required class 'reactor.core.publisher.Flux' (OnClassCondition)
      - @ConditionalOnBean (types: org.springframework.boot.actuate.health.HealthEndpoint; SearchStrategy: all) found bean 'healthEndpoint' (OnBeanCondition)

   ReactiveHealthEndpointConfiguration#reactiveHealthContributorRegistry matched:
      - @ConditionalOnMissingBean (types: org.springframework.boot.actuate.health.ReactiveHealthContributorRegistry; SearchStrategy: all) did not find any beans (OnBeanCondition)

   ReactorAutoConfiguration matched:
      - @ConditionalOnClass found required class 'reactor.core.publisher.Hooks' (OnClassCondition)

   ReactorNettyConfigurations.ReactorResourceFactoryConfiguration#reactorResourceFactory matched:
      - @ConditionalOnMissingBean (types: org.springframework.http.client.ReactorResourceFactory; SearchStrategy: all) did not find any beans (OnBeanCondition)

   RepositoryMetricsAutoConfiguration matched:
      - @ConditionalOnClass found required class 'org.springframework.data.repository.Repository' (OnClassCondition)
      - @ConditionalOnBean (types: io.micrometer.core.instrument.MeterRegistry; SearchStrategy: all) found bean 'simpleMeterRegistry' (OnBeanCondition)

   RepositoryMetricsAutoConfiguration#metricsRepositoryMethodInvocationListener matched:
      - @ConditionalOnMissingBean (types: org.springframework.boot.actuate.metrics.data.MetricsRepositoryMethodInvocationListener; SearchStrategy: all) did not find any beans (OnBeanCondition)

   RepositoryMetricsAutoConfiguration#repositoryTagsProvider matched:
      - @ConditionalOnMissingBean (types: org.springframework.boot.actuate.metrics.data.RepositoryTagsProvider; SearchStrategy: all) did not find any beans (OnBeanCondition)

   RestClientAutoConfiguration matched:
      - @ConditionalOnClass found required class 'org.springframework.web.client.RestClient' (OnClassCondition)
      - NoneNestedConditions 0 matched 1 did not; NestedCondition on NotReactiveWebApplicationCondition.ReactiveWebApplication not a reactive web application (NotReactiveWebApplicationCondition)

   RestClientAutoConfiguration#httpMessageConvertersRestClientCustomizer matched:
      - @ConditionalOnMissingBean (types: org.springframework.boot.autoconfigure.web.client.HttpMessageConvertersRestClientCustomizer; SearchStrategy: all) did not find any beans (OnBeanCondition)

   RestClientAutoConfiguration#restClientBuilder matched:
      - @ConditionalOnMissingBean (types: org.springframework.web.client.RestClient$Builder; SearchStrategy: all) did not find any beans (OnBeanCondition)

   RestClientAutoConfiguration#restClientBuilderConfigurer matched:
      - @ConditionalOnMissingBean (types: org.springframework.boot.autoconfigure.web.client.RestClientBuilderConfigurer; SearchStrategy: all) did not find any beans (OnBeanCondition)

   RestClientAutoConfiguration#restClientSsl matched:
      - @ConditionalOnBean (types: org.springframework.boot.ssl.SslBundles; SearchStrategy: all) found bean 'sslBundleRegistry'; @ConditionalOnMissingBean (types: org.springframework.boot.autoconfigure.web.client.RestClientSsl; SearchStrategy: all) did not find any beans (OnBeanCondition)

   RestClientObservationConfiguration matched:
      - @ConditionalOnClass found required class 'org.springframework.web.client.RestClient' (OnClassCondition)
      - @ConditionalOnBean (types: org.springframework.web.client.RestClient$Builder; SearchStrategy: all) found bean 'restClientBuilder' (OnBeanCondition)

   RestTemplateAutoConfiguration matched:
      - @ConditionalOnClass found required class 'org.springframework.web.client.RestTemplate' (OnClassCondition)
      - NoneNestedConditions 0 matched 1 did not; NestedCondition on NotReactiveWebApplicationCondition.ReactiveWebApplication not a reactive web application (NotReactiveWebApplicationCondition)

   RestTemplateAutoConfiguration#restTemplateBuilder matched:
      - @ConditionalOnMissingBean (types: org.springframework.boot.web.client.RestTemplateBuilder; SearchStrategy: all) did not find any beans (OnBeanCondition)

   RestTemplateObservationConfiguration matched:
      - @ConditionalOnClass found required class 'org.springframework.web.client.RestTemplate' (OnClassCondition)
      - @ConditionalOnBean (types: org.springframework.boot.web.client.RestTemplateBuilder; SearchStrategy: all) found bean 'restTemplateBuilder' (OnBeanCondition)

   SbomEndpointAutoConfiguration matched:
      - @ConditionalOnAvailableEndpoint marked as exposed by a 'management.endpoints.jmx.exposure' property (OnAvailableEndpointCondition)

   SbomEndpointAutoConfiguration#sbomEndpoint matched:
      - @ConditionalOnMissingBean (types: org.springframework.boot.actuate.sbom.SbomEndpoint; SearchStrategy: all) did not find any beans (OnBeanCondition)

   ScheduledTasksEndpointAutoConfiguration matched:
      - @ConditionalOnAvailableEndpoint marked as exposed by a 'management.endpoints.jmx.exposure' property (OnAvailableEndpointCondition)

   ScheduledTasksEndpointAutoConfiguration#scheduledTasksEndpoint matched:
      - @ConditionalOnMissingBean (types: org.springframework.boot.actuate.scheduling.ScheduledTasksEndpoint; SearchStrategy: all) did not find any beans (OnBeanCondition)

   ScheduledTasksObservabilityAutoConfiguration matched:
      - @ConditionalOnClass found required class 'org.springframework.scheduling.concurrent.ThreadPoolTaskScheduler' (OnClassCondition)
      - @ConditionalOnBean (types: io.micrometer.observation.ObservationRegistry; SearchStrategy: all) found bean 'observationRegistry' (OnBeanCondition)

   ServletEndpointManagementContextConfiguration matched:
      - found 'session' scope (OnWebApplicationCondition)

   ServletEndpointManagementContextConfiguration.WebMvcServletEndpointManagementContextConfiguration matched:
      - @ConditionalOnClass found required class 'org.springframework.web.servlet.DispatcherServlet' (OnClassCondition)

   ServletManagementContextAutoConfiguration matched:
      - @ConditionalOnClass found required class 'jakarta.servlet.Servlet' (OnClassCondition)
      - found 'session' scope (OnWebApplicationCondition)

   ServletWebServerFactoryAutoConfiguration matched:
      - @ConditionalOnClass found required class 'jakarta.servlet.ServletRequest' (OnClassCondition)
      - found 'session' scope (OnWebApplicationCondition)

   ServletWebServerFactoryAutoConfiguration#tomcatServletWebServerFactoryCustomizer matched:
      - @ConditionalOnClass found required class 'org.apache.catalina.startup.Tomcat' (OnClassCondition)

   ServletWebServerFactoryConfiguration.EmbeddedTomcat matched:
      - @ConditionalOnClass found required classes 'jakarta.servlet.Servlet', 'org.apache.catalina.startup.Tomcat', 'org.apache.coyote.UpgradeProtocol' (OnClassCondition)
      - @ConditionalOnMissingBean (types: org.springframework.boot.web.servlet.server.ServletWebServerFactory; SearchStrategy: current) did not find any beans (OnBeanCondition)

   SimpleCacheConfiguration matched:
      - Cache org.springframework.boot.autoconfigure.cache.SimpleCacheConfiguration automatic cache type (CacheCondition)

   SimpleMetricsExportAutoConfiguration matched:
      - @ConditionalOnEnabledMetricsExport management.defaults.metrics.export.enabled is considered true (OnMetricsExportEnabledCondition)
      - @ConditionalOnBean (types: io.micrometer.core.instrument.Clock; SearchStrategy: all) found bean 'micrometerClock'; @ConditionalOnMissingBean (types: io.micrometer.core.instrument.MeterRegistry; SearchStrategy: all) did not find any beans (OnBeanCondition)

   SimpleMetricsExportAutoConfiguration#simpleConfig matched:
      - @ConditionalOnMissingBean (types: io.micrometer.core.instrument.simple.SimpleConfig; SearchStrategy: all) did not find any beans (OnBeanCondition)

   SpringApplicationAdminJmxAutoConfiguration matched:
      - @ConditionalOnProperty (spring.application.admin.enabled=true) matched (OnPropertyCondition)

   SpringApplicationAdminJmxAutoConfiguration#springApplicationAdminRegistrar matched:
      - @ConditionalOnMissingBean (types: org.springframework.boot.admin.SpringApplicationAdminMXBeanRegistrar; SearchStrategy: all) did not find any beans (OnBeanCondition)

   SpringDataWebAutoConfiguration matched:
      - @ConditionalOnClass found required classes 'org.springframework.data.web.PageableHandlerMethodArgumentResolver', 'org.springframework.web.servlet.config.annotation.WebMvcConfigurer' (OnClassCondition)
      - found 'session' scope (OnWebApplicationCondition)
      - @ConditionalOnMissingBean (types: org.springframework.data.web.PageableHandlerMethodArgumentResolver; SearchStrategy: all) did not find any beans (OnBeanCondition)

   SpringDataWebAutoConfiguration#pageableCustomizer matched:
      - @ConditionalOnMissingBean (types: org.springframework.data.web.config.PageableHandlerMethodArgumentResolverCustomizer; SearchStrategy: all) did not find any beans (OnBeanCondition)

   SpringDataWebAutoConfiguration#sortCustomizer matched:
      - @ConditionalOnMissingBean (types: org.springframework.data.web.config.SortHandlerMethodArgumentResolverCustomizer; SearchStrategy: all) did not find any beans (OnBeanCondition)

   SpringDataWebAutoConfiguration#springDataWebSettings matched:
      - @ConditionalOnMissingBean (types: org.springframework.data.web.config.SpringDataWebSettings; SearchStrategy: all) did not find any beans (OnBeanCondition)

   SpringDocConfigProperties matched:
      - @ConditionalOnProperty (springdoc.api-docs.enabled) matched (OnPropertyCondition)
      - @ConditionalOnBean (types: org.springdoc.core.configuration.SpringDocConfiguration; SearchStrategy: all) found bean 'org.springdoc.core.configuration.SpringDocConfiguration' (OnBeanCondition)

   SpringDocConfiguration matched:
      - @ConditionalOnWebApplication (required) found 'session' scope (OnWebApplicationCondition)
      - @ConditionalOnProperty (springdoc.api-docs.enabled) matched (OnPropertyCondition)

   SpringDocConfiguration#fileSupportConverter matched:
      - @ConditionalOnMissingBean (types: org.springdoc.core.converters.FileSupportConverter; SearchStrategy: all) did not find any beans (OnBeanCondition)

   SpringDocConfiguration#globalOpenApiCustomizer matched:
      - @ConditionalOnMissingBean (types: org.springdoc.core.customizers.GlobalOpenApiCustomizer; SearchStrategy: all) did not find any beans (OnBeanCondition)

   SpringDocConfiguration#oas31ModelConverter matched:
      - @ConditionalOnMissingBean (types: org.springdoc.core.converters.OAS31ModelConverter; SearchStrategy: all) did not find any beans (OnBeanCondition)

   SpringDocConfiguration#openAPIBuilder matched:
      - @ConditionalOnMissingBean (types: org.springdoc.core.service.OpenAPIService; SearchStrategy: all) did not find any beans (OnBeanCondition)

   SpringDocConfiguration#operationBuilder matched:
      - @ConditionalOnMissingBean (types: org.springdoc.core.service.OperationService; SearchStrategy: all) did not find any beans (OnBeanCondition)

   SpringDocConfiguration#parameterBuilder matched:
      - @ConditionalOnMissingBean (types: org.springdoc.core.service.GenericParameterService; SearchStrategy: all) did not find any beans (OnBeanCondition)

   SpringDocConfiguration#parameterObjectNamingStrategyCustomizer matched:
      - @ConditionalOnMissingBean (types: org.springdoc.core.customizers.ParameterObjectNamingStrategyCustomizer; SearchStrategy: all) did not find any beans (OnBeanCondition)

   SpringDocConfiguration#polymorphicModelConverter matched:
      - @ConditionalOnProperty (springdoc.model-converters.polymorphic-converter.enabled) matched (OnPropertyCondition)
      - @ConditionalOnMissingBean (types: org.springdoc.core.converters.PolymorphicModelConverter; SearchStrategy: all) did not find any beans (OnBeanCondition)

   SpringDocConfiguration#requestBodyBuilder matched:
      - @ConditionalOnMissingBean (types: org.springdoc.core.service.RequestBodyService; SearchStrategy: all) did not find any beans (OnBeanCondition)

   SpringDocConfiguration#responseSupportConverter matched:
      - @ConditionalOnMissingBean (types: org.springdoc.core.converters.ResponseSupportConverter; SearchStrategy: all) did not find any beans (OnBeanCondition)

   SpringDocConfiguration#schemaPropertyDeprecatingConverter matched:
      - @ConditionalOnProperty (springdoc.model-converters.deprecating-converter.enabled) matched (OnPropertyCondition)
      - @ConditionalOnMissingBean (types: org.springdoc.core.converters.SchemaPropertyDeprecatingConverter; SearchStrategy: all) did not find any beans (OnBeanCondition)

   SpringDocConfiguration#securityParser matched:
      - @ConditionalOnMissingBean (types: org.springdoc.core.service.SecurityService; SearchStrategy: all) did not find any beans (OnBeanCondition)

   SpringDocConfiguration#springDocCustomizers matched:
      - @ConditionalOnMissingBean (types: org.springdoc.core.customizers.SpringDocCustomizers; SearchStrategy: all) did not find any beans (OnBeanCondition)

   SpringDocConfiguration#springDocProviders matched:
      - @ConditionalOnMissingBean (types: org.springdoc.core.providers.SpringDocProviders; SearchStrategy: all) did not find any beans (OnBeanCondition)

   SpringDocConfiguration#springdocObjectMapperProvider matched:
      - @ConditionalOnMissingBean (types: org.springdoc.core.providers.ObjectMapperProvider; SearchStrategy: all) did not find any beans (OnBeanCondition)

   SpringDocConfiguration.QuerydslProvider matched:
      - @ConditionalOnClass found required class 'org.springframework.data.querydsl.binding.QuerydslBindingsFactory' (OnClassCondition)

   SpringDocConfiguration.QuerydslProvider#queryDslQuerydslPredicateOperationCustomizer matched:
      - @ConditionalOnMissingBean (types: org.springdoc.core.customizers.QuerydslPredicateOperationCustomizer; SearchStrategy: all) did not find any beans (OnBeanCondition)

   SpringDocConfiguration.SpringDocSpringDataWebPropertiesProvider matched:
      - @ConditionalOnClass found required class 'org.springframework.boot.autoconfigure.data.web.SpringDataWebProperties' (OnClassCondition)

   SpringDocConfiguration.SpringDocSpringDataWebPropertiesProvider#springDataWebPropertiesProvider matched:
      - @ConditionalOnMissingBean (types: org.springdoc.core.providers.SpringDataWebPropertiesProvider; SearchStrategy: all) did not find any beans (OnBeanCondition)

   SpringDocConfiguration.SpringDocWebFluxSupportConfiguration matched:
      - @ConditionalOnClass found required class 'reactor.core.publisher.Flux' (OnClassCondition)

   SpringDocConfiguration.SpringDocWebFluxSupportConfiguration#webFluxSupportConverter matched:
      - @ConditionalOnMissingBean (types: org.springdoc.core.converters.WebFluxSupportConverter; SearchStrategy: all) did not find any beans (OnBeanCondition)

   SpringDocConfiguration.WebConversionServiceConfiguration matched:
      - @ConditionalOnClass found required class 'org.springframework.boot.autoconfigure.web.format.WebConversionService' (OnClassCondition)

   SpringDocPageableConfiguration matched:
      - @ConditionalOnClass found required class 'org.springframework.data.domain.Pageable' (OnClassCondition)
      - @ConditionalOnWebApplication (required) found 'session' scope (OnWebApplicationCondition)
      - @ConditionalOnProperty (springdoc.api-docs.enabled) matched (OnPropertyCondition)
      - @ConditionalOnBean (types: org.springdoc.core.configuration.SpringDocConfiguration; SearchStrategy: all) found bean 'org.springdoc.core.configuration.SpringDocConfiguration' (OnBeanCondition)

   SpringDocPageableConfiguration#dataRestDelegatingMethodParameterCustomizer matched:
      - @ConditionalOnMissingBean (types: org.springdoc.core.customizers.DataRestDelegatingMethodParameterCustomizer; SearchStrategy: all) did not find any beans (OnBeanCondition)

   SpringDocPageableConfiguration#pageOpenAPIConverter matched:
      - @ConditionalOnClass found required classes 'org.springframework.data.web.PagedModel', 'org.springframework.data.web.config.SpringDataWebSettings' (OnClassCondition)
      - @ConditionalOnMissingBean (types: org.springdoc.core.converters.PageOpenAPIConverter; SearchStrategy: all) did not find any beans (OnBeanCondition)

   SpringDocPageableConfiguration#pageableOpenAPIConverter matched:
      - @ConditionalOnProperty (springdoc.model-converters.pageable-converter.enabled) matched (OnPropertyCondition)
      - @ConditionalOnMissingBean (types: org.springdoc.core.converters.PageableOpenAPIConverter; SearchStrategy: all) did not find any beans (OnBeanCondition)

   SpringDocSortConfiguration matched:
      - @ConditionalOnClass found required class 'org.springframework.data.domain.Sort' (OnClassCondition)
      - @ConditionalOnWebApplication (required) found 'session' scope (OnWebApplicationCondition)
      - @ConditionalOnProperty (springdoc.api-docs.enabled) matched (OnPropertyCondition)
      - @ConditionalOnBean (types: org.springdoc.core.configuration.SpringDocConfiguration; SearchStrategy: all) found bean 'org.springdoc.core.configuration.SpringDocConfiguration' (OnBeanCondition)

   SpringDocSortConfiguration#sortOpenAPIConverter matched:
      - @ConditionalOnProperty (springdoc.sort-converter.enabled) matched (OnPropertyCondition)
      - @ConditionalOnMissingBean (types: org.springdoc.core.converters.SortOpenAPIConverter; SearchStrategy: all) did not find any beans (OnBeanCondition)

   SpringDocWebMvcConfiguration matched:
      - found 'session' scope (OnWebApplicationCondition)
      - @ConditionalOnProperty (springdoc.api-docs.enabled) matched (OnPropertyCondition)
      - @ConditionalOnBean (types: org.springdoc.core.configuration.SpringDocConfiguration; SearchStrategy: all) found bean 'org.springdoc.core.configuration.SpringDocConfiguration' (OnBeanCondition)

   SpringDocWebMvcConfiguration#openApiResource matched:
      - @ConditionalOnExpression (#{(${springdoc.use-management-port:false} == false ) and ${springdoc.enable-default-api-docs:true}}) resulted in true (OnExpressionCondition)
      - @ConditionalOnMissingBean (types: org.springdoc.webmvc.api.OpenApiWebMvcResource; SearchStrategy: all) did not find any beans (OnBeanCondition)

   SpringDocWebMvcConfiguration#requestBuilder matched:
      - @ConditionalOnMissingBean (types: org.springdoc.webmvc.core.service.RequestService; SearchStrategy: all) did not find any beans (OnBeanCondition)

   SpringDocWebMvcConfiguration#responseBuilder matched:
      - @ConditionalOnMissingBean (types: org.springdoc.core.service.GenericResponseService; SearchStrategy: all) did not find any beans (OnBeanCondition)

   SpringDocWebMvcConfiguration#springWebProvider matched:
      - @ConditionalOnMissingBean (types: org.springdoc.core.providers.SpringWebProvider; SearchStrategy: all) did not find any beans (OnBeanCondition)

   SpringDocWebMvcConfiguration.SpringDocWebMvcActuatorConfiguration matched:
      - @ConditionalOnClass found required class 'org.springframework.boot.actuate.endpoint.web.servlet.WebMvcEndpointHandlerMapping' (OnClassCondition)

   SpringDocWebMvcConfiguration.SpringDocWebMvcRouterConfiguration matched:
      - @ConditionalOnClass found required class 'org.springframework.web.servlet.function.RouterFunction' (OnClassCondition)

   SpringDocWebMvcConfiguration.SpringDocWebMvcRouterConfiguration#routerFunctionProvider matched:
      - @ConditionalOnMissingBean (types: org.springdoc.webmvc.core.providers.RouterFunctionWebMvcProvider; SearchStrategy: all) did not find any beans (OnBeanCondition)

   SqlInitializationAutoConfiguration matched:
      - @ConditionalOnProperty (spring.sql.init.enabled) matched (OnPropertyCondition)
      - NoneNestedConditions 0 matched 1 did not; NestedCondition on SqlInitializationAutoConfiguration.SqlInitializationModeCondition.ModeIsNever @ConditionalOnProperty (spring.sql.init.mode=never) did not find property 'mode' (SqlInitializationAutoConfiguration.SqlInitializationModeCondition)

   SslAutoConfiguration#sslBundleRegistry matched:
      - @ConditionalOnMissingBean (types: org.springframework.boot.ssl.SslBundleRegistry,org.springframework.boot.ssl.SslBundles; SearchStrategy: all) did not find any beans (OnBeanCondition)

   SslHealthContributorAutoConfiguration matched:
      - @ConditionalOnEnabledHealthIndicator management.health.defaults.enabled is considered true (OnEnabledHealthIndicatorCondition)

   SslHealthContributorAutoConfiguration#sslHealthIndicator matched:
      - @ConditionalOnMissingBean (names: sslHealthIndicator; SearchStrategy: all) did not find any beans (OnBeanCondition)

   SslHealthContributorAutoConfiguration#sslInfo matched:
      - @ConditionalOnMissingBean (types: org.springframework.boot.info.SslInfo; SearchStrategy: all) did not find any beans (OnBeanCondition)

   StartupTimeMetricsListenerAutoConfiguration matched:
      - @ConditionalOnClass found required class 'io.micrometer.core.instrument.MeterRegistry' (OnClassCondition)
      - @ConditionalOnBean (types: io.micrometer.core.instrument.MeterRegistry; SearchStrategy: all) found bean 'simpleMeterRegistry' (OnBeanCondition)

   StartupTimeMetricsListenerAutoConfiguration#startupTimeMetrics matched:
      - @ConditionalOnMissingBean (types: org.springframework.boot.actuate.metrics.startup.StartupTimeMetricsListener; SearchStrategy: all) did not find any beans (OnBeanCondition)

   SwaggerConfig matched:
      - found 'session' scope (OnWebApplicationCondition)
      - @ConditionalOnProperty (springdoc.swagger-ui.enabled) matched (OnPropertyCondition)
      - @ConditionalOnBean (types: org.springdoc.core.configuration.SpringDocConfiguration; SearchStrategy: all) found bean 'org.springdoc.core.configuration.SpringDocConfiguration' (OnBeanCondition)

   SwaggerConfig#indexPageTransformer matched:
      - @ConditionalOnMissingBean (types: org.springdoc.webmvc.ui.SwaggerIndexTransformer; SearchStrategy: all) did not find any beans (OnBeanCondition)

   SwaggerConfig#swaggerConfigResource matched:
      - @ConditionalOnProperty (springdoc.use-management-port=false) matched (OnPropertyCondition)
      - @ConditionalOnMissingBean (types: org.springdoc.webmvc.ui.SwaggerConfigResource; SearchStrategy: all) did not find any beans (OnBeanCondition)

   SwaggerConfig#swaggerResourceResolver matched:
      - @ConditionalOnMissingBean (types: org.springdoc.webmvc.ui.SwaggerResourceResolver; SearchStrategy: all) did not find any beans (OnBeanCondition)

   SwaggerConfig#swaggerWebMvcConfigurer matched:
      - @ConditionalOnMissingBean (types: org.springdoc.webmvc.ui.SwaggerWebMvcConfigurer; SearchStrategy: all) did not find any beans (OnBeanCondition)

   SwaggerConfig#swaggerWelcome matched:
      - @ConditionalOnProperty (springdoc.use-management-port=false) matched (OnPropertyCondition)
      - @ConditionalOnMissingBean (types: org.springdoc.webmvc.ui.SwaggerWelcomeWebMvc; SearchStrategy: all) did not find any beans (OnBeanCondition)

   SwaggerUiConfigProperties matched:
      - @ConditionalOnProperty (springdoc.swagger-ui.enabled) matched (OnPropertyCondition)
      - @ConditionalOnBean (types: org.springdoc.core.configuration.SpringDocConfiguration; SearchStrategy: all) found bean 'org.springdoc.core.configuration.SpringDocConfiguration' (OnBeanCondition)

   SwaggerUiOAuthProperties matched:
      - @ConditionalOnProperty (springdoc.swagger-ui.enabled) matched (OnPropertyCondition)
      - @ConditionalOnBean (types: org.springdoc.core.configuration.SpringDocConfiguration; SearchStrategy: all) found bean 'org.springdoc.core.configuration.SpringDocConfiguration' (OnBeanCondition)

   SystemMetricsAutoConfiguration matched:
      - @ConditionalOnClass found required class 'io.micrometer.core.instrument.MeterRegistry' (OnClassCondition)
      - @ConditionalOnBean (types: io.micrometer.core.instrument.MeterRegistry; SearchStrategy: all) found bean 'simpleMeterRegistry' (OnBeanCondition)

   SystemMetricsAutoConfiguration#diskSpaceMetrics matched:
      - @ConditionalOnMissingBean (types: org.springframework.boot.actuate.metrics.system.DiskSpaceMetricsBinder; SearchStrategy: all) did not find any beans (OnBeanCondition)

   SystemMetricsAutoConfiguration#fileDescriptorMetrics matched:
      - @ConditionalOnMissingBean (types: io.micrometer.core.instrument.binder.system.FileDescriptorMetrics; SearchStrategy: all) did not find any beans (OnBeanCondition)

   SystemMetricsAutoConfiguration#processorMetrics matched:
      - @ConditionalOnMissingBean (types: io.micrometer.core.instrument.binder.system.ProcessorMetrics; SearchStrategy: all) did not find any beans (OnBeanCondition)

   SystemMetricsAutoConfiguration#uptimeMetrics matched:
      - @ConditionalOnMissingBean (types: io.micrometer.core.instrument.binder.system.UptimeMetrics; SearchStrategy: all) did not find any beans (OnBeanCondition)

   TaskExecutionAutoConfiguration matched:
      - @ConditionalOnClass found required class 'org.springframework.scheduling.concurrent.ThreadPoolTaskExecutor' (OnClassCondition)

   TaskExecutorConfigurations.SimpleAsyncTaskExecutorBuilderConfiguration#simpleAsyncTaskExecutorBuilder matched:
      - @ConditionalOnMissingBean (types: org.springframework.boot.task.SimpleAsyncTaskExecutorBuilder; SearchStrategy: all) did not find any beans (OnBeanCondition)
      - @ConditionalOnThreading found PLATFORM (OnThreadingCondition)

   TaskExecutorConfigurations.TaskExecutorConfiguration matched:
      - @ConditionalOnMissingBean (types: java.util.concurrent.Executor; SearchStrategy: all) did not find any beans (OnBeanCondition)

   TaskExecutorConfigurations.TaskExecutorConfiguration#applicationTaskExecutor matched:
      - @ConditionalOnThreading found PLATFORM (OnThreadingCondition)

   TaskExecutorConfigurations.ThreadPoolTaskExecutorBuilderConfiguration#threadPoolTaskExecutorBuilder matched:
      - @ConditionalOnMissingBean (types: org.springframework.boot.task.ThreadPoolTaskExecutorBuilder; SearchStrategy: all) did not find any beans (OnBeanCondition)

   TaskExecutorMetricsAutoConfiguration matched:
      - @ConditionalOnClass found required class 'io.micrometer.core.instrument.binder.jvm.ExecutorServiceMetrics' (OnClassCondition)
      - @ConditionalOnBean (types: java.util.concurrent.Executor,io.micrometer.core.instrument.MeterRegistry; SearchStrategy: all) found beans 'applicationTaskExecutor', 'simpleMeterRegistry' (OnBeanCondition)

   TaskSchedulingAutoConfiguration matched:
      - @ConditionalOnClass found required class 'org.springframework.scheduling.concurrent.ThreadPoolTaskScheduler' (OnClassCondition)

   TaskSchedulingConfigurations.SimpleAsyncTaskSchedulerBuilderConfiguration#simpleAsyncTaskSchedulerBuilder matched:
      - @ConditionalOnMissingBean (types: org.springframework.boot.task.SimpleAsyncTaskSchedulerBuilder; SearchStrategy: all) did not find any beans (OnBeanCondition)
      - @ConditionalOnThreading found PLATFORM (OnThreadingCondition)

   TaskSchedulingConfigurations.ThreadPoolTaskSchedulerBuilderConfiguration#threadPoolTaskSchedulerBuilder matched:
      - @ConditionalOnMissingBean (types: org.springframework.boot.task.ThreadPoolTaskSchedulerBuilder; SearchStrategy: all) did not find any beans (OnBeanCondition)

   ThreadDumpEndpointAutoConfiguration matched:
      - @ConditionalOnAvailableEndpoint marked as exposed by a 'management.endpoints.jmx.exposure' property (OnAvailableEndpointCondition)

   ThreadDumpEndpointAutoConfiguration#dumpEndpoint matched:
      - @ConditionalOnMissingBean (types: org.springframework.boot.actuate.management.ThreadDumpEndpoint; SearchStrategy: all) did not find any beans (OnBeanCondition)

   TomcatMetricsAutoConfiguration matched:
      - @ConditionalOnClass found required classes 'io.micrometer.core.instrument.binder.tomcat.TomcatMetrics', 'org.apache.catalina.Manager' (OnClassCondition)
      - @ConditionalOnWebApplication (required) found 'session' scope (OnWebApplicationCondition)

   TomcatMetricsAutoConfiguration#tomcatMetricsBinder matched:
      - @ConditionalOnBean (types: io.micrometer.core.instrument.MeterRegistry; SearchStrategy: all) found bean 'simpleMeterRegistry'; @ConditionalOnMissingBean (types: io.micrometer.core.instrument.binder.tomcat.TomcatMetrics,org.springframework.boot.actuate.metrics.web.tomcat.TomcatMetricsBinder; SearchStrategy: all) did not find any beans (OnBeanCondition)

   TransactionAutoConfiguration matched:
      - @ConditionalOnClass found required class 'org.springframework.transaction.PlatformTransactionManager' (OnClassCondition)

   TransactionAutoConfiguration.EnableTransactionManagementConfiguration matched:
      - @ConditionalOnBean (types: org.springframework.transaction.TransactionManager; SearchStrategy: all) found bean 'transactionManager'; @ConditionalOnMissingBean (types: org.springframework.transaction.annotation.AbstractTransactionManagementConfiguration; SearchStrategy: all) did not find any beans (OnBeanCondition)

   TransactionAutoConfiguration.EnableTransactionManagementConfiguration.CglibAutoProxyConfiguration matched:
      - @ConditionalOnProperty (spring.aop.proxy-target-class=true) matched (OnPropertyCondition)

   TransactionAutoConfiguration.TransactionTemplateConfiguration matched:
      - @ConditionalOnSingleCandidate (types: org.springframework.transaction.PlatformTransactionManager; SearchStrategy: all) found a single bean 'transactionManager' (OnBeanCondition)

   TransactionAutoConfiguration.TransactionTemplateConfiguration#transactionTemplate matched:
      - @ConditionalOnMissingBean (types: org.springframework.transaction.support.TransactionOperations; SearchStrategy: all) did not find any beans (OnBeanCondition)

   TransactionManagerCustomizationAutoConfiguration matched:
      - @ConditionalOnClass found required class 'org.springframework.transaction.PlatformTransactionManager' (OnClassCondition)

   TransactionManagerCustomizationAutoConfiguration#platformTransactionManagerCustomizers matched:
      - @ConditionalOnMissingBean (types: org.springframework.boot.autoconfigure.transaction.TransactionManagerCustomizers; SearchStrategy: all) did not find any beans (OnBeanCondition)

   ValidationAutoConfiguration matched:
      - @ConditionalOnClass found required class 'jakarta.validation.executable.ExecutableValidator' (OnClassCondition)
      - @ConditionalOnResource found location classpath:META-INF/services/jakarta.validation.spi.ValidationProvider (OnResourceCondition)

   ValidationAutoConfiguration#defaultValidator matched:
      - @ConditionalOnMissingBean (types: jakarta.validation.Validator; SearchStrategy: all) did not find any beans (OnBeanCondition)

   ValidationAutoConfiguration#methodValidationPostProcessor matched:
      - @ConditionalOnMissingBean (types: org.springframework.validation.beanvalidation.MethodValidationPostProcessor; SearchStrategy: current) did not find any beans (OnBeanCondition)

   WebClientAutoConfiguration matched:
      - @ConditionalOnClass found required class 'org.springframework.web.reactive.function.client.WebClient' (OnClassCondition)

   WebClientAutoConfiguration#webClientBuilder matched:
      - @ConditionalOnMissingBean (types: org.springframework.web.reactive.function.client.WebClient$Builder; SearchStrategy: all) did not find any beans (OnBeanCondition)

   WebClientAutoConfiguration#webClientSsl matched:
      - @ConditionalOnBean (types: org.springframework.boot.ssl.SslBundles; SearchStrategy: all) found bean 'sslBundleRegistry'; @ConditionalOnMissingBean (types: org.springframework.boot.autoconfigure.web.reactive.function.client.WebClientSsl; SearchStrategy: all) did not find any beans (OnBeanCondition)

   WebClientAutoConfiguration.WebClientCodecsConfiguration matched:
      - @ConditionalOnBean (types: org.springframework.boot.web.codec.CodecCustomizer; SearchStrategy: all) found beans 'jacksonCodecCustomizer', 'defaultCodecCustomizer' (OnBeanCondition)

   WebClientAutoConfiguration.WebClientCodecsConfiguration#exchangeStrategiesCustomizer matched:
      - @ConditionalOnMissingBean (types: org.springframework.boot.autoconfigure.web.reactive.function.client.WebClientCodecCustomizer; SearchStrategy: all) did not find any beans (OnBeanCondition)

   WebClientObservationConfiguration matched:
      - @ConditionalOnClass found required class 'org.springframework.web.reactive.function.client.WebClient' (OnClassCondition)

   WebEndpointAutoConfiguration matched:
      - @ConditionalOnWebApplication (required) found 'session' scope (OnWebApplicationCondition)

   WebEndpointAutoConfiguration#controllerEndpointDiscoverer matched:
      - @ConditionalOnMissingBean (types: org.springframework.boot.actuate.endpoint.web.annotation.ControllerEndpointsSupplier; SearchStrategy: all) did not find any beans (OnBeanCondition)

   WebEndpointAutoConfiguration#endpointMediaTypes matched:
      - @ConditionalOnMissingBean (types: org.springframework.boot.actuate.endpoint.web.EndpointMediaTypes; SearchStrategy: all) did not find any beans (OnBeanCondition)

   WebEndpointAutoConfiguration#pathMappedEndpoints matched:
      - @ConditionalOnMissingBean (types: org.springframework.boot.actuate.endpoint.web.PathMappedEndpoints; SearchStrategy: all) did not find any beans (OnBeanCondition)

   WebEndpointAutoConfiguration#webEndpointDiscoverer matched:
      - @ConditionalOnMissingBean (types: org.springframework.boot.actuate.endpoint.web.WebEndpointsSupplier; SearchStrategy: all) did not find any beans (OnBeanCondition)

   WebEndpointAutoConfiguration.WebEndpointServletConfiguration matched:
      - found 'session' scope (OnWebApplicationCondition)

   WebEndpointAutoConfiguration.WebEndpointServletConfiguration#servletEndpointDiscoverer matched:
      - @ConditionalOnMissingBean (types: org.springframework.boot.actuate.endpoint.web.annotation.ServletEndpointsSupplier; SearchStrategy: all) did not find any beans (OnBeanCondition)

   WebMvcAutoConfiguration matched:
      - @ConditionalOnClass found required classes 'jakarta.servlet.Servlet', 'org.springframework.web.servlet.DispatcherServlet', 'org.springframework.web.servlet.config.annotation.WebMvcConfigurer' (OnClassCondition)
      - found 'session' scope (OnWebApplicationCondition)
      - @ConditionalOnMissingBean (types: org.springframework.web.servlet.config.annotation.WebMvcConfigurationSupport; SearchStrategy: all) did not find any beans (OnBeanCondition)

   WebMvcAutoConfiguration#formContentFilter matched:
      - @ConditionalOnProperty (spring.mvc.formcontent.filter.enabled) matched (OnPropertyCondition)
      - @ConditionalOnMissingBean (types: org.springframework.web.filter.FormContentFilter; SearchStrategy: all) did not find any beans (OnBeanCondition)

   WebMvcAutoConfiguration.EnableWebMvcConfiguration#flashMapManager matched:
      - @ConditionalOnMissingBean (names: flashMapManager; SearchStrategy: all) did not find any beans (OnBeanCondition)

   WebMvcAutoConfiguration.EnableWebMvcConfiguration#localeResolver matched:
      - @ConditionalOnMissingBean (names: localeResolver; SearchStrategy: all) did not find any beans (OnBeanCondition)

   WebMvcAutoConfiguration.EnableWebMvcConfiguration#themeResolver matched:
      - @ConditionalOnMissingBean (names: themeResolver; SearchStrategy: all) did not find any beans (OnBeanCondition)

   WebMvcAutoConfiguration.EnableWebMvcConfiguration#viewNameTranslator matched:
      - @ConditionalOnMissingBean (names: viewNameTranslator; SearchStrategy: all) did not find any beans (OnBeanCondition)

   WebMvcAutoConfiguration.ResourceChainCustomizerConfiguration matched:
      - @ConditionalOnEnabledResourceChain found class org.webjars.WebJarVersionLocator (OnEnabledResourceChainCondition)

   WebMvcAutoConfiguration.WebMvcAutoConfigurationAdapter#defaultViewResolver matched:
      - @ConditionalOnMissingBean (types: org.springframework.web.servlet.view.InternalResourceViewResolver; SearchStrategy: all) did not find any beans (OnBeanCondition)

   WebMvcAutoConfiguration.WebMvcAutoConfigurationAdapter#requestContextFilter matched:
      - @ConditionalOnMissingBean (types: org.springframework.web.context.request.RequestContextListener,org.springframework.web.filter.RequestContextFilter; SearchStrategy: all) did not find any beans (OnBeanCondition)

   WebMvcAutoConfiguration.WebMvcAutoConfigurationAdapter#viewResolver matched:
      - @ConditionalOnBean (types: org.springframework.web.servlet.ViewResolver; SearchStrategy: all) found beans 'defaultViewResolver', 'beanNameViewResolver', 'mvcViewResolver'; @ConditionalOnMissingBean (names: viewResolver types: org.springframework.web.servlet.view.ContentNegotiatingViewResolver; SearchStrategy: all) did not find any beans (OnBeanCondition)

   WebMvcEndpointManagementContextConfiguration matched:
      - @ConditionalOnClass found required class 'org.springframework.web.servlet.DispatcherServlet' (OnClassCondition)
      - found 'session' scope (OnWebApplicationCondition)
      - @ConditionalOnBean (types: org.springframework.web.servlet.DispatcherServlet,org.springframework.boot.actuate.endpoint.web.WebEndpointsSupplier; SearchStrategy: all) found beans 'webEndpointDiscoverer', 'dispatcherServlet' (OnBeanCondition)

   WebMvcEndpointManagementContextConfiguration#controllerEndpointHandlerMapping matched:
      - @ConditionalOnMissingBean (types: org.springframework.boot.actuate.endpoint.web.servlet.ControllerEndpointHandlerMapping; SearchStrategy: all) did not find any beans (OnBeanCondition)

   WebMvcEndpointManagementContextConfiguration#endpointObjectMapperWebMvcConfigurer matched:
      - @ConditionalOnBean (types: org.springframework.boot.actuate.endpoint.jackson.EndpointObjectMapper; SearchStrategy: all) found bean 'endpointObjectMapper' (OnBeanCondition)

   WebMvcEndpointManagementContextConfiguration#webEndpointServletHandlerMapping matched:
      - @ConditionalOnMissingBean (types: org.springframework.boot.actuate.endpoint.web.servlet.WebMvcEndpointHandlerMapping; SearchStrategy: all) did not find any beans (OnBeanCondition)

   WebMvcObservationAutoConfiguration matched:
      - @ConditionalOnClass found required classes 'org.springframework.web.servlet.DispatcherServlet', 'io.micrometer.observation.Observation' (OnClassCondition)
      - found 'session' scope (OnWebApplicationCondition)
      - @ConditionalOnBean (types: io.micrometer.observation.ObservationRegistry; SearchStrategy: all) found bean 'observationRegistry' (OnBeanCondition)

   WebMvcObservationAutoConfiguration#webMvcObservationFilter matched:
      - @ConditionalOnMissingBean (types: org.springframework.web.filter.ServerHttpObservationFilter; SearchStrategy: all) did not find any beans (OnBeanCondition)

   WebMvcObservationAutoConfiguration.MeterFilterConfiguration matched:
      - @ConditionalOnClass found required class 'io.micrometer.core.instrument.MeterRegistry' (OnClassCondition)
      - @ConditionalOnBean (types: io.micrometer.core.instrument.MeterRegistry; SearchStrategy: all) found bean 'simpleMeterRegistry' (OnBeanCondition)

   WebSocketServletAutoConfiguration matched:
      - @ConditionalOnClass found required classes 'jakarta.servlet.Servlet', 'jakarta.websocket.server.ServerContainer' (OnClassCondition)
      - found 'session' scope (OnWebApplicationCondition)

   WebSocketServletAutoConfiguration.TomcatWebSocketConfiguration matched:
      - @ConditionalOnClass found required classes 'org.apache.catalina.startup.Tomcat', 'org.apache.tomcat.websocket.server.WsSci' (OnClassCondition)

   WebSocketServletAutoConfiguration.TomcatWebSocketConfiguration#websocketServletWebServerCustomizer matched:
      - @ConditionalOnMissingBean (names: websocketServletWebServerCustomizer; SearchStrategy: all) did not find any beans (OnBeanCondition)


Negative matches:
-----------------

   ActiveMQAutoConfiguration:
      Did not match:
         - @ConditionalOnClass did not find required class 'jakarta.jms.ConnectionFactory' (OnClassCondition)

   AopAutoConfiguration.AspectJAutoProxyingConfiguration.JdkDynamicAutoProxyConfiguration:
      Did not match:
         - @ConditionalOnProperty (spring.aop.proxy-target-class=false) did not find property 'proxy-target-class' (OnPropertyCondition)

   AopAutoConfiguration.ClassProxyingConfiguration:
      Did not match:
         - @ConditionalOnMissingClass found unwanted class 'org.aspectj.weaver.Advice' (OnClassCondition)

   AppOpticsMetricsExportAutoConfiguration:
      Did not match:
         - @ConditionalOnClass did not find required class 'io.micrometer.appoptics.AppOpticsMeterRegistry' (OnClassCondition)

   ArtemisAutoConfiguration:
      Did not match:
         - @ConditionalOnClass did not find required class 'jakarta.jms.ConnectionFactory' (OnClassCondition)

   AtlasMetricsExportAutoConfiguration:
      Did not match:
         - @ConditionalOnClass did not find required class 'io.micrometer.atlas.AtlasMeterRegistry' (OnClassCondition)

   AuditAutoConfiguration:
      Did not match:
         - @ConditionalOnBean (types: org.springframework.boot.actuate.audit.AuditEventRepository; SearchStrategy: all) did not find any beans of type org.springframework.boot.actuate.audit.AuditEventRepository (OnBeanCondition)
      Matched:
         - @ConditionalOnProperty (management.auditevents.enabled) matched (OnPropertyCondition)

   AuditEventsEndpointAutoConfiguration#auditEventsEndpoint:
      Did not match:
         - @ConditionalOnBean (types: org.springframework.boot.actuate.audit.AuditEventRepository; SearchStrategy: all) did not find any beans of type org.springframework.boot.actuate.audit.AuditEventRepository (OnBeanCondition)

   AvailabilityHealthContributorAutoConfiguration#livenessStateHealthIndicator:
      Did not match:
         - @ConditionalOnProperty (management.health.livenessstate.enabled=true) did not find property 'enabled' (OnPropertyCondition)

   AvailabilityHealthContributorAutoConfiguration#readinessStateHealthIndicator:
      Did not match:
         - @ConditionalOnProperty (management.health.readinessstate.enabled=true) did not find property 'enabled' (OnPropertyCondition)

   AvailabilityProbesAutoConfiguration:
      Did not match:
         - Probes availability not running on a supported cloud platform (AvailabilityProbesAutoConfiguration.ProbesCondition)

   BatchAutoConfiguration:
      Did not match:
         - @ConditionalOnClass did not find required class 'org.springframework.batch.core.launch.JobLauncher' (OnClassCondition)

   BatchObservationAutoConfiguration:
      Did not match:
         - @ConditionalOnClass did not find required class 'org.springframework.batch.core.configuration.annotation.BatchObservabilityBeanPostProcessor' (OnClassCondition)

   BraveAutoConfiguration:
      Did not match:
         - @ConditionalOnClass did not find required class 'brave.Tracer' (OnClassCondition)

   Cache2kCacheConfiguration:
      Did not match:
         - @ConditionalOnClass did not find required class 'org.cache2k.Cache2kBuilder' (OnClassCondition)

   CacheAutoConfiguration:
      Did not match:
         - @ConditionalOnBean (types: org.springframework.cache.interceptor.CacheAspectSupport; SearchStrategy: all) did not find any beans of type org.springframework.cache.interceptor.CacheAspectSupport (OnBeanCondition)
      Matched:
         - @ConditionalOnClass found required class 'org.springframework.cache.CacheManager' (OnClassCondition)

   CacheAutoConfiguration.CacheManagerEntityManagerFactoryDependsOnPostProcessor:
      Did not match:
         - Ancestor org.springframework.boot.autoconfigure.cache.CacheAutoConfiguration did not match (ConditionEvaluationReport.AncestorsMatchedCondition)
      Matched:
         - @ConditionalOnClass found required class 'org.springframework.orm.jpa.LocalContainerEntityManagerFactoryBean' (OnClassCondition)

   CacheMeterBinderProvidersConfiguration.Cache2kCacheMeterBinderProviderConfiguration:
      Did not match:
         - @ConditionalOnClass did not find required classes 'org.cache2k.Cache2kBuilder', 'org.cache2k.extra.spring.SpringCache2kCache', 'org.cache2k.extra.micrometer.Cache2kCacheMetrics' (OnClassCondition)

   CacheMeterBinderProvidersConfiguration.CaffeineCacheMeterBinderProviderConfiguration:
      Did not match:
         - @ConditionalOnClass did not find required classes 'org.springframework.cache.caffeine.CaffeineCache', 'com.github.benmanes.caffeine.cache.Cache' (OnClassCondition)

   CacheMeterBinderProvidersConfiguration.HazelcastCacheMeterBinderProviderConfiguration:
      Did not match:
         - @ConditionalOnClass did not find required classes 'com.hazelcast.spring.cache.HazelcastCache', 'com.hazelcast.core.Hazelcast' (OnClassCondition)

   CacheMeterBinderProvidersConfiguration.JCacheCacheMeterBinderProviderConfiguration:
      Did not match:
         - @ConditionalOnClass did not find required classes 'org.springframework.cache.jcache.JCacheCache', 'javax.cache.CacheManager' (OnClassCondition)

   CacheMeterBinderProvidersConfiguration.RedisCacheMeterBinderProviderConfiguration:
      Did not match:
         - @ConditionalOnClass did not find required class 'org.springframework.data.redis.cache.RedisCache' (OnClassCondition)

   CacheMetricsAutoConfiguration:
      Did not match:
         - @ConditionalOnBean (types: org.springframework.cache.CacheManager; SearchStrategy: all) did not find any beans of type org.springframework.cache.CacheManager (OnBeanCondition)

   CachesEndpointAutoConfiguration#cachesEndpointWebExtension:
      Did not match:
         - @ConditionalOnAvailableEndpoint not exposed (OnAvailableEndpointCondition)
      Matched:
         - @ConditionalOnBean (types: org.springframework.boot.actuate.cache.CachesEndpoint; SearchStrategy: all) found bean 'cachesEndpoint'; @ConditionalOnMissingBean (types: org.springframework.boot.actuate.cache.CachesEndpointWebExtension; SearchStrategy: all) did not find any beans (OnBeanCondition)

   CaffeineCacheConfiguration:
      Did not match:
         - @ConditionalOnClass did not find required class 'com.github.benmanes.caffeine.cache.Caffeine' (OnClassCondition)

   CassandraAutoConfiguration:
      Did not match:
         - @ConditionalOnClass did not find required class 'com.datastax.oss.driver.api.core.CqlSession' (OnClassCondition)

   CassandraDataAutoConfiguration:
      Did not match:
         - @ConditionalOnClass did not find required class 'com.datastax.oss.driver.api.core.CqlSession' (OnClassCondition)

   CassandraHealthContributorAutoConfiguration:
      Did not match:
         - @ConditionalOnClass did not find required class 'com.datastax.oss.driver.api.core.CqlSession' (OnClassCondition)

   CassandraReactiveDataAutoConfiguration:
      Did not match:
         - @ConditionalOnClass did not find required class 'com.datastax.oss.driver.api.core.CqlSession' (OnClassCondition)

   CassandraReactiveHealthContributorAutoConfiguration:
      Did not match:
         - @ConditionalOnClass did not find required class 'com.datastax.oss.driver.api.core.CqlSession' (OnClassCondition)

   CassandraReactiveRepositoriesAutoConfiguration:
      Did not match:
         - @ConditionalOnClass did not find required class 'org.springframework.data.cassandra.ReactiveSession' (OnClassCondition)

   CassandraRepositoriesAutoConfiguration:
      Did not match:
         - @ConditionalOnClass did not find required class 'com.datastax.oss.driver.api.core.CqlSession' (OnClassCondition)

   ClientHttpConnectorFactoryConfiguration.HttpClient5:
      Did not match:
         - @ConditionalOnClass did not find required classes 'org.apache.hc.client5.http.impl.async.HttpAsyncClients', 'org.apache.hc.core5.http.nio.AsyncRequestProducer', 'org.apache.hc.core5.reactive.ReactiveResponseConsumer' (OnClassCondition)

   ClientHttpConnectorFactoryConfiguration.JdkClient:
      Did not match:
         - @ConditionalOnMissingBean (types: org.springframework.boot.autoconfigure.web.reactive.function.client.ClientHttpConnectorFactory; SearchStrategy: all) found beans of type 'org.springframework.boot.autoconfigure.web.reactive.function.client.ClientHttpConnectorFactory' reactorClientHttpConnectorFactory (OnBeanCondition)
      Matched:
         - @ConditionalOnClass found required class 'java.net.http.HttpClient' (OnClassCondition)

   CloudFoundryActuatorAutoConfiguration:
      Did not match:
         - @ConditionalOnCloudPlatform did not find CLOUD_FOUNDRY (OnCloudPlatformCondition)
      Matched:
         - @ConditionalOnClass found required class 'org.springframework.web.servlet.DispatcherServlet' (OnClassCondition)
         - found 'session' scope (OnWebApplicationCondition)
         - @ConditionalOnProperty (management.cloudfoundry.enabled) matched (OnPropertyCondition)

   CompositeMeterRegistryConfiguration:
      Did not match:
         - NoneNestedConditions 1 matched 1 did not; NestedCondition on CompositeMeterRegistryConfiguration.MultipleNonPrimaryMeterRegistriesCondition.SingleInjectableMeterRegistry @ConditionalOnSingleCandidate (types: io.micrometer.core.instrument.MeterRegistry; SearchStrategy: all) found a single bean 'simpleMeterRegistry'; NestedCondition on CompositeMeterRegistryConfiguration.MultipleNonPrimaryMeterRegistriesCondition.NoMeterRegistryCondition @ConditionalOnMissingBean (types: io.micrometer.core.instrument.MeterRegistry; SearchStrategy: all) found beans of type 'io.micrometer.core.instrument.MeterRegistry' simpleMeterRegistry (CompositeMeterRegistryConfiguration.MultipleNonPrimaryMeterRegistriesCondition)

   ConfigurationPropertiesReportEndpointAutoConfiguration#configurationPropertiesReportEndpointWebExtension:
      Did not match:
         - @ConditionalOnAvailableEndpoint not exposed (OnAvailableEndpointCondition)
      Matched:
         - @ConditionalOnBean (types: org.springframework.boot.actuate.context.properties.ConfigurationPropertiesReportEndpoint; SearchStrategy: all) found bean 'configurationPropertiesReportEndpoint'; @ConditionalOnMissingBean (types: org.springframework.boot.actuate.context.properties.ConfigurationPropertiesReportEndpointWebExtension; SearchStrategy: all) did not find any beans (OnBeanCondition)

   ConnectionFactoryHealthContributorAutoConfiguration:
      Did not match:
         - @ConditionalOnClass did not find required class 'io.r2dbc.spi.ConnectionFactory' (OnClassCondition)

   ConnectionPoolMetricsAutoConfiguration:
      Did not match:
         - @ConditionalOnClass did not find required class 'io.r2dbc.pool.ConnectionPool' (OnClassCondition)

   CouchbaseAutoConfiguration:
      Did not match:
         - @ConditionalOnClass did not find required class 'com.couchbase.client.java.Cluster' (OnClassCondition)

   CouchbaseCacheConfiguration:
      Did not match:
         - @ConditionalOnClass did not find required class 'com.couchbase.client.java.Cluster' (OnClassCondition)

   CouchbaseDataAutoConfiguration:
      Did not match:
         - @ConditionalOnClass did not find required class 'com.couchbase.client.java.Bucket' (OnClassCondition)

   CouchbaseHealthContributorAutoConfiguration:
      Did not match:
         - @ConditionalOnClass did not find required class 'com.couchbase.client.java.Cluster' (OnClassCondition)

   CouchbaseReactiveDataAutoConfiguration:
      Did not match:
         - @ConditionalOnClass did not find required class 'com.couchbase.client.java.Cluster' (OnClassCondition)

   CouchbaseReactiveHealthContributorAutoConfiguration:
      Did not match:
         - @ConditionalOnClass did not find required class 'com.couchbase.client.java.Cluster' (OnClassCondition)

   CouchbaseReactiveRepositoriesAutoConfiguration:
      Did not match:
         - @ConditionalOnClass did not find required class 'com.couchbase.client.java.Cluster' (OnClassCondition)

   CouchbaseRepositoriesAutoConfiguration:
      Did not match:
         - @ConditionalOnClass did not find required class 'com.couchbase.client.java.Bucket' (OnClassCondition)

   DataSourceAutoConfiguration.EmbeddedDatabaseConfiguration:
      Did not match:
         - EmbeddedDataSource found supported pooled data source (DataSourceAutoConfiguration.EmbeddedDatabaseCondition)

   DataSourceCheckpointRestoreConfiguration:
      Did not match:
         - @ConditionalOnClass did not find required class 'org.crac.Resource' (OnClassCondition)

   DataSourceConfiguration.Dbcp2:
      Did not match:
         - @ConditionalOnClass did not find required class 'org.apache.commons.dbcp2.BasicDataSource' (OnClassCondition)

   DataSourceConfiguration.Generic:
      Did not match:
         - @ConditionalOnProperty (spring.datasource.type) did not find property 'spring.datasource.type' (OnPropertyCondition)

   DataSourceConfiguration.OracleUcp:
      Did not match:
         - @ConditionalOnClass did not find required classes 'oracle.ucp.jdbc.PoolDataSourceImpl', 'oracle.jdbc.OracleConnection' (OnClassCondition)

   DataSourceConfiguration.Tomcat:
      Did not match:
         - @ConditionalOnClass did not find required class 'org.apache.tomcat.jdbc.pool.DataSource' (OnClassCondition)

   DataSourceJmxConfiguration.TomcatDataSourceJmxConfiguration:
      Did not match:
         - @ConditionalOnClass did not find required class 'org.apache.tomcat.jdbc.pool.DataSourceProxy' (OnClassCondition)

   DataSourcePoolMetadataProvidersConfiguration.CommonsDbcp2PoolDataSourceMetadataProviderConfiguration:
      Did not match:
         - @ConditionalOnClass did not find required class 'org.apache.commons.dbcp2.BasicDataSource' (OnClassCondition)

   DataSourcePoolMetadataProvidersConfiguration.OracleUcpPoolDataSourceMetadataProviderConfiguration:
      Did not match:
         - @ConditionalOnClass did not find required classes 'oracle.ucp.jdbc.PoolDataSource', 'oracle.jdbc.OracleConnection' (OnClassCondition)

   DataSourcePoolMetadataProvidersConfiguration.TomcatDataSourcePoolMetadataProviderConfiguration:
      Did not match:
         - @ConditionalOnClass did not find required class 'org.apache.tomcat.jdbc.pool.DataSource' (OnClassCondition)

   DataSourceTransactionManagerAutoConfiguration.JdbcTransactionManagerConfiguration#transactionManager:
      Did not match:
         - @ConditionalOnMissingBean (types: org.springframework.transaction.TransactionManager; SearchStrategy: all) found beans of type 'org.springframework.transaction.TransactionManager' transactionManager (OnBeanCondition)

   DatadogMetricsExportAutoConfiguration:
      Did not match:
         - @ConditionalOnClass did not find required class 'io.micrometer.datadog.DatadogMeterRegistry' (OnClassCondition)

   DispatcherServletAutoConfiguration.DispatcherServletConfiguration#multipartResolver:
      Did not match:
         - @ConditionalOnBean (types: org.springframework.web.multipart.MultipartResolver; SearchStrategy: all) did not find any beans of type org.springframework.web.multipart.MultipartResolver (OnBeanCondition)

   DynatraceMetricsExportAutoConfiguration:
      Did not match:
         - @ConditionalOnClass did not find required class 'io.micrometer.dynatrace.DynatraceMeterRegistry' (OnClassCondition)

   ElasticMetricsExportAutoConfiguration:
      Did not match:
         - @ConditionalOnClass did not find required class 'io.micrometer.elastic.ElasticMeterRegistry' (OnClassCondition)

   ElasticsearchClientAutoConfiguration:
      Did not match:
         - @ConditionalOnClass did not find required class 'co.elastic.clients.elasticsearch.ElasticsearchClient' (OnClassCondition)

   ElasticsearchDataAutoConfiguration:
      Did not match:
         - @ConditionalOnClass did not find required class 'org.springframework.data.elasticsearch.client.elc.ElasticsearchTemplate' (OnClassCondition)

   ElasticsearchReactiveHealthContributorAutoConfiguration:
      Did not match:
         - @ConditionalOnClass did not find required class 'org.springframework.data.elasticsearch.client.elc.ReactiveElasticsearchClient' (OnClassCondition)

   ElasticsearchRepositoriesAutoConfiguration:
      Did not match:
         - @ConditionalOnClass did not find required class 'org.springframework.data.elasticsearch.repository.ElasticsearchRepository' (OnClassCondition)

   ElasticsearchRestClientAutoConfiguration:
      Did not match:
         - @ConditionalOnClass did not find required class 'org.elasticsearch.client.RestClientBuilder' (OnClassCondition)

   ElasticsearchRestHealthContributorAutoConfiguration:
      Did not match:
         - @ConditionalOnClass did not find required class 'org.elasticsearch.client.RestClient' (OnClassCondition)

   EmbeddedLdapAutoConfiguration:
      Did not match:
         - @ConditionalOnClass did not find required class 'com.unboundid.ldap.listener.InMemoryDirectoryServer' (OnClassCondition)

   EmbeddedWebServerFactoryCustomizerAutoConfiguration.JettyWebServerFactoryCustomizerConfiguration:
      Did not match:
         - @ConditionalOnClass did not find required classes 'org.eclipse.jetty.server.Server', 'org.eclipse.jetty.util.Loader', 'org.eclipse.jetty.ee10.webapp.WebAppContext' (OnClassCondition)

   EmbeddedWebServerFactoryCustomizerAutoConfiguration.TomcatWebServerFactoryCustomizerConfiguration#tomcatVirtualThreadsProtocolHandlerCustomizer:
      Did not match:
         - @ConditionalOnThreading did not find VIRTUAL (OnThreadingCondition)

   EmbeddedWebServerFactoryCustomizerAutoConfiguration.UndertowWebServerFactoryCustomizerConfiguration:
      Did not match:
         - @ConditionalOnClass did not find required classes 'io.undertow.Undertow', 'org.xnio.SslClientAuthMode' (OnClassCondition)

   EnvironmentEndpointAutoConfiguration#environmentEndpointWebExtension:
      Did not match:
         - @ConditionalOnAvailableEndpoint not exposed (OnAvailableEndpointCondition)
      Matched:
         - @ConditionalOnBean (types: org.springframework.boot.actuate.env.EnvironmentEndpoint; SearchStrategy: all) found bean 'environmentEndpoint'; @ConditionalOnMissingBean (types: org.springframework.boot.actuate.env.EnvironmentEndpointWebExtension; SearchStrategy: all) did not find any beans (OnBeanCondition)

   ErrorWebFluxAutoConfiguration:
      Did not match:
         - not a reactive web application (OnWebApplicationCondition)
      Matched:
         - @ConditionalOnClass found required class 'org.springframework.web.reactive.config.WebFluxConfigurer' (OnClassCondition)

   FlywayAutoConfiguration:
      Did not match:
         - @ConditionalOnClass did not find required class 'org.flywaydb.core.Flyway' (OnClassCondition)

   FlywayEndpointAutoConfiguration:
      Did not match:
         - @ConditionalOnClass did not find required class 'org.flywaydb.core.Flyway' (OnClassCondition)

   FreeMarkerAutoConfiguration:
      Did not match:
         - @ConditionalOnClass did not find required class 'freemarker.template.Configuration' (OnClassCondition)

   GangliaMetricsExportAutoConfiguration:
      Did not match:
         - @ConditionalOnClass did not find required class 'io.micrometer.ganglia.GangliaMeterRegistry' (OnClassCondition)

   GraphQlAutoConfiguration:
      Did not match:
         - @ConditionalOnClass did not find required class 'graphql.GraphQL' (OnClassCondition)

   GraphQlObservationAutoConfiguration:
      Did not match:
         - @ConditionalOnClass did not find required class 'graphql.GraphQL' (OnClassCondition)

   GraphQlQueryByExampleAutoConfiguration:
      Did not match:
         - @ConditionalOnClass did not find required class 'graphql.GraphQL' (OnClassCondition)

   GraphQlQuerydslAutoConfiguration:
      Did not match:
         - @ConditionalOnClass did not find required class 'com.querydsl.core.Query' (OnClassCondition)

   GraphQlRSocketAutoConfiguration:
      Did not match:
         - @ConditionalOnClass did not find required class 'graphql.GraphQL' (OnClassCondition)

   GraphQlReactiveQueryByExampleAutoConfiguration:
      Did not match:
         - @ConditionalOnClass did not find required class 'graphql.GraphQL' (OnClassCondition)

   GraphQlReactiveQuerydslAutoConfiguration:
      Did not match:
         - @ConditionalOnClass did not find required class 'com.querydsl.core.Query' (OnClassCondition)

   GraphQlWebFluxAutoConfiguration:
      Did not match:
         - @ConditionalOnClass did not find required class 'graphql.GraphQL' (OnClassCondition)

   GraphQlWebFluxSecurityAutoConfiguration:
      Did not match:
         - @ConditionalOnClass did not find required class 'graphql.GraphQL' (OnClassCondition)

   GraphQlWebMvcAutoConfiguration:
      Did not match:
         - @ConditionalOnClass did not find required class 'graphql.GraphQL' (OnClassCondition)

   GraphQlWebMvcSecurityAutoConfiguration:
      Did not match:
         - @ConditionalOnClass did not find required class 'graphql.GraphQL' (OnClassCondition)

   GraphiteMetricsExportAutoConfiguration:
      Did not match:
         - @ConditionalOnClass did not find required class 'io.micrometer.graphite.GraphiteMeterRegistry' (OnClassCondition)

   GroovyTemplateAutoConfiguration:
      Did not match:
         - @ConditionalOnClass did not find required class 'groovy.text.markup.MarkupTemplateEngine' (OnClassCondition)

   GsonAutoConfiguration:
      Did not match:
         - @ConditionalOnClass did not find required class 'com.google.gson.Gson' (OnClassCondition)

   GsonHttpMessageConvertersConfiguration:
      Did not match:
         - @ConditionalOnClass did not find required class 'com.google.gson.Gson' (OnClassCondition)

   H2ConsoleAutoConfiguration:
      Did not match:
         - @ConditionalOnClass did not find required class 'org.h2.server.web.JakartaWebServlet' (OnClassCondition)

   HazelcastAutoConfiguration:
      Did not match:
         - @ConditionalOnClass did not find required class 'com.hazelcast.core.HazelcastInstance' (OnClassCondition)

   HazelcastCacheConfiguration:
      Did not match:
         - @ConditionalOnClass did not find required class 'com.hazelcast.core.HazelcastInstance' (OnClassCondition)

   HazelcastHealthContributorAutoConfiguration:
      Did not match:
         - @ConditionalOnClass did not find required class 'com.hazelcast.core.HazelcastInstance' (OnClassCondition)

   HazelcastJpaDependencyAutoConfiguration:
      Did not match:
         - @ConditionalOnClass did not find required class 'com.hazelcast.core.HazelcastInstance' (OnClassCondition)

   HealthEndpointReactiveWebExtensionConfiguration:
      Did not match:
         - not a reactive web application (OnWebApplicationCondition)

   HealthEndpointWebExtensionConfiguration.JerseyAdditionalHealthEndpointPathsConfiguration:
      Did not match:
         - @ConditionalOnClass did not find required class 'org.glassfish.jersey.server.ResourceConfig' (OnClassCondition)

   HibernateMetricsAutoConfiguration:
      Did not match:
         - @ConditionalOnClass did not find required class 'org.hibernate.stat.HibernateMetrics' (OnClassCondition)

   HttpExchangesAutoConfiguration:
      Did not match:
         - @ConditionalOnBean (types: org.springframework.boot.actuate.web.exchanges.HttpExchangeRepository; SearchStrategy: all) did not find any beans of type org.springframework.boot.actuate.web.exchanges.HttpExchangeRepository (OnBeanCondition)
      Matched:
         - @ConditionalOnWebApplication (required) found 'session' scope (OnWebApplicationCondition)
         - @ConditionalOnProperty (management.httpexchanges.recording.enabled) matched (OnPropertyCondition)

   HttpExchangesAutoConfiguration.ReactiveHttpExchangesConfiguration:
      Did not match:
         - not a reactive web application (OnWebApplicationCondition)
         - Ancestor org.springframework.boot.actuate.autoconfigure.web.exchanges.HttpExchangesAutoConfiguration did not match (ConditionEvaluationReport.AncestorsMatchedCondition)

   HttpExchangesAutoConfiguration.ServletHttpExchangesConfiguration:
      Did not match:
         - Ancestor org.springframework.boot.actuate.autoconfigure.web.exchanges.HttpExchangesAutoConfiguration did not match (ConditionEvaluationReport.AncestorsMatchedCondition)
      Matched:
         - found 'session' scope (OnWebApplicationCondition)

   HttpExchangesEndpointAutoConfiguration#httpExchangesEndpoint:
      Did not match:
         - @ConditionalOnBean (types: org.springframework.boot.actuate.web.exchanges.HttpExchangeRepository; SearchStrategy: all) did not find any beans of type org.springframework.boot.actuate.web.exchanges.HttpExchangeRepository (OnBeanCondition)

   HttpHandlerAutoConfiguration:
      Did not match:
         - not a reactive web application (OnWebApplicationCondition)
      Matched:
         - @ConditionalOnClass found required classes 'org.springframework.web.reactive.DispatcherHandler', 'org.springframework.http.server.reactive.HttpHandler' (OnClassCondition)

   HumioMetricsExportAutoConfiguration:
      Did not match:
         - @ConditionalOnClass did not find required class 'io.micrometer.humio.HumioMeterRegistry' (OnClassCondition)

   HypermediaAutoConfiguration:
      Did not match:
         - @ConditionalOnClass did not find required class 'org.springframework.hateoas.EntityModel' (OnClassCondition)

   InfinispanCacheConfiguration:
      Did not match:
         - @ConditionalOnClass did not find required class 'org.infinispan.spring.embedded.provider.SpringEmbeddedCacheManager' (OnClassCondition)

   InfluxMetricsExportAutoConfiguration:
      Did not match:
         - @ConditionalOnClass did not find required class 'io.micrometer.influx.InfluxMeterRegistry' (OnClassCondition)

   InfoContributorAutoConfiguration#buildInfoContributor:
      Did not match:
         - @ConditionalOnSingleCandidate (types: org.springframework.boot.info.BuildProperties; SearchStrategy: all) did not find any beans (OnBeanCondition)
      Matched:
         - @ConditionalOnEnabledInfoContributor management.info.defaults.enabled is considered true (OnEnabledInfoContributorCondition)

   InfoContributorAutoConfiguration#envInfoContributor:
      Did not match:
         - @ConditionalOnEnabledInfoContributor management.info.env.enabled is not true (OnEnabledInfoContributorCondition)

   InfoContributorAutoConfiguration#gitInfoContributor:
      Did not match:
         - @ConditionalOnSingleCandidate (types: org.springframework.boot.info.GitProperties; SearchStrategy: all) did not find any beans (OnBeanCondition)
      Matched:
         - @ConditionalOnEnabledInfoContributor management.info.defaults.enabled is considered true (OnEnabledInfoContributorCondition)

   InfoContributorAutoConfiguration#javaInfoContributor:
      Did not match:
         - @ConditionalOnEnabledInfoContributor management.info.java.enabled is not true (OnEnabledInfoContributorCondition)

   InfoContributorAutoConfiguration#osInfoContributor:
      Did not match:
         - @ConditionalOnEnabledInfoContributor management.info.os.enabled is not true (OnEnabledInfoContributorCondition)

   InfoContributorAutoConfiguration#processInfoContributor:
      Did not match:
         - @ConditionalOnEnabledInfoContributor management.info.process.enabled is not true (OnEnabledInfoContributorCondition)

   InfoContributorAutoConfiguration#sslInfo:
      Did not match:
         - @ConditionalOnEnabledInfoContributor management.info.ssl.enabled is not true (OnEnabledInfoContributorCondition)
      Matched:
         - @ConditionalOnMissingBean (types: org.springframework.boot.info.SslInfo; SearchStrategy: all) did not find any beans (OnBeanCondition)

   InfoContributorAutoConfiguration#sslInfoContributor:
      Did not match:
         - @ConditionalOnEnabledInfoContributor management.info.ssl.enabled is not true (OnEnabledInfoContributorCondition)

   IntegrationAutoConfiguration:
      Did not match:
         - @ConditionalOnClass did not find required class 'org.springframework.integration.config.EnableIntegration' (OnClassCondition)

   IntegrationGraphEndpointAutoConfiguration:
      Did not match:
         - @ConditionalOnClass did not find required class 'org.springframework.integration.graph.IntegrationGraphServer' (OnClassCondition)

   JCacheCacheConfiguration:
      Did not match:
         - @ConditionalOnClass did not find required class 'javax.cache.Caching' (OnClassCondition)

   JacksonHttpMessageConvertersConfiguration.MappingJackson2XmlHttpMessageConverterConfiguration:
      Did not match:
         - @ConditionalOnClass did not find required class 'com.fasterxml.jackson.dataformat.xml.XmlMapper' (OnClassCondition)

   JdbcRepositoriesAutoConfiguration:
      Did not match:
         - @ConditionalOnClass did not find required class 'org.springframework.data.jdbc.repository.config.AbstractJdbcConfiguration' (OnClassCondition)

   JerseyAutoConfiguration:
      Did not match:
         - @ConditionalOnClass did not find required class 'org.glassfish.jersey.server.spring.SpringComponentProvider' (OnClassCondition)

   JerseySameManagementContextConfiguration:
      Did not match:
         - @ConditionalOnClass did not find required class 'org.glassfish.jersey.server.ResourceConfig' (OnClassCondition)

   JerseyServerMetricsAutoConfiguration:
      Did not match:
         - @ConditionalOnClass did not find required class 'org.glassfish.jersey.micrometer.server.ObservationApplicationEventListener' (OnClassCondition)

   JerseyWebEndpointManagementContextConfiguration:
      Did not match:
         - @ConditionalOnClass did not find required class 'org.glassfish.jersey.server.ResourceConfig' (OnClassCondition)

   JettyMetricsAutoConfiguration:
      Did not match:
         - @ConditionalOnClass did not find required class 'org.eclipse.jetty.server.Server' (OnClassCondition)

   JmsAutoConfiguration:
      Did not match:
         - @ConditionalOnClass did not find required class 'jakarta.jms.Message' (OnClassCondition)

   JmsHealthContributorAutoConfiguration:
      Did not match:
         - @ConditionalOnClass did not find required class 'jakarta.jms.ConnectionFactory' (OnClassCondition)

   JmxMetricsExportAutoConfiguration:
      Did not match:
         - @ConditionalOnClass did not find required class 'io.micrometer.jmx.JmxMeterRegistry' (OnClassCondition)

   JndiConnectionFactoryAutoConfiguration:
      Did not match:
         - @ConditionalOnClass did not find required class 'org.springframework.jms.core.JmsTemplate' (OnClassCondition)

   JndiDataSourceAutoConfiguration:
      Did not match:
         - @ConditionalOnProperty (spring.datasource.jndi-name) did not find property 'jndi-name' (OnPropertyCondition)
      Matched:
         - @ConditionalOnClass found required classes 'javax.sql.DataSource', 'org.springframework.jdbc.datasource.embedded.EmbeddedDatabaseType' (OnClassCondition)

   JndiJtaConfiguration:
      Did not match:
         - @ConditionalOnJndi JNDI environment is not available (OnJndiCondition)
      Matched:
         - @ConditionalOnClass found required class 'org.springframework.transaction.jta.JtaTransactionManager' (OnClassCondition)

   JooqAutoConfiguration:
      Did not match:
         - @ConditionalOnClass did not find required class 'org.jooq.DSLContext' (OnClassCondition)

   JpaRepositoriesAutoConfiguration#entityManagerFactoryBootstrapExecutorCustomizer:
      Did not match:
         - AnyNestedCondition 0 matched 2 did not; NestedCondition on JpaRepositoriesAutoConfiguration.BootstrapExecutorCondition.LazyBootstrapMode @ConditionalOnProperty (spring.data.jpa.repositories.bootstrap-mode=lazy) did not find property 'bootstrap-mode'; NestedCondition on JpaRepositoriesAutoConfiguration.BootstrapExecutorCondition.DeferredBootstrapMode @ConditionalOnProperty (spring.data.jpa.repositories.bootstrap-mode=deferred) did not find property 'bootstrap-mode' (JpaRepositoriesAutoConfiguration.BootstrapExecutorCondition)

   JsonbAutoConfiguration:
      Did not match:
         - @ConditionalOnClass did not find required class 'jakarta.json.bind.Jsonb' (OnClassCondition)

   JsonbHttpMessageConvertersConfiguration:
      Did not match:
         - @ConditionalOnClass did not find required class 'jakarta.json.bind.Jsonb' (OnClassCondition)

   KafkaAutoConfiguration:
      Did not match:
         - @ConditionalOnClass did not find required class 'org.springframework.kafka.core.KafkaTemplate' (OnClassCondition)

   KafkaMetricsAutoConfiguration:
      Did not match:
         - @ConditionalOnClass did not find required class 'org.springframework.kafka.core.ProducerFactory' (OnClassCondition)

   KairosMetricsExportAutoConfiguration:
      Did not match:
         - @ConditionalOnClass did not find required class 'io.micrometer.kairos.KairosMeterRegistry' (OnClassCondition)

   LdapAutoConfiguration:
      Did not match:
         - @ConditionalOnClass did not find required class 'org.springframework.ldap.core.ContextSource' (OnClassCondition)

   LdapHealthContributorAutoConfiguration:
      Did not match:
         - @ConditionalOnClass did not find required class 'org.springframework.ldap.core.LdapOperations' (OnClassCondition)

   LdapRepositoriesAutoConfiguration:
      Did not match:
         - @ConditionalOnClass did not find required class 'org.springframework.data.ldap.repository.LdapRepository' (OnClassCondition)

   LettuceMetricsAutoConfiguration:
      Did not match:
         - @ConditionalOnClass did not find required class 'io.lettuce.core.metrics.MicrometerCommandLatencyRecorder' (OnClassCondition)

   LiquibaseAutoConfiguration:
      Did not match:
         - @ConditionalOnClass did not find required class 'liquibase.change.DatabaseChange' (OnClassCondition)

   LiquibaseEndpointAutoConfiguration:
      Did not match:
         - @ConditionalOnClass did not find required class 'liquibase.integration.spring.SpringLiquibase' (OnClassCondition)

   Log4J2MetricsAutoConfiguration:
      Did not match:
         - @ConditionalOnClass did not find required class 'org.apache.logging.log4j.core.LoggerContext' (OnClassCondition)

   LogFileWebEndpointAutoConfiguration#logFileWebEndpoint:
      Did not match:
         - Log File did not find logging file (LogFileWebEndpointAutoConfiguration.LogFileCondition)

   MailHealthContributorAutoConfiguration:
      Did not match:
         - @ConditionalOnClass did not find required class 'org.springframework.mail.javamail.JavaMailSenderImpl' (OnClassCondition)

   MailSenderAutoConfiguration:
      Did not match:
         - @ConditionalOnClass did not find required class 'jakarta.mail.internet.MimeMessage' (OnClassCondition)

   MailSenderValidatorAutoConfiguration:
      Did not match:
         - @ConditionalOnSingleCandidate did not find required type 'org.springframework.mail.javamail.JavaMailSenderImpl' (OnBeanCondition)

   ManagementContextAutoConfiguration.DifferentManagementContextConfiguration:
      Did not match:
         - Management Port actual port type (SAME) did not match required type (DIFFERENT) (OnManagementPortCondition)

   ManagementWebSecurityAutoConfiguration:
      Did not match:
         - AllNestedConditions 1 matched 1 did not; NestedCondition on DefaultWebSecurityCondition.Beans @ConditionalOnMissingBean (types: org.springframework.security.web.SecurityFilterChain; SearchStrategy: all) did not find any beans; NestedCondition on DefaultWebSecurityCondition.Classes @ConditionalOnClass did not find required classes 'org.springframework.security.web.SecurityFilterChain', 'org.springframework.security.config.annotation.web.builders.HttpSecurity' (DefaultWebSecurityCondition)
      Matched:
         - found 'session' scope (OnWebApplicationCondition)

   MappingsEndpointAutoConfiguration.ReactiveWebConfiguration:
      Did not match:
         - not a reactive web application (OnWebApplicationCondition)
      Matched:
         - @ConditionalOnClass found required class 'org.springframework.web.reactive.DispatcherHandler' (OnClassCondition)

   MessageSourceAutoConfiguration:
      Did not match:
         - ResourceBundle did not find bundle with basename messages (MessageSourceAutoConfiguration.ResourceBundleCondition)

   MetricsAspectsAutoConfiguration:
      Did not match:
         - AnyNestedCondition 0 matched 2 did not; NestedCondition on MetricsAspectsAutoConfiguration.ObservationAnnotationsEnabledCondition.ManagementObservationsEnabledCondition @ConditionalOnProperty (management.observations.annotations.enabled=true) did not find property 'enabled'; NestedCondition on MetricsAspectsAutoConfiguration.ObservationAnnotationsEnabledCondition.MicrometerObservationsEnabledCondition @ConditionalOnProperty (micrometer.observations.annotations.enabled=true) did not find property 'enabled' (MetricsAspectsAutoConfiguration.ObservationAnnotationsEnabledCondition)
      Matched:
         - @ConditionalOnClass found required classes 'io.micrometer.core.instrument.MeterRegistry', 'org.aspectj.weaver.Advice' (OnClassCondition)

   MicrometerTracingAutoConfiguration:
      Did not match:
         - @ConditionalOnClass did not find required class 'io.micrometer.tracing.Tracer' (OnClassCondition)

   MongoAutoConfiguration:
      Did not match:
         - @ConditionalOnClass did not find required class 'com.mongodb.client.MongoClient' (OnClassCondition)

   MongoDataAutoConfiguration:
      Did not match:
         - @ConditionalOnClass did not find required class 'com.mongodb.client.MongoClient' (OnClassCondition)

   MongoHealthContributorAutoConfiguration:
      Did not match:
         - @ConditionalOnClass did not find required class 'org.springframework.data.mongodb.core.MongoTemplate' (OnClassCondition)

   MongoMetricsAutoConfiguration:
      Did not match:
         - @ConditionalOnClass did not find required class 'com.mongodb.MongoClientSettings' (OnClassCondition)

   MongoReactiveAutoConfiguration:
      Did not match:
         - @ConditionalOnClass did not find required class 'com.mongodb.reactivestreams.client.MongoClient' (OnClassCondition)

   MongoReactiveDataAutoConfiguration:
      Did not match:
         - @ConditionalOnClass did not find required class 'com.mongodb.reactivestreams.client.MongoClient' (OnClassCondition)

   MongoReactiveHealthContributorAutoConfiguration:
      Did not match:
         - @ConditionalOnClass did not find required class 'org.springframework.data.mongodb.core.ReactiveMongoTemplate' (OnClassCondition)

   MongoReactiveRepositoriesAutoConfiguration:
      Did not match:
         - @ConditionalOnClass did not find required class 'com.mongodb.reactivestreams.client.MongoClient' (OnClassCondition)

   MongoRepositoriesAutoConfiguration:
      Did not match:
         - @ConditionalOnClass did not find required class 'com.mongodb.client.MongoClient' (OnClassCondition)

   MultipleOpenApiSupportConfiguration:
      Did not match:
         - AnyNestedCondition 0 matched 2 did not; NestedCondition on MultipleOpenApiSupportCondition.OnActuatorDifferentPort found non-matching nested conditions Management Port actual port type (SAME) did not match required type (DIFFERENT), @ConditionalOnProperty (springdoc.show-actuator) did not find property 'springdoc.show-actuator'; NestedCondition on MultipleOpenApiSupportCondition.OnMultipleOpenApiSupportCondition AnyNestedCondition 0 matched 3 did not; NestedCondition on MultipleOpenApiGroupsCondition.OnListGroupedOpenApiBean @ConditionalOnBean (types: org.springdoc.core.models.GroupedOpenApi; SearchStrategy: all) did not find any beans of type org.springdoc.core.models.GroupedOpenApi; NestedCondition on MultipleOpenApiGroupsCondition.OnGroupConfigProperty @ConditionalOnProperty (springdoc.group-configs[0].group) did not find property 'springdoc.group-configs[0].group'; NestedCondition on MultipleOpenApiGroupsCondition.OnGroupedOpenApiBean @ConditionalOnBean (types: org.springdoc.core.models.GroupedOpenApi; SearchStrategy: all) did not find any beans of type org.springdoc.core.models.GroupedOpenApi (MultipleOpenApiSupportCondition)
      Matched:
         - found 'session' scope (OnWebApplicationCondition)
         - @ConditionalOnProperty (springdoc.api-docs.enabled) matched (OnPropertyCondition)

   MultipleOpenApiSupportConfiguration.SpringDocWebMvcActuatorDifferentConfiguration:
      Did not match:
         - Management Port actual port type (SAME) did not match required type (DIFFERENT) (OnManagementPortCondition)
         - Ancestor org.springdoc.webmvc.core.configuration.MultipleOpenApiSupportConfiguration did not match (ConditionEvaluationReport.AncestorsMatchedCondition)
      Matched:
         - @ConditionalOnClass found required class 'org.springframework.boot.actuate.endpoint.web.servlet.WebMvcEndpointHandlerMapping' (OnClassCondition)

   MustacheAutoConfiguration:
      Did not match:
         - @ConditionalOnClass did not find required class 'com.samskivert.mustache.Mustache' (OnClassCondition)

   Neo4jAutoConfiguration:
      Did not match:
         - @ConditionalOnClass did not find required class 'org.neo4j.driver.Driver' (OnClassCondition)

   Neo4jDataAutoConfiguration:
      Did not match:
         - @ConditionalOnClass did not find required class 'org.neo4j.driver.Driver' (OnClassCondition)

   Neo4jHealthContributorAutoConfiguration:
      Did not match:
         - @ConditionalOnClass did not find required class 'org.neo4j.driver.Driver' (OnClassCondition)

   Neo4jReactiveDataAutoConfiguration:
      Did not match:
         - @ConditionalOnClass did not find required class 'org.neo4j.driver.Driver' (OnClassCondition)

   Neo4jReactiveRepositoriesAutoConfiguration:
      Did not match:
         - @ConditionalOnClass did not find required class 'org.neo4j.driver.Driver' (OnClassCondition)

   Neo4jRepositoriesAutoConfiguration:
      Did not match:
         - @ConditionalOnClass did not find required class 'org.neo4j.driver.Driver' (OnClassCondition)

   NewRelicMetricsExportAutoConfiguration:
      Did not match:
         - @ConditionalOnClass did not find required class 'io.micrometer.newrelic.NewRelicMeterRegistry' (OnClassCondition)

   NoOpMeterRegistryConfiguration:
      Did not match:
         - @ConditionalOnMissingBean (types: io.micrometer.core.instrument.MeterRegistry; SearchStrategy: all) found beans of type 'io.micrometer.core.instrument.MeterRegistry' simpleMeterRegistry (OnBeanCondition)

   NoopTracerAutoConfiguration:
      Did not match:
         - @ConditionalOnClass did not find required class 'io.micrometer.tracing.Tracer' (OnClassCondition)

   OAuth2AuthorizationServerAutoConfiguration:
      Did not match:
         - @ConditionalOnClass did not find required class 'org.springframework.security.oauth2.server.authorization.OAuth2Authorization' (OnClassCondition)

   OAuth2AuthorizationServerJwtAutoConfiguration:
      Did not match:
         - @ConditionalOnClass did not find required class 'org.springframework.security.oauth2.server.authorization.OAuth2Authorization' (OnClassCondition)

   OAuth2ClientAutoConfiguration:
      Did not match:
         - @ConditionalOnClass did not find required class 'org.springframework.security.config.annotation.web.configuration.EnableWebSecurity' (OnClassCondition)

   OAuth2ResourceServerAutoConfiguration:
      Did not match:
         - @ConditionalOnClass did not find required class 'org.springframework.security.oauth2.server.resource.authentication.BearerTokenAuthenticationToken' (OnClassCondition)

   ObservationAutoConfiguration.MeterObservationHandlerConfiguration.TracingAndMetricsObservationHandlerConfiguration:
      Did not match:
         - @ConditionalOnBean did not find required type 'io.micrometer.tracing.Tracer' (OnBeanCondition)
         - @ConditionalOnBean (types: io.micrometer.tracing.Tracer; SearchStrategy: all) did not find any beans of type io.micrometer.tracing.Tracer (OnBeanCondition)

   ObservationAutoConfiguration.MetricsWithTracingConfiguration:
      Did not match:
         - @ConditionalOnClass did not find required class 'io.micrometer.tracing.Tracer' (OnClassCondition)

   ObservationAutoConfiguration.OnlyTracingConfiguration:
      Did not match:
         - @ConditionalOnClass did not find required class 'io.micrometer.tracing.Tracer' (OnClassCondition)

   OpenTelemetryAutoConfiguration:
      Did not match:
         - @ConditionalOnClass did not find required class 'io.opentelemetry.sdk.OpenTelemetrySdk' (OnClassCondition)

   OpenTelemetryLoggingAutoConfiguration:
      Did not match:
         - @ConditionalOnClass did not find required class 'io.opentelemetry.api.OpenTelemetry' (OnClassCondition)

   OpenTelemetryTracingAutoConfiguration:
      Did not match:
         - @ConditionalOnClass did not find required class 'io.micrometer.tracing.otel.bridge.OtelTracer' (OnClassCondition)

   OtlpLoggingAutoConfiguration:
      Did not match:
         - @ConditionalOnClass did not find required class 'io.opentelemetry.api.OpenTelemetry' (OnClassCondition)

   OtlpMetricsExportAutoConfiguration:
      Did not match:
         - @ConditionalOnClass did not find required class 'io.micrometer.registry.otlp.OtlpMeterRegistry' (OnClassCondition)

   OtlpTracingAutoConfiguration:
      Did not match:
         - @ConditionalOnClass did not find required class 'io.micrometer.tracing.otel.bridge.OtelTracer' (OnClassCondition)

   ProjectInfoAutoConfiguration#buildProperties:
      Did not match:
         - @ConditionalOnResource did not find resource '${spring.info.build.location:classpath:META-INF/build-info.properties}' (OnResourceCondition)

   ProjectInfoAutoConfiguration#gitProperties:
      Did not match:
         - GitResource did not find git info at classpath:git.properties (ProjectInfoAutoConfiguration.GitResourceAvailableCondition)

   PrometheusExemplarsAutoConfiguration:
      Did not match:
         - @ConditionalOnClass did not find required class 'io.micrometer.tracing.Tracer' (OnClassCondition)

   PrometheusMetricsExportAutoConfiguration:
      Did not match:
         - @ConditionalOnClass did not find required class 'io.micrometer.prometheusmetrics.PrometheusMeterRegistry' (OnClassCondition)

   PrometheusSimpleclientExemplarsAutoConfiguration:
      Did not match:
         - @ConditionalOnClass did not find required class 'io.micrometer.tracing.Tracer' (OnClassCondition)

   PrometheusSimpleclientMetricsExportAutoConfiguration:
      Did not match:
         - @ConditionalOnClass did not find required class 'io.micrometer.prometheus.PrometheusMeterRegistry' (OnClassCondition)

   PulsarAutoConfiguration:
      Did not match:
         - @ConditionalOnClass did not find required class 'org.apache.pulsar.client.api.PulsarClient' (OnClassCondition)

   PulsarReactiveAutoConfiguration:
      Did not match:
         - @ConditionalOnClass did not find required class 'org.apache.pulsar.client.api.PulsarClient' (OnClassCondition)

   QuartzAutoConfiguration:
      Did not match:
         - @ConditionalOnClass did not find required class 'org.quartz.Scheduler' (OnClassCondition)

   QuartzEndpointAutoConfiguration:
      Did not match:
         - @ConditionalOnClass did not find required class 'org.quartz.Scheduler' (OnClassCondition)

   R2dbcAutoConfiguration:
      Did not match:
         - @ConditionalOnClass did not find required class 'io.r2dbc.spi.ConnectionFactory' (OnClassCondition)

   R2dbcDataAutoConfiguration:
      Did not match:
         - @ConditionalOnClass did not find required class 'org.springframework.data.r2dbc.core.R2dbcEntityTemplate' (OnClassCondition)

   R2dbcInitializationConfiguration:
      Did not match:
         - @ConditionalOnClass did not find required classes 'io.r2dbc.spi.ConnectionFactory', 'org.springframework.r2dbc.connection.init.DatabasePopulator' (OnClassCondition)

   R2dbcObservationAutoConfiguration:
      Did not match:
         - @ConditionalOnClass did not find required class 'io.r2dbc.proxy.ProxyConnectionFactory' (OnClassCondition)

   R2dbcProxyAutoConfiguration:
      Did not match:
         - @ConditionalOnClass did not find required class 'io.r2dbc.proxy.ProxyConnectionFactory' (OnClassCondition)

   R2dbcRepositoriesAutoConfiguration:
      Did not match:
         - @ConditionalOnClass did not find required class 'io.r2dbc.spi.ConnectionFactory' (OnClassCondition)

   R2dbcTransactionManagerAutoConfiguration:
      Did not match:
         - @ConditionalOnClass did not find required class 'org.springframework.r2dbc.connection.R2dbcTransactionManager' (OnClassCondition)

   RSocketGraphQlClientAutoConfiguration:
      Did not match:
         - @ConditionalOnClass did not find required class 'graphql.GraphQL' (OnClassCondition)

   RSocketMessagingAutoConfiguration:
      Did not match:
         - @ConditionalOnClass did not find required class 'io.rsocket.RSocket' (OnClassCondition)

   RSocketRequesterAutoConfiguration:
      Did not match:
         - @ConditionalOnClass did not find required class 'io.rsocket.RSocket' (OnClassCondition)

   RSocketSecurityAutoConfiguration:
      Did not match:
         - @ConditionalOnClass did not find required class 'org.springframework.security.rsocket.core.SecuritySocketAcceptorInterceptor' (OnClassCondition)

   RSocketServerAutoConfiguration:
      Did not match:
         - @ConditionalOnClass did not find required class 'io.rsocket.core.RSocketServer' (OnClassCondition)

   RSocketStrategiesAutoConfiguration:
      Did not match:
         - @ConditionalOnClass did not find required class 'io.rsocket.RSocket' (OnClassCondition)

   RabbitAutoConfiguration:
      Did not match:
         - @ConditionalOnClass did not find required class 'com.rabbitmq.client.Channel' (OnClassCondition)

   RabbitHealthContributorAutoConfiguration:
      Did not match:
         - @ConditionalOnClass did not find required class 'org.springframework.amqp.rabbit.core.RabbitTemplate' (OnClassCondition)

   RabbitMetricsAutoConfiguration:
      Did not match:
         - @ConditionalOnClass did not find required class 'com.rabbitmq.client.ConnectionFactory' (OnClassCondition)

   ReactiveCloudFoundryActuatorAutoConfiguration:
      Did not match:
         - not a reactive web application (OnWebApplicationCondition)

   ReactiveElasticsearchClientAutoConfiguration:
      Did not match:
         - @ConditionalOnClass did not find required class 'co.elastic.clients.transport.ElasticsearchTransport' (OnClassCondition)

   ReactiveElasticsearchRepositoriesAutoConfiguration:
      Did not match:
         - @ConditionalOnClass did not find required class 'org.springframework.data.elasticsearch.client.elc.ReactiveElasticsearchClient' (OnClassCondition)

   ReactiveManagementContextAutoConfiguration:
      Did not match:
         - not a reactive web application (OnWebApplicationCondition)
      Matched:
         - @ConditionalOnClass found required class 'reactor.core.publisher.Flux' (OnClassCondition)

   ReactiveManagementWebSecurityAutoConfiguration:
      Did not match:
         - @ConditionalOnClass did not find required class 'org.springframework.security.config.annotation.web.reactive.EnableWebFluxSecurity' (OnClassCondition)

   ReactiveMultipartAutoConfiguration:
      Did not match:
         - not a reactive web application (OnWebApplicationCondition)
      Matched:
         - @ConditionalOnClass found required classes 'org.springframework.http.codec.multipart.DefaultPartHttpMessageReader', 'org.springframework.web.reactive.config.WebFluxConfigurer' (OnClassCondition)

   ReactiveOAuth2ClientAutoConfiguration:
      Did not match:
         - @ConditionalOnClass did not find required class 'org.springframework.security.config.annotation.web.reactive.EnableWebFluxSecurity' (OnClassCondition)

   ReactiveOAuth2ResourceServerAutoConfiguration:
      Did not match:
         - @ConditionalOnClass did not find required class 'org.springframework.security.config.annotation.web.reactive.EnableWebFluxSecurity' (OnClassCondition)

   ReactiveSecurityAutoConfiguration:
      Did not match:
         - @ConditionalOnClass did not find required class 'org.springframework.security.config.annotation.web.reactive.EnableWebFluxSecurity' (OnClassCondition)

   ReactiveUserDetailsServiceAutoConfiguration:
      Did not match:
         - @ConditionalOnClass did not find required class 'org.springframework.security.authentication.ReactiveAuthenticationManager' (OnClassCondition)

   ReactiveWebServerFactoryAutoConfiguration:
      Did not match:
         - not a reactive web application (OnWebApplicationCondition)
      Matched:
         - @ConditionalOnClass found required class 'org.springframework.http.ReactiveHttpInputMessage' (OnClassCondition)

   RedisAutoConfiguration:
      Did not match:
         - @ConditionalOnClass did not find required class 'org.springframework.data.redis.core.RedisOperations' (OnClassCondition)

   RedisCacheConfiguration:
      Did not match:
         - @ConditionalOnClass did not find required class 'org.springframework.data.redis.connection.RedisConnectionFactory' (OnClassCondition)

   RedisHealthContributorAutoConfiguration:
      Did not match:
         - @ConditionalOnClass did not find required class 'org.springframework.data.redis.connection.RedisConnectionFactory' (OnClassCondition)

   RedisReactiveAutoConfiguration:
      Did not match:
         - @ConditionalOnClass did not find required class 'org.springframework.data.redis.connection.ReactiveRedisConnectionFactory' (OnClassCondition)

   RedisReactiveHealthContributorAutoConfiguration:
      Did not match:
         - @ConditionalOnClass did not find required class 'org.springframework.data.redis.connection.ReactiveRedisConnectionFactory' (OnClassCondition)

   RedisRepositoriesAutoConfiguration:
      Did not match:
         - @ConditionalOnClass did not find required class 'org.springframework.data.redis.repository.configuration.EnableRedisRepositories' (OnClassCondition)

   RepositoryRestMvcAutoConfiguration:
      Did not match:
         - @ConditionalOnClass did not find required class 'org.springframework.data.rest.webmvc.config.RepositoryRestMvcConfiguration' (OnClassCondition)

   Saml2RelyingPartyAutoConfiguration:
      Did not match:
         - @ConditionalOnClass did not find required class 'org.springframework.security.saml2.provider.service.registration.RelyingPartyRegistrationRepository' (OnClassCondition)

   SbomEndpointAutoConfiguration#sbomEndpointWebExtension:
      Did not match:
         - @ConditionalOnAvailableEndpoint not exposed (OnAvailableEndpointCondition)
      Matched:
         - @ConditionalOnBean (types: org.springframework.boot.actuate.sbom.SbomEndpoint; SearchStrategy: all) found bean 'sbomEndpoint'; @ConditionalOnMissingBean (types: org.springframework.boot.actuate.sbom.SbomEndpointWebExtension; SearchStrategy: all) did not find any beans (OnBeanCondition)

   SecurityAutoConfiguration:
      Did not match:
         - @ConditionalOnClass did not find required class 'org.springframework.security.authentication.DefaultAuthenticationEventPublisher' (OnClassCondition)

   SecurityFilterAutoConfiguration:
      Did not match:
         - @ConditionalOnClass did not find required class 'org.springframework.security.config.http.SessionCreationPolicy' (OnClassCondition)

   SecurityRequestMatchersManagementContextConfiguration:
      Did not match:
         - @ConditionalOnClass did not find required class 'org.springframework.security.web.util.matcher.RequestMatcher' (OnClassCondition)

   SendGridAutoConfiguration:
      Did not match:
         - @ConditionalOnClass did not find required class 'com.sendgrid.SendGrid' (OnClassCondition)

   ServletEndpointManagementContextConfiguration.JerseyServletEndpointManagementContextConfiguration:
      Did not match:
         - @ConditionalOnClass did not find required class 'org.glassfish.jersey.server.ResourceConfig' (OnClassCondition)

   ServletManagementContextAutoConfiguration.ApplicationContextFilterConfiguration:
      Did not match:
         - @ConditionalOnProperty (management.server.add-application-context-header=true) did not find property 'add-application-context-header' (OnPropertyCondition)

   ServletWebServerFactoryAutoConfiguration.ForwardedHeaderFilterConfiguration:
      Did not match:
         - @ConditionalOnProperty (server.forward-headers-strategy=framework) did not find property 'server.forward-headers-strategy' (OnPropertyCondition)

   ServletWebServerFactoryConfiguration.EmbeddedJetty:
      Did not match:
         - @ConditionalOnClass did not find required classes 'org.eclipse.jetty.server.Server', 'org.eclipse.jetty.util.Loader', 'org.eclipse.jetty.ee10.webapp.WebAppContext' (OnClassCondition)

   ServletWebServerFactoryConfiguration.EmbeddedUndertow:
      Did not match:
         - @ConditionalOnClass did not find required classes 'io.undertow.Undertow', 'org.xnio.SslClientAuthMode' (OnClassCondition)

   SessionAutoConfiguration:
      Did not match:
         - @ConditionalOnClass did not find required class 'org.springframework.session.Session' (OnClassCondition)

   SessionsEndpointAutoConfiguration:
      Did not match:
         - @ConditionalOnClass did not find required class 'org.springframework.session.Session' (OnClassCondition)

   ShutdownEndpointAutoConfiguration:
      Did not match:
         - @ConditionalOnAvailableEndpoint the configured access for endpoint 'shutdown' is NONE (OnAvailableEndpointCondition)

   SignalFxMetricsExportAutoConfiguration:
      Did not match:
         - @ConditionalOnClass did not find required class 'io.micrometer.signalfx.SignalFxMeterRegistry' (OnClassCondition)

   SpringDocConfiguration#propertiesResolverForSchema:
      Did not match:
         - @ConditionalOnProperty (springdoc.api-docs.resolve-schema-properties) did not find property 'springdoc.api-docs.resolve-schema-properties' (OnPropertyCondition)

   SpringDocConfiguration#propertyCustomizingConverter:
      Did not match:
         - @ConditionalOnBean (types: org.springdoc.core.customizers.PropertyCustomizer; SearchStrategy: all) did not find any beans of type org.springdoc.core.customizers.PropertyCustomizer (OnBeanCondition)

   SpringDocConfiguration#springdocBeanFactoryPostProcessor:
      Did not match:
         - AnyNestedCondition 0 matched 2 did not; NestedCondition on CacheOrGroupedOpenApiCondition.OnCacheDisabled found non-matching nested conditions @ConditionalOnProperty (springdoc.cache.disabled) did not find property 'springdoc.cache.disabled'; NestedCondition on CacheOrGroupedOpenApiCondition.OnMultipleOpenApiSupportCondition AnyNestedCondition 0 matched 2 did not; NestedCondition on MultipleOpenApiSupportCondition.OnActuatorDifferentPort found non-matching nested conditions Management Port actual port type (SAME) did not match required type (DIFFERENT), @ConditionalOnProperty (springdoc.show-actuator) did not find property 'springdoc.show-actuator'; NestedCondition on MultipleOpenApiSupportCondition.OnMultipleOpenApiSupportCondition AnyNestedCondition 0 matched 3 did not; NestedCondition on MultipleOpenApiGroupsCondition.OnListGroupedOpenApiBean @ConditionalOnBean (types: org.springdoc.core.models.GroupedOpenApi; SearchStrategy: all) did not find any beans of type org.springdoc.core.models.GroupedOpenApi; NestedCondition on MultipleOpenApiGroupsCondition.OnGroupConfigProperty @ConditionalOnProperty (springdoc.group-configs[0].group) did not find property 'springdoc.group-configs[0].group'; NestedCondition on MultipleOpenApiGroupsCondition.OnGroupedOpenApiBean @ConditionalOnBean (types: org.springdoc.core.models.GroupedOpenApi; SearchStrategy: all) did not find any beans of type org.springdoc.core.models.GroupedOpenApi (CacheOrGroupedOpenApiCondition)
      Matched:
         - @ConditionalOnClass found required class 'org.springframework.boot.context.properties.bind.BindResult' (OnClassCondition)

   SpringDocConfiguration#springdocBeanFactoryPostProcessor2:
      Did not match:
         - @ConditionalOnMissingClass found unwanted class 'org.springframework.boot.context.properties.bind.BindResult' (OnClassCondition)

   SpringDocConfiguration.SpringDocActuatorConfiguration:
      Did not match:
         - @ConditionalOnProperty (springdoc.show-actuator) did not find property 'springdoc.show-actuator' (OnPropertyCondition)
      Matched:
         - @ConditionalOnClass found required class 'org.springframework.boot.actuate.autoconfigure.endpoint.web.WebEndpointProperties' (OnClassCondition)

   SpringDocConfiguration.SpringDocRepositoryRestConfiguration:
      Did not match:
         - @ConditionalOnClass did not find required class 'org.springframework.data.rest.core.config.RepositoryRestConfiguration' (OnClassCondition)

   SpringDocDataRestConfiguration:
      Did not match:
         - @ConditionalOnClass did not find required class 'org.springframework.data.rest.core.config.RepositoryRestConfiguration' (OnClassCondition)

   SpringDocFunctionCatalogConfiguration:
      Did not match:
         - @ConditionalOnClass did not find required class 'org.springframework.cloud.function.web.function.FunctionEndpointInitializer' (OnClassCondition)

   SpringDocGroovyConfiguration:
      Did not match:
         - @ConditionalOnClass did not find required class 'groovy.lang.MetaClass' (OnClassCondition)

   SpringDocHateoasConfiguration:
      Did not match:
         - @ConditionalOnClass did not find required class 'org.springframework.hateoas.server.LinkRelationProvider' (OnClassCondition)

   SpringDocJacksonKotlinModuleConfiguration:
      Did not match:
         - @ConditionalOnClass did not find required class 'com.fasterxml.jackson.module.kotlin.KotlinModule' (OnClassCondition)

   SpringDocJavadocConfiguration:
      Did not match:
         - @ConditionalOnClass did not find required class 'com.github.therapi.runtimejavadoc.CommentFormatter' (OnClassCondition)

   SpringDocKotlinConfiguration:
      Did not match:
         - @ConditionalOnClass did not find required class 'kotlin.coroutines.Continuation' (OnClassCondition)

   SpringDocKotlinxConfiguration:
      Did not match:
         - @ConditionalOnClass did not find required class 'kotlinx.coroutines.flow.Flow' (OnClassCondition)

   SpringDocSecurityConfiguration:
      Did not match:
         - @ConditionalOnClass did not find required class 'org.springframework.security.web.SecurityFilterChain' (OnClassCondition)

   SpringDocSortConfiguration#dataRestDelegatingMethodParameterCustomizer:
      Did not match:
         - @ConditionalOnMissingBean (types: org.springdoc.core.customizers.DataRestDelegatingMethodParameterCustomizer; SearchStrategy: all) found beans of type 'org.springdoc.core.customizers.DataRestDelegatingMethodParameterCustomizer' dataRestDelegatingMethodParameterCustomizer (OnBeanCondition)

   SpringDocWebMvcConfiguration.SpringDocWebMvcActuatorConfiguration#actuatorProvider:
      Did not match:
         - @ConditionalOnExpression (#{${springdoc.show-actuator:false} or ${springdoc.use-management-port:false}}) resulted in false (OnExpressionCondition)

   SpringDocWebMvcConfiguration.SpringDocWebMvcActuatorConfiguration#openApiActuatorResource:
      Did not match:
         - @ConditionalOnExpression (#{${springdoc.use-management-port:false} and ${springdoc.enable-default-api-docs:true}}) resulted in false (OnExpressionCondition)

   StackdriverMetricsExportAutoConfiguration:
      Did not match:
         - @ConditionalOnClass did not find required class 'io.micrometer.stackdriver.StackdriverMeterRegistry' (OnClassCondition)

   StartupEndpointAutoConfiguration:
      Did not match:
         - ApplicationStartup configured applicationStartup is of type class org.springframework.core.metrics.DefaultApplicationStartup, expected BufferingApplicationStartup. (StartupEndpointAutoConfiguration.ApplicationStartupCondition)

   StatsdMetricsExportAutoConfiguration:
      Did not match:
         - @ConditionalOnClass did not find required class 'io.micrometer.statsd.StatsdMeterRegistry' (OnClassCondition)

   SwaggerConfig#springWebProvider:
      Did not match:
         - @ConditionalOnMissingBean (types: org.springdoc.core.providers.SpringWebProvider; SearchStrategy: all) found beans of type 'org.springdoc.core.providers.SpringWebProvider' springWebProvider (OnBeanCondition)

   SwaggerConfig#swaggerUiHome:
      Did not match:
         - @ConditionalOnProperty (springdoc.swagger-ui.use-root-path=true) did not find property 'springdoc.swagger-ui.use-root-path' (OnPropertyCondition)

   SwaggerConfig.SwaggerActuatorWelcomeConfiguration:
      Did not match:
         - @ConditionalOnProperty (springdoc.use-management-port) did not find property 'springdoc.use-management-port' (OnPropertyCondition)
      Matched:
         - @ConditionalOnClass found required class 'org.springframework.boot.actuate.endpoint.web.servlet.WebMvcEndpointHandlerMapping' (OnClassCondition)

   TaskExecutorConfigurations.SimpleAsyncTaskExecutorBuilderConfiguration#simpleAsyncTaskExecutorBuilderVirtualThreads:
      Did not match:
         - @ConditionalOnMissingBean (types: org.springframework.boot.task.SimpleAsyncTaskExecutorBuilder; SearchStrategy: all) found beans of type 'org.springframework.boot.task.SimpleAsyncTaskExecutorBuilder' simpleAsyncTaskExecutorBuilder (OnBeanCondition)

   TaskExecutorConfigurations.TaskExecutorConfiguration#applicationTaskExecutorVirtualThreads:
      Did not match:
         - @ConditionalOnThreading did not find VIRTUAL (OnThreadingCondition)

   TaskSchedulingAutoConfiguration#scheduledBeanLazyInitializationExcludeFilter:
      Did not match:
         - @ConditionalOnBean (names: org.springframework.context.annotation.internalScheduledAnnotationProcessor; SearchStrategy: all) did not find any beans named org.springframework.context.annotation.internalScheduledAnnotationProcessor (OnBeanCondition)

   TaskSchedulingConfigurations.SimpleAsyncTaskSchedulerBuilderConfiguration#simpleAsyncTaskSchedulerBuilderVirtualThreads:
      Did not match:
         - @ConditionalOnMissingBean (types: org.springframework.boot.task.SimpleAsyncTaskSchedulerBuilder; SearchStrategy: all) found beans of type 'org.springframework.boot.task.SimpleAsyncTaskSchedulerBuilder' simpleAsyncTaskSchedulerBuilder (OnBeanCondition)

   TaskSchedulingConfigurations.TaskSchedulerConfiguration:
      Did not match:
         - @ConditionalOnBean (names: org.springframework.context.annotation.internalScheduledAnnotationProcessor; SearchStrategy: all) did not find any beans named org.springframework.context.annotation.internalScheduledAnnotationProcessor (OnBeanCondition)

   ThymeleafAutoConfiguration:
      Did not match:
         - @ConditionalOnClass did not find required class 'org.thymeleaf.spring6.SpringTemplateEngine' (OnClassCondition)

   TransactionAutoConfiguration#transactionalOperator:
      Did not match:
         - @ConditionalOnSingleCandidate (types: org.springframework.transaction.ReactiveTransactionManager; SearchStrategy: all) did not find any beans (OnBeanCondition)

   TransactionAutoConfiguration.AspectJTransactionManagementConfiguration:
      Did not match:
         - @ConditionalOnBean (types: org.springframework.transaction.aspectj.AbstractTransactionAspect; SearchStrategy: all) did not find any beans of type org.springframework.transaction.aspectj.AbstractTransactionAspect (OnBeanCondition)

   TransactionAutoConfiguration.EnableTransactionManagementConfiguration.JdkDynamicAutoProxyConfiguration:
      Did not match:
         - @ConditionalOnProperty (spring.aop.proxy-target-class=false) did not find property 'proxy-target-class' (OnPropertyCondition)

   UserDetailsServiceAutoConfiguration:
      Did not match:
         - @ConditionalOnClass did not find required class 'org.springframework.security.authentication.AuthenticationManager' (OnClassCondition)

   WavefrontAutoConfiguration:
      Did not match:
         - @ConditionalOnClass did not find required class 'com.wavefront.sdk.common.application.ApplicationTags' (OnClassCondition)

   WavefrontMetricsExportAutoConfiguration:
      Did not match:
         - @ConditionalOnClass did not find required class 'com.wavefront.sdk.common.WavefrontSender' (OnClassCondition)

   WavefrontTracingAutoConfiguration:
      Did not match:
         - @ConditionalOnClass did not find required class 'com.wavefront.sdk.common.WavefrontSender' (OnClassCondition)

   WebFluxAutoConfiguration:
      Did not match:
         - not a reactive web application (OnWebApplicationCondition)
      Matched:
         - @ConditionalOnClass found required class 'org.springframework.web.reactive.config.WebFluxConfigurer' (OnClassCondition)

   WebFluxEndpointManagementContextConfiguration:
      Did not match:
         - not a reactive web application (OnWebApplicationCondition)
      Matched:
         - @ConditionalOnClass found required classes 'org.springframework.web.reactive.DispatcherHandler', 'org.springframework.http.server.reactive.HttpHandler' (OnClassCondition)

   WebFluxObservationAutoConfiguration:
      Did not match:
         - not a reactive web application (OnWebApplicationCondition)
      Matched:
         - @ConditionalOnClass found required classes 'io.micrometer.observation.Observation', 'io.micrometer.core.instrument.MeterRegistry' (OnClassCondition)

   WebMvcAutoConfiguration#hiddenHttpMethodFilter:
      Did not match:
         - @ConditionalOnProperty (spring.mvc.hiddenmethod.filter.enabled) did not find property 'enabled' (OnPropertyCondition)

   WebMvcAutoConfiguration.ProblemDetailsErrorHandlingConfiguration:
      Did not match:
         - @ConditionalOnProperty (spring.mvc.problemdetails.enabled=true) did not find property 'enabled' (OnPropertyCondition)

   WebMvcAutoConfiguration.WebMvcAutoConfigurationAdapter#beanNameViewResolver:
      Did not match:
         - @ConditionalOnMissingBean (types: org.springframework.web.servlet.view.BeanNameViewResolver; SearchStrategy: all) found beans of type 'org.springframework.web.servlet.view.BeanNameViewResolver' beanNameViewResolver (OnBeanCondition)

   WebMvcEndpointManagementContextConfiguration#managementHealthEndpointWebMvcHandlerMapping:
      Did not match:
         - Management Port actual port type (SAME) did not match required type (DIFFERENT) (OnManagementPortCondition)

   WebServiceTemplateAutoConfiguration:
      Did not match:
         - @ConditionalOnClass did not find required class 'org.springframework.oxm.Marshaller' (OnClassCondition)

   WebServicesAutoConfiguration:
      Did not match:
         - @ConditionalOnClass did not find required class 'org.springframework.ws.transport.http.MessageDispatcherServlet' (OnClassCondition)

   WebSessionIdResolverAutoConfiguration:
      Did not match:
         - not a reactive web application (OnWebApplicationCondition)
      Matched:
         - @ConditionalOnClass found required classes 'org.springframework.web.server.session.WebSessionManager', 'reactor.core.publisher.Mono' (OnClassCondition)

   WebSocketMessagingAutoConfiguration:
      Did not match:
         - @ConditionalOnClass did not find required class 'org.springframework.web.socket.config.annotation.WebSocketMessageBrokerConfigurer' (OnClassCondition)

   WebSocketReactiveAutoConfiguration:
      Did not match:
         - not a reactive web application (OnWebApplicationCondition)
      Matched:
         - @ConditionalOnClass found required classes 'jakarta.servlet.Servlet', 'jakarta.websocket.server.ServerContainer' (OnClassCondition)

   WebSocketServletAutoConfiguration.JettyWebSocketConfiguration:
      Did not match:
         - @ConditionalOnClass did not find required class 'org.eclipse.jetty.ee10.websocket.jakarta.server.config.JakartaWebSocketServletContainerInitializer' (OnClassCondition)

   WebSocketServletAutoConfiguration.UndertowWebSocketConfiguration:
      Did not match:
         - @ConditionalOnClass did not find required class 'io.undertow.websockets.jsr.Bootstrap' (OnClassCondition)

   XADataSourceAutoConfiguration:
      Did not match:
         - @ConditionalOnBean (types: org.springframework.boot.jdbc.XADataSourceWrapper; SearchStrategy: all) did not find any beans of type org.springframework.boot.jdbc.XADataSourceWrapper (OnBeanCondition)
      Matched:
         - @ConditionalOnClass found required classes 'javax.sql.DataSource', 'jakarta.transaction.TransactionManager', 'org.springframework.jdbc.datasource.embedded.EmbeddedDatabaseType' (OnClassCondition)

   ZipkinAutoConfiguration:
      Did not match:
         - @ConditionalOnClass did not find required class 'zipkin2.reporter.Encoding' (OnClassCondition)


Exclusions:
-----------

    None


Unconditional classes:
----------------------

    org.springframework.boot.autoconfigure.context.ConfigurationPropertiesAutoConfiguration

    org.springframework.boot.actuate.autoconfigure.availability.AvailabilityHealthContributorAutoConfiguration

    org.springframework.boot.autoconfigure.ssl.SslAutoConfiguration

    org.springframework.boot.actuate.autoconfigure.info.InfoContributorAutoConfiguration

    org.springframework.boot.autoconfigure.context.PropertyPlaceholderAutoConfiguration

    org.springframework.boot.autoconfigure.context.LifecycleAutoConfiguration

    org.springframework.boot.actuate.autoconfigure.metrics.integration.IntegrationMetricsAutoConfiguration

    org.springframework.boot.actuate.autoconfigure.endpoint.EndpointAutoConfiguration

    org.springframework.boot.actuate.autoconfigure.web.server.ManagementContextAutoConfiguration

    org.springframework.boot.actuate.autoconfigure.health.HealthContributorAutoConfiguration

    org.springframework.boot.actuate.autoconfigure.endpoint.jackson.JacksonEndpointAutoConfiguration

    org.springdoc.core.configuration.SpringDocSpecPropertiesConfiguration

    org.springframework.boot.autoconfigure.availability.ApplicationAvailabilityAutoConfiguration

    org.springframework.boot.autoconfigure.info.ProjectInfoAutoConfiguration



2025-03-28 13:17:00.882 [main] DEBUG org.springframework.boot.diagnostics.LoggingFailureAnalysisReporter -Application failed to start due to an exception
org.springframework.boot.autoconfigure.jdbc.DataSourceProperties$DataSourceBeanCreationException: Failed to determine a suitable driver class
	at org.springframework.boot.autoconfigure.jdbc.DataSourceProperties.determineDriverClassName(DataSourceProperties.java:186)
	at org.springframework.boot.autoconfigure.jdbc.PropertiesJdbcConnectionDetails.getDriverClassName(PropertiesJdbcConnectionDetails.java:49)
	at org.springframework.boot.autoconfigure.jdbc.DataSourceConfiguration.createDataSource(DataSourceConfiguration.java:55)
	at org.springframework.boot.autoconfigure.jdbc.DataSourceConfiguration$Hikari.dataSource(DataSourceConfiguration.java:117)
	at java.base/jdk.internal.reflect.NativeMethodAccessorImpl.invoke0(Native Method)
	at java.base/jdk.internal.reflect.NativeMethodAccessorImpl.invoke(NativeMethodAccessorImpl.java:77)
	at java.base/jdk.internal.reflect.DelegatingMethodAccessorImpl.invoke(DelegatingMethodAccessorImpl.java:43)
	at java.base/java.lang.reflect.Method.invoke(Method.java:569)
	at org.springframework.beans.factory.support.SimpleInstantiationStrategy.lambda$instantiate$0(SimpleInstantiationStrategy.java:171)
	at org.springframework.beans.factory.support.SimpleInstantiationStrategy.instantiateWithFactoryMethod(SimpleInstantiationStrategy.java:88)
	at org.springframework.beans.factory.support.SimpleInstantiationStrategy.instantiate(SimpleInstantiationStrategy.java:168)
	at org.springframework.beans.factory.support.ConstructorResolver.instantiate(ConstructorResolver.java:653)
	at org.springframework.beans.factory.support.ConstructorResolver.instantiateUsingFactoryMethod(ConstructorResolver.java:645)
	at org.springframework.beans.factory.support.AbstractAutowireCapableBeanFactory.instantiateUsingFactoryMethod(AbstractAutowireCapableBeanFactory.java:1361)
	at org.springframework.beans.factory.support.AbstractAutowireCapableBeanFactory.createBeanInstance(AbstractAutowireCapableBeanFactory.java:1191)
	at org.springframework.beans.factory.support.AbstractAutowireCapableBeanFactory.doCreateBean(AbstractAutowireCapableBeanFactory.java:563)
	at org.springframework.beans.factory.support.AbstractAutowireCapableBeanFactory.createBean(AbstractAutowireCapableBeanFactory.java:523)
	at org.springframework.beans.factory.support.AbstractBeanFactory.lambda$doGetBean$0(AbstractBeanFactory.java:336)
	at org.springframework.beans.factory.support.DefaultSingletonBeanRegistry.getSingleton(DefaultSingletonBeanRegistry.java:307)
	at org.springframework.beans.factory.support.AbstractBeanFactory.doGetBean(AbstractBeanFactory.java:334)
	at org.springframework.beans.factory.support.AbstractBeanFactory.getBean(AbstractBeanFactory.java:199)
	at org.springframework.beans.factory.support.DefaultListableBeanFactory.doResolveDependency(DefaultListableBeanFactory.java:1573)
	at org.springframework.beans.factory.support.DefaultListableBeanFactory.resolveDependency(DefaultListableBeanFactory.java:1519)
	at org.springframework.beans.factory.support.ConstructorResolver.resolveAutowiredArgument(ConstructorResolver.java:913)
	at org.springframework.beans.factory.support.ConstructorResolver.createArgumentArray(ConstructorResolver.java:791)
	at org.springframework.beans.factory.support.ConstructorResolver.instantiateUsingFactoryMethod(ConstructorResolver.java:546)
	at org.springframework.beans.factory.support.AbstractAutowireCapableBeanFactory.instantiateUsingFactoryMethod(AbstractAutowireCapableBeanFactory.java:1361)
	at org.springframework.beans.factory.support.AbstractAutowireCapableBeanFactory.createBeanInstance(AbstractAutowireCapableBeanFactory.java:1191)
	at org.springframework.beans.factory.support.AbstractAutowireCapableBeanFactory.doCreateBean(AbstractAutowireCapableBeanFactory.java:563)
	at org.springframework.beans.factory.support.AbstractAutowireCapableBeanFactory.createBean(AbstractAutowireCapableBeanFactory.java:523)
	at org.springframework.beans.factory.support.AbstractBeanFactory.lambda$doGetBean$0(AbstractBeanFactory.java:336)
	at org.springframework.beans.factory.support.DefaultSingletonBeanRegistry.getSingleton(DefaultSingletonBeanRegistry.java:307)
	at org.springframework.beans.factory.support.AbstractBeanFactory.doGetBean(AbstractBeanFactory.java:334)
	at org.springframework.beans.factory.support.AbstractBeanFactory.getBean(AbstractBeanFactory.java:199)
	at org.springframework.beans.factory.support.AbstractBeanFactory.doGetBean(AbstractBeanFactory.java:312)
	at org.springframework.beans.factory.support.AbstractBeanFactory.getBean(AbstractBeanFactory.java:204)
	at org.springframework.context.support.AbstractApplicationContext.finishBeanFactoryInitialization(AbstractApplicationContext.java:970)
	at org.springframework.context.support.AbstractApplicationContext.refresh(AbstractApplicationContext.java:627)
	at org.springframework.boot.web.servlet.context.ServletWebServerApplicationContext.refresh(ServletWebServerApplicationContext.java:146)
	at org.springframework.boot.SpringApplication.refresh(SpringApplication.java:752)
	at org.springframework.boot.SpringApplication.refreshContext(SpringApplication.java:439)
	at org.springframework.boot.SpringApplication.run(SpringApplication.java:318)
	at org.springframework.boot.SpringApplication.run(SpringApplication.java:1361)
	at org.springframework.boot.SpringApplication.run(SpringApplication.java:1350)
	at com.sprint.mission.discodeit.DiscodeitApplication.main(DiscodeitApplication.java:12)
2025-03-28 13:17:00.891 [main] ERROR org.springframework.boot.diagnostics.LoggingFailureAnalysisReporter -

***************************
APPLICATION FAILED TO START
***************************

Description:

Failed to configure a DataSource: 'url' attribute is not specified and no embedded datasource could be configured.

Reason: Failed to determine a suitable driver class


Action:

Consider the following:
	If you want an embedded database (H2, HSQL or Derby), please put it on the classpath.
	If you have database settings to be loaded from a particular profile you may need to activate it (no profiles are currently active).

2025-03-28 13:18:15.873 [background-preinit] INFO  org.hibernate.validator.internal.util.Version -HV000001: Hibernate Validator 8.0.2.Final
2025-03-28 13:18:16.047 [main] INFO  com.sprint.mission.discodeit.DiscodeitApplication -Starting DiscodeitApplication using Java 17.0.12 with PID 7520 (C:\Users\qwert\1-sprint-mission\build\classes\java\main started by qwert in C:\Users\qwert\1-sprint-mission)
2025-03-28 13:18:16.048 [main] INFO  com.sprint.mission.discodeit.DiscodeitApplication -The following 1 profile is active: "dev"
2025-03-28 13:18:19.441 [main] INFO  org.springframework.data.repository.config.RepositoryConfigurationDelegate -Bootstrapping Spring Data JPA repositories in DEFAULT mode.
2025-03-28 13:18:19.933 [main] INFO  org.springframework.data.repository.config.RepositoryConfigurationDelegate -Finished Spring Data repository scanning in 472 ms. Found 6 JPA repository interfaces.
2025-03-28 13:18:21.649 [main] INFO  org.springframework.boot.web.embedded.tomcat.TomcatWebServer -Tomcat initialized with port 8080 (http)
2025-03-28 13:18:21.673 [main] INFO  org.apache.coyote.http11.Http11NioProtocol -Initializing ProtocolHandler ["http-nio-8080"]
2025-03-28 13:18:21.677 [main] INFO  org.apache.catalina.core.StandardService -Starting service [Tomcat]
2025-03-28 13:18:21.678 [main] INFO  org.apache.catalina.core.StandardEngine -Starting Servlet engine: [Apache Tomcat/10.1.34]
2025-03-28 13:18:21.913 [main] INFO  org.apache.catalina.core.ContainerBase.[Tomcat].[localhost].[/] -Initializing Spring embedded WebApplicationContext
2025-03-28 13:18:21.914 [main] INFO  org.springframework.boot.web.servlet.context.ServletWebServerApplicationContext -Root WebApplicationContext: initialization completed in 5722 ms
2025-03-28 13:18:22.402 [main] DEBUG org.springframework.web.filter.ServerHttpObservationFilter -Filter 'webMvcObservationFilter' configured for use
2025-03-28 13:18:22.546 [main] INFO  com.zaxxer.hikari.HikariDataSource   -HikariPool-1 - Starting...
2025-03-28 13:18:23.060 [main] INFO  com.zaxxer.hikari.pool.HikariPool    -HikariPool-1 - Added connection org.postgresql.jdbc.PgConnection@340b4f07
2025-03-28 13:18:23.064 [main] INFO  com.zaxxer.hikari.HikariDataSource   -HikariPool-1 - Start completed.
2025-03-28 13:18:23.297 [main] INFO  org.hibernate.jpa.internal.util.LogHelper -HHH000204: Processing PersistenceUnitInfo [name: default]
2025-03-28 13:18:23.437 [main] INFO  org.hibernate.Version                -HHH000412: Hibernate ORM core version 6.6.5.Final
2025-03-28 13:18:23.601 [main] INFO  org.hibernate.cache.internal.RegionFactoryInitiator -HHH000026: Second-level cache disabled
2025-03-28 13:18:24.489 [main] INFO  org.springframework.orm.jpa.persistenceunit.SpringPersistenceUnitInfo -No LoadTimeWeaver setup: ignoring JPA class transformer
2025-03-28 13:18:24.791 [main] INFO  org.hibernate.orm.connections.pooling -HHH10001005: Database info:
	Database JDBC URL [Connecting through datasource 'HikariDataSource (HikariPool-1)']
	Database driver: undefined/unknown
	Database version: 17.4
	Autocommit mode: undefined/unknown
	Isolation level: undefined/unknown
	Minimum pool size: undefined/unknown
	Maximum pool size: undefined/unknown
2025-03-28 13:18:27.856 [main] INFO  org.hibernate.engine.transaction.jta.platform.internal.JtaPlatformInitiator -HHH000489: No JTA platform available (set 'hibernate.transaction.jta.platform' to enable JTA platform integration)
2025-03-28 13:18:28.656 [main] INFO  org.springframework.orm.jpa.LocalContainerEntityManagerFactoryBean -Initialized JPA EntityManagerFactory for persistence unit 'default'
2025-03-28 13:18:30.504 [main] INFO  org.springframework.data.jpa.repository.query.QueryEnhancerFactory -Hibernate is in classpath; If applicable, HQL parser will be used.
2025-03-28 13:18:33.658 [main] INFO  org.springframework.boot.autoconfigure.web.servlet.WelcomePageHandlerMapping -Adding welcome page: class path resource [static/index.html]
2025-03-28 13:18:33.887 [main] DEBUG org.springframework.web.servlet.mvc.method.annotation.RequestMappingHandlerMapping -28 mappings in 'requestMappingHandlerMapping'
2025-03-28 13:18:34.030 [main] DEBUG org.springframework.web.servlet.handler.SimpleUrlHandlerMapping -Patterns [/webjars/**, /**, /swagger-ui*/*swagger-initializer.js, /swagger-ui*/**] in 'resourceHandlerMapping'
2025-03-28 13:18:34.121 [main] DEBUG org.springframework.web.servlet.mvc.method.annotation.RequestMappingHandlerAdapter -ControllerAdvice beans: 0 @ModelAttribute, 0 @InitBinder, 1 RequestBodyAdvice, 1 ResponseBodyAdvice
2025-03-28 13:18:34.234 [main] DEBUG org.springframework.web.servlet.mvc.method.annotation.ExceptionHandlerExceptionResolver -ControllerAdvice beans: 2 @ExceptionHandler, 1 ResponseBodyAdvice
2025-03-28 13:18:35.339 [main] INFO  org.springframework.boot.actuate.endpoint.web.EndpointLinksResolver -Exposing 4 endpoints beneath base path '/actuator'
2025-03-28 13:18:35.640 [main] INFO  org.springframework.boot.web.embedded.tomcat.TomcatWebServer -Tomcat started on port 8080 (http) with context path '/'
2025-03-28 13:18:35.669 [main] INFO  com.sprint.mission.discodeit.DiscodeitApplication -Started DiscodeitApplication in 22.171 seconds (process running for 24.447)
2025-03-28 13:18:35.674 [SpringApplicationShutdownHook] INFO  org.springframework.boot.web.embedded.tomcat.GracefulShutdown -Commencing graceful shutdown. Waiting for active requests to complete
2025-03-28 13:18:36.095 [tomcat-shutdown] INFO  org.springframework.boot.web.embedded.tomcat.GracefulShutdown -Graceful shutdown complete
2025-03-28 13:18:36.151 [SpringApplicationShutdownHook] INFO  org.springframework.orm.jpa.LocalContainerEntityManagerFactoryBean -Closing JPA EntityManagerFactory for persistence unit 'default'
2025-03-28 13:18:36.155 [SpringApplicationShutdownHook] INFO  com.zaxxer.hikari.HikariDataSource   -HikariPool-1 - Shutdown initiated...
2025-03-28 13:18:36.162 [SpringApplicationShutdownHook] INFO  com.zaxxer.hikari.HikariDataSource   -HikariPool-1 - Shutdown completed.
2025-03-28 13:18:41.999 [background-preinit] INFO  org.hibernate.validator.internal.util.Version -HV000001: Hibernate Validator 8.0.2.Final
2025-03-28 13:18:42.130 [main] INFO  com.sprint.mission.discodeit.DiscodeitApplication -Starting DiscodeitApplication using Java 17.0.12 with PID 7688 (C:\Users\qwert\1-sprint-mission\build\classes\java\main started by qwert in C:\Users\qwert\1-sprint-mission)
2025-03-28 13:18:42.133 [main] INFO  com.sprint.mission.discodeit.DiscodeitApplication -The following 1 profile is active: "dev"
2025-03-28 13:18:44.803 [main] INFO  org.springframework.data.repository.config.RepositoryConfigurationDelegate -Bootstrapping Spring Data JPA repositories in DEFAULT mode.
2025-03-28 13:18:45.213 [main] INFO  org.springframework.data.repository.config.RepositoryConfigurationDelegate -Finished Spring Data repository scanning in 391 ms. Found 6 JPA repository interfaces.
2025-03-28 13:18:46.714 [main] INFO  org.springframework.boot.web.embedded.tomcat.TomcatWebServer -Tomcat initialized with port 8080 (http)
2025-03-28 13:18:46.740 [main] INFO  org.apache.coyote.http11.Http11NioProtocol -Initializing ProtocolHandler ["http-nio-8080"]
2025-03-28 13:18:46.743 [main] INFO  org.apache.catalina.core.StandardService -Starting service [Tomcat]
2025-03-28 13:18:46.743 [main] INFO  org.apache.catalina.core.StandardEngine -Starting Servlet engine: [Apache Tomcat/10.1.34]
2025-03-28 13:18:46.891 [main] INFO  org.apache.catalina.core.ContainerBase.[Tomcat].[localhost].[/] -Initializing Spring embedded WebApplicationContext
2025-03-28 13:18:46.891 [main] INFO  org.springframework.boot.web.servlet.context.ServletWebServerApplicationContext -Root WebApplicationContext: initialization completed in 4636 ms
2025-03-28 13:18:47.265 [main] DEBUG org.springframework.web.filter.ServerHttpObservationFilter -Filter 'webMvcObservationFilter' configured for use
2025-03-28 13:18:47.372 [main] INFO  com.zaxxer.hikari.HikariDataSource   -HikariPool-1 - Starting...
2025-03-28 13:18:47.751 [main] INFO  com.zaxxer.hikari.pool.HikariPool    -HikariPool-1 - Added connection org.postgresql.jdbc.PgConnection@31443680
2025-03-28 13:18:47.755 [main] INFO  com.zaxxer.hikari.HikariDataSource   -HikariPool-1 - Start completed.
2025-03-28 13:18:47.972 [main] INFO  org.hibernate.jpa.internal.util.LogHelper -HHH000204: Processing PersistenceUnitInfo [name: default]
2025-03-28 13:18:48.137 [main] INFO  org.hibernate.Version                -HHH000412: Hibernate ORM core version 6.6.5.Final
2025-03-28 13:18:48.234 [main] INFO  org.hibernate.cache.internal.RegionFactoryInitiator -HHH000026: Second-level cache disabled
2025-03-28 13:18:49.002 [main] INFO  org.springframework.orm.jpa.persistenceunit.SpringPersistenceUnitInfo -No LoadTimeWeaver setup: ignoring JPA class transformer
2025-03-28 13:18:49.218 [main] INFO  org.hibernate.orm.connections.pooling -HHH10001005: Database info:
	Database JDBC URL [Connecting through datasource 'HikariDataSource (HikariPool-1)']
	Database driver: undefined/unknown
	Database version: 17.4
	Autocommit mode: undefined/unknown
	Isolation level: undefined/unknown
	Minimum pool size: undefined/unknown
	Maximum pool size: undefined/unknown
2025-03-28 13:18:51.744 [main] INFO  org.hibernate.engine.transaction.jta.platform.internal.JtaPlatformInitiator -HHH000489: No JTA platform available (set 'hibernate.transaction.jta.platform' to enable JTA platform integration)
2025-03-28 13:18:52.041 [main] INFO  org.springframework.orm.jpa.LocalContainerEntityManagerFactoryBean -Initialized JPA EntityManagerFactory for persistence unit 'default'
2025-03-28 13:18:53.139 [main] INFO  org.springframework.data.jpa.repository.query.QueryEnhancerFactory -Hibernate is in classpath; If applicable, HQL parser will be used.
2025-03-28 13:18:55.101 [main] INFO  org.springframework.boot.autoconfigure.web.servlet.WelcomePageHandlerMapping -Adding welcome page: class path resource [static/index.html]
2025-03-28 13:18:55.314 [main] DEBUG org.springframework.web.servlet.mvc.method.annotation.RequestMappingHandlerMapping -28 mappings in 'requestMappingHandlerMapping'
2025-03-28 13:18:55.429 [main] DEBUG org.springframework.web.servlet.handler.SimpleUrlHandlerMapping -Patterns [/webjars/**, /**, /swagger-ui*/*swagger-initializer.js, /swagger-ui*/**] in 'resourceHandlerMapping'
2025-03-28 13:18:55.514 [main] DEBUG org.springframework.web.servlet.mvc.method.annotation.RequestMappingHandlerAdapter -ControllerAdvice beans: 0 @ModelAttribute, 0 @InitBinder, 1 RequestBodyAdvice, 1 ResponseBodyAdvice
2025-03-28 13:18:55.642 [main] DEBUG org.springframework.web.servlet.mvc.method.annotation.ExceptionHandlerExceptionResolver -ControllerAdvice beans: 2 @ExceptionHandler, 1 ResponseBodyAdvice
2025-03-28 13:18:56.660 [main] INFO  org.springframework.boot.actuate.endpoint.web.EndpointLinksResolver -Exposing 5 endpoints beneath base path '/actuator'
2025-03-28 13:18:56.918 [main] INFO  org.apache.coyote.http11.Http11NioProtocol -Starting ProtocolHandler ["http-nio-8080"]
2025-03-28 13:18:56.956 [main] INFO  org.springframework.boot.web.embedded.tomcat.TomcatWebServer -Tomcat started on port 8080 (http) with context path '/'
2025-03-28 13:18:56.996 [main] INFO  com.sprint.mission.discodeit.DiscodeitApplication -Started DiscodeitApplication in 16.374 seconds (process running for 17.919)
2025-03-28 13:18:57.432 [RMI TCP Connection(1)-172.30.1.73] INFO  org.apache.catalina.core.ContainerBase.[Tomcat].[localhost].[/] -Initializing Spring DispatcherServlet 'dispatcherServlet'
2025-03-28 13:18:57.433 [RMI TCP Connection(1)-172.30.1.73] INFO  org.springframework.web.servlet.DispatcherServlet -Initializing Servlet 'dispatcherServlet'
2025-03-28 13:18:57.434 [RMI TCP Connection(1)-172.30.1.73] DEBUG org.springframework.web.servlet.DispatcherServlet -Detected StandardServletMultipartResolver
2025-03-28 13:18:57.434 [RMI TCP Connection(1)-172.30.1.73] DEBUG org.springframework.web.servlet.DispatcherServlet -Detected AcceptHeaderLocaleResolver
2025-03-28 13:18:57.434 [RMI TCP Connection(1)-172.30.1.73] DEBUG org.springframework.web.servlet.DispatcherServlet -Detected FixedThemeResolver
2025-03-28 13:18:57.437 [RMI TCP Connection(1)-172.30.1.73] DEBUG org.springframework.web.servlet.DispatcherServlet -Detected org.springframework.web.servlet.view.DefaultRequestToViewNameTranslator@21ffedc7
2025-03-28 13:18:57.438 [RMI TCP Connection(1)-172.30.1.73] DEBUG org.springframework.web.servlet.DispatcherServlet -Detected org.springframework.web.servlet.support.SessionFlashMapManager@7bb5f1b5
2025-03-28 13:18:57.439 [RMI TCP Connection(1)-172.30.1.73] DEBUG org.springframework.web.servlet.DispatcherServlet -enableLoggingRequestDetails='false': request parameters and headers will be masked to prevent unsafe logging of potentially sensitive data
2025-03-28 13:18:57.440 [RMI TCP Connection(1)-172.30.1.73] INFO  org.springframework.web.servlet.DispatcherServlet -Completed initialization in 7 ms
2025-03-28 13:19:02.811 [http-nio-8080-exec-1] DEBUG org.springframework.web.servlet.DispatcherServlet -GET "/actuator/env", parameters={}
2025-03-28 13:19:02.885 [http-nio-8080-exec-1] DEBUG org.springframework.web.servlet.mvc.method.annotation.RequestResponseBodyMethodProcessor -Read "application/octet-stream" to []
2025-03-28 13:19:02.928 [http-nio-8080-exec-1] DEBUG org.springframework.web.servlet.mvc.method.annotation.RequestResponseBodyMethodProcessor -Using 'application/vnd.spring-boot.actuator.v3+json;q=0.8', given [text/html, application/xhtml+xml, image/avif, image/webp, image/apng, application/xml;q=0.9, */*;q=0.8, application/signed-exchange;v=b3;q=0.7] and supported [application/vnd.spring-boot.actuator.v3+json, application/vnd.spring-boot.actuator.v2+json, application/json]
2025-03-28 13:19:02.933 [http-nio-8080-exec-1] DEBUG org.springframework.web.servlet.mvc.method.annotation.RequestResponseBodyMethodProcessor -Writing [org.springframework.boot.actuate.env.EnvironmentEndpoint$EnvironmentDescriptor@379d91eb]
2025-03-28 13:19:02.971 [http-nio-8080-exec-1] DEBUG org.springframework.web.servlet.DispatcherServlet -Completed 200 OK
2025-03-28 13:19:03.084 [http-nio-8080-exec-2] DEBUG org.springframework.web.servlet.DispatcherServlet -GET "/favicon.ico", parameters={}
2025-03-28 13:19:03.092 [http-nio-8080-exec-2] DEBUG org.springframework.web.servlet.handler.SimpleUrlHandlerMapping -Mapped to ResourceHttpRequestHandler [classpath [META-INF/resources/], classpath [resources/], classpath [static/], classpath [public/], ServletContext [/]]
2025-03-28 13:19:03.117 [http-nio-8080-exec-2] DEBUG org.springframework.web.servlet.DispatcherServlet -Completed 200 OK
2025-03-28 13:19:34.701 [http-nio-8080-exec-3] DEBUG org.springframework.web.servlet.DispatcherServlet -GET "/actuator/info", parameters={}
2025-03-28 13:19:34.704 [http-nio-8080-exec-3] DEBUG org.springframework.web.servlet.mvc.method.annotation.RequestResponseBodyMethodProcessor -Read "application/octet-stream" to []
2025-03-28 13:19:34.707 [http-nio-8080-exec-3] DEBUG org.springframework.web.servlet.mvc.method.annotation.RequestResponseBodyMethodProcessor -Using 'application/vnd.spring-boot.actuator.v3+json;q=0.8', given [text/html, application/xhtml+xml, image/avif, image/webp, image/apng, application/xml;q=0.9, */*;q=0.8, application/signed-exchange;v=b3;q=0.7] and supported [application/vnd.spring-boot.actuator.v3+json, application/vnd.spring-boot.actuator.v2+json, application/json]
2025-03-28 13:19:34.708 [http-nio-8080-exec-3] DEBUG org.springframework.web.servlet.mvc.method.annotation.RequestResponseBodyMethodProcessor -Writing [{}]
2025-03-28 13:19:34.711 [http-nio-8080-exec-3] DEBUG org.springframework.web.servlet.DispatcherServlet -Completed 200 OK
2025-03-28 13:19:54.893 [http-nio-8080-exec-4] DEBUG org.springframework.web.servlet.DispatcherServlet -GET "/actuator/env", parameters={}
2025-03-28 13:19:54.894 [http-nio-8080-exec-4] DEBUG org.springframework.web.servlet.mvc.method.annotation.RequestResponseBodyMethodProcessor -Read "application/octet-stream" to []
2025-03-28 13:19:54.908 [http-nio-8080-exec-4] DEBUG org.springframework.web.servlet.mvc.method.annotation.RequestResponseBodyMethodProcessor -Using 'application/vnd.spring-boot.actuator.v3+json;q=0.8', given [text/html, application/xhtml+xml, image/avif, image/webp, image/apng, application/xml;q=0.9, */*;q=0.8, application/signed-exchange;v=b3;q=0.7] and supported [application/vnd.spring-boot.actuator.v3+json, application/vnd.spring-boot.actuator.v2+json, application/json]
2025-03-28 13:19:54.910 [http-nio-8080-exec-4] DEBUG org.springframework.web.servlet.mvc.method.annotation.RequestResponseBodyMethodProcessor -Writing [org.springframework.boot.actuate.env.EnvironmentEndpoint$EnvironmentDescriptor@3c9a829b]
2025-03-28 13:19:54.916 [http-nio-8080-exec-4] DEBUG org.springframework.web.servlet.DispatcherServlet -Completed 200 OK
2025-03-28 13:20:36.396 [http-nio-8080-exec-6] DEBUG org.springframework.web.servlet.DispatcherServlet -GET "/actuator/info", parameters={}
2025-03-28 13:20:36.398 [http-nio-8080-exec-6] DEBUG org.springframework.web.servlet.mvc.method.annotation.RequestResponseBodyMethodProcessor -Read "application/octet-stream" to []
2025-03-28 13:20:36.399 [http-nio-8080-exec-6] DEBUG org.springframework.web.servlet.mvc.method.annotation.RequestResponseBodyMethodProcessor -Using 'application/vnd.spring-boot.actuator.v3+json;q=0.8', given [text/html, application/xhtml+xml, image/avif, image/webp, image/apng, application/xml;q=0.9, */*;q=0.8, application/signed-exchange;v=b3;q=0.7] and supported [application/vnd.spring-boot.actuator.v3+json, application/vnd.spring-boot.actuator.v2+json, application/json]
2025-03-28 13:20:36.399 [http-nio-8080-exec-6] DEBUG org.springframework.web.servlet.mvc.method.annotation.RequestResponseBodyMethodProcessor -Writing [{}]
2025-03-28 13:20:36.401 [http-nio-8080-exec-6] DEBUG org.springframework.web.servlet.DispatcherServlet -Completed 200 OK
2025-03-28 13:20:38.552 [http-nio-8080-exec-7] DEBUG org.springframework.web.servlet.DispatcherServlet -GET "/actuator/info", parameters={}
2025-03-28 13:20:38.554 [http-nio-8080-exec-7] DEBUG org.springframework.web.servlet.mvc.method.annotation.RequestResponseBodyMethodProcessor -Read "application/octet-stream" to []
2025-03-28 13:20:38.555 [http-nio-8080-exec-7] DEBUG org.springframework.web.servlet.mvc.method.annotation.RequestResponseBodyMethodProcessor -Using 'application/vnd.spring-boot.actuator.v3+json;q=0.8', given [text/html, application/xhtml+xml, image/avif, image/webp, image/apng, application/xml;q=0.9, */*;q=0.8, application/signed-exchange;v=b3;q=0.7] and supported [application/vnd.spring-boot.actuator.v3+json, application/vnd.spring-boot.actuator.v2+json, application/json]
2025-03-28 13:20:38.556 [http-nio-8080-exec-7] DEBUG org.springframework.web.servlet.mvc.method.annotation.RequestResponseBodyMethodProcessor -Writing [{}]
2025-03-28 13:20:38.557 [http-nio-8080-exec-7] DEBUG org.springframework.web.servlet.DispatcherServlet -Completed 200 OK
2025-03-28 13:20:38.595 [http-nio-8080-exec-8] DEBUG org.springframework.web.servlet.DispatcherServlet -GET "/favicon.ico", parameters={}
2025-03-28 13:20:38.597 [http-nio-8080-exec-8] DEBUG org.springframework.web.servlet.handler.SimpleUrlHandlerMapping -Mapped to ResourceHttpRequestHandler [classpath [META-INF/resources/], classpath [resources/], classpath [static/], classpath [public/], ServletContext [/]]
2025-03-28 13:20:38.603 [http-nio-8080-exec-8] DEBUG org.springframework.web.servlet.DispatcherServlet -Completed 200 OK
2025-03-28 13:20:40.329 [http-nio-8080-exec-9] DEBUG org.springframework.web.servlet.DispatcherServlet -GET "/actuator/info", parameters={}
2025-03-28 13:20:40.330 [http-nio-8080-exec-9] DEBUG org.springframework.web.servlet.mvc.method.annotation.RequestResponseBodyMethodProcessor -Read "application/octet-stream" to []
2025-03-28 13:20:40.331 [http-nio-8080-exec-9] DEBUG org.springframework.web.servlet.mvc.method.annotation.RequestResponseBodyMethodProcessor -Using 'application/vnd.spring-boot.actuator.v3+json;q=0.8', given [text/html, application/xhtml+xml, image/avif, image/webp, image/apng, application/xml;q=0.9, */*;q=0.8, application/signed-exchange;v=b3;q=0.7] and supported [application/vnd.spring-boot.actuator.v3+json, application/vnd.spring-boot.actuator.v2+json, application/json]
2025-03-28 13:20:40.331 [http-nio-8080-exec-9] DEBUG org.springframework.web.servlet.mvc.method.annotation.RequestResponseBodyMethodProcessor -Writing [{}]
2025-03-28 13:20:40.332 [http-nio-8080-exec-9] DEBUG org.springframework.web.servlet.DispatcherServlet -Completed 200 OK
2025-03-28 13:20:41.921 [http-nio-8080-exec-10] DEBUG org.springframework.web.servlet.DispatcherServlet -GET "/actuator/info", parameters={}
2025-03-28 13:20:41.922 [http-nio-8080-exec-10] DEBUG org.springframework.web.servlet.mvc.method.annotation.RequestResponseBodyMethodProcessor -Read "application/octet-stream" to []
2025-03-28 13:20:41.924 [http-nio-8080-exec-10] DEBUG org.springframework.web.servlet.mvc.method.annotation.RequestResponseBodyMethodProcessor -Using 'application/vnd.spring-boot.actuator.v3+json;q=0.8', given [text/html, application/xhtml+xml, image/avif, image/webp, image/apng, application/xml;q=0.9, */*;q=0.8, application/signed-exchange;v=b3;q=0.7] and supported [application/vnd.spring-boot.actuator.v3+json, application/vnd.spring-boot.actuator.v2+json, application/json]
2025-03-28 13:20:41.924 [http-nio-8080-exec-10] DEBUG org.springframework.web.servlet.mvc.method.annotation.RequestResponseBodyMethodProcessor -Writing [{}]
2025-03-28 13:20:41.925 [http-nio-8080-exec-10] DEBUG org.springframework.web.servlet.DispatcherServlet -Completed 200 OK
2025-03-28 13:20:41.962 [http-nio-8080-exec-1] DEBUG org.springframework.web.servlet.DispatcherServlet -GET "/favicon.ico", parameters={}
2025-03-28 13:20:41.966 [http-nio-8080-exec-1] DEBUG org.springframework.web.servlet.handler.SimpleUrlHandlerMapping -Mapped to ResourceHttpRequestHandler [classpath [META-INF/resources/], classpath [resources/], classpath [static/], classpath [public/], ServletContext [/]]
2025-03-28 13:20:41.970 [http-nio-8080-exec-1] DEBUG org.springframework.web.servlet.DispatcherServlet -Completed 200 OK
2025-03-28 13:21:16.298 [SpringApplicationShutdownHook] INFO  org.springframework.boot.web.embedded.tomcat.GracefulShutdown -Commencing graceful shutdown. Waiting for active requests to complete
2025-03-28 13:21:16.829 [tomcat-shutdown] INFO  org.springframework.boot.web.embedded.tomcat.GracefulShutdown -Graceful shutdown complete
2025-03-28 13:21:16.905 [SpringApplicationShutdownHook] INFO  org.springframework.orm.jpa.LocalContainerEntityManagerFactoryBean -Closing JPA EntityManagerFactory for persistence unit 'default'
2025-03-28 13:21:16.909 [SpringApplicationShutdownHook] INFO  com.zaxxer.hikari.HikariDataSource   -HikariPool-1 - Shutdown initiated...
2025-03-28 13:21:16.919 [SpringApplicationShutdownHook] INFO  com.zaxxer.hikari.HikariDataSource   -HikariPool-1 - Shutdown completed.
2025-03-28 13:24:18.627 [background-preinit] INFO  org.hibernate.validator.internal.util.Version -HV000001: Hibernate Validator 8.0.2.Final
2025-03-28 13:24:18.739 [main] INFO  com.sprint.mission.discodeit.DiscodeitApplication -Starting DiscodeitApplication using Java 17.0.12 with PID 15188 (C:\Users\qwert\1-sprint-mission\build\classes\java\main started by qwert in C:\Users\qwert\1-sprint-mission)
2025-03-28 13:24:18.742 [main] INFO  com.sprint.mission.discodeit.DiscodeitApplication -The following 1 profile is active: "dev"
2025-03-28 13:24:21.427 [main] INFO  org.springframework.data.repository.config.RepositoryConfigurationDelegate -Bootstrapping Spring Data JPA repositories in DEFAULT mode.
2025-03-28 13:24:21.797 [main] INFO  org.springframework.data.repository.config.RepositoryConfigurationDelegate -Finished Spring Data repository scanning in 355 ms. Found 6 JPA repository interfaces.
2025-03-28 13:24:23.163 [main] INFO  org.springframework.boot.web.embedded.tomcat.TomcatWebServer -Tomcat initialized with port 8080 (http)
2025-03-28 13:24:23.182 [main] INFO  org.apache.coyote.http11.Http11NioProtocol -Initializing ProtocolHandler ["http-nio-8080"]
2025-03-28 13:24:23.185 [main] INFO  org.apache.catalina.core.StandardService -Starting service [Tomcat]
2025-03-28 13:24:23.185 [main] INFO  org.apache.catalina.core.StandardEngine -Starting Servlet engine: [Apache Tomcat/10.1.34]
2025-03-28 13:24:23.320 [main] INFO  org.apache.catalina.core.ContainerBase.[Tomcat].[localhost].[/] -Initializing Spring embedded WebApplicationContext
2025-03-28 13:24:23.321 [main] INFO  org.springframework.boot.web.servlet.context.ServletWebServerApplicationContext -Root WebApplicationContext: initialization completed in 4477 ms
2025-03-28 13:24:23.646 [main] DEBUG org.springframework.web.filter.ServerHttpObservationFilter -Filter 'webMvcObservationFilter' configured for use
2025-03-28 13:24:23.747 [main] INFO  com.zaxxer.hikari.HikariDataSource   -HikariPool-1 - Starting...
2025-03-28 13:24:24.096 [main] INFO  com.zaxxer.hikari.pool.HikariPool    -HikariPool-1 - Added connection org.postgresql.jdbc.PgConnection@3815a7d1
2025-03-28 13:24:24.098 [main] INFO  com.zaxxer.hikari.HikariDataSource   -HikariPool-1 - Start completed.
2025-03-28 13:24:24.257 [main] INFO  org.hibernate.jpa.internal.util.LogHelper -HHH000204: Processing PersistenceUnitInfo [name: default]
2025-03-28 13:24:24.388 [main] INFO  org.hibernate.Version                -HHH000412: Hibernate ORM core version 6.6.5.Final
2025-03-28 13:24:24.466 [main] INFO  org.hibernate.cache.internal.RegionFactoryInitiator -HHH000026: Second-level cache disabled
2025-03-28 13:24:25.145 [main] INFO  org.springframework.orm.jpa.persistenceunit.SpringPersistenceUnitInfo -No LoadTimeWeaver setup: ignoring JPA class transformer
2025-03-28 13:24:25.334 [main] INFO  org.hibernate.orm.connections.pooling -HHH10001005: Database info:
	Database JDBC URL [Connecting through datasource 'HikariDataSource (HikariPool-1)']
	Database driver: undefined/unknown
	Database version: 17.4
	Autocommit mode: undefined/unknown
	Isolation level: undefined/unknown
	Minimum pool size: undefined/unknown
	Maximum pool size: undefined/unknown
2025-03-28 13:24:27.767 [main] INFO  org.hibernate.engine.transaction.jta.platform.internal.JtaPlatformInitiator -HHH000489: No JTA platform available (set 'hibernate.transaction.jta.platform' to enable JTA platform integration)
2025-03-28 13:24:28.086 [main] INFO  org.springframework.orm.jpa.LocalContainerEntityManagerFactoryBean -Initialized JPA EntityManagerFactory for persistence unit 'default'
2025-03-28 13:24:28.914 [main] INFO  org.springframework.data.jpa.repository.query.QueryEnhancerFactory -Hibernate is in classpath; If applicable, HQL parser will be used.
2025-03-28 13:24:30.874 [main] INFO  org.springframework.boot.autoconfigure.web.servlet.WelcomePageHandlerMapping -Adding welcome page: class path resource [static/index.html]
2025-03-28 13:24:31.066 [main] DEBUG org.springframework.web.servlet.mvc.method.annotation.RequestMappingHandlerMapping -28 mappings in 'requestMappingHandlerMapping'
2025-03-28 13:24:31.192 [main] DEBUG org.springframework.web.servlet.handler.SimpleUrlHandlerMapping -Patterns [/webjars/**, /**, /swagger-ui*/*swagger-initializer.js, /swagger-ui*/**] in 'resourceHandlerMapping'
2025-03-28 13:24:31.268 [main] DEBUG org.springframework.web.servlet.mvc.method.annotation.RequestMappingHandlerAdapter -ControllerAdvice beans: 0 @ModelAttribute, 0 @InitBinder, 1 RequestBodyAdvice, 1 ResponseBodyAdvice
2025-03-28 13:24:31.376 [main] DEBUG org.springframework.web.servlet.mvc.method.annotation.ExceptionHandlerExceptionResolver -ControllerAdvice beans: 2 @ExceptionHandler, 1 ResponseBodyAdvice
2025-03-28 13:24:32.270 [main] INFO  org.springframework.boot.actuate.endpoint.web.EndpointLinksResolver -Exposing 5 endpoints beneath base path '/actuator'
2025-03-28 13:24:32.508 [main] INFO  org.apache.coyote.http11.Http11NioProtocol -Starting ProtocolHandler ["http-nio-8080"]
2025-03-28 13:24:32.542 [main] INFO  org.springframework.boot.web.embedded.tomcat.TomcatWebServer -Tomcat started on port 8080 (http) with context path '/'
2025-03-28 13:24:32.571 [main] INFO  com.sprint.mission.discodeit.DiscodeitApplication -Started DiscodeitApplication in 15.366 seconds (process running for 16.89)
2025-03-28 13:24:33.122 [RMI TCP Connection(2)-172.30.1.73] INFO  org.apache.catalina.core.ContainerBase.[Tomcat].[localhost].[/] -Initializing Spring DispatcherServlet 'dispatcherServlet'
2025-03-28 13:24:33.125 [RMI TCP Connection(2)-172.30.1.73] INFO  org.springframework.web.servlet.DispatcherServlet -Initializing Servlet 'dispatcherServlet'
2025-03-28 13:24:33.126 [RMI TCP Connection(2)-172.30.1.73] DEBUG org.springframework.web.servlet.DispatcherServlet -Detected StandardServletMultipartResolver
2025-03-28 13:24:33.126 [RMI TCP Connection(2)-172.30.1.73] DEBUG org.springframework.web.servlet.DispatcherServlet -Detected AcceptHeaderLocaleResolver
2025-03-28 13:24:33.126 [RMI TCP Connection(2)-172.30.1.73] DEBUG org.springframework.web.servlet.DispatcherServlet -Detected FixedThemeResolver
2025-03-28 13:24:33.130 [RMI TCP Connection(2)-172.30.1.73] DEBUG org.springframework.web.servlet.DispatcherServlet -Detected org.springframework.web.servlet.view.DefaultRequestToViewNameTranslator@7c553e61
2025-03-28 13:24:33.131 [RMI TCP Connection(2)-172.30.1.73] DEBUG org.springframework.web.servlet.DispatcherServlet -Detected org.springframework.web.servlet.support.SessionFlashMapManager@6903e134
2025-03-28 13:24:33.132 [RMI TCP Connection(2)-172.30.1.73] DEBUG org.springframework.web.servlet.DispatcherServlet -enableLoggingRequestDetails='false': request parameters and headers will be masked to prevent unsafe logging of potentially sensitive data
2025-03-28 13:24:33.132 [RMI TCP Connection(2)-172.30.1.73] INFO  org.springframework.web.servlet.DispatcherServlet -Completed initialization in 6 ms
2025-03-28 13:24:35.284 [http-nio-8080-exec-1] DEBUG org.springframework.web.servlet.DispatcherServlet -GET "/actuator/info", parameters={}
2025-03-28 13:24:35.342 [http-nio-8080-exec-1] DEBUG org.springframework.web.servlet.mvc.method.annotation.RequestResponseBodyMethodProcessor -Read "application/octet-stream" to []
2025-03-28 13:24:35.371 [http-nio-8080-exec-1] DEBUG org.springframework.web.servlet.mvc.method.annotation.RequestResponseBodyMethodProcessor -Using 'application/vnd.spring-boot.actuator.v3+json;q=0.8', given [text/html, application/xhtml+xml, image/avif, image/webp, image/apng, application/xml;q=0.9, */*;q=0.8, application/signed-exchange;v=b3;q=0.7] and supported [application/vnd.spring-boot.actuator.v3+json, application/vnd.spring-boot.actuator.v2+json, application/json]
2025-03-28 13:24:35.379 [http-nio-8080-exec-1] DEBUG org.springframework.web.servlet.mvc.method.annotation.RequestResponseBodyMethodProcessor -Writing [{}]
2025-03-28 13:24:35.407 [http-nio-8080-exec-1] DEBUG org.springframework.web.servlet.DispatcherServlet -Completed 200 OK
2025-03-28 13:24:35.459 [http-nio-8080-exec-2] DEBUG org.springframework.web.servlet.DispatcherServlet -GET "/favicon.ico", parameters={}
2025-03-28 13:24:35.474 [http-nio-8080-exec-2] DEBUG org.springframework.web.servlet.handler.SimpleUrlHandlerMapping -Mapped to ResourceHttpRequestHandler [classpath [META-INF/resources/], classpath [resources/], classpath [static/], classpath [public/], ServletContext [/]]
2025-03-28 13:24:35.490 [http-nio-8080-exec-2] DEBUG org.springframework.web.servlet.DispatcherServlet -Completed 200 OK
2025-03-28 13:24:37.097 [http-nio-8080-exec-3] DEBUG org.springframework.web.servlet.DispatcherServlet -GET "/actuator/info", parameters={}
2025-03-28 13:24:37.098 [http-nio-8080-exec-3] DEBUG org.springframework.web.servlet.mvc.method.annotation.RequestResponseBodyMethodProcessor -Read "application/octet-stream" to []
2025-03-28 13:24:37.100 [http-nio-8080-exec-3] DEBUG org.springframework.web.servlet.mvc.method.annotation.RequestResponseBodyMethodProcessor -Using 'application/vnd.spring-boot.actuator.v3+json;q=0.8', given [text/html, application/xhtml+xml, image/avif, image/webp, image/apng, application/xml;q=0.9, */*;q=0.8, application/signed-exchange;v=b3;q=0.7] and supported [application/vnd.spring-boot.actuator.v3+json, application/vnd.spring-boot.actuator.v2+json, application/json]
2025-03-28 13:24:37.100 [http-nio-8080-exec-3] DEBUG org.springframework.web.servlet.mvc.method.annotation.RequestResponseBodyMethodProcessor -Writing [{}]
2025-03-28 13:24:37.101 [http-nio-8080-exec-3] DEBUG org.springframework.web.servlet.DispatcherServlet -Completed 200 OK
2025-03-28 13:24:37.154 [http-nio-8080-exec-4] DEBUG org.springframework.web.servlet.DispatcherServlet -GET "/favicon.ico", parameters={}
2025-03-28 13:24:37.156 [http-nio-8080-exec-4] DEBUG org.springframework.web.servlet.handler.SimpleUrlHandlerMapping -Mapped to ResourceHttpRequestHandler [classpath [META-INF/resources/], classpath [resources/], classpath [static/], classpath [public/], ServletContext [/]]
2025-03-28 13:24:37.161 [http-nio-8080-exec-4] DEBUG org.springframework.web.servlet.DispatcherServlet -Completed 304 NOT_MODIFIED
2025-03-28 13:24:55.888 [http-nio-8080-exec-5] DEBUG org.springframework.web.servlet.DispatcherServlet -GET "/actuator/info", parameters={}
2025-03-28 13:24:55.890 [http-nio-8080-exec-5] DEBUG org.springframework.web.servlet.mvc.method.annotation.RequestResponseBodyMethodProcessor -Read "application/octet-stream" to []
2025-03-28 13:24:55.891 [http-nio-8080-exec-5] DEBUG org.springframework.web.servlet.mvc.method.annotation.RequestResponseBodyMethodProcessor -Using 'application/vnd.spring-boot.actuator.v3+json;q=0.8', given [text/html, application/xhtml+xml, image/avif, image/webp, image/apng, application/xml;q=0.9, */*;q=0.8, application/signed-exchange;v=b3;q=0.7] and supported [application/vnd.spring-boot.actuator.v3+json, application/vnd.spring-boot.actuator.v2+json, application/json]
2025-03-28 13:24:55.892 [http-nio-8080-exec-5] DEBUG org.springframework.web.servlet.mvc.method.annotation.RequestResponseBodyMethodProcessor -Writing [{}]
2025-03-28 13:24:55.893 [http-nio-8080-exec-5] DEBUG org.springframework.web.servlet.DispatcherServlet -Completed 200 OK
2025-03-28 13:24:55.948 [http-nio-8080-exec-6] DEBUG org.springframework.web.servlet.DispatcherServlet -GET "/favicon.ico", parameters={}
2025-03-28 13:24:55.951 [http-nio-8080-exec-6] DEBUG org.springframework.web.servlet.handler.SimpleUrlHandlerMapping -Mapped to ResourceHttpRequestHandler [classpath [META-INF/resources/], classpath [resources/], classpath [static/], classpath [public/], ServletContext [/]]
2025-03-28 13:24:55.954 [http-nio-8080-exec-6] DEBUG org.springframework.web.servlet.DispatcherServlet -Completed 304 NOT_MODIFIED
2025-03-28 13:25:37.889 [SpringApplicationShutdownHook] INFO  org.springframework.boot.web.embedded.tomcat.GracefulShutdown -Commencing graceful shutdown. Waiting for active requests to complete
2025-03-28 13:25:38.425 [tomcat-shutdown] INFO  org.springframework.boot.web.embedded.tomcat.GracefulShutdown -Graceful shutdown complete
2025-03-28 13:25:38.479 [SpringApplicationShutdownHook] INFO  org.springframework.orm.jpa.LocalContainerEntityManagerFactoryBean -Closing JPA EntityManagerFactory for persistence unit 'default'
2025-03-28 13:25:38.482 [SpringApplicationShutdownHook] INFO  com.zaxxer.hikari.HikariDataSource   -HikariPool-1 - Shutdown initiated...
2025-03-28 13:25:38.487 [SpringApplicationShutdownHook] INFO  com.zaxxer.hikari.HikariDataSource   -HikariPool-1 - Shutdown completed.
2025-03-28 13:25:44.152 [background-preinit] INFO  org.hibernate.validator.internal.util.Version -HV000001: Hibernate Validator 8.0.2.Final
2025-03-28 13:25:44.259 [main] INFO  com.sprint.mission.discodeit.DiscodeitApplication -Starting DiscodeitApplication using Java 17.0.12 with PID 13468 (C:\Users\qwert\1-sprint-mission\build\classes\java\main started by qwert in C:\Users\qwert\1-sprint-mission)
2025-03-28 13:25:44.260 [main] INFO  com.sprint.mission.discodeit.DiscodeitApplication -The following 1 profile is active: "dev"
2025-03-28 13:25:46.306 [main] INFO  org.springframework.data.repository.config.RepositoryConfigurationDelegate -Bootstrapping Spring Data JPA repositories in DEFAULT mode.
2025-03-28 13:25:46.618 [main] INFO  org.springframework.data.repository.config.RepositoryConfigurationDelegate -Finished Spring Data repository scanning in 297 ms. Found 6 JPA repository interfaces.
2025-03-28 13:25:47.800 [main] INFO  org.springframework.boot.web.embedded.tomcat.TomcatWebServer -Tomcat initialized with port 8080 (http)
2025-03-28 13:25:47.825 [main] INFO  org.apache.coyote.http11.Http11NioProtocol -Initializing ProtocolHandler ["http-nio-8080"]
2025-03-28 13:25:47.829 [main] INFO  org.apache.catalina.core.StandardService -Starting service [Tomcat]
2025-03-28 13:25:47.829 [main] INFO  org.apache.catalina.core.StandardEngine -Starting Servlet engine: [Apache Tomcat/10.1.34]
2025-03-28 13:25:47.979 [main] INFO  org.apache.catalina.core.ContainerBase.[Tomcat].[localhost].[/] -Initializing Spring embedded WebApplicationContext
2025-03-28 13:25:47.980 [main] INFO  org.springframework.boot.web.servlet.context.ServletWebServerApplicationContext -Root WebApplicationContext: initialization completed in 3628 ms
2025-03-28 13:25:48.317 [main] DEBUG org.springframework.web.filter.ServerHttpObservationFilter -Filter 'webMvcObservationFilter' configured for use
2025-03-28 13:25:48.418 [main] INFO  com.zaxxer.hikari.HikariDataSource   -HikariPool-1 - Starting...
2025-03-28 13:25:48.743 [main] INFO  com.zaxxer.hikari.pool.HikariPool    -HikariPool-1 - Added connection org.postgresql.jdbc.PgConnection@71eff6a3
2025-03-28 13:25:48.746 [main] INFO  com.zaxxer.hikari.HikariDataSource   -HikariPool-1 - Start completed.
2025-03-28 13:25:48.905 [main] INFO  org.hibernate.jpa.internal.util.LogHelper -HHH000204: Processing PersistenceUnitInfo [name: default]
2025-03-28 13:25:49.036 [main] INFO  org.hibernate.Version                -HHH000412: Hibernate ORM core version 6.6.5.Final
2025-03-28 13:25:49.134 [main] INFO  org.hibernate.cache.internal.RegionFactoryInitiator -HHH000026: Second-level cache disabled
2025-03-28 13:25:49.821 [main] INFO  org.springframework.orm.jpa.persistenceunit.SpringPersistenceUnitInfo -No LoadTimeWeaver setup: ignoring JPA class transformer
2025-03-28 13:25:50.055 [main] INFO  org.hibernate.orm.connections.pooling -HHH10001005: Database info:
	Database JDBC URL [Connecting through datasource 'HikariDataSource (HikariPool-1)']
	Database driver: undefined/unknown
	Database version: 17.4
	Autocommit mode: undefined/unknown
	Isolation level: undefined/unknown
	Minimum pool size: undefined/unknown
	Maximum pool size: undefined/unknown
2025-03-28 13:25:52.069 [main] INFO  org.hibernate.engine.transaction.jta.platform.internal.JtaPlatformInitiator -HHH000489: No JTA platform available (set 'hibernate.transaction.jta.platform' to enable JTA platform integration)
2025-03-28 13:25:52.332 [main] INFO  org.springframework.orm.jpa.LocalContainerEntityManagerFactoryBean -Initialized JPA EntityManagerFactory for persistence unit 'default'
2025-03-28 13:25:53.022 [main] INFO  org.springframework.data.jpa.repository.query.QueryEnhancerFactory -Hibernate is in classpath; If applicable, HQL parser will be used.
2025-03-28 13:25:54.890 [main] INFO  org.springframework.boot.autoconfigure.web.servlet.WelcomePageHandlerMapping -Adding welcome page: class path resource [static/index.html]
2025-03-28 13:25:55.078 [main] DEBUG org.springframework.web.servlet.mvc.method.annotation.RequestMappingHandlerMapping -28 mappings in 'requestMappingHandlerMapping'
2025-03-28 13:25:55.179 [main] DEBUG org.springframework.web.servlet.handler.SimpleUrlHandlerMapping -Patterns [/webjars/**, /**, /swagger-ui*/*swagger-initializer.js, /swagger-ui*/**] in 'resourceHandlerMapping'
2025-03-28 13:25:55.255 [main] DEBUG org.springframework.web.servlet.mvc.method.annotation.RequestMappingHandlerAdapter -ControllerAdvice beans: 0 @ModelAttribute, 0 @InitBinder, 1 RequestBodyAdvice, 1 ResponseBodyAdvice
2025-03-28 13:25:55.393 [main] DEBUG org.springframework.web.servlet.mvc.method.annotation.ExceptionHandlerExceptionResolver -ControllerAdvice beans: 2 @ExceptionHandler, 1 ResponseBodyAdvice
2025-03-28 13:25:56.688 [main] INFO  org.springframework.boot.actuate.endpoint.web.EndpointLinksResolver -Exposing 5 endpoints beneath base path '/actuator'
2025-03-28 13:25:56.924 [main] INFO  org.apache.coyote.http11.Http11NioProtocol -Starting ProtocolHandler ["http-nio-8080"]
2025-03-28 13:25:56.956 [main] INFO  org.springframework.boot.web.embedded.tomcat.TomcatWebServer -Tomcat started on port 8080 (http) with context path '/'
2025-03-28 13:25:56.982 [main] INFO  com.sprint.mission.discodeit.DiscodeitApplication -Started DiscodeitApplication in 13.992 seconds (process running for 15.221)
2025-03-28 13:25:57.580 [RMI TCP Connection(1)-172.30.1.73] INFO  org.apache.catalina.core.ContainerBase.[Tomcat].[localhost].[/] -Initializing Spring DispatcherServlet 'dispatcherServlet'
2025-03-28 13:25:57.581 [RMI TCP Connection(1)-172.30.1.73] INFO  org.springframework.web.servlet.DispatcherServlet -Initializing Servlet 'dispatcherServlet'
2025-03-28 13:25:57.581 [RMI TCP Connection(1)-172.30.1.73] DEBUG org.springframework.web.servlet.DispatcherServlet -Detected StandardServletMultipartResolver
2025-03-28 13:25:57.581 [RMI TCP Connection(1)-172.30.1.73] DEBUG org.springframework.web.servlet.DispatcherServlet -Detected AcceptHeaderLocaleResolver
2025-03-28 13:25:57.581 [RMI TCP Connection(1)-172.30.1.73] DEBUG org.springframework.web.servlet.DispatcherServlet -Detected FixedThemeResolver
2025-03-28 13:25:57.584 [RMI TCP Connection(1)-172.30.1.73] DEBUG org.springframework.web.servlet.DispatcherServlet -Detected org.springframework.web.servlet.view.DefaultRequestToViewNameTranslator@4abc179d
2025-03-28 13:25:57.585 [RMI TCP Connection(1)-172.30.1.73] DEBUG org.springframework.web.servlet.DispatcherServlet -Detected org.springframework.web.servlet.support.SessionFlashMapManager@386c6903
2025-03-28 13:25:57.586 [RMI TCP Connection(1)-172.30.1.73] DEBUG org.springframework.web.servlet.DispatcherServlet -enableLoggingRequestDetails='false': request parameters and headers will be masked to prevent unsafe logging of potentially sensitive data
2025-03-28 13:25:57.586 [RMI TCP Connection(1)-172.30.1.73] INFO  org.springframework.web.servlet.DispatcherServlet -Completed initialization in 5 ms
2025-03-28 13:26:03.897 [http-nio-8080-exec-1] DEBUG org.springframework.web.servlet.DispatcherServlet -GET "/actuator/info", parameters={}
2025-03-28 13:26:03.942 [http-nio-8080-exec-1] DEBUG org.springframework.web.servlet.mvc.method.annotation.RequestResponseBodyMethodProcessor -Read "application/octet-stream" to []
2025-03-28 13:26:03.959 [http-nio-8080-exec-1] DEBUG org.springframework.web.servlet.mvc.method.annotation.RequestResponseBodyMethodProcessor -Using 'application/vnd.spring-boot.actuator.v3+json;q=0.8', given [text/html, application/xhtml+xml, image/avif, image/webp, image/apng, application/xml;q=0.9, */*;q=0.8, application/signed-exchange;v=b3;q=0.7] and supported [application/vnd.spring-boot.actuator.v3+json, application/vnd.spring-boot.actuator.v2+json, application/json]
2025-03-28 13:26:03.966 [http-nio-8080-exec-1] DEBUG org.springframework.web.servlet.mvc.method.annotation.RequestResponseBodyMethodProcessor -Writing [{}]
2025-03-28 13:26:03.988 [http-nio-8080-exec-1] DEBUG org.springframework.web.servlet.DispatcherServlet -Completed 200 OK
2025-03-28 13:26:04.032 [http-nio-8080-exec-2] DEBUG org.springframework.web.servlet.DispatcherServlet -GET "/favicon.ico", parameters={}
2025-03-28 13:26:04.046 [http-nio-8080-exec-2] DEBUG org.springframework.web.servlet.handler.SimpleUrlHandlerMapping -Mapped to ResourceHttpRequestHandler [classpath [META-INF/resources/], classpath [resources/], classpath [static/], classpath [public/], ServletContext [/]]
2025-03-28 13:26:04.064 [http-nio-8080-exec-2] DEBUG org.springframework.web.servlet.DispatcherServlet -Completed 200 OK
2025-03-28 13:26:06.784 [http-nio-8080-exec-3] DEBUG org.springframework.web.servlet.DispatcherServlet -GET "/actuator/info", parameters={}
2025-03-28 13:26:06.786 [http-nio-8080-exec-3] DEBUG org.springframework.web.servlet.mvc.method.annotation.RequestResponseBodyMethodProcessor -Read "application/octet-stream" to []
2025-03-28 13:26:06.787 [http-nio-8080-exec-3] DEBUG org.springframework.web.servlet.mvc.method.annotation.RequestResponseBodyMethodProcessor -Using 'application/vnd.spring-boot.actuator.v3+json;q=0.8', given [text/html, application/xhtml+xml, image/avif, image/webp, image/apng, application/xml;q=0.9, */*;q=0.8, application/signed-exchange;v=b3;q=0.7] and supported [application/vnd.spring-boot.actuator.v3+json, application/vnd.spring-boot.actuator.v2+json, application/json]
2025-03-28 13:26:06.788 [http-nio-8080-exec-3] DEBUG org.springframework.web.servlet.mvc.method.annotation.RequestResponseBodyMethodProcessor -Writing [{}]
2025-03-28 13:26:06.790 [http-nio-8080-exec-3] DEBUG org.springframework.web.servlet.DispatcherServlet -Completed 200 OK
2025-03-28 13:26:06.826 [http-nio-8080-exec-4] DEBUG org.springframework.web.servlet.DispatcherServlet -GET "/favicon.ico", parameters={}
2025-03-28 13:26:06.829 [http-nio-8080-exec-4] DEBUG org.springframework.web.servlet.handler.SimpleUrlHandlerMapping -Mapped to ResourceHttpRequestHandler [classpath [META-INF/resources/], classpath [resources/], classpath [static/], classpath [public/], ServletContext [/]]
2025-03-28 13:26:06.836 [http-nio-8080-exec-4] DEBUG org.springframework.web.servlet.DispatcherServlet -Completed 200 OK
2025-03-28 13:26:08.024 [http-nio-8080-exec-5] DEBUG org.springframework.web.servlet.DispatcherServlet -GET "/actuator/info", parameters={}
2025-03-28 13:26:08.025 [http-nio-8080-exec-5] DEBUG org.springframework.web.servlet.mvc.method.annotation.RequestResponseBodyMethodProcessor -Read "application/octet-stream" to []
2025-03-28 13:26:08.026 [http-nio-8080-exec-5] DEBUG org.springframework.web.servlet.mvc.method.annotation.RequestResponseBodyMethodProcessor -Using 'application/vnd.spring-boot.actuator.v3+json;q=0.8', given [text/html, application/xhtml+xml, image/avif, image/webp, image/apng, application/xml;q=0.9, */*;q=0.8, application/signed-exchange;v=b3;q=0.7] and supported [application/vnd.spring-boot.actuator.v3+json, application/vnd.spring-boot.actuator.v2+json, application/json]
2025-03-28 13:26:08.027 [http-nio-8080-exec-5] DEBUG org.springframework.web.servlet.mvc.method.annotation.RequestResponseBodyMethodProcessor -Writing [{}]
2025-03-28 13:26:08.028 [http-nio-8080-exec-5] DEBUG org.springframework.web.servlet.DispatcherServlet -Completed 200 OK
2025-03-28 13:26:13.211 [SpringApplicationShutdownHook] INFO  org.springframework.boot.web.embedded.tomcat.GracefulShutdown -Commencing graceful shutdown. Waiting for active requests to complete
2025-03-28 13:26:13.664 [tomcat-shutdown] INFO  org.springframework.boot.web.embedded.tomcat.GracefulShutdown -Graceful shutdown complete
2025-03-28 13:26:13.714 [SpringApplicationShutdownHook] INFO  org.springframework.orm.jpa.LocalContainerEntityManagerFactoryBean -Closing JPA EntityManagerFactory for persistence unit 'default'
2025-03-28 13:26:13.716 [SpringApplicationShutdownHook] INFO  com.zaxxer.hikari.HikariDataSource   -HikariPool-1 - Shutdown initiated...
2025-03-28 13:26:13.726 [SpringApplicationShutdownHook] INFO  com.zaxxer.hikari.HikariDataSource   -HikariPool-1 - Shutdown completed.
2025-03-28 13:26:41.105 [background-preinit] INFO  org.hibernate.validator.internal.util.Version -HV000001: Hibernate Validator 8.0.2.Final
2025-03-28 13:26:41.216 [main] INFO  com.sprint.mission.discodeit.DiscodeitApplication -Starting DiscodeitApplication using Java 17.0.12 with PID 9108 (C:\Users\qwert\1-sprint-mission\build\classes\java\main started by qwert in C:\Users\qwert\1-sprint-mission)
2025-03-28 13:26:41.217 [main] INFO  com.sprint.mission.discodeit.DiscodeitApplication -The following 1 profile is active: "dev"
2025-03-28 13:26:43.618 [main] INFO  org.springframework.data.repository.config.RepositoryConfigurationDelegate -Bootstrapping Spring Data JPA repositories in DEFAULT mode.
2025-03-28 13:26:43.956 [main] INFO  org.springframework.data.repository.config.RepositoryConfigurationDelegate -Finished Spring Data repository scanning in 322 ms. Found 6 JPA repository interfaces.
2025-03-28 13:26:46.092 [main] INFO  org.springframework.boot.web.embedded.tomcat.TomcatWebServer -Tomcat initialized with port 8080 (http)
2025-03-28 13:26:46.120 [main] INFO  org.apache.coyote.http11.Http11NioProtocol -Initializing ProtocolHandler ["http-nio-8080"]
2025-03-28 13:26:46.124 [main] INFO  org.apache.catalina.core.StandardService -Starting service [Tomcat]
2025-03-28 13:26:46.125 [main] INFO  org.apache.catalina.core.StandardEngine -Starting Servlet engine: [Apache Tomcat/10.1.34]
2025-03-28 13:26:46.322 [main] INFO  org.apache.catalina.core.ContainerBase.[Tomcat].[localhost].[/] -Initializing Spring embedded WebApplicationContext
2025-03-28 13:26:46.324 [main] INFO  org.springframework.boot.web.servlet.context.ServletWebServerApplicationContext -Root WebApplicationContext: initialization completed in 5003 ms
2025-03-28 13:26:46.666 [main] DEBUG org.springframework.web.filter.ServerHttpObservationFilter -Filter 'webMvcObservationFilter' configured for use
2025-03-28 13:26:46.807 [main] INFO  com.zaxxer.hikari.HikariDataSource   -HikariPool-1 - Starting...
2025-03-28 13:26:47.174 [main] INFO  com.zaxxer.hikari.pool.HikariPool    -HikariPool-1 - Added connection org.postgresql.jdbc.PgConnection@c87787d
2025-03-28 13:26:47.176 [main] INFO  com.zaxxer.hikari.HikariDataSource   -HikariPool-1 - Start completed.
2025-03-28 13:26:47.357 [main] INFO  org.hibernate.jpa.internal.util.LogHelper -HHH000204: Processing PersistenceUnitInfo [name: default]
2025-03-28 13:26:47.477 [main] INFO  org.hibernate.Version                -HHH000412: Hibernate ORM core version 6.6.5.Final
2025-03-28 13:26:47.550 [main] INFO  org.hibernate.cache.internal.RegionFactoryInitiator -HHH000026: Second-level cache disabled
2025-03-28 13:26:48.148 [main] INFO  org.springframework.orm.jpa.persistenceunit.SpringPersistenceUnitInfo -No LoadTimeWeaver setup: ignoring JPA class transformer
2025-03-28 13:26:48.355 [main] INFO  org.hibernate.orm.connections.pooling -HHH10001005: Database info:
	Database JDBC URL [Connecting through datasource 'HikariDataSource (HikariPool-1)']
	Database driver: undefined/unknown
	Database version: 17.4
	Autocommit mode: undefined/unknown
	Isolation level: undefined/unknown
	Minimum pool size: undefined/unknown
	Maximum pool size: undefined/unknown
2025-03-28 13:26:50.686 [main] INFO  org.hibernate.engine.transaction.jta.platform.internal.JtaPlatformInitiator -HHH000489: No JTA platform available (set 'hibernate.transaction.jta.platform' to enable JTA platform integration)
2025-03-28 13:26:50.933 [main] INFO  org.springframework.orm.jpa.LocalContainerEntityManagerFactoryBean -Initialized JPA EntityManagerFactory for persistence unit 'default'
2025-03-28 13:26:51.731 [main] INFO  org.springframework.data.jpa.repository.query.QueryEnhancerFactory -Hibernate is in classpath; If applicable, HQL parser will be used.
2025-03-28 13:26:53.505 [main] INFO  org.springframework.boot.autoconfigure.web.servlet.WelcomePageHandlerMapping -Adding welcome page: class path resource [static/index.html]
2025-03-28 13:26:53.717 [main] DEBUG org.springframework.web.servlet.mvc.method.annotation.RequestMappingHandlerMapping -28 mappings in 'requestMappingHandlerMapping'
2025-03-28 13:26:53.824 [main] DEBUG org.springframework.web.servlet.handler.SimpleUrlHandlerMapping -Patterns [/webjars/**, /**, /swagger-ui*/*swagger-initializer.js, /swagger-ui*/**] in 'resourceHandlerMapping'
2025-03-28 13:26:53.912 [main] DEBUG org.springframework.web.servlet.mvc.method.annotation.RequestMappingHandlerAdapter -ControllerAdvice beans: 0 @ModelAttribute, 0 @InitBinder, 1 RequestBodyAdvice, 1 ResponseBodyAdvice
2025-03-28 13:26:54.039 [main] DEBUG org.springframework.web.servlet.mvc.method.annotation.ExceptionHandlerExceptionResolver -ControllerAdvice beans: 2 @ExceptionHandler, 1 ResponseBodyAdvice
2025-03-28 13:26:55.016 [main] INFO  org.springframework.boot.actuate.endpoint.web.EndpointLinksResolver -Exposing 5 endpoints beneath base path '/actuator'
2025-03-28 13:26:55.324 [main] INFO  org.apache.coyote.http11.Http11NioProtocol -Starting ProtocolHandler ["http-nio-8080"]
2025-03-28 13:26:55.364 [main] INFO  org.springframework.boot.web.embedded.tomcat.TomcatWebServer -Tomcat started on port 8080 (http) with context path '/'
2025-03-28 13:26:55.404 [main] INFO  com.sprint.mission.discodeit.DiscodeitApplication -Started DiscodeitApplication in 15.511 seconds (process running for 16.87)
2025-03-28 13:26:55.727 [RMI TCP Connection(2)-172.30.1.73] INFO  org.apache.catalina.core.ContainerBase.[Tomcat].[localhost].[/] -Initializing Spring DispatcherServlet 'dispatcherServlet'
2025-03-28 13:26:55.728 [RMI TCP Connection(2)-172.30.1.73] INFO  org.springframework.web.servlet.DispatcherServlet -Initializing Servlet 'dispatcherServlet'
2025-03-28 13:26:55.728 [RMI TCP Connection(2)-172.30.1.73] DEBUG org.springframework.web.servlet.DispatcherServlet -Detected StandardServletMultipartResolver
2025-03-28 13:26:55.729 [RMI TCP Connection(2)-172.30.1.73] DEBUG org.springframework.web.servlet.DispatcherServlet -Detected AcceptHeaderLocaleResolver
2025-03-28 13:26:55.729 [RMI TCP Connection(2)-172.30.1.73] DEBUG org.springframework.web.servlet.DispatcherServlet -Detected FixedThemeResolver
2025-03-28 13:26:55.732 [RMI TCP Connection(2)-172.30.1.73] DEBUG org.springframework.web.servlet.DispatcherServlet -Detected org.springframework.web.servlet.view.DefaultRequestToViewNameTranslator@688fa02f
2025-03-28 13:26:55.734 [RMI TCP Connection(2)-172.30.1.73] DEBUG org.springframework.web.servlet.DispatcherServlet -Detected org.springframework.web.servlet.support.SessionFlashMapManager@3a8a2089
2025-03-28 13:26:55.734 [RMI TCP Connection(2)-172.30.1.73] DEBUG org.springframework.web.servlet.DispatcherServlet -enableLoggingRequestDetails='false': request parameters and headers will be masked to prevent unsafe logging of potentially sensitive data
2025-03-28 13:26:55.734 [RMI TCP Connection(2)-172.30.1.73] INFO  org.springframework.web.servlet.DispatcherServlet -Completed initialization in 6 ms
2025-03-28 13:27:00.666 [http-nio-8080-exec-1] DEBUG org.springframework.web.servlet.DispatcherServlet -GET "/actuator/info", parameters={}
2025-03-28 13:27:00.724 [http-nio-8080-exec-1] DEBUG org.springframework.web.servlet.mvc.method.annotation.RequestResponseBodyMethodProcessor -Read "application/octet-stream" to []
2025-03-28 13:27:00.747 [http-nio-8080-exec-1] DEBUG org.springframework.web.servlet.mvc.method.annotation.RequestResponseBodyMethodProcessor -Using 'application/vnd.spring-boot.actuator.v3+json;q=0.8', given [text/html, application/xhtml+xml, image/avif, image/webp, image/apng, application/xml;q=0.9, */*;q=0.8, application/signed-exchange;v=b3;q=0.7] and supported [application/vnd.spring-boot.actuator.v3+json, application/vnd.spring-boot.actuator.v2+json, application/json]
2025-03-28 13:27:00.752 [http-nio-8080-exec-1] DEBUG org.springframework.web.servlet.mvc.method.annotation.RequestResponseBodyMethodProcessor -Writing [{}]
2025-03-28 13:27:00.775 [http-nio-8080-exec-1] DEBUG org.springframework.web.servlet.DispatcherServlet -Completed 200 OK
2025-03-28 13:27:00.809 [http-nio-8080-exec-2] DEBUG org.springframework.web.servlet.DispatcherServlet -GET "/favicon.ico", parameters={}
2025-03-28 13:27:00.822 [http-nio-8080-exec-2] DEBUG org.springframework.web.servlet.handler.SimpleUrlHandlerMapping -Mapped to ResourceHttpRequestHandler [classpath [META-INF/resources/], classpath [resources/], classpath [static/], classpath [public/], ServletContext [/]]
2025-03-28 13:27:00.834 [http-nio-8080-exec-2] DEBUG org.springframework.web.servlet.DispatcherServlet -Completed 200 OK
2025-03-28 13:27:02.461 [http-nio-8080-exec-3] DEBUG org.springframework.web.servlet.DispatcherServlet -GET "/actuator/info", parameters={}
2025-03-28 13:27:02.462 [http-nio-8080-exec-3] DEBUG org.springframework.web.servlet.mvc.method.annotation.RequestResponseBodyMethodProcessor -Read "application/octet-stream" to []
2025-03-28 13:27:02.463 [http-nio-8080-exec-3] DEBUG org.springframework.web.servlet.mvc.method.annotation.RequestResponseBodyMethodProcessor -Using 'application/vnd.spring-boot.actuator.v3+json;q=0.8', given [text/html, application/xhtml+xml, image/avif, image/webp, image/apng, application/xml;q=0.9, */*;q=0.8, application/signed-exchange;v=b3;q=0.7] and supported [application/vnd.spring-boot.actuator.v3+json, application/vnd.spring-boot.actuator.v2+json, application/json]
2025-03-28 13:27:02.463 [http-nio-8080-exec-3] DEBUG org.springframework.web.servlet.mvc.method.annotation.RequestResponseBodyMethodProcessor -Writing [{}]
2025-03-28 13:27:02.464 [http-nio-8080-exec-3] DEBUG org.springframework.web.servlet.DispatcherServlet -Completed 200 OK
2025-03-28 13:27:02.500 [http-nio-8080-exec-4] DEBUG org.springframework.web.servlet.DispatcherServlet -GET "/favicon.ico", parameters={}
2025-03-28 13:27:02.503 [http-nio-8080-exec-4] DEBUG org.springframework.web.servlet.handler.SimpleUrlHandlerMapping -Mapped to ResourceHttpRequestHandler [classpath [META-INF/resources/], classpath [resources/], classpath [static/], classpath [public/], ServletContext [/]]
2025-03-28 13:27:02.506 [http-nio-8080-exec-4] DEBUG org.springframework.web.servlet.DispatcherServlet -Completed 304 NOT_MODIFIED
2025-03-28 13:27:03.229 [http-nio-8080-exec-5] DEBUG org.springframework.web.servlet.DispatcherServlet -GET "/actuator/info", parameters={}
2025-03-28 13:27:03.230 [http-nio-8080-exec-5] DEBUG org.springframework.web.servlet.mvc.method.annotation.RequestResponseBodyMethodProcessor -Read "application/octet-stream" to []
2025-03-28 13:27:03.230 [http-nio-8080-exec-5] DEBUG org.springframework.web.servlet.mvc.method.annotation.RequestResponseBodyMethodProcessor -Using 'application/vnd.spring-boot.actuator.v3+json;q=0.8', given [text/html, application/xhtml+xml, image/avif, image/webp, image/apng, application/xml;q=0.9, */*;q=0.8, application/signed-exchange;v=b3;q=0.7] and supported [application/vnd.spring-boot.actuator.v3+json, application/vnd.spring-boot.actuator.v2+json, application/json]
2025-03-28 13:27:03.231 [http-nio-8080-exec-5] DEBUG org.springframework.web.servlet.mvc.method.annotation.RequestResponseBodyMethodProcessor -Writing [{}]
2025-03-28 13:27:03.231 [http-nio-8080-exec-5] DEBUG org.springframework.web.servlet.DispatcherServlet -Completed 200 OK
2025-03-28 13:27:03.896 [http-nio-8080-exec-6] DEBUG org.springframework.web.servlet.DispatcherServlet -GET "/actuator/info", parameters={}
2025-03-28 13:27:03.897 [http-nio-8080-exec-6] DEBUG org.springframework.web.servlet.mvc.method.annotation.RequestResponseBodyMethodProcessor -Read "application/octet-stream" to []
2025-03-28 13:27:03.898 [http-nio-8080-exec-6] DEBUG org.springframework.web.servlet.mvc.method.annotation.RequestResponseBodyMethodProcessor -Using 'application/vnd.spring-boot.actuator.v3+json;q=0.8', given [text/html, application/xhtml+xml, image/avif, image/webp, image/apng, application/xml;q=0.9, */*;q=0.8, application/signed-exchange;v=b3;q=0.7] and supported [application/vnd.spring-boot.actuator.v3+json, application/vnd.spring-boot.actuator.v2+json, application/json]
2025-03-28 13:27:03.899 [http-nio-8080-exec-6] DEBUG org.springframework.web.servlet.mvc.method.annotation.RequestResponseBodyMethodProcessor -Writing [{}]
2025-03-28 13:27:03.900 [http-nio-8080-exec-6] DEBUG org.springframework.web.servlet.DispatcherServlet -Completed 200 OK
2025-03-28 13:28:06.591 [SpringApplicationShutdownHook] INFO  org.springframework.boot.web.embedded.tomcat.GracefulShutdown -Commencing graceful shutdown. Waiting for active requests to complete
2025-03-28 13:28:06.994 [tomcat-shutdown] INFO  org.springframework.boot.web.embedded.tomcat.GracefulShutdown -Graceful shutdown complete
2025-03-28 13:28:07.057 [SpringApplicationShutdownHook] INFO  org.springframework.orm.jpa.LocalContainerEntityManagerFactoryBean -Closing JPA EntityManagerFactory for persistence unit 'default'
2025-03-28 13:28:07.061 [SpringApplicationShutdownHook] INFO  com.zaxxer.hikari.HikariDataSource   -HikariPool-1 - Shutdown initiated...
2025-03-28 13:28:07.068 [SpringApplicationShutdownHook] INFO  com.zaxxer.hikari.HikariDataSource   -HikariPool-1 - Shutdown completed.
2025-03-28 13:28:14.236 [background-preinit] INFO  org.hibernate.validator.internal.util.Version -HV000001: Hibernate Validator 8.0.2.Final
2025-03-28 13:28:14.384 [main] INFO  com.sprint.mission.discodeit.DiscodeitApplication -Starting DiscodeitApplication using Java 17.0.12 with PID 10472 (C:\Users\qwert\1-sprint-mission\build\classes\java\main started by qwert in C:\Users\qwert\1-sprint-mission)
2025-03-28 13:28:14.386 [main] INFO  com.sprint.mission.discodeit.DiscodeitApplication -The following 1 profile is active: "dev"
2025-03-28 13:28:17.940 [main] INFO  org.springframework.data.repository.config.RepositoryConfigurationDelegate -Bootstrapping Spring Data JPA repositories in DEFAULT mode.
2025-03-28 13:28:18.606 [main] INFO  org.springframework.data.repository.config.RepositoryConfigurationDelegate -Finished Spring Data repository scanning in 638 ms. Found 6 JPA repository interfaces.
2025-03-28 13:28:20.590 [main] INFO  org.springframework.boot.web.embedded.tomcat.TomcatWebServer -Tomcat initialized with port 8080 (http)
2025-03-28 13:28:20.619 [main] INFO  org.apache.coyote.http11.Http11NioProtocol -Initializing ProtocolHandler ["http-nio-8080"]
2025-03-28 13:28:20.624 [main] INFO  org.apache.catalina.core.StandardService -Starting service [Tomcat]
2025-03-28 13:28:20.624 [main] INFO  org.apache.catalina.core.StandardEngine -Starting Servlet engine: [Apache Tomcat/10.1.34]
2025-03-28 13:28:20.817 [main] INFO  org.apache.catalina.core.ContainerBase.[Tomcat].[localhost].[/] -Initializing Spring embedded WebApplicationContext
2025-03-28 13:28:20.818 [main] INFO  org.springframework.boot.web.servlet.context.ServletWebServerApplicationContext -Root WebApplicationContext: initialization completed in 6309 ms
2025-03-28 13:28:21.268 [main] DEBUG org.springframework.web.filter.ServerHttpObservationFilter -Filter 'webMvcObservationFilter' configured for use
2025-03-28 13:28:21.405 [main] INFO  com.zaxxer.hikari.HikariDataSource   -HikariPool-1 - Starting...
2025-03-28 13:28:21.867 [main] INFO  com.zaxxer.hikari.pool.HikariPool    -HikariPool-1 - Added connection org.postgresql.jdbc.PgConnection@3bcedb06
2025-03-28 13:28:21.872 [main] INFO  com.zaxxer.hikari.HikariDataSource   -HikariPool-1 - Start completed.
2025-03-28 13:28:22.112 [main] INFO  org.hibernate.jpa.internal.util.LogHelper -HHH000204: Processing PersistenceUnitInfo [name: default]
2025-03-28 13:28:22.356 [main] INFO  org.hibernate.Version                -HHH000412: Hibernate ORM core version 6.6.5.Final
2025-03-28 13:28:22.464 [main] INFO  org.hibernate.cache.internal.RegionFactoryInitiator -HHH000026: Second-level cache disabled
2025-03-28 13:28:23.652 [main] INFO  org.springframework.orm.jpa.persistenceunit.SpringPersistenceUnitInfo -No LoadTimeWeaver setup: ignoring JPA class transformer
2025-03-28 13:28:23.979 [main] INFO  org.hibernate.orm.connections.pooling -HHH10001005: Database info:
	Database JDBC URL [Connecting through datasource 'HikariDataSource (HikariPool-1)']
	Database driver: undefined/unknown
	Database version: 17.4
	Autocommit mode: undefined/unknown
	Isolation level: undefined/unknown
	Minimum pool size: undefined/unknown
	Maximum pool size: undefined/unknown
2025-03-28 13:28:26.985 [main] INFO  org.hibernate.engine.transaction.jta.platform.internal.JtaPlatformInitiator -HHH000489: No JTA platform available (set 'hibernate.transaction.jta.platform' to enable JTA platform integration)
2025-03-28 13:28:27.332 [main] INFO  org.springframework.orm.jpa.LocalContainerEntityManagerFactoryBean -Initialized JPA EntityManagerFactory for persistence unit 'default'
2025-03-28 13:28:28.454 [main] INFO  org.springframework.data.jpa.repository.query.QueryEnhancerFactory -Hibernate is in classpath; If applicable, HQL parser will be used.
2025-03-28 13:28:30.614 [main] INFO  org.springframework.boot.autoconfigure.web.servlet.WelcomePageHandlerMapping -Adding welcome page: class path resource [static/index.html]
2025-03-28 13:28:30.814 [main] DEBUG org.springframework.web.servlet.mvc.method.annotation.RequestMappingHandlerMapping -28 mappings in 'requestMappingHandlerMapping'
2025-03-28 13:28:30.924 [main] DEBUG org.springframework.web.servlet.handler.SimpleUrlHandlerMapping -Patterns [/webjars/**, /**, /swagger-ui*/*swagger-initializer.js, /swagger-ui*/**] in 'resourceHandlerMapping'
2025-03-28 13:28:31.004 [main] DEBUG org.springframework.web.servlet.mvc.method.annotation.RequestMappingHandlerAdapter -ControllerAdvice beans: 0 @ModelAttribute, 0 @InitBinder, 1 RequestBodyAdvice, 1 ResponseBodyAdvice
2025-03-28 13:28:31.128 [main] DEBUG org.springframework.web.servlet.mvc.method.annotation.ExceptionHandlerExceptionResolver -ControllerAdvice beans: 2 @ExceptionHandler, 1 ResponseBodyAdvice
2025-03-28 13:28:32.275 [main] INFO  org.springframework.boot.actuate.endpoint.web.EndpointLinksResolver -Exposing 5 endpoints beneath base path '/actuator'
2025-03-28 13:28:32.517 [main] INFO  org.apache.coyote.http11.Http11NioProtocol -Starting ProtocolHandler ["http-nio-8080"]
2025-03-28 13:28:32.550 [main] INFO  org.springframework.boot.web.embedded.tomcat.TomcatWebServer -Tomcat started on port 8080 (http) with context path '/'
2025-03-28 13:28:32.576 [main] INFO  com.sprint.mission.discodeit.DiscodeitApplication -Started DiscodeitApplication in 20.926 seconds (process running for 22.353)
2025-03-28 13:28:33.135 [RMI TCP Connection(2)-172.30.1.73] INFO  org.apache.catalina.core.ContainerBase.[Tomcat].[localhost].[/] -Initializing Spring DispatcherServlet 'dispatcherServlet'
2025-03-28 13:28:33.136 [RMI TCP Connection(2)-172.30.1.73] INFO  org.springframework.web.servlet.DispatcherServlet -Initializing Servlet 'dispatcherServlet'
2025-03-28 13:28:33.136 [RMI TCP Connection(2)-172.30.1.73] DEBUG org.springframework.web.servlet.DispatcherServlet -Detected StandardServletMultipartResolver
2025-03-28 13:28:33.136 [RMI TCP Connection(2)-172.30.1.73] DEBUG org.springframework.web.servlet.DispatcherServlet -Detected AcceptHeaderLocaleResolver
2025-03-28 13:28:33.136 [RMI TCP Connection(2)-172.30.1.73] DEBUG org.springframework.web.servlet.DispatcherServlet -Detected FixedThemeResolver
2025-03-28 13:28:33.139 [RMI TCP Connection(2)-172.30.1.73] DEBUG org.springframework.web.servlet.DispatcherServlet -Detected org.springframework.web.servlet.view.DefaultRequestToViewNameTranslator@29260ef6
2025-03-28 13:28:33.140 [RMI TCP Connection(2)-172.30.1.73] DEBUG org.springframework.web.servlet.DispatcherServlet -Detected org.springframework.web.servlet.support.SessionFlashMapManager@5742a4bb
2025-03-28 13:28:33.141 [RMI TCP Connection(2)-172.30.1.73] DEBUG org.springframework.web.servlet.DispatcherServlet -enableLoggingRequestDetails='false': request parameters and headers will be masked to prevent unsafe logging of potentially sensitive data
2025-03-28 13:28:33.141 [RMI TCP Connection(2)-172.30.1.73] INFO  org.springframework.web.servlet.DispatcherServlet -Completed initialization in 5 ms
2025-03-28 13:28:35.731 [http-nio-8080-exec-1] DEBUG org.springframework.web.servlet.DispatcherServlet -GET "/actuator/info", parameters={}
2025-03-28 13:28:35.791 [http-nio-8080-exec-1] DEBUG org.springframework.web.servlet.mvc.method.annotation.RequestResponseBodyMethodProcessor -Read "application/octet-stream" to []
2025-03-28 13:28:35.822 [http-nio-8080-exec-1] DEBUG org.springframework.web.servlet.mvc.method.annotation.RequestResponseBodyMethodProcessor -Using 'application/vnd.spring-boot.actuator.v3+json;q=0.8', given [text/html, application/xhtml+xml, image/avif, image/webp, image/apng, application/xml;q=0.9, */*;q=0.8, application/signed-exchange;v=b3;q=0.7] and supported [application/vnd.spring-boot.actuator.v3+json, application/vnd.spring-boot.actuator.v2+json, application/json]
2025-03-28 13:28:35.832 [http-nio-8080-exec-1] DEBUG org.springframework.web.servlet.mvc.method.annotation.RequestResponseBodyMethodProcessor -Writing [{}]
2025-03-28 13:28:35.860 [http-nio-8080-exec-1] DEBUG org.springframework.web.servlet.DispatcherServlet -Completed 200 OK
2025-03-28 13:28:35.957 [http-nio-8080-exec-2] DEBUG org.springframework.web.servlet.DispatcherServlet -GET "/favicon.ico", parameters={}
2025-03-28 13:28:35.971 [http-nio-8080-exec-2] DEBUG org.springframework.web.servlet.handler.SimpleUrlHandlerMapping -Mapped to ResourceHttpRequestHandler [classpath [META-INF/resources/], classpath [resources/], classpath [static/], classpath [public/], ServletContext [/]]
2025-03-28 13:28:35.992 [http-nio-8080-exec-2] DEBUG org.springframework.web.servlet.DispatcherServlet -Completed 200 OK
2025-03-28 13:29:06.432 [SpringApplicationShutdownHook] INFO  org.springframework.boot.web.embedded.tomcat.GracefulShutdown -Commencing graceful shutdown. Waiting for active requests to complete
2025-03-28 13:29:06.891 [tomcat-shutdown] INFO  org.springframework.boot.web.embedded.tomcat.GracefulShutdown -Graceful shutdown complete
2025-03-28 13:29:06.942 [SpringApplicationShutdownHook] INFO  org.springframework.orm.jpa.LocalContainerEntityManagerFactoryBean -Closing JPA EntityManagerFactory for persistence unit 'default'
2025-03-28 13:29:06.945 [SpringApplicationShutdownHook] INFO  com.zaxxer.hikari.HikariDataSource   -HikariPool-1 - Shutdown initiated...
2025-03-28 13:29:06.956 [SpringApplicationShutdownHook] INFO  com.zaxxer.hikari.HikariDataSource   -HikariPool-1 - Shutdown completed.
2025-03-28 13:29:11.915 [background-preinit] INFO  org.hibernate.validator.internal.util.Version -HV000001: Hibernate Validator 8.0.2.Final
2025-03-28 13:29:12.015 [main] INFO  com.sprint.mission.discodeit.DiscodeitApplication -Starting DiscodeitApplication using Java 17.0.12 with PID 8156 (C:\Users\qwert\1-sprint-mission\build\classes\java\main started by qwert in C:\Users\qwert\1-sprint-mission)
2025-03-28 13:29:12.017 [main] INFO  com.sprint.mission.discodeit.DiscodeitApplication -The following 1 profile is active: "dev"
2025-03-28 13:29:14.291 [main] INFO  org.springframework.data.repository.config.RepositoryConfigurationDelegate -Bootstrapping Spring Data JPA repositories in DEFAULT mode.
2025-03-28 13:29:14.642 [main] INFO  org.springframework.data.repository.config.RepositoryConfigurationDelegate -Finished Spring Data repository scanning in 336 ms. Found 6 JPA repository interfaces.
2025-03-28 13:29:16.001 [main] INFO  org.springframework.boot.web.embedded.tomcat.TomcatWebServer -Tomcat initialized with port 8080 (http)
2025-03-28 13:29:16.023 [main] INFO  org.apache.coyote.http11.Http11NioProtocol -Initializing ProtocolHandler ["http-nio-8080"]
2025-03-28 13:29:16.026 [main] INFO  org.apache.catalina.core.StandardService -Starting service [Tomcat]
2025-03-28 13:29:16.026 [main] INFO  org.apache.catalina.core.StandardEngine -Starting Servlet engine: [Apache Tomcat/10.1.34]
2025-03-28 13:29:16.159 [main] INFO  org.apache.catalina.core.ContainerBase.[Tomcat].[localhost].[/] -Initializing Spring embedded WebApplicationContext
2025-03-28 13:29:16.159 [main] INFO  org.springframework.boot.web.servlet.context.ServletWebServerApplicationContext -Root WebApplicationContext: initialization completed in 4055 ms
2025-03-28 13:29:16.500 [main] DEBUG org.springframework.web.filter.ServerHttpObservationFilter -Filter 'webMvcObservationFilter' configured for use
2025-03-28 13:29:16.601 [main] INFO  com.zaxxer.hikari.HikariDataSource   -HikariPool-1 - Starting...
2025-03-28 13:29:16.937 [main] INFO  com.zaxxer.hikari.pool.HikariPool    -HikariPool-1 - Added connection org.postgresql.jdbc.PgConnection@6cb194f5
2025-03-28 13:29:16.942 [main] INFO  com.zaxxer.hikari.HikariDataSource   -HikariPool-1 - Start completed.
2025-03-28 13:29:17.116 [main] INFO  org.hibernate.jpa.internal.util.LogHelper -HHH000204: Processing PersistenceUnitInfo [name: default]
2025-03-28 13:29:17.257 [main] INFO  org.hibernate.Version                -HHH000412: Hibernate ORM core version 6.6.5.Final
2025-03-28 13:29:17.335 [main] INFO  org.hibernate.cache.internal.RegionFactoryInitiator -HHH000026: Second-level cache disabled
2025-03-28 13:29:18.054 [main] INFO  org.springframework.orm.jpa.persistenceunit.SpringPersistenceUnitInfo -No LoadTimeWeaver setup: ignoring JPA class transformer
2025-03-28 13:29:18.247 [main] INFO  org.hibernate.orm.connections.pooling -HHH10001005: Database info:
	Database JDBC URL [Connecting through datasource 'HikariDataSource (HikariPool-1)']
	Database driver: undefined/unknown
	Database version: 17.4
	Autocommit mode: undefined/unknown
	Isolation level: undefined/unknown
	Minimum pool size: undefined/unknown
	Maximum pool size: undefined/unknown
2025-03-28 13:29:20.513 [main] INFO  org.hibernate.engine.transaction.jta.platform.internal.JtaPlatformInitiator -HHH000489: No JTA platform available (set 'hibernate.transaction.jta.platform' to enable JTA platform integration)
2025-03-28 13:29:20.794 [main] INFO  org.springframework.orm.jpa.LocalContainerEntityManagerFactoryBean -Initialized JPA EntityManagerFactory for persistence unit 'default'
2025-03-28 13:29:21.550 [main] INFO  org.springframework.data.jpa.repository.query.QueryEnhancerFactory -Hibernate is in classpath; If applicable, HQL parser will be used.
2025-03-28 13:29:23.207 [main] INFO  org.springframework.boot.autoconfigure.web.servlet.WelcomePageHandlerMapping -Adding welcome page: class path resource [static/index.html]
2025-03-28 13:29:23.391 [main] DEBUG org.springframework.web.servlet.mvc.method.annotation.RequestMappingHandlerMapping -28 mappings in 'requestMappingHandlerMapping'
2025-03-28 13:29:23.502 [main] DEBUG org.springframework.web.servlet.handler.SimpleUrlHandlerMapping -Patterns [/webjars/**, /**, /swagger-ui*/*swagger-initializer.js, /swagger-ui*/**] in 'resourceHandlerMapping'
2025-03-28 13:29:23.579 [main] DEBUG org.springframework.web.servlet.mvc.method.annotation.RequestMappingHandlerAdapter -ControllerAdvice beans: 0 @ModelAttribute, 0 @InitBinder, 1 RequestBodyAdvice, 1 ResponseBodyAdvice
2025-03-28 13:29:23.679 [main] DEBUG org.springframework.web.servlet.mvc.method.annotation.ExceptionHandlerExceptionResolver -ControllerAdvice beans: 2 @ExceptionHandler, 1 ResponseBodyAdvice
2025-03-28 13:29:24.578 [main] INFO  org.springframework.boot.actuate.endpoint.web.EndpointLinksResolver -Exposing 5 endpoints beneath base path '/actuator'
2025-03-28 13:29:24.790 [main] INFO  org.apache.coyote.http11.Http11NioProtocol -Starting ProtocolHandler ["http-nio-8080"]
2025-03-28 13:29:24.826 [main] INFO  org.springframework.boot.web.embedded.tomcat.TomcatWebServer -Tomcat started on port 8080 (http) with context path '/'
2025-03-28 13:29:24.860 [main] INFO  com.sprint.mission.discodeit.DiscodeitApplication -Started DiscodeitApplication in 14.091 seconds (process running for 15.323)
2025-03-28 13:29:25.142 [RMI TCP Connection(3)-172.30.1.73] INFO  org.apache.catalina.core.ContainerBase.[Tomcat].[localhost].[/] -Initializing Spring DispatcherServlet 'dispatcherServlet'
2025-03-28 13:29:25.143 [RMI TCP Connection(3)-172.30.1.73] INFO  org.springframework.web.servlet.DispatcherServlet -Initializing Servlet 'dispatcherServlet'
2025-03-28 13:29:25.143 [RMI TCP Connection(3)-172.30.1.73] DEBUG org.springframework.web.servlet.DispatcherServlet -Detected StandardServletMultipartResolver
2025-03-28 13:29:25.144 [RMI TCP Connection(3)-172.30.1.73] DEBUG org.springframework.web.servlet.DispatcherServlet -Detected AcceptHeaderLocaleResolver
2025-03-28 13:29:25.144 [RMI TCP Connection(3)-172.30.1.73] DEBUG org.springframework.web.servlet.DispatcherServlet -Detected FixedThemeResolver
2025-03-28 13:29:25.146 [RMI TCP Connection(3)-172.30.1.73] DEBUG org.springframework.web.servlet.DispatcherServlet -Detected org.springframework.web.servlet.view.DefaultRequestToViewNameTranslator@6cd7c114
2025-03-28 13:29:25.147 [RMI TCP Connection(3)-172.30.1.73] DEBUG org.springframework.web.servlet.DispatcherServlet -Detected org.springframework.web.servlet.support.SessionFlashMapManager@1762be43
2025-03-28 13:29:25.148 [RMI TCP Connection(3)-172.30.1.73] DEBUG org.springframework.web.servlet.DispatcherServlet -enableLoggingRequestDetails='false': request parameters and headers will be masked to prevent unsafe logging of potentially sensitive data
2025-03-28 13:29:25.148 [RMI TCP Connection(3)-172.30.1.73] INFO  org.springframework.web.servlet.DispatcherServlet -Completed initialization in 5 ms
2025-03-28 13:29:30.074 [http-nio-8080-exec-1] DEBUG org.springframework.web.servlet.DispatcherServlet -GET "/actuator/info", parameters={}
2025-03-28 13:29:30.131 [http-nio-8080-exec-1] DEBUG org.springframework.web.servlet.mvc.method.annotation.RequestResponseBodyMethodProcessor -Read "application/octet-stream" to []
2025-03-28 13:29:30.155 [http-nio-8080-exec-1] DEBUG org.springframework.web.servlet.mvc.method.annotation.RequestResponseBodyMethodProcessor -Using 'application/vnd.spring-boot.actuator.v3+json;q=0.8', given [text/html, application/xhtml+xml, image/avif, image/webp, image/apng, application/xml;q=0.9, */*;q=0.8, application/signed-exchange;v=b3;q=0.7] and supported [application/vnd.spring-boot.actuator.v3+json, application/vnd.spring-boot.actuator.v2+json, application/json]
2025-03-28 13:29:30.163 [http-nio-8080-exec-1] DEBUG org.springframework.web.servlet.mvc.method.annotation.RequestResponseBodyMethodProcessor -Writing [{}]
2025-03-28 13:29:30.185 [http-nio-8080-exec-1] DEBUG org.springframework.web.servlet.DispatcherServlet -Completed 200 OK
2025-03-28 13:29:30.227 [http-nio-8080-exec-2] DEBUG org.springframework.web.servlet.DispatcherServlet -GET "/favicon.ico", parameters={}
2025-03-28 13:29:30.236 [http-nio-8080-exec-2] DEBUG org.springframework.web.servlet.handler.SimpleUrlHandlerMapping -Mapped to ResourceHttpRequestHandler [classpath [META-INF/resources/], classpath [resources/], classpath [static/], classpath [public/], ServletContext [/]]
2025-03-28 13:29:30.248 [http-nio-8080-exec-2] DEBUG org.springframework.web.servlet.DispatcherServlet -Completed 200 OK
2025-03-28 13:29:33.764 [SpringApplicationShutdownHook] INFO  org.springframework.boot.web.embedded.tomcat.GracefulShutdown -Commencing graceful shutdown. Waiting for active requests to complete
2025-03-28 13:29:34.325 [tomcat-shutdown] INFO  org.springframework.boot.web.embedded.tomcat.GracefulShutdown -Graceful shutdown complete
2025-03-28 13:29:34.388 [SpringApplicationShutdownHook] INFO  org.springframework.orm.jpa.LocalContainerEntityManagerFactoryBean -Closing JPA EntityManagerFactory for persistence unit 'default'
2025-03-28 13:29:34.391 [SpringApplicationShutdownHook] INFO  com.zaxxer.hikari.HikariDataSource   -HikariPool-1 - Shutdown initiated...
2025-03-28 13:29:34.398 [SpringApplicationShutdownHook] INFO  com.zaxxer.hikari.HikariDataSource   -HikariPool-1 - Shutdown completed.
2025-03-28 13:31:40.350 [background-preinit] INFO  org.hibernate.validator.internal.util.Version -HV000001: Hibernate Validator 8.0.2.Final
2025-03-28 13:31:40.449 [main] INFO  com.sprint.mission.discodeit.DiscodeitApplication -Starting DiscodeitApplication using Java 17.0.12 with PID 19188 (C:\Users\qwert\1-sprint-mission\build\classes\java\main started by qwert in C:\Users\qwert\1-sprint-mission)
2025-03-28 13:31:40.456 [main] INFO  com.sprint.mission.discodeit.DiscodeitApplication -The following 1 profile is active: "dev"
2025-03-28 13:31:43.558 [main] INFO  org.springframework.data.repository.config.RepositoryConfigurationDelegate -Bootstrapping Spring Data JPA repositories in DEFAULT mode.
2025-03-28 13:31:43.950 [main] INFO  org.springframework.data.repository.config.RepositoryConfigurationDelegate -Finished Spring Data repository scanning in 376 ms. Found 6 JPA repository interfaces.
2025-03-28 13:31:46.155 [main] INFO  org.springframework.boot.web.embedded.tomcat.TomcatWebServer -Tomcat initialized with port 8080 (http)
2025-03-28 13:31:46.199 [main] INFO  org.apache.coyote.http11.Http11NioProtocol -Initializing ProtocolHandler ["http-nio-8080"]
2025-03-28 13:31:46.208 [main] INFO  org.apache.catalina.core.StandardService -Starting service [Tomcat]
2025-03-28 13:31:46.209 [main] INFO  org.apache.catalina.core.StandardEngine -Starting Servlet engine: [Apache Tomcat/10.1.34]
2025-03-28 13:31:46.599 [main] INFO  org.apache.catalina.core.ContainerBase.[Tomcat].[localhost].[/] -Initializing Spring embedded WebApplicationContext
2025-03-28 13:31:46.600 [main] INFO  org.springframework.boot.web.servlet.context.ServletWebServerApplicationContext -Root WebApplicationContext: initialization completed in 6024 ms
2025-03-28 13:31:47.289 [main] DEBUG org.springframework.web.filter.ServerHttpObservationFilter -Filter 'webMvcObservationFilter' configured for use
2025-03-28 13:31:47.447 [main] INFO  com.zaxxer.hikari.HikariDataSource   -HikariPool-1 - Starting...
2025-03-28 13:31:47.973 [main] INFO  com.zaxxer.hikari.pool.HikariPool    -HikariPool-1 - Added connection org.postgresql.jdbc.PgConnection@6e4e60f5
2025-03-28 13:31:47.983 [main] INFO  com.zaxxer.hikari.HikariDataSource   -HikariPool-1 - Start completed.
2025-03-28 13:31:48.293 [main] INFO  org.hibernate.jpa.internal.util.LogHelper -HHH000204: Processing PersistenceUnitInfo [name: default]
2025-03-28 13:31:48.509 [main] INFO  org.hibernate.Version                -HHH000412: Hibernate ORM core version 6.6.5.Final
2025-03-28 13:31:48.634 [main] INFO  org.hibernate.cache.internal.RegionFactoryInitiator -HHH000026: Second-level cache disabled
2025-03-28 13:31:49.751 [main] INFO  org.springframework.orm.jpa.persistenceunit.SpringPersistenceUnitInfo -No LoadTimeWeaver setup: ignoring JPA class transformer
2025-03-28 13:31:50.120 [main] INFO  org.hibernate.orm.connections.pooling -HHH10001005: Database info:
	Database JDBC URL [Connecting through datasource 'HikariDataSource (HikariPool-1)']
	Database driver: undefined/unknown
	Database version: 17.4
	Autocommit mode: undefined/unknown
	Isolation level: undefined/unknown
	Minimum pool size: undefined/unknown
	Maximum pool size: undefined/unknown
2025-03-28 13:31:54.349 [main] INFO  org.hibernate.engine.transaction.jta.platform.internal.JtaPlatformInitiator -HHH000489: No JTA platform available (set 'hibernate.transaction.jta.platform' to enable JTA platform integration)
2025-03-28 13:31:54.830 [main] INFO  org.springframework.orm.jpa.LocalContainerEntityManagerFactoryBean -Initialized JPA EntityManagerFactory for persistence unit 'default'
2025-03-28 13:31:56.138 [main] INFO  org.springframework.data.jpa.repository.query.QueryEnhancerFactory -Hibernate is in classpath; If applicable, HQL parser will be used.
2025-03-28 13:31:58.842 [main] INFO  org.springframework.boot.autoconfigure.web.servlet.WelcomePageHandlerMapping -Adding welcome page: class path resource [static/index.html]
2025-03-28 13:31:59.165 [main] DEBUG org.springframework.web.servlet.mvc.method.annotation.RequestMappingHandlerMapping -28 mappings in 'requestMappingHandlerMapping'
2025-03-28 13:31:59.326 [main] DEBUG org.springframework.web.servlet.handler.SimpleUrlHandlerMapping -Patterns [/webjars/**, /**, /swagger-ui*/*swagger-initializer.js, /swagger-ui*/**] in 'resourceHandlerMapping'
2025-03-28 13:31:59.444 [main] DEBUG org.springframework.web.servlet.mvc.method.annotation.RequestMappingHandlerAdapter -ControllerAdvice beans: 0 @ModelAttribute, 0 @InitBinder, 1 RequestBodyAdvice, 1 ResponseBodyAdvice
2025-03-28 13:31:59.608 [main] DEBUG org.springframework.web.servlet.mvc.method.annotation.ExceptionHandlerExceptionResolver -ControllerAdvice beans: 2 @ExceptionHandler, 1 ResponseBodyAdvice
2025-03-28 13:32:00.965 [main] INFO  org.springframework.boot.actuate.endpoint.web.EndpointLinksResolver -Exposing 5 endpoints beneath base path '/actuator'
2025-03-28 13:32:01.314 [main] INFO  org.apache.coyote.http11.Http11NioProtocol -Starting ProtocolHandler ["http-nio-8080"]
2025-03-28 13:32:01.364 [main] INFO  org.springframework.boot.web.embedded.tomcat.TomcatWebServer -Tomcat started on port 8080 (http) with context path '/'
2025-03-28 13:32:01.406 [main] INFO  com.sprint.mission.discodeit.DiscodeitApplication -Started DiscodeitApplication in 22.507 seconds (process running for 24.149)
2025-03-28 13:32:01.904 [RMI TCP Connection(3)-172.30.1.73] INFO  org.apache.catalina.core.ContainerBase.[Tomcat].[localhost].[/] -Initializing Spring DispatcherServlet 'dispatcherServlet'
2025-03-28 13:32:01.905 [RMI TCP Connection(3)-172.30.1.73] INFO  org.springframework.web.servlet.DispatcherServlet -Initializing Servlet 'dispatcherServlet'
2025-03-28 13:32:01.905 [RMI TCP Connection(3)-172.30.1.73] DEBUG org.springframework.web.servlet.DispatcherServlet -Detected StandardServletMultipartResolver
2025-03-28 13:32:01.906 [RMI TCP Connection(3)-172.30.1.73] DEBUG org.springframework.web.servlet.DispatcherServlet -Detected AcceptHeaderLocaleResolver
2025-03-28 13:32:01.906 [RMI TCP Connection(3)-172.30.1.73] DEBUG org.springframework.web.servlet.DispatcherServlet -Detected FixedThemeResolver
2025-03-28 13:32:01.910 [RMI TCP Connection(3)-172.30.1.73] DEBUG org.springframework.web.servlet.DispatcherServlet -Detected org.springframework.web.servlet.view.DefaultRequestToViewNameTranslator@5b936410
2025-03-28 13:32:01.912 [RMI TCP Connection(3)-172.30.1.73] DEBUG org.springframework.web.servlet.DispatcherServlet -Detected org.springframework.web.servlet.support.SessionFlashMapManager@89eab25
2025-03-28 13:32:01.912 [RMI TCP Connection(3)-172.30.1.73] DEBUG org.springframework.web.servlet.DispatcherServlet -enableLoggingRequestDetails='false': request parameters and headers will be masked to prevent unsafe logging of potentially sensitive data
2025-03-28 13:32:01.914 [RMI TCP Connection(3)-172.30.1.73] INFO  org.springframework.web.servlet.DispatcherServlet -Completed initialization in 9 ms
2025-03-28 13:32:07.692 [http-nio-8080-exec-1] DEBUG org.springframework.web.servlet.DispatcherServlet -GET "/actuator/info", parameters={}
2025-03-28 13:32:07.736 [http-nio-8080-exec-1] DEBUG org.springframework.web.servlet.mvc.method.annotation.RequestResponseBodyMethodProcessor -Read "application/octet-stream" to []
2025-03-28 13:32:07.760 [http-nio-8080-exec-1] DEBUG org.springframework.web.servlet.mvc.method.annotation.RequestResponseBodyMethodProcessor -Using 'application/vnd.spring-boot.actuator.v3+json;q=0.8', given [text/html, application/xhtml+xml, image/avif, image/webp, image/apng, application/xml;q=0.9, */*;q=0.8, application/signed-exchange;v=b3;q=0.7] and supported [application/vnd.spring-boot.actuator.v3+json, application/vnd.spring-boot.actuator.v2+json, application/json]
2025-03-28 13:32:07.765 [http-nio-8080-exec-1] DEBUG org.springframework.web.servlet.mvc.method.annotation.RequestResponseBodyMethodProcessor -Writing [{}]
2025-03-28 13:32:07.786 [http-nio-8080-exec-1] DEBUG org.springframework.web.servlet.DispatcherServlet -Completed 200 OK
2025-03-28 13:32:09.714 [SpringApplicationShutdownHook] INFO  org.springframework.boot.web.embedded.tomcat.GracefulShutdown -Commencing graceful shutdown. Waiting for active requests to complete
2025-03-28 13:32:10.305 [tomcat-shutdown] INFO  org.springframework.boot.web.embedded.tomcat.GracefulShutdown -Graceful shutdown complete
2025-03-28 13:32:10.375 [SpringApplicationShutdownHook] INFO  org.springframework.orm.jpa.LocalContainerEntityManagerFactoryBean -Closing JPA EntityManagerFactory for persistence unit 'default'
2025-03-28 13:32:10.380 [SpringApplicationShutdownHook] INFO  com.zaxxer.hikari.HikariDataSource   -HikariPool-1 - Shutdown initiated...
2025-03-28 13:32:10.391 [SpringApplicationShutdownHook] INFO  com.zaxxer.hikari.HikariDataSource   -HikariPool-1 - Shutdown completed.
2025-03-28 13:34:41.812 [main] ERROR org.springframework.boot.SpringApplication - Application run failed
java.lang.IllegalStateException: java.lang.IllegalStateException: Logback configuration error detected: 
ERROR in ch.qos.logback.core.pattern.parser.Compiler@2f2bf0e2 - There is no conversion class registered for composite conversion word [clr]
ERROR in ch.qos.logback.core.pattern.parser.Compiler@2f2bf0e2 - Failed to create converter for [%clr] keyword
ERROR in ch.qos.logback.core.pattern.parser.Compiler@2f2bf0e2 - There is no conversion class registered for composite conversion word [clr]
ERROR in ch.qos.logback.core.pattern.parser.Compiler@2f2bf0e2 - Failed to create converter for [%clr] keyword
ERROR in ch.qos.logback.core.pattern.parser.Compiler@2f2bf0e2 - There is no conversion class registered for composite conversion word [clr]
ERROR in ch.qos.logback.core.pattern.parser.Compiler@2f2bf0e2 - Failed to create converter for [%clr] keyword
ERROR in ch.qos.logback.core.pattern.parser.Compiler@2f2bf0e2 - There is no conversion class registered for composite conversion word [clr]
ERROR in ch.qos.logback.core.pattern.parser.Compiler@2f2bf0e2 - Failed to create converter for [%clr] keyword
	at org.springframework.boot.context.logging.LoggingApplicationListener.initializeSystem(LoggingApplicationListener.java:347)
	at org.springframework.boot.context.logging.LoggingApplicationListener.initialize(LoggingApplicationListener.java:298)
	at org.springframework.boot.context.logging.LoggingApplicationListener.onApplicationEnvironmentPreparedEvent(LoggingApplicationListener.java:246)
	at org.springframework.boot.context.logging.LoggingApplicationListener.onApplicationEvent(LoggingApplicationListener.java:223)
	at org.springframework.context.event.SimpleApplicationEventMulticaster.doInvokeListener(SimpleApplicationEventMulticaster.java:185)
	at org.springframework.context.event.SimpleApplicationEventMulticaster.invokeListener(SimpleApplicationEventMulticaster.java:178)
	at org.springframework.context.event.SimpleApplicationEventMulticaster.multicastEvent(SimpleApplicationEventMulticaster.java:156)
	at org.springframework.context.event.SimpleApplicationEventMulticaster.multicastEvent(SimpleApplicationEventMulticaster.java:138)
	at org.springframework.boot.context.event.EventPublishingRunListener.multicastInitialEvent(EventPublishingRunListener.java:136)
	at org.springframework.boot.context.event.EventPublishingRunListener.environmentPrepared(EventPublishingRunListener.java:81)
	at org.springframework.boot.SpringApplicationRunListeners.lambda$environmentPrepared$2(SpringApplicationRunListeners.java:64)
	at java.base/java.lang.Iterable.forEach(Iterable.java:75)
	at org.springframework.boot.SpringApplicationRunListeners.doWithListeners(SpringApplicationRunListeners.java:118)
	at org.springframework.boot.SpringApplicationRunListeners.doWithListeners(SpringApplicationRunListeners.java:112)
	at org.springframework.boot.SpringApplicationRunListeners.environmentPrepared(SpringApplicationRunListeners.java:63)
	at org.springframework.boot.SpringApplication.prepareEnvironment(SpringApplication.java:353)
	at org.springframework.boot.SpringApplication.run(SpringApplication.java:313)
	at org.springframework.boot.SpringApplication.run(SpringApplication.java:1361)
	at org.springframework.boot.SpringApplication.run(SpringApplication.java:1350)
	at com.sprint.mission.discodeit.DiscodeitApplication.main(DiscodeitApplication.java:12)
Caused by: java.lang.IllegalStateException: Logback configuration error detected: 
ERROR in ch.qos.logback.core.pattern.parser.Compiler@2f2bf0e2 - There is no conversion class registered for composite conversion word [clr]
ERROR in ch.qos.logback.core.pattern.parser.Compiler@2f2bf0e2 - Failed to create converter for [%clr] keyword
ERROR in ch.qos.logback.core.pattern.parser.Compiler@2f2bf0e2 - There is no conversion class registered for composite conversion word [clr]
ERROR in ch.qos.logback.core.pattern.parser.Compiler@2f2bf0e2 - Failed to create converter for [%clr] keyword
ERROR in ch.qos.logback.core.pattern.parser.Compiler@2f2bf0e2 - There is no conversion class registered for composite conversion word [clr]
ERROR in ch.qos.logback.core.pattern.parser.Compiler@2f2bf0e2 - Failed to create converter for [%clr] keyword
ERROR in ch.qos.logback.core.pattern.parser.Compiler@2f2bf0e2 - There is no conversion class registered for composite conversion word [clr]
ERROR in ch.qos.logback.core.pattern.parser.Compiler@2f2bf0e2 - Failed to create converter for [%clr] keyword
	at org.springframework.boot.logging.logback.LogbackLoggingSystem.reportConfigurationErrorsIfNecessary(LogbackLoggingSystem.java:291)
	at org.springframework.boot.logging.logback.LogbackLoggingSystem.loadConfiguration(LogbackLoggingSystem.java:269)
	at org.springframework.boot.logging.AbstractLoggingSystem.initializeWithConventions(AbstractLoggingSystem.java:81)
	at org.springframework.boot.logging.AbstractLoggingSystem.initialize(AbstractLoggingSystem.java:61)
	at org.springframework.boot.logging.logback.LogbackLoggingSystem.initialize(LogbackLoggingSystem.java:197)
	at org.springframework.boot.context.logging.LoggingApplicationListener.initializeSystem(LoggingApplicationListener.java:332)
	... 19 common frames omitted
2025-03-28 13:35:05.931 [background-preinit] INFO  org.hibernate.validator.internal.util.Version -HV000001: Hibernate Validator 8.0.2.Final
2025-03-28 13:35:06.045 [main] INFO  com.sprint.mission.discodeit.DiscodeitApplication -Starting DiscodeitApplication using Java 17.0.12 with PID 10484 (C:\Users\qwert\1-sprint-mission\build\classes\java\main started by qwert in C:\Users\qwert\1-sprint-mission)
2025-03-28 13:35:06.046 [main] INFO  com.sprint.mission.discodeit.DiscodeitApplication -The following 1 profile is active: "dev"
2025-03-28 13:35:08.569 [main] INFO  org.springframework.data.repository.config.RepositoryConfigurationDelegate -Bootstrapping Spring Data JPA repositories in DEFAULT mode.
2025-03-28 13:35:08.992 [main] INFO  org.springframework.data.repository.config.RepositoryConfigurationDelegate -Finished Spring Data repository scanning in 409 ms. Found 6 JPA repository interfaces.
2025-03-28 13:35:10.715 [main] INFO  org.springframework.boot.web.embedded.tomcat.TomcatWebServer -Tomcat initialized with port 8080 (http)
2025-03-28 13:35:10.742 [main] INFO  org.apache.coyote.http11.Http11NioProtocol -Initializing ProtocolHandler ["http-nio-8080"]
2025-03-28 13:35:10.746 [main] INFO  org.apache.catalina.core.StandardService -Starting service [Tomcat]
2025-03-28 13:35:10.746 [main] INFO  org.apache.catalina.core.StandardEngine -Starting Servlet engine: [Apache Tomcat/10.1.34]
2025-03-28 13:35:10.912 [main] INFO  org.apache.catalina.core.ContainerBase.[Tomcat].[localhost].[/] -Initializing Spring embedded WebApplicationContext
2025-03-28 13:35:10.912 [main] INFO  org.springframework.boot.web.servlet.context.ServletWebServerApplicationContext -Root WebApplicationContext: initialization completed in 4773 ms
2025-03-28 13:35:11.302 [main] DEBUG org.springframework.web.filter.ServerHttpObservationFilter -Filter 'webMvcObservationFilter' configured for use
2025-03-28 13:35:11.410 [main] INFO  com.zaxxer.hikari.HikariDataSource   -HikariPool-1 - Starting...
2025-03-28 13:35:11.783 [main] INFO  com.zaxxer.hikari.pool.HikariPool    -HikariPool-1 - Added connection org.postgresql.jdbc.PgConnection@5814b4fb
2025-03-28 13:35:11.786 [main] INFO  com.zaxxer.hikari.HikariDataSource   -HikariPool-1 - Start completed.
2025-03-28 13:35:11.980 [main] INFO  org.hibernate.jpa.internal.util.LogHelper -HHH000204: Processing PersistenceUnitInfo [name: default]
2025-03-28 13:35:12.214 [main] INFO  org.hibernate.Version                -HHH000412: Hibernate ORM core version 6.6.5.Final
2025-03-28 13:35:12.311 [main] INFO  org.hibernate.cache.internal.RegionFactoryInitiator -HHH000026: Second-level cache disabled
2025-03-28 13:35:13.149 [main] INFO  org.springframework.orm.jpa.persistenceunit.SpringPersistenceUnitInfo -No LoadTimeWeaver setup: ignoring JPA class transformer
2025-03-28 13:35:13.374 [main] INFO  org.hibernate.orm.connections.pooling -HHH10001005: Database info:
	Database JDBC URL [Connecting through datasource 'HikariDataSource (HikariPool-1)']
	Database driver: undefined/unknown
	Database version: 17.4
	Autocommit mode: undefined/unknown
	Isolation level: undefined/unknown
	Minimum pool size: undefined/unknown
	Maximum pool size: undefined/unknown
2025-03-28 13:35:16.041 [main] INFO  org.hibernate.engine.transaction.jta.platform.internal.JtaPlatformInitiator -HHH000489: No JTA platform available (set 'hibernate.transaction.jta.platform' to enable JTA platform integration)
2025-03-28 13:35:16.338 [main] INFO  org.springframework.orm.jpa.LocalContainerEntityManagerFactoryBean -Initialized JPA EntityManagerFactory for persistence unit 'default'
2025-03-28 13:35:17.128 [main] INFO  org.springframework.data.jpa.repository.query.QueryEnhancerFactory -Hibernate is in classpath; If applicable, HQL parser will be used.
2025-03-28 13:35:19.028 [main] INFO  org.springframework.boot.autoconfigure.web.servlet.WelcomePageHandlerMapping -Adding welcome page: class path resource [static/index.html]
2025-03-28 13:35:19.267 [main] DEBUG org.springframework.web.servlet.mvc.method.annotation.RequestMappingHandlerMapping -28 mappings in 'requestMappingHandlerMapping'
2025-03-28 13:35:19.426 [main] DEBUG org.springframework.web.servlet.handler.SimpleUrlHandlerMapping -Patterns [/webjars/**, /**, /swagger-ui*/*swagger-initializer.js, /swagger-ui*/**] in 'resourceHandlerMapping'
2025-03-28 13:35:19.551 [main] DEBUG org.springframework.web.servlet.mvc.method.annotation.RequestMappingHandlerAdapter -ControllerAdvice beans: 0 @ModelAttribute, 0 @InitBinder, 1 RequestBodyAdvice, 1 ResponseBodyAdvice
2025-03-28 13:35:19.685 [main] DEBUG org.springframework.web.servlet.mvc.method.annotation.ExceptionHandlerExceptionResolver -ControllerAdvice beans: 2 @ExceptionHandler, 1 ResponseBodyAdvice
2025-03-28 13:35:20.748 [main] INFO  org.springframework.boot.actuate.endpoint.web.EndpointLinksResolver -Exposing 5 endpoints beneath base path '/actuator'
2025-03-28 13:35:21.014 [main] INFO  org.apache.coyote.http11.Http11NioProtocol -Starting ProtocolHandler ["http-nio-8080"]
2025-03-28 13:35:21.045 [main] INFO  org.springframework.boot.web.embedded.tomcat.TomcatWebServer -Tomcat started on port 8080 (http) with context path '/'
2025-03-28 13:35:21.076 [main] INFO  com.sprint.mission.discodeit.DiscodeitApplication -Started DiscodeitApplication in 16.466 seconds (process running for 17.926)
2025-03-28 13:35:21.388 [RMI TCP Connection(2)-172.30.1.73] INFO  org.apache.catalina.core.ContainerBase.[Tomcat].[localhost].[/] -Initializing Spring DispatcherServlet 'dispatcherServlet'
2025-03-28 13:35:21.389 [RMI TCP Connection(2)-172.30.1.73] INFO  org.springframework.web.servlet.DispatcherServlet -Initializing Servlet 'dispatcherServlet'
2025-03-28 13:35:21.390 [RMI TCP Connection(2)-172.30.1.73] DEBUG org.springframework.web.servlet.DispatcherServlet -Detected StandardServletMultipartResolver
2025-03-28 13:35:21.390 [RMI TCP Connection(2)-172.30.1.73] DEBUG org.springframework.web.servlet.DispatcherServlet -Detected AcceptHeaderLocaleResolver
2025-03-28 13:35:21.391 [RMI TCP Connection(2)-172.30.1.73] DEBUG org.springframework.web.servlet.DispatcherServlet -Detected FixedThemeResolver
2025-03-28 13:35:21.395 [RMI TCP Connection(2)-172.30.1.73] DEBUG org.springframework.web.servlet.DispatcherServlet -Detected org.springframework.web.servlet.view.DefaultRequestToViewNameTranslator@7bb5f1b5
2025-03-28 13:35:21.396 [RMI TCP Connection(2)-172.30.1.73] DEBUG org.springframework.web.servlet.DispatcherServlet -Detected org.springframework.web.servlet.support.SessionFlashMapManager@13106eec
2025-03-28 13:35:21.396 [RMI TCP Connection(2)-172.30.1.73] DEBUG org.springframework.web.servlet.DispatcherServlet -enableLoggingRequestDetails='false': request parameters and headers will be masked to prevent unsafe logging of potentially sensitive data
2025-03-28 13:35:21.397 [RMI TCP Connection(2)-172.30.1.73] INFO  org.springframework.web.servlet.DispatcherServlet -Completed initialization in 7 ms
2025-03-28 13:35:41.600 [SpringApplicationShutdownHook] INFO  org.springframework.boot.web.embedded.tomcat.GracefulShutdown -Commencing graceful shutdown. Waiting for active requests to complete
2025-03-28 13:35:42.113 [tomcat-shutdown] INFO  org.springframework.boot.web.embedded.tomcat.GracefulShutdown -Graceful shutdown complete
2025-03-28 13:35:42.183 [SpringApplicationShutdownHook] INFO  org.springframework.orm.jpa.LocalContainerEntityManagerFactoryBean -Closing JPA EntityManagerFactory for persistence unit 'default'
2025-03-28 13:35:42.186 [SpringApplicationShutdownHook] INFO  com.zaxxer.hikari.HikariDataSource   -HikariPool-1 - Shutdown initiated...
2025-03-28 13:35:42.202 [SpringApplicationShutdownHook] INFO  com.zaxxer.hikari.HikariDataSource   -HikariPool-1 - Shutdown completed.
2025-03-28 13:35:49.201 [background-preinit] INFO  org.hibernate.validator.internal.util.Version -HV000001: Hibernate Validator 8.0.2.Final
2025-03-28 13:35:49.408 [main] INFO  com.sprint.mission.discodeit.DiscodeitApplication -Starting DiscodeitApplication using Java 17.0.12 with PID 14496 (C:\Users\qwert\1-sprint-mission\build\classes\java\main started by qwert in C:\Users\qwert\1-sprint-mission)
2025-03-28 13:35:49.410 [main] INFO  com.sprint.mission.discodeit.DiscodeitApplication -The following 1 profile is active: "dev"
2025-03-28 13:35:53.674 [main] INFO  org.springframework.data.repository.config.RepositoryConfigurationDelegate -Bootstrapping Spring Data JPA repositories in DEFAULT mode.
2025-03-28 13:35:54.269 [main] INFO  org.springframework.data.repository.config.RepositoryConfigurationDelegate -Finished Spring Data repository scanning in 571 ms. Found 6 JPA repository interfaces.
2025-03-28 13:35:56.818 [main] INFO  org.springframework.boot.web.embedded.tomcat.TomcatWebServer -Tomcat initialized with port 8080 (http)
2025-03-28 13:35:56.861 [main] INFO  org.apache.coyote.http11.Http11NioProtocol -Initializing ProtocolHandler ["http-nio-8080"]
2025-03-28 13:35:56.880 [main] INFO  org.apache.catalina.core.StandardService -Starting service [Tomcat]
2025-03-28 13:35:56.880 [main] INFO  org.apache.catalina.core.StandardEngine -Starting Servlet engine: [Apache Tomcat/10.1.34]
2025-03-28 13:35:57.324 [main] INFO  org.apache.catalina.core.ContainerBase.[Tomcat].[localhost].[/] -Initializing Spring embedded WebApplicationContext
2025-03-28 13:35:57.325 [main] INFO  org.springframework.boot.web.servlet.context.ServletWebServerApplicationContext -Root WebApplicationContext: initialization completed in 7770 ms
2025-03-28 13:35:57.938 [main] DEBUG org.springframework.web.filter.ServerHttpObservationFilter -Filter 'webMvcObservationFilter' configured for use
2025-03-28 13:35:58.103 [main] INFO  com.zaxxer.hikari.HikariDataSource   -HikariPool-1 - Starting...
2025-03-28 13:35:58.605 [main] INFO  com.zaxxer.hikari.pool.HikariPool    -HikariPool-1 - Added connection org.postgresql.jdbc.PgConnection@4746fb8c
2025-03-28 13:35:58.609 [main] INFO  com.zaxxer.hikari.HikariDataSource   -HikariPool-1 - Start completed.
2025-03-28 13:35:58.894 [main] INFO  org.hibernate.jpa.internal.util.LogHelper -HHH000204: Processing PersistenceUnitInfo [name: default]
2025-03-28 13:35:59.095 [main] INFO  org.hibernate.Version                -HHH000412: Hibernate ORM core version 6.6.5.Final
2025-03-28 13:35:59.217 [main] INFO  org.hibernate.cache.internal.RegionFactoryInitiator -HHH000026: Second-level cache disabled
2025-03-28 13:36:00.306 [main] INFO  org.springframework.orm.jpa.persistenceunit.SpringPersistenceUnitInfo -No LoadTimeWeaver setup: ignoring JPA class transformer
2025-03-28 13:36:00.588 [main] INFO  org.hibernate.orm.connections.pooling -HHH10001005: Database info:
	Database JDBC URL [Connecting through datasource 'HikariDataSource (HikariPool-1)']
	Database driver: undefined/unknown
	Database version: 17.4
	Autocommit mode: undefined/unknown
	Isolation level: undefined/unknown
	Minimum pool size: undefined/unknown
	Maximum pool size: undefined/unknown
2025-03-28 13:36:03.997 [main] INFO  org.hibernate.engine.transaction.jta.platform.internal.JtaPlatformInitiator -HHH000489: No JTA platform available (set 'hibernate.transaction.jta.platform' to enable JTA platform integration)
2025-03-28 13:36:04.372 [main] INFO  org.springframework.orm.jpa.LocalContainerEntityManagerFactoryBean -Initialized JPA EntityManagerFactory for persistence unit 'default'
2025-03-28 13:36:05.509 [main] INFO  org.springframework.data.jpa.repository.query.QueryEnhancerFactory -Hibernate is in classpath; If applicable, HQL parser will be used.
2025-03-28 13:36:08.176 [main] INFO  org.springframework.boot.autoconfigure.web.servlet.WelcomePageHandlerMapping -Adding welcome page: class path resource [static/index.html]
2025-03-28 13:36:08.494 [main] DEBUG org.springframework.web.servlet.mvc.method.annotation.RequestMappingHandlerMapping -28 mappings in 'requestMappingHandlerMapping'
2025-03-28 13:36:08.641 [main] DEBUG org.springframework.web.servlet.handler.SimpleUrlHandlerMapping -Patterns [/webjars/**, /**, /swagger-ui*/*swagger-initializer.js, /swagger-ui*/**] in 'resourceHandlerMapping'
2025-03-28 13:36:08.776 [main] DEBUG org.springframework.web.servlet.mvc.method.annotation.RequestMappingHandlerAdapter -ControllerAdvice beans: 0 @ModelAttribute, 0 @InitBinder, 1 RequestBodyAdvice, 1 ResponseBodyAdvice
2025-03-28 13:36:08.987 [main] DEBUG org.springframework.web.servlet.mvc.method.annotation.ExceptionHandlerExceptionResolver -ControllerAdvice beans: 2 @ExceptionHandler, 1 ResponseBodyAdvice
2025-03-28 13:36:10.623 [main] INFO  org.springframework.boot.actuate.endpoint.web.EndpointLinksResolver -Exposing 5 endpoints beneath base path '/actuator'
2025-03-28 13:36:11.099 [main] INFO  org.apache.coyote.http11.Http11NioProtocol -Starting ProtocolHandler ["http-nio-8080"]
2025-03-28 13:36:11.148 [main] INFO  org.springframework.boot.web.embedded.tomcat.TomcatWebServer -Tomcat started on port 8080 (http) with context path '/'
2025-03-28 13:36:11.186 [main] INFO  com.sprint.mission.discodeit.DiscodeitApplication -Started DiscodeitApplication in 24.145 seconds (process running for 25.706)
2025-03-28 13:36:11.706 [RMI TCP Connection(3)-172.30.1.73] INFO  org.apache.catalina.core.ContainerBase.[Tomcat].[localhost].[/] -Initializing Spring DispatcherServlet 'dispatcherServlet'
2025-03-28 13:36:11.707 [RMI TCP Connection(3)-172.30.1.73] INFO  org.springframework.web.servlet.DispatcherServlet -Initializing Servlet 'dispatcherServlet'
2025-03-28 13:36:11.708 [RMI TCP Connection(3)-172.30.1.73] DEBUG org.springframework.web.servlet.DispatcherServlet -Detected StandardServletMultipartResolver
2025-03-28 13:36:11.708 [RMI TCP Connection(3)-172.30.1.73] DEBUG org.springframework.web.servlet.DispatcherServlet -Detected AcceptHeaderLocaleResolver
2025-03-28 13:36:11.708 [RMI TCP Connection(3)-172.30.1.73] DEBUG org.springframework.web.servlet.DispatcherServlet -Detected FixedThemeResolver
2025-03-28 13:36:11.712 [RMI TCP Connection(3)-172.30.1.73] DEBUG org.springframework.web.servlet.DispatcherServlet -Detected org.springframework.web.servlet.view.DefaultRequestToViewNameTranslator@688fa02f
2025-03-28 13:36:11.713 [RMI TCP Connection(3)-172.30.1.73] DEBUG org.springframework.web.servlet.DispatcherServlet -Detected org.springframework.web.servlet.support.SessionFlashMapManager@3a8a2089
2025-03-28 13:36:11.714 [RMI TCP Connection(3)-172.30.1.73] DEBUG org.springframework.web.servlet.DispatcherServlet -enableLoggingRequestDetails='false': request parameters and headers will be masked to prevent unsafe logging of potentially sensitive data
2025-03-28 13:36:11.714 [RMI TCP Connection(3)-172.30.1.73] INFO  org.springframework.web.servlet.DispatcherServlet -Completed initialization in 6 ms
2025-03-28 13:36:22.966 [http-nio-8080-exec-1] DEBUG org.springframework.web.servlet.DispatcherServlet -GET "/actuator/info", parameters={}
2025-03-28 13:36:23.027 [http-nio-8080-exec-1] DEBUG org.springframework.web.servlet.mvc.method.annotation.RequestResponseBodyMethodProcessor -Read "application/octet-stream" to []
2025-03-28 13:36:23.048 [http-nio-8080-exec-1] DEBUG org.springframework.web.servlet.mvc.method.annotation.RequestResponseBodyMethodProcessor -Using 'application/vnd.spring-boot.actuator.v3+json;q=0.8', given [text/html, application/xhtml+xml, image/avif, image/webp, image/apng, application/xml;q=0.9, */*;q=0.8, application/signed-exchange;v=b3;q=0.7] and supported [application/vnd.spring-boot.actuator.v3+json, application/vnd.spring-boot.actuator.v2+json, application/json]
2025-03-28 13:36:23.055 [http-nio-8080-exec-1] DEBUG org.springframework.web.servlet.mvc.method.annotation.RequestResponseBodyMethodProcessor -Writing [{}]
2025-03-28 13:36:23.086 [http-nio-8080-exec-1] DEBUG org.springframework.web.servlet.DispatcherServlet -Completed 200 OK
2025-03-28 13:36:23.122 [http-nio-8080-exec-2] DEBUG org.springframework.web.servlet.DispatcherServlet -GET "/favicon.ico", parameters={}
2025-03-28 13:36:23.133 [http-nio-8080-exec-2] DEBUG org.springframework.web.servlet.handler.SimpleUrlHandlerMapping -Mapped to ResourceHttpRequestHandler [classpath [META-INF/resources/], classpath [resources/], classpath [static/], classpath [public/], ServletContext [/]]
2025-03-28 13:36:23.152 [http-nio-8080-exec-2] DEBUG org.springframework.web.servlet.DispatcherServlet -Completed 200 OK
2025-03-28 13:36:34.520 [SpringApplicationShutdownHook] INFO  org.springframework.boot.web.embedded.tomcat.GracefulShutdown -Commencing graceful shutdown. Waiting for active requests to complete
2025-03-28 13:36:35.025 [tomcat-shutdown] INFO  org.springframework.boot.web.embedded.tomcat.GracefulShutdown -Graceful shutdown complete
2025-03-28 13:36:35.089 [SpringApplicationShutdownHook] INFO  org.springframework.orm.jpa.LocalContainerEntityManagerFactoryBean -Closing JPA EntityManagerFactory for persistence unit 'default'
2025-03-28 13:36:35.092 [SpringApplicationShutdownHook] INFO  com.zaxxer.hikari.HikariDataSource   -HikariPool-1 - Shutdown initiated...
2025-03-28 13:36:35.103 [SpringApplicationShutdownHook] INFO  com.zaxxer.hikari.HikariDataSource   -HikariPool-1 - Shutdown completed.
2025-03-28 13:36:40.628 [main] ERROR org.springframework.boot.SpringApplication -Application run failed
java.lang.IllegalStateException: java.lang.IllegalStateException: Logback configuration error detected: 
ERROR in ch.qos.logback.core.pattern.parser.Compiler@4b21844c - There is no conversion class registered for composite conversion word [clr]
ERROR in ch.qos.logback.core.pattern.parser.Compiler@4b21844c - Failed to create converter for [%clr] keyword
ERROR in ch.qos.logback.core.pattern.parser.Compiler@4b21844c - There is no conversion class registered for composite conversion word [clr]
ERROR in ch.qos.logback.core.pattern.parser.Compiler@4b21844c - Failed to create converter for [%clr] keyword
ERROR in ch.qos.logback.core.pattern.parser.Compiler@4b21844c - There is no conversion class registered for composite conversion word [clr]
ERROR in ch.qos.logback.core.pattern.parser.Compiler@4b21844c - Failed to create converter for [%clr] keyword
ERROR in ch.qos.logback.core.pattern.parser.Compiler@4b21844c - There is no conversion class registered for composite conversion word [clr]
ERROR in ch.qos.logback.core.pattern.parser.Compiler@4b21844c - Failed to create converter for [%clr] keyword
ERROR in ch.qos.logback.core.pattern.parser.Compiler@4b21844c - There is no conversion supplier registered for conversion word [xwEx]
ERROR in ch.qos.logback.core.pattern.parser.Compiler@4b21844c - [xwEx] is not a valid conversion word
	at org.springframework.boot.context.logging.LoggingApplicationListener.initializeSystem(LoggingApplicationListener.java:347)
	at org.springframework.boot.context.logging.LoggingApplicationListener.initialize(LoggingApplicationListener.java:298)
	at org.springframework.boot.context.logging.LoggingApplicationListener.onApplicationEnvironmentPreparedEvent(LoggingApplicationListener.java:246)
	at org.springframework.boot.context.logging.LoggingApplicationListener.onApplicationEvent(LoggingApplicationListener.java:223)
	at org.springframework.context.event.SimpleApplicationEventMulticaster.doInvokeListener(SimpleApplicationEventMulticaster.java:185)
	at org.springframework.context.event.SimpleApplicationEventMulticaster.invokeListener(SimpleApplicationEventMulticaster.java:178)
	at org.springframework.context.event.SimpleApplicationEventMulticaster.multicastEvent(SimpleApplicationEventMulticaster.java:156)
	at org.springframework.context.event.SimpleApplicationEventMulticaster.multicastEvent(SimpleApplicationEventMulticaster.java:138)
	at org.springframework.boot.context.event.EventPublishingRunListener.multicastInitialEvent(EventPublishingRunListener.java:136)
	at org.springframework.boot.context.event.EventPublishingRunListener.environmentPrepared(EventPublishingRunListener.java:81)
	at org.springframework.boot.SpringApplicationRunListeners.lambda$environmentPrepared$2(SpringApplicationRunListeners.java:64)
	at java.base/java.lang.Iterable.forEach(Iterable.java:75)
	at org.springframework.boot.SpringApplicationRunListeners.doWithListeners(SpringApplicationRunListeners.java:118)
	at org.springframework.boot.SpringApplicationRunListeners.doWithListeners(SpringApplicationRunListeners.java:112)
	at org.springframework.boot.SpringApplicationRunListeners.environmentPrepared(SpringApplicationRunListeners.java:63)
	at org.springframework.boot.SpringApplication.prepareEnvironment(SpringApplication.java:353)
	at org.springframework.boot.SpringApplication.run(SpringApplication.java:313)
	at org.springframework.boot.SpringApplication.run(SpringApplication.java:1361)
	at org.springframework.boot.SpringApplication.run(SpringApplication.java:1350)
	at com.sprint.mission.discodeit.DiscodeitApplication.main(DiscodeitApplication.java:12)
Caused by: java.lang.IllegalStateException: Logback configuration error detected: 
ERROR in ch.qos.logback.core.pattern.parser.Compiler@4b21844c - There is no conversion class registered for composite conversion word [clr]
ERROR in ch.qos.logback.core.pattern.parser.Compiler@4b21844c - Failed to create converter for [%clr] keyword
ERROR in ch.qos.logback.core.pattern.parser.Compiler@4b21844c - There is no conversion class registered for composite conversion word [clr]
ERROR in ch.qos.logback.core.pattern.parser.Compiler@4b21844c - Failed to create converter for [%clr] keyword
ERROR in ch.qos.logback.core.pattern.parser.Compiler@4b21844c - There is no conversion class registered for composite conversion word [clr]
ERROR in ch.qos.logback.core.pattern.parser.Compiler@4b21844c - Failed to create converter for [%clr] keyword
ERROR in ch.qos.logback.core.pattern.parser.Compiler@4b21844c - There is no conversion class registered for composite conversion word [clr]
ERROR in ch.qos.logback.core.pattern.parser.Compiler@4b21844c - Failed to create converter for [%clr] keyword
ERROR in ch.qos.logback.core.pattern.parser.Compiler@4b21844c - There is no conversion supplier registered for conversion word [xwEx]
ERROR in ch.qos.logback.core.pattern.parser.Compiler@4b21844c - [xwEx] is not a valid conversion word
	at org.springframework.boot.logging.logback.LogbackLoggingSystem.reportConfigurationErrorsIfNecessary(LogbackLoggingSystem.java:291)
	at org.springframework.boot.logging.logback.LogbackLoggingSystem.loadConfiguration(LogbackLoggingSystem.java:269)
	at org.springframework.boot.logging.AbstractLoggingSystem.initializeWithConventions(AbstractLoggingSystem.java:81)
	at org.springframework.boot.logging.AbstractLoggingSystem.initialize(AbstractLoggingSystem.java:61)
	at org.springframework.boot.logging.logback.LogbackLoggingSystem.initialize(LogbackLoggingSystem.java:197)
	at org.springframework.boot.context.logging.LoggingApplicationListener.initializeSystem(LoggingApplicationListener.java:332)
	... 19 common frames omitted
2025-03-28 13:39:18.957 [main] ERROR org.springframework.boot.SpringApplication -Application run failed
java.lang.IllegalStateException: java.lang.IllegalStateException: Logback configuration error detected: 
ERROR in ch.qos.logback.core.pattern.parser.Compiler@56aaaecd - There is no conversion class registered for composite conversion word [clr]
ERROR in ch.qos.logback.core.pattern.parser.Compiler@56aaaecd - Failed to create converter for [%clr] keyword
ERROR in ch.qos.logback.core.pattern.parser.Compiler@56aaaecd - There is no conversion class registered for composite conversion word [clr]
ERROR in ch.qos.logback.core.pattern.parser.Compiler@56aaaecd - Failed to create converter for [%clr] keyword
ERROR in ch.qos.logback.core.pattern.parser.Compiler@56aaaecd - There is no conversion class registered for composite conversion word [clr]
ERROR in ch.qos.logback.core.pattern.parser.Compiler@56aaaecd - Failed to create converter for [%clr] keyword
ERROR in ch.qos.logback.core.pattern.parser.Compiler@56aaaecd - There is no conversion class registered for composite conversion word [clr]
ERROR in ch.qos.logback.core.pattern.parser.Compiler@56aaaecd - Failed to create converter for [%clr] keyword
	at org.springframework.boot.context.logging.LoggingApplicationListener.initializeSystem(LoggingApplicationListener.java:347)
	at org.springframework.boot.context.logging.LoggingApplicationListener.initialize(LoggingApplicationListener.java:298)
	at org.springframework.boot.context.logging.LoggingApplicationListener.onApplicationEnvironmentPreparedEvent(LoggingApplicationListener.java:246)
	at org.springframework.boot.context.logging.LoggingApplicationListener.onApplicationEvent(LoggingApplicationListener.java:223)
	at org.springframework.context.event.SimpleApplicationEventMulticaster.doInvokeListener(SimpleApplicationEventMulticaster.java:185)
	at org.springframework.context.event.SimpleApplicationEventMulticaster.invokeListener(SimpleApplicationEventMulticaster.java:178)
	at org.springframework.context.event.SimpleApplicationEventMulticaster.multicastEvent(SimpleApplicationEventMulticaster.java:156)
	at org.springframework.context.event.SimpleApplicationEventMulticaster.multicastEvent(SimpleApplicationEventMulticaster.java:138)
	at org.springframework.boot.context.event.EventPublishingRunListener.multicastInitialEvent(EventPublishingRunListener.java:136)
	at org.springframework.boot.context.event.EventPublishingRunListener.environmentPrepared(EventPublishingRunListener.java:81)
	at org.springframework.boot.SpringApplicationRunListeners.lambda$environmentPrepared$2(SpringApplicationRunListeners.java:64)
	at java.base/java.lang.Iterable.forEach(Iterable.java:75)
	at org.springframework.boot.SpringApplicationRunListeners.doWithListeners(SpringApplicationRunListeners.java:118)
	at org.springframework.boot.SpringApplicationRunListeners.doWithListeners(SpringApplicationRunListeners.java:112)
	at org.springframework.boot.SpringApplicationRunListeners.environmentPrepared(SpringApplicationRunListeners.java:63)
	at org.springframework.boot.SpringApplication.prepareEnvironment(SpringApplication.java:353)
	at org.springframework.boot.SpringApplication.run(SpringApplication.java:313)
	at org.springframework.boot.SpringApplication.run(SpringApplication.java:1361)
	at org.springframework.boot.SpringApplication.run(SpringApplication.java:1350)
	at com.sprint.mission.discodeit.DiscodeitApplication.main(DiscodeitApplication.java:12)
Caused by: java.lang.IllegalStateException: Logback configuration error detected: 
ERROR in ch.qos.logback.core.pattern.parser.Compiler@56aaaecd - There is no conversion class registered for composite conversion word [clr]
ERROR in ch.qos.logback.core.pattern.parser.Compiler@56aaaecd - Failed to create converter for [%clr] keyword
ERROR in ch.qos.logback.core.pattern.parser.Compiler@56aaaecd - There is no conversion class registered for composite conversion word [clr]
ERROR in ch.qos.logback.core.pattern.parser.Compiler@56aaaecd - Failed to create converter for [%clr] keyword
ERROR in ch.qos.logback.core.pattern.parser.Compiler@56aaaecd - There is no conversion class registered for composite conversion word [clr]
ERROR in ch.qos.logback.core.pattern.parser.Compiler@56aaaecd - Failed to create converter for [%clr] keyword
ERROR in ch.qos.logback.core.pattern.parser.Compiler@56aaaecd - There is no conversion class registered for composite conversion word [clr]
ERROR in ch.qos.logback.core.pattern.parser.Compiler@56aaaecd - Failed to create converter for [%clr] keyword
	at org.springframework.boot.logging.logback.LogbackLoggingSystem.reportConfigurationErrorsIfNecessary(LogbackLoggingSystem.java:291)
	at org.springframework.boot.logging.logback.LogbackLoggingSystem.loadConfiguration(LogbackLoggingSystem.java:269)
	at org.springframework.boot.logging.AbstractLoggingSystem.initializeWithConventions(AbstractLoggingSystem.java:81)
	at org.springframework.boot.logging.AbstractLoggingSystem.initialize(AbstractLoggingSystem.java:61)
	at org.springframework.boot.logging.logback.LogbackLoggingSystem.initialize(LogbackLoggingSystem.java:197)
	at org.springframework.boot.context.logging.LoggingApplicationListener.initializeSystem(LoggingApplicationListener.java:332)
	... 19 common frames omitted
2025-03-28 13:43:42.443 [main] INFO  com.sprint.mission.discodeit.DiscodeitApplication - Starting DiscodeitApplication using Java 17.0.12 with PID 15492 (C:\Users\qwert\1-sprint-mission\build\classes\java\main started by qwert in C:\Users\qwert\1-sprint-mission)
2025-03-28 13:43:42.446 [main] INFO  com.sprint.mission.discodeit.DiscodeitApplication - The following 1 profile is active: "dev"
2025-03-28 13:43:44.956 [main] INFO  org.springframework.data.repository.config.RepositoryConfigurationDelegate - Bootstrapping Spring Data JPA repositories in DEFAULT mode.
2025-03-28 13:43:45.361 [main] INFO  org.springframework.data.repository.config.RepositoryConfigurationDelegate - Finished Spring Data repository scanning in 380 ms. Found 6 JPA repository interfaces.
2025-03-28 13:43:46.738 [main] INFO  org.springframework.boot.web.embedded.tomcat.TomcatWebServer - Tomcat initialized with port 8080 (http)
2025-03-28 13:43:46.763 [main] INFO  org.apache.catalina.core.StandardService - Starting service [Tomcat]
2025-03-28 13:43:46.763 [main] INFO  org.apache.catalina.core.StandardEngine - Starting Servlet engine: [Apache Tomcat/10.1.34]
2025-03-28 13:43:46.896 [main] INFO  org.apache.catalina.core.ContainerBase.[Tomcat].[localhost].[/] - Initializing Spring embedded WebApplicationContext
2025-03-28 13:43:46.896 [main] INFO  org.springframework.boot.web.servlet.context.ServletWebServerApplicationContext - Root WebApplicationContext: initialization completed in 4360 ms
2025-03-28 13:43:47.228 [main] DEBUG org.springframework.web.filter.ServerHttpObservationFilter - Filter 'webMvcObservationFilter' configured for use
2025-03-28 13:43:47.322 [main] INFO  com.zaxxer.hikari.HikariDataSource   - HikariPool-1 - Starting...
2025-03-28 13:43:47.696 [main] INFO  com.zaxxer.hikari.pool.HikariPool    - HikariPool-1 - Added connection org.postgresql.jdbc.PgConnection@3bcedb06
2025-03-28 13:43:47.700 [main] INFO  com.zaxxer.hikari.HikariDataSource   - HikariPool-1 - Start completed.
2025-03-28 13:43:47.885 [main] INFO  org.hibernate.jpa.internal.util.LogHelper - HHH000204: Processing PersistenceUnitInfo [name: default]
2025-03-28 13:43:48.021 [main] INFO  org.hibernate.Version                - HHH000412: Hibernate ORM core version 6.6.5.Final
2025-03-28 13:43:48.102 [main] INFO  org.hibernate.cache.internal.RegionFactoryInitiator - HHH000026: Second-level cache disabled
2025-03-28 13:43:48.774 [main] INFO  org.springframework.orm.jpa.persistenceunit.SpringPersistenceUnitInfo - No LoadTimeWeaver setup: ignoring JPA class transformer
2025-03-28 13:43:48.965 [main] INFO  org.hibernate.orm.connections.pooling - HHH10001005: Database info:
	Database JDBC URL [Connecting through datasource 'HikariDataSource (HikariPool-1)']
	Database driver: undefined/unknown
	Database version: 17.4
	Autocommit mode: undefined/unknown
	Isolation level: undefined/unknown
	Minimum pool size: undefined/unknown
	Maximum pool size: undefined/unknown
2025-03-28 13:43:51.203 [main] INFO  org.hibernate.engine.transaction.jta.platform.internal.JtaPlatformInitiator - HHH000489: No JTA platform available (set 'hibernate.transaction.jta.platform' to enable JTA platform integration)
2025-03-28 13:43:51.481 [main] INFO  org.springframework.orm.jpa.LocalContainerEntityManagerFactoryBean - Initialized JPA EntityManagerFactory for persistence unit 'default'
2025-03-28 13:43:52.238 [main] INFO  org.springframework.data.jpa.repository.query.QueryEnhancerFactory - Hibernate is in classpath; If applicable, HQL parser will be used.
2025-03-28 13:43:53.918 [main] INFO  org.springframework.boot.autoconfigure.web.servlet.WelcomePageHandlerMapping - Adding welcome page: class path resource [static/index.html]
2025-03-28 13:43:54.102 [main] DEBUG org.springframework.web.servlet.mvc.method.annotation.RequestMappingHandlerMapping - 28 mappings in 'requestMappingHandlerMapping'
2025-03-28 13:43:54.200 [main] DEBUG org.springframework.web.servlet.handler.SimpleUrlHandlerMapping - Patterns [/webjars/**, /**, /swagger-ui*/*swagger-initializer.js, /swagger-ui*/**] in 'resourceHandlerMapping'
2025-03-28 13:43:54.277 [main] DEBUG org.springframework.web.servlet.mvc.method.annotation.RequestMappingHandlerAdapter - ControllerAdvice beans: 0 @ModelAttribute, 0 @InitBinder, 1 RequestBodyAdvice, 1 ResponseBodyAdvice
2025-03-28 13:43:54.377 [main] DEBUG org.springframework.web.servlet.mvc.method.annotation.ExceptionHandlerExceptionResolver - ControllerAdvice beans: 2 @ExceptionHandler, 1 ResponseBodyAdvice
2025-03-28 13:43:55.315 [main] INFO  org.springframework.boot.actuate.endpoint.web.EndpointLinksResolver - Exposing 5 endpoints beneath base path '/actuator'
2025-03-28 13:43:55.572 [main] INFO  org.springframework.boot.web.embedded.tomcat.TomcatWebServer - Tomcat started on port 8080 (http) with context path '/'
2025-03-28 13:43:55.601 [main] INFO  com.sprint.mission.discodeit.DiscodeitApplication - Started DiscodeitApplication in 14.602 seconds (process running for 16.106)
2025-03-28 13:43:56.167 [RMI TCP Connection(3)-172.30.1.73] INFO  org.apache.catalina.core.ContainerBase.[Tomcat].[localhost].[/] - Initializing Spring DispatcherServlet 'dispatcherServlet'
2025-03-28 13:43:56.167 [RMI TCP Connection(3)-172.30.1.73] INFO  org.springframework.web.servlet.DispatcherServlet - Initializing Servlet 'dispatcherServlet'
2025-03-28 13:43:56.168 [RMI TCP Connection(3)-172.30.1.73] DEBUG org.springframework.web.servlet.DispatcherServlet - Detected StandardServletMultipartResolver
2025-03-28 13:43:56.169 [RMI TCP Connection(3)-172.30.1.73] DEBUG org.springframework.web.servlet.DispatcherServlet - Detected AcceptHeaderLocaleResolver
2025-03-28 13:43:56.170 [RMI TCP Connection(3)-172.30.1.73] DEBUG org.springframework.web.servlet.DispatcherServlet - Detected FixedThemeResolver
2025-03-28 13:43:56.173 [RMI TCP Connection(3)-172.30.1.73] DEBUG org.springframework.web.servlet.DispatcherServlet - Detected org.springframework.web.servlet.view.DefaultRequestToViewNameTranslator@16c230c
2025-03-28 13:43:56.175 [RMI TCP Connection(3)-172.30.1.73] DEBUG org.springframework.web.servlet.DispatcherServlet - Detected org.springframework.web.servlet.support.SessionFlashMapManager@42acca1a
2025-03-28 13:43:56.175 [RMI TCP Connection(3)-172.30.1.73] DEBUG org.springframework.web.servlet.DispatcherServlet - enableLoggingRequestDetails='false': request parameters and headers will be masked to prevent unsafe logging of potentially sensitive data
2025-03-28 13:43:56.176 [RMI TCP Connection(3)-172.30.1.73] INFO  org.springframework.web.servlet.DispatcherServlet - Completed initialization in 8 ms
2025-03-28 13:44:00.068 [http-nio-8080-exec-1] DEBUG org.springframework.web.servlet.DispatcherServlet - GET "/actuator/info", parameters={}
2025-03-28 13:44:00.129 [http-nio-8080-exec-1] DEBUG org.springframework.web.servlet.mvc.method.annotation.RequestResponseBodyMethodProcessor - Read "application/octet-stream" to []
2025-03-28 13:44:00.149 [http-nio-8080-exec-1] DEBUG org.springframework.web.servlet.mvc.method.annotation.RequestResponseBodyMethodProcessor - Using 'application/vnd.spring-boot.actuator.v3+json;q=0.8', given [text/html, application/xhtml+xml, image/avif, image/webp, image/apng, application/xml;q=0.9, */*;q=0.8, application/signed-exchange;v=b3;q=0.7] and supported [application/vnd.spring-boot.actuator.v3+json, application/vnd.spring-boot.actuator.v2+json, application/json]
2025-03-28 13:44:00.156 [http-nio-8080-exec-1] DEBUG org.springframework.web.servlet.mvc.method.annotation.RequestResponseBodyMethodProcessor - Writing [{}]
2025-03-28 13:44:00.187 [http-nio-8080-exec-1] DEBUG org.springframework.web.servlet.DispatcherServlet - Completed 200 OK
2025-03-28 13:44:00.236 [http-nio-8080-exec-2] DEBUG org.springframework.web.servlet.DispatcherServlet - GET "/favicon.ico", parameters={}
2025-03-28 13:44:00.245 [http-nio-8080-exec-2] DEBUG org.springframework.web.servlet.handler.SimpleUrlHandlerMapping - Mapped to ResourceHttpRequestHandler [classpath [META-INF/resources/], classpath [resources/], classpath [static/], classpath [public/], ServletContext [/]]
2025-03-28 13:44:00.262 [http-nio-8080-exec-2] DEBUG org.springframework.web.servlet.DispatcherServlet - Completed 200 OK
2025-03-28 13:45:13.588 [SpringApplicationShutdownHook] INFO  org.springframework.boot.web.embedded.tomcat.GracefulShutdown - Commencing graceful shutdown. Waiting for active requests to complete
2025-03-28 13:45:14.045 [tomcat-shutdown] INFO  org.springframework.boot.web.embedded.tomcat.GracefulShutdown - Graceful shutdown complete
2025-03-28 13:45:14.106 [SpringApplicationShutdownHook] INFO  org.springframework.orm.jpa.LocalContainerEntityManagerFactoryBean - Closing JPA EntityManagerFactory for persistence unit 'default'
2025-03-28 13:45:14.110 [SpringApplicationShutdownHook] INFO  com.zaxxer.hikari.HikariDataSource   - HikariPool-1 - Shutdown initiated...
2025-03-28 13:45:14.117 [SpringApplicationShutdownHook] INFO  com.zaxxer.hikari.HikariDataSource   - HikariPool-1 - Shutdown completed.
2025-03-28 13:45:19.757 [main] INFO  com.sprint.mission.discodeit.DiscodeitApplication - Starting DiscodeitApplication using Java 17.0.12 with PID 6992 (C:\Users\qwert\1-sprint-mission\build\classes\java\main started by qwert in C:\Users\qwert\1-sprint-mission)
2025-03-28 13:45:19.761 [main] INFO  com.sprint.mission.discodeit.DiscodeitApplication - The following 1 profile is active: "dev"
2025-03-28 13:45:22.179 [main] INFO  org.springframework.data.repository.config.RepositoryConfigurationDelegate - Bootstrapping Spring Data JPA repositories in DEFAULT mode.
2025-03-28 13:45:22.537 [main] INFO  org.springframework.data.repository.config.RepositoryConfigurationDelegate - Finished Spring Data repository scanning in 340 ms. Found 6 JPA repository interfaces.
2025-03-28 13:45:23.856 [main] INFO  org.springframework.boot.web.embedded.tomcat.TomcatWebServer - Tomcat initialized with port 8080 (http)
2025-03-28 13:45:23.885 [main] INFO  org.apache.catalina.core.StandardService - Starting service [Tomcat]
2025-03-28 13:45:23.885 [main] INFO  org.apache.catalina.core.StandardEngine - Starting Servlet engine: [Apache Tomcat/10.1.34]
2025-03-28 13:45:24.012 [main] INFO  org.apache.catalina.core.ContainerBase.[Tomcat].[localhost].[/] - Initializing Spring embedded WebApplicationContext
2025-03-28 13:45:24.013 [main] INFO  org.springframework.boot.web.servlet.context.ServletWebServerApplicationContext - Root WebApplicationContext: initialization completed in 4159 ms
2025-03-28 13:45:24.338 [main] DEBUG org.springframework.web.filter.ServerHttpObservationFilter - Filter 'webMvcObservationFilter' configured for use
2025-03-28 13:45:24.434 [main] INFO  com.zaxxer.hikari.HikariDataSource   - HikariPool-1 - Starting...
2025-03-28 13:45:24.785 [main] INFO  com.zaxxer.hikari.pool.HikariPool    - HikariPool-1 - Added connection org.postgresql.jdbc.PgConnection@31183ee2
2025-03-28 13:45:24.788 [main] INFO  com.zaxxer.hikari.HikariDataSource   - HikariPool-1 - Start completed.
2025-03-28 13:45:24.957 [main] INFO  org.hibernate.jpa.internal.util.LogHelper - HHH000204: Processing PersistenceUnitInfo [name: default]
2025-03-28 13:45:25.095 [main] INFO  org.hibernate.Version                - HHH000412: Hibernate ORM core version 6.6.5.Final
2025-03-28 13:45:25.170 [main] INFO  org.hibernate.cache.internal.RegionFactoryInitiator - HHH000026: Second-level cache disabled
2025-03-28 13:45:25.820 [main] INFO  org.springframework.orm.jpa.persistenceunit.SpringPersistenceUnitInfo - No LoadTimeWeaver setup: ignoring JPA class transformer
2025-03-28 13:45:26.012 [main] INFO  org.hibernate.orm.connections.pooling - HHH10001005: Database info:
	Database JDBC URL [Connecting through datasource 'HikariDataSource (HikariPool-1)']
	Database driver: undefined/unknown
	Database version: 17.4
	Autocommit mode: undefined/unknown
	Isolation level: undefined/unknown
	Minimum pool size: undefined/unknown
	Maximum pool size: undefined/unknown
2025-03-28 13:45:28.254 [main] INFO  org.hibernate.engine.transaction.jta.platform.internal.JtaPlatformInitiator - HHH000489: No JTA platform available (set 'hibernate.transaction.jta.platform' to enable JTA platform integration)
2025-03-28 13:45:28.525 [main] INFO  org.springframework.orm.jpa.LocalContainerEntityManagerFactoryBean - Initialized JPA EntityManagerFactory for persistence unit 'default'
2025-03-28 13:45:29.270 [main] INFO  org.springframework.data.jpa.repository.query.QueryEnhancerFactory - Hibernate is in classpath; If applicable, HQL parser will be used.
2025-03-28 13:45:30.911 [main] INFO  org.springframework.boot.autoconfigure.web.servlet.WelcomePageHandlerMapping - Adding welcome page: class path resource [static/index.html]
2025-03-28 13:45:31.096 [main] DEBUG org.springframework.web.servlet.mvc.method.annotation.RequestMappingHandlerMapping - 28 mappings in 'requestMappingHandlerMapping'
2025-03-28 13:45:31.192 [main] DEBUG org.springframework.web.servlet.handler.SimpleUrlHandlerMapping - Patterns [/webjars/**, /**, /swagger-ui*/*swagger-initializer.js, /swagger-ui*/**] in 'resourceHandlerMapping'
2025-03-28 13:45:31.267 [main] DEBUG org.springframework.web.servlet.mvc.method.annotation.RequestMappingHandlerAdapter - ControllerAdvice beans: 0 @ModelAttribute, 0 @InitBinder, 1 RequestBodyAdvice, 1 ResponseBodyAdvice
2025-03-28 13:45:31.364 [main] DEBUG org.springframework.web.servlet.mvc.method.annotation.ExceptionHandlerExceptionResolver - ControllerAdvice beans: 2 @ExceptionHandler, 1 ResponseBodyAdvice
2025-03-28 13:45:32.356 [main] INFO  org.springframework.boot.actuate.endpoint.web.EndpointLinksResolver - Exposing 5 endpoints beneath base path '/actuator'
2025-03-28 13:45:32.651 [main] INFO  org.springframework.boot.web.embedded.tomcat.TomcatWebServer - Tomcat started on port 8080 (http) with context path '/'
2025-03-28 13:45:32.684 [main] INFO  com.sprint.mission.discodeit.DiscodeitApplication - Started DiscodeitApplication in 14.317 seconds (process running for 15.654)
2025-03-28 13:45:33.179 [RMI TCP Connection(2)-172.30.1.73] INFO  org.apache.catalina.core.ContainerBase.[Tomcat].[localhost].[/] - Initializing Spring DispatcherServlet 'dispatcherServlet'
2025-03-28 13:45:33.180 [RMI TCP Connection(2)-172.30.1.73] INFO  org.springframework.web.servlet.DispatcherServlet - Initializing Servlet 'dispatcherServlet'
2025-03-28 13:45:33.180 [RMI TCP Connection(2)-172.30.1.73] DEBUG org.springframework.web.servlet.DispatcherServlet - Detected StandardServletMultipartResolver
2025-03-28 13:45:33.180 [RMI TCP Connection(2)-172.30.1.73] DEBUG org.springframework.web.servlet.DispatcherServlet - Detected AcceptHeaderLocaleResolver
2025-03-28 13:45:33.181 [RMI TCP Connection(2)-172.30.1.73] DEBUG org.springframework.web.servlet.DispatcherServlet - Detected FixedThemeResolver
2025-03-28 13:45:33.183 [RMI TCP Connection(2)-172.30.1.73] DEBUG org.springframework.web.servlet.DispatcherServlet - Detected org.springframework.web.servlet.view.DefaultRequestToViewNameTranslator@60cc749d
2025-03-28 13:45:33.185 [RMI TCP Connection(2)-172.30.1.73] DEBUG org.springframework.web.servlet.DispatcherServlet - Detected org.springframework.web.servlet.support.SessionFlashMapManager@b50cfa7
2025-03-28 13:45:33.186 [RMI TCP Connection(2)-172.30.1.73] DEBUG org.springframework.web.servlet.DispatcherServlet - enableLoggingRequestDetails='false': request parameters and headers will be masked to prevent unsafe logging of potentially sensitive data
2025-03-28 13:45:33.186 [RMI TCP Connection(2)-172.30.1.73] INFO  org.springframework.web.servlet.DispatcherServlet - Completed initialization in 6 ms
2025-03-28 13:47:09.203 [SpringApplicationShutdownHook] INFO  org.springframework.boot.web.embedded.tomcat.GracefulShutdown - Commencing graceful shutdown. Waiting for active requests to complete
2025-03-28 13:47:09.686 [tomcat-shutdown] INFO  org.springframework.boot.web.embedded.tomcat.GracefulShutdown - Graceful shutdown complete
2025-03-28 13:47:09.735 [SpringApplicationShutdownHook] INFO  org.springframework.orm.jpa.LocalContainerEntityManagerFactoryBean - Closing JPA EntityManagerFactory for persistence unit 'default'
2025-03-28 13:47:09.738 [SpringApplicationShutdownHook] INFO  com.zaxxer.hikari.HikariDataSource   - HikariPool-1 - Shutdown initiated...
2025-03-28 13:47:09.750 [SpringApplicationShutdownHook] INFO  com.zaxxer.hikari.HikariDataSource   - HikariPool-1 - Shutdown completed.
2025-03-28 13:47:14.542 [main] ERROR o.s.boot.SpringApplication - Application run failed
java.lang.IllegalStateException: java.lang.IllegalStateException: Logback configuration error detected: 
ERROR in ch.qos.logback.core.pattern.color.ConverterSupplierByClassName@2a76b80a - Failed to instantiate converter class [ch.qos.logback.classic.pattern.ColorConverter] for conversion word [highlightCustom] ch.qos.logback.core.util.DynamicClassLoadingException: Failed to instantiate type ch.qos.logback.classic.pattern.ColorConverter
ERROR in ch.qos.logback.core.pattern.parser.Compiler@7eb01b12 - Failed to create converter for [%highlightCustom] keyword
	at org.springframework.boot.context.logging.LoggingApplicationListener.initializeSystem(LoggingApplicationListener.java:347)
	at org.springframework.boot.context.logging.LoggingApplicationListener.initialize(LoggingApplicationListener.java:298)
	at org.springframework.boot.context.logging.LoggingApplicationListener.onApplicationEnvironmentPreparedEvent(LoggingApplicationListener.java:246)
	at org.springframework.boot.context.logging.LoggingApplicationListener.onApplicationEvent(LoggingApplicationListener.java:223)
	at org.springframework.context.event.SimpleApplicationEventMulticaster.doInvokeListener(SimpleApplicationEventMulticaster.java:185)
	at org.springframework.context.event.SimpleApplicationEventMulticaster.invokeListener(SimpleApplicationEventMulticaster.java:178)
	at org.springframework.context.event.SimpleApplicationEventMulticaster.multicastEvent(SimpleApplicationEventMulticaster.java:156)
	at org.springframework.context.event.SimpleApplicationEventMulticaster.multicastEvent(SimpleApplicationEventMulticaster.java:138)
	at org.springframework.boot.context.event.EventPublishingRunListener.multicastInitialEvent(EventPublishingRunListener.java:136)
	at org.springframework.boot.context.event.EventPublishingRunListener.environmentPrepared(EventPublishingRunListener.java:81)
	at org.springframework.boot.SpringApplicationRunListeners.lambda$environmentPrepared$2(SpringApplicationRunListeners.java:64)
	at java.base/java.lang.Iterable.forEach(Iterable.java:75)
	at org.springframework.boot.SpringApplicationRunListeners.doWithListeners(SpringApplicationRunListeners.java:118)
	at org.springframework.boot.SpringApplicationRunListeners.doWithListeners(SpringApplicationRunListeners.java:112)
	at org.springframework.boot.SpringApplicationRunListeners.environmentPrepared(SpringApplicationRunListeners.java:63)
	at org.springframework.boot.SpringApplication.prepareEnvironment(SpringApplication.java:353)
	at org.springframework.boot.SpringApplication.run(SpringApplication.java:313)
	at org.springframework.boot.SpringApplication.run(SpringApplication.java:1361)
	at org.springframework.boot.SpringApplication.run(SpringApplication.java:1350)
	at com.sprint.mission.discodeit.DiscodeitApplication.main(DiscodeitApplication.java:12)
Caused by: java.lang.IllegalStateException: Logback configuration error detected: 
ERROR in ch.qos.logback.core.pattern.color.ConverterSupplierByClassName@2a76b80a - Failed to instantiate converter class [ch.qos.logback.classic.pattern.ColorConverter] for conversion word [highlightCustom] ch.qos.logback.core.util.DynamicClassLoadingException: Failed to instantiate type ch.qos.logback.classic.pattern.ColorConverter
ERROR in ch.qos.logback.core.pattern.parser.Compiler@7eb01b12 - Failed to create converter for [%highlightCustom] keyword
	at org.springframework.boot.logging.logback.LogbackLoggingSystem.reportConfigurationErrorsIfNecessary(LogbackLoggingSystem.java:291)
	at org.springframework.boot.logging.logback.LogbackLoggingSystem.loadConfiguration(LogbackLoggingSystem.java:269)
	at org.springframework.boot.logging.AbstractLoggingSystem.initializeWithConventions(AbstractLoggingSystem.java:81)
	at org.springframework.boot.logging.AbstractLoggingSystem.initialize(AbstractLoggingSystem.java:61)
	at org.springframework.boot.logging.logback.LogbackLoggingSystem.initialize(LogbackLoggingSystem.java:197)
	at org.springframework.boot.context.logging.LoggingApplicationListener.initializeSystem(LoggingApplicationListener.java:332)
	... 19 common frames omitted
	Suppressed: ch.qos.logback.core.util.DynamicClassLoadingException: Failed to instantiate type ch.qos.logback.classic.pattern.ColorConverter
		at ch.qos.logback.core.util.OptionHelper.instantiateByClassNameAndParameter(OptionHelper.java:69)
		at ch.qos.logback.core.util.OptionHelper.instantiateByClassName(OptionHelper.java:44)
		at ch.qos.logback.core.util.OptionHelper.instantiateByClassName(OptionHelper.java:33)
		at ch.qos.logback.core.pattern.color.ConverterSupplierByClassName.get(ConverterSupplierByClassName.java:36)
		at ch.qos.logback.core.pattern.color.ConverterSupplierByClassName.get(ConverterSupplierByClassName.java:23)
		at ch.qos.logback.core.pattern.parser.Compiler.createCompositeConverter(Compiler.java:124)
		at ch.qos.logback.core.pattern.parser.Compiler.compile(Compiler.java:48)
		at ch.qos.logback.core.pattern.parser.Parser.compile(Parser.java:85)
		at ch.qos.logback.core.pattern.PatternLayoutBase.start(PatternLayoutBase.java:143)
		at ch.qos.logback.classic.encoder.PatternLayoutEncoder.start(PatternLayoutEncoder.java:28)
		at ch.qos.logback.core.model.processor.ImplicitModelHandler.postHandleComplex(ImplicitModelHandler.java:207)
		at ch.qos.logback.core.model.processor.ImplicitModelHandler.postHandle(ImplicitModelHandler.java:186)
		at ch.qos.logback.core.model.processor.DefaultProcessor.secondPhaseTraverse(DefaultProcessor.java:257)
		at ch.qos.logback.core.model.processor.DefaultProcessor.secondPhaseTraverse(DefaultProcessor.java:253)
		at ch.qos.logback.core.model.processor.DefaultProcessor.secondPhaseTraverse(DefaultProcessor.java:253)
		at ch.qos.logback.core.model.processor.DefaultProcessor.traversalLoop(DefaultProcessor.java:90)
		at ch.qos.logback.core.model.processor.DefaultProcessor.process(DefaultProcessor.java:106)
		at ch.qos.logback.core.joran.GenericXMLConfigurator.processModel(GenericXMLConfigurator.java:222)
		at org.springframework.boot.logging.logback.SpringBootJoranConfigurator.processModel(SpringBootJoranConfigurator.java:136)
		at ch.qos.logback.core.joran.GenericXMLConfigurator.doConfigure(GenericXMLConfigurator.java:178)
		at ch.qos.logback.core.joran.GenericXMLConfigurator.doConfigure(GenericXMLConfigurator.java:123)
		at ch.qos.logback.core.joran.GenericXMLConfigurator.doConfigure(GenericXMLConfigurator.java:66)
		at org.springframework.boot.logging.logback.LogbackLoggingSystem.configureByResourceUrl(LogbackLoggingSystem.java:300)
		at org.springframework.boot.logging.logback.LogbackLoggingSystem.lambda$loadConfiguration$2(LogbackLoggingSystem.java:262)
		at org.springframework.boot.logging.logback.LogbackLoggingSystem.withLoggingSuppressed(LogbackLoggingSystem.java:483)
		at org.springframework.boot.logging.logback.LogbackLoggingSystem.loadConfiguration(LogbackLoggingSystem.java:255)
		... 23 common frames omitted
	Caused by: java.lang.ClassNotFoundException: ch.qos.logback.classic.pattern.ColorConverter
		at java.base/jdk.internal.loader.BuiltinClassLoader.loadClass(BuiltinClassLoader.java:641)
		at java.base/jdk.internal.loader.ClassLoaders$AppClassLoader.loadClass(ClassLoaders.java:188)
		at java.base/java.lang.ClassLoader.loadClass(ClassLoader.java:525)
		at ch.qos.logback.core.util.OptionHelper.instantiateByClassNameAndParameter(OptionHelper.java:56)
		... 48 common frames omitted
2025-03-28 13:47:24.988 [main] INFO  com.sprint.mission.discodeit.DiscodeitApplication - Starting DiscodeitApplication using Java 17.0.12 with PID 3748 (C:\Users\qwert\1-sprint-mission\build\classes\java\main started by qwert in C:\Users\qwert\1-sprint-mission)
2025-03-28 13:47:24.991 [main] INFO  com.sprint.mission.discodeit.DiscodeitApplication - The following 1 profile is active: "dev"
2025-03-28 13:47:27.873 [main] INFO  org.springframework.data.repository.config.RepositoryConfigurationDelegate - Bootstrapping Spring Data JPA repositories in DEFAULT mode.
2025-03-28 13:47:28.311 [main] INFO  org.springframework.data.repository.config.RepositoryConfigurationDelegate - Finished Spring Data repository scanning in 418 ms. Found 6 JPA repository interfaces.
2025-03-28 13:47:29.985 [main] INFO  org.springframework.boot.web.embedded.tomcat.TomcatWebServer - Tomcat initialized with port 8080 (http)
2025-03-28 13:47:30.012 [main] INFO  org.apache.catalina.core.StandardService - Starting service [Tomcat]
2025-03-28 13:47:30.012 [main] INFO  org.apache.catalina.core.StandardEngine - Starting Servlet engine: [Apache Tomcat/10.1.34]
2025-03-28 13:47:30.175 [main] INFO  org.apache.catalina.core.ContainerBase.[Tomcat].[localhost].[/] - Initializing Spring embedded WebApplicationContext
2025-03-28 13:47:30.176 [main] INFO  org.springframework.boot.web.servlet.context.ServletWebServerApplicationContext - Root WebApplicationContext: initialization completed in 5100 ms
2025-03-28 13:47:30.549 [main] DEBUG org.springframework.web.filter.ServerHttpObservationFilter - Filter 'webMvcObservationFilter' configured for use
2025-03-28 13:47:30.648 [main] INFO  com.zaxxer.hikari.HikariDataSource   - HikariPool-1 - Starting...
2025-03-28 13:47:31.027 [main] INFO  com.zaxxer.hikari.pool.HikariPool    - HikariPool-1 - Added connection org.postgresql.jdbc.PgConnection@41bdaa81
2025-03-28 13:47:31.030 [main] INFO  com.zaxxer.hikari.HikariDataSource   - HikariPool-1 - Start completed.
2025-03-28 13:47:31.212 [main] INFO  org.hibernate.jpa.internal.util.LogHelper - HHH000204: Processing PersistenceUnitInfo [name: default]
2025-03-28 13:47:31.377 [main] INFO  org.hibernate.Version                - HHH000412: Hibernate ORM core version 6.6.5.Final
2025-03-28 13:47:31.472 [main] INFO  org.hibernate.cache.internal.RegionFactoryInitiator - HHH000026: Second-level cache disabled
2025-03-28 13:47:32.192 [main] INFO  org.springframework.orm.jpa.persistenceunit.SpringPersistenceUnitInfo - No LoadTimeWeaver setup: ignoring JPA class transformer
2025-03-28 13:47:32.408 [main] INFO  org.hibernate.orm.connections.pooling - HHH10001005: Database info:
	Database JDBC URL [Connecting through datasource 'HikariDataSource (HikariPool-1)']
	Database driver: undefined/unknown
	Database version: 17.4
	Autocommit mode: undefined/unknown
	Isolation level: undefined/unknown
	Minimum pool size: undefined/unknown
	Maximum pool size: undefined/unknown
2025-03-28 13:47:34.760 [main] INFO  org.hibernate.engine.transaction.jta.platform.internal.JtaPlatformInitiator - HHH000489: No JTA platform available (set 'hibernate.transaction.jta.platform' to enable JTA platform integration)
2025-03-28 13:47:35.049 [main] INFO  org.springframework.orm.jpa.LocalContainerEntityManagerFactoryBean - Initialized JPA EntityManagerFactory for persistence unit 'default'
2025-03-28 13:47:35.814 [main] INFO  org.springframework.data.jpa.repository.query.QueryEnhancerFactory - Hibernate is in classpath; If applicable, HQL parser will be used.
2025-03-28 13:47:37.627 [main] INFO  org.springframework.boot.autoconfigure.web.servlet.WelcomePageHandlerMapping - Adding welcome page: class path resource [static/index.html]
2025-03-28 13:47:37.831 [main] DEBUG org.springframework.web.servlet.mvc.method.annotation.RequestMappingHandlerMapping - 28 mappings in 'requestMappingHandlerMapping'
2025-03-28 13:47:37.938 [main] DEBUG org.springframework.web.servlet.handler.SimpleUrlHandlerMapping - Patterns [/webjars/**, /**, /swagger-ui*/*swagger-initializer.js, /swagger-ui*/**] in 'resourceHandlerMapping'
2025-03-28 13:47:38.014 [main] DEBUG org.springframework.web.servlet.mvc.method.annotation.RequestMappingHandlerAdapter - ControllerAdvice beans: 0 @ModelAttribute, 0 @InitBinder, 1 RequestBodyAdvice, 1 ResponseBodyAdvice
2025-03-28 13:47:38.119 [main] DEBUG org.springframework.web.servlet.mvc.method.annotation.ExceptionHandlerExceptionResolver - ControllerAdvice beans: 2 @ExceptionHandler, 1 ResponseBodyAdvice
2025-03-28 13:47:39.049 [main] INFO  org.springframework.boot.actuate.endpoint.web.EndpointLinksResolver - Exposing 5 endpoints beneath base path '/actuator'
2025-03-28 13:47:39.309 [main] INFO  org.springframework.boot.web.embedded.tomcat.TomcatWebServer - Tomcat started on port 8080 (http) with context path '/'
2025-03-28 13:47:39.343 [main] INFO  com.sprint.mission.discodeit.DiscodeitApplication - Started DiscodeitApplication in 15.77 seconds (process running for 17.386)
2025-03-28 13:47:39.746 [RMI TCP Connection(2)-172.30.1.73] INFO  org.apache.catalina.core.ContainerBase.[Tomcat].[localhost].[/] - Initializing Spring DispatcherServlet 'dispatcherServlet'
2025-03-28 13:47:39.747 [RMI TCP Connection(2)-172.30.1.73] INFO  org.springframework.web.servlet.DispatcherServlet - Initializing Servlet 'dispatcherServlet'
2025-03-28 13:47:39.747 [RMI TCP Connection(2)-172.30.1.73] DEBUG org.springframework.web.servlet.DispatcherServlet - Detected StandardServletMultipartResolver
2025-03-28 13:47:39.747 [RMI TCP Connection(2)-172.30.1.73] DEBUG org.springframework.web.servlet.DispatcherServlet - Detected AcceptHeaderLocaleResolver
2025-03-28 13:47:39.748 [RMI TCP Connection(2)-172.30.1.73] DEBUG org.springframework.web.servlet.DispatcherServlet - Detected FixedThemeResolver
2025-03-28 13:47:39.752 [RMI TCP Connection(2)-172.30.1.73] DEBUG org.springframework.web.servlet.DispatcherServlet - Detected org.springframework.web.servlet.view.DefaultRequestToViewNameTranslator@6903e134
2025-03-28 13:47:39.754 [RMI TCP Connection(2)-172.30.1.73] DEBUG org.springframework.web.servlet.DispatcherServlet - Detected org.springframework.web.servlet.support.SessionFlashMapManager@1d0544b3
2025-03-28 13:47:39.754 [RMI TCP Connection(2)-172.30.1.73] DEBUG org.springframework.web.servlet.DispatcherServlet - enableLoggingRequestDetails='false': request parameters and headers will be masked to prevent unsafe logging of potentially sensitive data
2025-03-28 13:47:39.755 [RMI TCP Connection(2)-172.30.1.73] INFO  org.springframework.web.servlet.DispatcherServlet - Completed initialization in 8 ms
2025-03-28 13:47:46.585 [http-nio-8080-exec-2] DEBUG org.springframework.web.servlet.DispatcherServlet - GET "/actuator/info", parameters={}
2025-03-28 13:47:46.642 [http-nio-8080-exec-2] DEBUG org.springframework.web.servlet.mvc.method.annotation.RequestResponseBodyMethodProcessor - Read "application/octet-stream" to []
2025-03-28 13:47:46.672 [http-nio-8080-exec-2] DEBUG org.springframework.web.servlet.mvc.method.annotation.RequestResponseBodyMethodProcessor - Using 'application/vnd.spring-boot.actuator.v3+json;q=0.8', given [text/html, application/xhtml+xml, image/avif, image/webp, image/apng, application/xml;q=0.9, */*;q=0.8, application/signed-exchange;v=b3;q=0.7] and supported [application/vnd.spring-boot.actuator.v3+json, application/vnd.spring-boot.actuator.v2+json, application/json]
2025-03-28 13:47:46.680 [http-nio-8080-exec-2] DEBUG org.springframework.web.servlet.mvc.method.annotation.RequestResponseBodyMethodProcessor - Writing [{}]
2025-03-28 13:47:46.711 [http-nio-8080-exec-2] DEBUG org.springframework.web.servlet.DispatcherServlet - Completed 200 OK
2025-03-28 13:47:46.758 [http-nio-8080-exec-1] DEBUG org.springframework.web.servlet.DispatcherServlet - GET "/favicon.ico", parameters={}
2025-03-28 13:47:46.767 [http-nio-8080-exec-1] DEBUG org.springframework.web.servlet.handler.SimpleUrlHandlerMapping - Mapped to ResourceHttpRequestHandler [classpath [META-INF/resources/], classpath [resources/], classpath [static/], classpath [public/], ServletContext [/]]
2025-03-28 13:47:46.781 [http-nio-8080-exec-1] DEBUG org.springframework.web.servlet.DispatcherServlet - Completed 200 OK
2025-03-28 13:49:55.976 [SpringApplicationShutdownHook] INFO  org.springframework.boot.web.embedded.tomcat.GracefulShutdown - Commencing graceful shutdown. Waiting for active requests to complete
2025-03-28 13:49:56.762 [tomcat-shutdown] INFO  org.springframework.boot.web.embedded.tomcat.GracefulShutdown - Graceful shutdown complete
2025-03-28 13:49:56.861 [SpringApplicationShutdownHook] INFO  org.springframework.orm.jpa.LocalContainerEntityManagerFactoryBean - Closing JPA EntityManagerFactory for persistence unit 'default'
2025-03-28 13:49:56.866 [SpringApplicationShutdownHook] INFO  com.zaxxer.hikari.HikariDataSource   - HikariPool-1 - Shutdown initiated...
2025-03-28 13:49:56.883 [SpringApplicationShutdownHook] INFO  com.zaxxer.hikari.HikariDataSource   - HikariPool-1 - Shutdown completed.
2025-03-28 13:55:41.535 [main] INFO  com.sprint.mission.discodeit.DiscodeitApplication - Starting DiscodeitApplication using Java 17.0.12 with PID 9932 (C:\Users\qwert\1-sprint-mission\build\classes\java\main started by qwert in C:\Users\qwert\1-sprint-mission)
2025-03-28 13:55:41.541 [main] INFO  com.sprint.mission.discodeit.DiscodeitApplication - The following 1 profile is active: "dev"
2025-03-28 13:55:44.825 [main] INFO  org.springframework.data.repository.config.RepositoryConfigurationDelegate - Bootstrapping Spring Data JPA repositories in DEFAULT mode.
2025-03-28 13:55:45.409 [main] INFO  org.springframework.data.repository.config.RepositoryConfigurationDelegate - Finished Spring Data repository scanning in 548 ms. Found 6 JPA repository interfaces.
2025-03-28 13:55:47.387 [main] INFO  org.springframework.boot.web.embedded.tomcat.TomcatWebServer - Tomcat initialized with port 8080 (http)
2025-03-28 13:55:47.426 [main] INFO  org.apache.catalina.core.StandardService - Starting service [Tomcat]
2025-03-28 13:55:47.427 [main] INFO  org.apache.catalina.core.StandardEngine - Starting Servlet engine: [Apache Tomcat/10.1.34]
2025-03-28 13:55:47.652 [main] INFO  org.apache.catalina.core.ContainerBase.[Tomcat].[localhost].[/] - Initializing Spring embedded WebApplicationContext
2025-03-28 13:55:47.654 [main] INFO  org.springframework.boot.web.servlet.context.ServletWebServerApplicationContext - Root WebApplicationContext: initialization completed in 5965 ms
2025-03-28 13:55:48.077 [main] DEBUG org.springframework.web.filter.ServerHttpObservationFilter - Filter 'webMvcObservationFilter' configured for use
2025-03-28 13:55:48.225 [main] INFO  com.zaxxer.hikari.HikariDataSource   - HikariPool-1 - Starting...
2025-03-28 13:55:48.754 [main] INFO  com.zaxxer.hikari.pool.HikariPool    - HikariPool-1 - Added connection org.postgresql.jdbc.PgConnection@6c36051c
2025-03-28 13:55:48.759 [main] INFO  com.zaxxer.hikari.HikariDataSource   - HikariPool-1 - Start completed.
2025-03-28 13:55:49.016 [main] INFO  org.hibernate.jpa.internal.util.LogHelper - HHH000204: Processing PersistenceUnitInfo [name: default]
2025-03-28 13:55:49.219 [main] INFO  org.hibernate.Version                - HHH000412: Hibernate ORM core version 6.6.5.Final
2025-03-28 13:55:49.330 [main] INFO  org.hibernate.cache.internal.RegionFactoryInitiator - HHH000026: Second-level cache disabled
2025-03-28 13:55:50.364 [main] INFO  org.springframework.orm.jpa.persistenceunit.SpringPersistenceUnitInfo - No LoadTimeWeaver setup: ignoring JPA class transformer
2025-03-28 13:55:50.645 [main] INFO  org.hibernate.orm.connections.pooling - HHH10001005: Database info:
	Database JDBC URL [Connecting through datasource 'HikariDataSource (HikariPool-1)']
	Database driver: undefined/unknown
	Database version: 17.4
	Autocommit mode: undefined/unknown
	Isolation level: undefined/unknown
	Minimum pool size: undefined/unknown
	Maximum pool size: undefined/unknown
2025-03-28 13:55:53.697 [main] INFO  org.hibernate.engine.transaction.jta.platform.internal.JtaPlatformInitiator - HHH000489: No JTA platform available (set 'hibernate.transaction.jta.platform' to enable JTA platform integration)
2025-03-28 13:55:54.074 [main] INFO  org.springframework.orm.jpa.LocalContainerEntityManagerFactoryBean - Initialized JPA EntityManagerFactory for persistence unit 'default'
2025-03-28 13:55:55.121 [main] INFO  org.springframework.data.jpa.repository.query.QueryEnhancerFactory - Hibernate is in classpath; If applicable, HQL parser will be used.
2025-03-28 13:55:57.491 [main] INFO  org.springframework.boot.autoconfigure.web.servlet.WelcomePageHandlerMapping - Adding welcome page: class path resource [static/index.html]
2025-03-28 13:55:57.816 [main] DEBUG org.springframework.web.servlet.mvc.method.annotation.RequestMappingHandlerMapping - 28 mappings in 'requestMappingHandlerMapping'
2025-03-28 13:55:57.969 [main] DEBUG org.springframework.web.servlet.handler.SimpleUrlHandlerMapping - Patterns [/webjars/**, /**, /swagger-ui*/*swagger-initializer.js, /swagger-ui*/**] in 'resourceHandlerMapping'
2025-03-28 13:55:58.095 [main] DEBUG org.springframework.web.servlet.mvc.method.annotation.RequestMappingHandlerAdapter - ControllerAdvice beans: 0 @ModelAttribute, 0 @InitBinder, 1 RequestBodyAdvice, 1 ResponseBodyAdvice
2025-03-28 13:55:58.233 [main] DEBUG org.springframework.web.servlet.mvc.method.annotation.ExceptionHandlerExceptionResolver - ControllerAdvice beans: 2 @ExceptionHandler, 1 ResponseBodyAdvice
2025-03-28 13:55:59.474 [main] INFO  org.springframework.boot.actuate.endpoint.web.EndpointLinksResolver - Exposing 5 endpoints beneath base path '/actuator'
2025-03-28 13:56:00.020 [main] INFO  org.springframework.boot.web.embedded.tomcat.TomcatWebServer - Tomcat started on port 8080 (http) with context path '/'
2025-03-28 13:56:00.090 [main] INFO  com.sprint.mission.discodeit.DiscodeitApplication - Started DiscodeitApplication in 20.698 seconds (process running for 23.248)
2025-03-28 13:56:00.807 [RMI TCP Connection(1)-172.30.1.73] INFO  org.apache.catalina.core.ContainerBase.[Tomcat].[localhost].[/] - Initializing Spring DispatcherServlet 'dispatcherServlet'
2025-03-28 13:56:00.809 [RMI TCP Connection(1)-172.30.1.73] INFO  org.springframework.web.servlet.DispatcherServlet - Initializing Servlet 'dispatcherServlet'
2025-03-28 13:56:00.809 [RMI TCP Connection(1)-172.30.1.73] DEBUG org.springframework.web.servlet.DispatcherServlet - Detected StandardServletMultipartResolver
2025-03-28 13:56:00.809 [RMI TCP Connection(1)-172.30.1.73] DEBUG org.springframework.web.servlet.DispatcherServlet - Detected AcceptHeaderLocaleResolver
2025-03-28 13:56:00.809 [RMI TCP Connection(1)-172.30.1.73] DEBUG org.springframework.web.servlet.DispatcherServlet - Detected FixedThemeResolver
2025-03-28 13:56:00.812 [RMI TCP Connection(1)-172.30.1.73] DEBUG org.springframework.web.servlet.DispatcherServlet - Detected org.springframework.web.servlet.view.DefaultRequestToViewNameTranslator@411d3b5e
2025-03-28 13:56:00.814 [RMI TCP Connection(1)-172.30.1.73] DEBUG org.springframework.web.servlet.DispatcherServlet - Detected org.springframework.web.servlet.support.SessionFlashMapManager@688fa02f
2025-03-28 13:56:00.814 [RMI TCP Connection(1)-172.30.1.73] DEBUG org.springframework.web.servlet.DispatcherServlet - enableLoggingRequestDetails='false': request parameters and headers will be masked to prevent unsafe logging of potentially sensitive data
2025-03-28 13:56:00.814 [RMI TCP Connection(1)-172.30.1.73] INFO  org.springframework.web.servlet.DispatcherServlet - Completed initialization in 5 ms
2025-03-28 13:56:02.689 [http-nio-8080-exec-1] DEBUG org.springframework.web.servlet.DispatcherServlet - GET "/actuator/info", parameters={}
2025-03-28 13:56:02.753 [http-nio-8080-exec-1] DEBUG org.springframework.web.servlet.mvc.method.annotation.RequestResponseBodyMethodProcessor - Read "application/octet-stream" to []
2025-03-28 13:56:02.778 [http-nio-8080-exec-1] DEBUG org.springframework.web.servlet.mvc.method.annotation.RequestResponseBodyMethodProcessor - Using 'application/vnd.spring-boot.actuator.v3+json;q=0.8', given [text/html, application/xhtml+xml, image/avif, image/webp, image/apng, application/xml;q=0.9, */*;q=0.8, application/signed-exchange;v=b3;q=0.7] and supported [application/vnd.spring-boot.actuator.v3+json, application/vnd.spring-boot.actuator.v2+json, application/json]
2025-03-28 13:56:02.787 [http-nio-8080-exec-1] DEBUG org.springframework.web.servlet.mvc.method.annotation.RequestResponseBodyMethodProcessor - Writing [{}]
2025-03-28 13:56:02.810 [http-nio-8080-exec-1] DEBUG org.springframework.web.servlet.DispatcherServlet - Completed 200 OK
2025-03-28 13:56:02.855 [http-nio-8080-exec-2] DEBUG org.springframework.web.servlet.DispatcherServlet - GET "/favicon.ico", parameters={}
2025-03-28 13:56:02.867 [http-nio-8080-exec-2] DEBUG org.springframework.web.servlet.handler.SimpleUrlHandlerMapping - Mapped to ResourceHttpRequestHandler [classpath [META-INF/resources/], classpath [resources/], classpath [static/], classpath [public/], ServletContext [/]]
2025-03-28 13:56:02.884 [http-nio-8080-exec-2] DEBUG org.springframework.web.servlet.DispatcherServlet - Completed 200 OK
2025-03-28 13:56:03.961 [http-nio-8080-exec-3] DEBUG org.springframework.web.servlet.DispatcherServlet - GET "/actuator/info", parameters={}
2025-03-28 13:56:03.965 [http-nio-8080-exec-3] DEBUG org.springframework.web.servlet.mvc.method.annotation.RequestResponseBodyMethodProcessor - Read "application/octet-stream" to []
2025-03-28 13:56:03.966 [http-nio-8080-exec-3] DEBUG org.springframework.web.servlet.mvc.method.annotation.RequestResponseBodyMethodProcessor - Using 'application/vnd.spring-boot.actuator.v3+json;q=0.8', given [text/html, application/xhtml+xml, image/avif, image/webp, image/apng, application/xml;q=0.9, */*;q=0.8, application/signed-exchange;v=b3;q=0.7] and supported [application/vnd.spring-boot.actuator.v3+json, application/vnd.spring-boot.actuator.v2+json, application/json]
2025-03-28 13:56:03.967 [http-nio-8080-exec-3] DEBUG org.springframework.web.servlet.mvc.method.annotation.RequestResponseBodyMethodProcessor - Writing [{}]
2025-03-28 13:56:03.968 [http-nio-8080-exec-3] DEBUG org.springframework.web.servlet.DispatcherServlet - Completed 200 OK
2025-03-28 13:56:44.486 [SpringApplicationShutdownHook] INFO  org.springframework.boot.web.embedded.tomcat.GracefulShutdown - Commencing graceful shutdown. Waiting for active requests to complete
2025-03-28 13:56:44.979 [tomcat-shutdown] INFO  org.springframework.boot.web.embedded.tomcat.GracefulShutdown - Graceful shutdown complete
2025-03-28 13:56:45.051 [SpringApplicationShutdownHook] INFO  org.springframework.orm.jpa.LocalContainerEntityManagerFactoryBean - Closing JPA EntityManagerFactory for persistence unit 'default'
2025-03-28 13:56:45.055 [SpringApplicationShutdownHook] INFO  com.zaxxer.hikari.HikariDataSource   - HikariPool-1 - Shutdown initiated...
2025-03-28 13:56:45.059 [SpringApplicationShutdownHook] INFO  com.zaxxer.hikari.HikariDataSource   - HikariPool-1 - Shutdown completed.
2025-03-28 13:57:56.880 [main] INFO  com.sprint.mission.discodeit.DiscodeitApplication - Starting DiscodeitApplication using Java 17.0.12 with PID 5680 (C:\Users\qwert\1-sprint-mission\build\classes\java\main started by qwert in C:\Users\qwert\1-sprint-mission)
2025-03-28 13:57:56.883 [main] INFO  com.sprint.mission.discodeit.DiscodeitApplication - The following 1 profile is active: "dev"
2025-03-28 13:58:01.503 [main] INFO  org.springframework.data.repository.config.RepositoryConfigurationDelegate - Bootstrapping Spring Data JPA repositories in DEFAULT mode.
2025-03-28 13:58:02.593 [main] INFO  org.springframework.data.repository.config.RepositoryConfigurationDelegate - Finished Spring Data repository scanning in 1064 ms. Found 6 JPA repository interfaces.
2025-03-28 13:58:05.712 [main] INFO  org.springframework.boot.web.embedded.tomcat.TomcatWebServer - Tomcat initialized with port 8080 (http)
2025-03-28 13:58:05.772 [main] INFO  org.apache.catalina.core.StandardService - Starting service [Tomcat]
2025-03-28 13:58:05.773 [main] INFO  org.apache.catalina.core.StandardEngine - Starting Servlet engine: [Apache Tomcat/10.1.34]
2025-03-28 13:58:06.079 [main] INFO  org.apache.catalina.core.ContainerBase.[Tomcat].[localhost].[/] - Initializing Spring embedded WebApplicationContext
2025-03-28 13:58:06.081 [main] INFO  org.springframework.boot.web.servlet.context.ServletWebServerApplicationContext - Root WebApplicationContext: initialization completed in 8911 ms
2025-03-28 13:58:06.974 [main] DEBUG org.springframework.web.filter.ServerHttpObservationFilter - Filter 'webMvcObservationFilter' configured for use
2025-03-28 13:58:07.121 [main] INFO  com.zaxxer.hikari.HikariDataSource   - HikariPool-1 - Starting...
2025-03-28 13:58:07.806 [main] INFO  com.zaxxer.hikari.pool.HikariPool    - HikariPool-1 - Added connection org.postgresql.jdbc.PgConnection@492fa72a
2025-03-28 13:58:07.815 [main] INFO  com.zaxxer.hikari.HikariDataSource   - HikariPool-1 - Start completed.
2025-03-28 13:58:08.464 [main] INFO  org.hibernate.jpa.internal.util.LogHelper - HHH000204: Processing PersistenceUnitInfo [name: default]
2025-03-28 13:58:08.676 [main] INFO  org.hibernate.Version                - HHH000412: Hibernate ORM core version 6.6.5.Final
2025-03-28 13:58:08.769 [main] INFO  org.hibernate.cache.internal.RegionFactoryInitiator - HHH000026: Second-level cache disabled
2025-03-28 13:58:09.857 [main] INFO  org.springframework.orm.jpa.persistenceunit.SpringPersistenceUnitInfo - No LoadTimeWeaver setup: ignoring JPA class transformer
2025-03-28 13:58:10.115 [main] INFO  org.hibernate.orm.connections.pooling - HHH10001005: Database info:
	Database JDBC URL [Connecting through datasource 'HikariDataSource (HikariPool-1)']
	Database driver: undefined/unknown
	Database version: 17.4
	Autocommit mode: undefined/unknown
	Isolation level: undefined/unknown
	Minimum pool size: undefined/unknown
	Maximum pool size: undefined/unknown
2025-03-28 13:58:13.485 [main] INFO  org.hibernate.engine.transaction.jta.platform.internal.JtaPlatformInitiator - HHH000489: No JTA platform available (set 'hibernate.transaction.jta.platform' to enable JTA platform integration)
2025-03-28 13:58:13.832 [main] INFO  org.springframework.orm.jpa.LocalContainerEntityManagerFactoryBean - Initialized JPA EntityManagerFactory for persistence unit 'default'
2025-03-28 13:58:14.910 [main] INFO  org.springframework.data.jpa.repository.query.QueryEnhancerFactory - Hibernate is in classpath; If applicable, HQL parser will be used.
2025-03-28 13:58:17.536 [main] INFO  org.springframework.boot.autoconfigure.web.servlet.WelcomePageHandlerMapping - Adding welcome page: class path resource [static/index.html]
2025-03-28 13:58:17.732 [main] DEBUG org.springframework.web.servlet.mvc.method.annotation.RequestMappingHandlerMapping - 28 mappings in 'requestMappingHandlerMapping'
2025-03-28 13:58:17.861 [main] DEBUG org.springframework.web.servlet.handler.SimpleUrlHandlerMapping - Patterns [/webjars/**, /**, /swagger-ui*/*swagger-initializer.js, /swagger-ui*/**] in 'resourceHandlerMapping'
2025-03-28 13:58:17.948 [main] DEBUG org.springframework.web.servlet.mvc.method.annotation.RequestMappingHandlerAdapter - ControllerAdvice beans: 0 @ModelAttribute, 0 @InitBinder, 1 RequestBodyAdvice, 1 ResponseBodyAdvice
2025-03-28 13:58:18.068 [main] DEBUG org.springframework.web.servlet.mvc.method.annotation.ExceptionHandlerExceptionResolver - ControllerAdvice beans: 2 @ExceptionHandler, 1 ResponseBodyAdvice
2025-03-28 13:58:19.008 [main] INFO  org.springframework.boot.actuate.endpoint.web.EndpointLinksResolver - Exposing 5 endpoints beneath base path '/actuator'
2025-03-28 13:58:19.271 [main] INFO  org.springframework.boot.web.embedded.tomcat.TomcatWebServer - Tomcat started on port 8080 (http) with context path '/'
2025-03-28 13:58:19.308 [main] INFO  com.sprint.mission.discodeit.DiscodeitApplication - Started DiscodeitApplication in 24.227 seconds (process running for 26.28)
2025-03-28 13:58:19.769 [RMI TCP Connection(4)-172.30.1.73] INFO  org.apache.catalina.core.ContainerBase.[Tomcat].[localhost].[/] - Initializing Spring DispatcherServlet 'dispatcherServlet'
2025-03-28 13:58:19.771 [RMI TCP Connection(4)-172.30.1.73] INFO  org.springframework.web.servlet.DispatcherServlet - Initializing Servlet 'dispatcherServlet'
2025-03-28 13:58:19.771 [RMI TCP Connection(4)-172.30.1.73] DEBUG org.springframework.web.servlet.DispatcherServlet - Detected StandardServletMultipartResolver
2025-03-28 13:58:19.771 [RMI TCP Connection(4)-172.30.1.73] DEBUG org.springframework.web.servlet.DispatcherServlet - Detected AcceptHeaderLocaleResolver
2025-03-28 13:58:19.771 [RMI TCP Connection(4)-172.30.1.73] DEBUG org.springframework.web.servlet.DispatcherServlet - Detected FixedThemeResolver
2025-03-28 13:58:19.773 [RMI TCP Connection(4)-172.30.1.73] DEBUG org.springframework.web.servlet.DispatcherServlet - Detected org.springframework.web.servlet.view.DefaultRequestToViewNameTranslator@31b5db46
2025-03-28 13:58:19.775 [RMI TCP Connection(4)-172.30.1.73] DEBUG org.springframework.web.servlet.DispatcherServlet - Detected org.springframework.web.servlet.support.SessionFlashMapManager@566bea82
2025-03-28 13:58:19.776 [RMI TCP Connection(4)-172.30.1.73] DEBUG org.springframework.web.servlet.DispatcherServlet - enableLoggingRequestDetails='false': request parameters and headers will be masked to prevent unsafe logging of potentially sensitive data
2025-03-28 13:58:19.777 [RMI TCP Connection(4)-172.30.1.73] INFO  org.springframework.web.servlet.DispatcherServlet - Completed initialization in 5 ms
2025-03-28 13:58:44.390 [http-nio-8080-exec-1] DEBUG org.springframework.web.servlet.DispatcherServlet - GET "/actuator/info", parameters={}
2025-03-28 13:58:44.459 [http-nio-8080-exec-1] DEBUG org.springframework.web.servlet.mvc.method.annotation.RequestResponseBodyMethodProcessor - Read "application/octet-stream" to []
2025-03-28 13:58:44.483 [http-nio-8080-exec-1] DEBUG org.springframework.web.servlet.mvc.method.annotation.RequestResponseBodyMethodProcessor - Using 'application/vnd.spring-boot.actuator.v3+json;q=0.8', given [text/html, application/xhtml+xml, image/avif, image/webp, image/apng, application/xml;q=0.9, */*;q=0.8, application/signed-exchange;v=b3;q=0.7] and supported [application/vnd.spring-boot.actuator.v3+json, application/vnd.spring-boot.actuator.v2+json, application/json]
2025-03-28 13:58:44.491 [http-nio-8080-exec-1] DEBUG org.springframework.web.servlet.mvc.method.annotation.RequestResponseBodyMethodProcessor - Writing [{build={artifact=1-sprint-mission, name=1-sprint-mission, time=2025-03-28T04:57:52.489Z, version=1.0 (truncated)...]
2025-03-28 13:58:44.514 [http-nio-8080-exec-1] DEBUG org.springframework.web.servlet.DispatcherServlet - Completed 200 OK
2025-03-28 13:58:44.619 [http-nio-8080-exec-2] DEBUG org.springframework.web.servlet.DispatcherServlet - GET "/favicon.ico", parameters={}
2025-03-28 13:58:44.633 [http-nio-8080-exec-2] DEBUG org.springframework.web.servlet.handler.SimpleUrlHandlerMapping - Mapped to ResourceHttpRequestHandler [classpath [META-INF/resources/], classpath [resources/], classpath [static/], classpath [public/], ServletContext [/]]
2025-03-28 13:58:44.654 [http-nio-8080-exec-2] DEBUG org.springframework.web.servlet.DispatcherServlet - Completed 200 OK
2025-03-28 13:58:51.831 [SpringApplicationShutdownHook] INFO  org.springframework.boot.web.embedded.tomcat.GracefulShutdown - Commencing graceful shutdown. Waiting for active requests to complete
2025-03-28 13:58:52.453 [tomcat-shutdown] INFO  org.springframework.boot.web.embedded.tomcat.GracefulShutdown - Graceful shutdown complete
2025-03-28 13:58:52.527 [SpringApplicationShutdownHook] INFO  org.springframework.orm.jpa.LocalContainerEntityManagerFactoryBean - Closing JPA EntityManagerFactory for persistence unit 'default'
2025-03-28 13:58:52.530 [SpringApplicationShutdownHook] INFO  com.zaxxer.hikari.HikariDataSource   - HikariPool-1 - Shutdown initiated...
2025-03-28 13:58:52.539 [SpringApplicationShutdownHook] INFO  com.zaxxer.hikari.HikariDataSource   - HikariPool-1 - Shutdown completed.
