25-04-14 15:15:05.281 [background-preinit] [32mINFO [0;39m o.h.validator.internal.util.Version  [ |  | ] - HV000001: Hibernate Validator 8.0.1.Final
25-04-14 15:15:05.326 [main] [32mINFO [0;39m c.s.m.discodeit.DiscodeitApplication [ |  | ] - Starting DiscodeitApplication using Java 17.0.13 with PID 6536 (C:\Users\leesi\1-sprint-mission\build\classes\java\main started by lee in C:\Users\leesi\1-sprint-mission)
25-04-14 15:15:05.326 [main] [32mDEBUG[0;39m c.s.m.discodeit.DiscodeitApplication [ |  | ] - Running with Spring Boot v3.4.2, Spring v6.2.2
25-04-14 15:15:05.327 [main] [32mINFO [0;39m c.s.m.discodeit.DiscodeitApplication [ |  | ] - The following 1 profile is active: "dev"
25-04-14 15:15:06.211 [main] [32mINFO [0;39m o.s.d.r.c.RepositoryConfigurationDelegate [ |  | ] - Bootstrapping Spring Data JPA repositories in DEFAULT mode.
25-04-14 15:15:06.275 [main] [32mINFO [0;39m o.s.d.r.c.RepositoryConfigurationDelegate [ |  | ] - Finished Spring Data repository scanning in 57 ms. Found 6 JPA repository interfaces.
25-04-14 15:15:06.989 [main] [32mINFO [0;39m o.s.b.w.e.tomcat.TomcatWebServer     [ |  | ] - Tomcat initialized with port 8080 (http)
25-04-14 15:15:06.992 [main] [32mINFO [0;39m o.a.c.core.AprLifecycleListener      [ |  | ] - Loaded Apache Tomcat Native library [2.0.8] using APR version [1.7.4].
25-04-14 15:15:06.996 [main] [32mINFO [0;39m o.a.c.core.AprLifecycleListener      [ |  | ] - OpenSSL successfully initialized [OpenSSL 3.0.14 4 Jun 2024]
25-04-14 15:15:07.004 [main] [32mINFO [0;39m o.a.coyote.http11.Http11NioProtocol  [ |  | ] - Initializing ProtocolHandler ["http-nio-8080"]
25-04-14 15:15:07.006 [main] [32mINFO [0;39m o.a.catalina.core.StandardService    [ |  | ] - Starting service [Tomcat]
25-04-14 15:15:07.006 [main] [32mINFO [0;39m o.a.catalina.core.StandardEngine     [ |  | ] - Starting Servlet engine: [Apache Tomcat/10.1.34]
25-04-14 15:15:07.064 [main] [32mINFO [0;39m o.a.c.c.C.[Tomcat].[localhost].[/]   [ |  | ] - Initializing Spring embedded WebApplicationContext
25-04-14 15:15:07.064 [main] [32mINFO [0;39m o.s.b.w.s.c.ServletWebServerApplicationContext [ |  | ] - Root WebApplicationContext: initialization completed in 1703 ms
25-04-14 15:15:07.240 [main] [32mINFO [0;39m com.zaxxer.hikari.HikariDataSource   [ |  | ] - HikariPool-1 - Starting...
25-04-14 15:15:07.544 [main] [32mINFO [0;39m com.zaxxer.hikari.pool.HikariPool    [ |  | ] - HikariPool-1 - Added connection org.postgresql.jdbc.PgConnection@749d7c01
25-04-14 15:15:07.546 [main] [32mINFO [0;39m com.zaxxer.hikari.HikariDataSource   [ |  | ] - HikariPool-1 - Start completed.
25-04-14 15:15:07.632 [main] [32mINFO [0;39m o.h.jpa.internal.util.LogHelper      [ |  | ] - HHH000204: Processing PersistenceUnitInfo [name: default]
25-04-14 15:15:07.705 [main] [32mINFO [0;39m org.hibernate.Version                [ |  | ] - HHH000412: Hibernate ORM core version 6.6.5.Final
25-04-14 15:15:07.743 [main] [32mINFO [0;39m o.h.c.i.RegionFactoryInitiator       [ |  | ] - HHH000026: Second-level cache disabled
25-04-14 15:15:08.057 [main] [32mINFO [0;39m o.s.o.j.p.SpringPersistenceUnitInfo  [ |  | ] - No LoadTimeWeaver setup: ignoring JPA class transformer
25-04-14 15:15:08.175 [main] [32mINFO [0;39m o.hibernate.orm.connections.pooling  [ |  | ] - HHH10001005: Database info:
	Database JDBC URL [Connecting through datasource 'HikariDataSource (HikariPool-1)']
	Database driver: undefined/unknown
	Database version: 17.4
	Autocommit mode: undefined/unknown
	Isolation level: undefined/unknown
	Minimum pool size: undefined/unknown
	Maximum pool size: undefined/unknown
25-04-14 15:15:09.054 [main] [32mINFO [0;39m o.h.e.t.j.p.i.JtaPlatformInitiator   [ |  | ] - HHH000489: No JTA platform available (set 'hibernate.transaction.jta.platform' to enable JTA platform integration)
25-04-14 15:15:09.121 [main] [32mINFO [0;39m o.s.o.j.LocalContainerEntityManagerFactoryBean [ |  | ] - Initialized JPA EntityManagerFactory for persistence unit 'default'
25-04-14 15:15:09.473 [main] [32mINFO [0;39m o.s.d.j.r.query.QueryEnhancerFactory [ |  | ] - Hibernate is in classpath; If applicable, HQL parser will be used.
25-04-14 15:15:09.984 [main] [32mINFO [0;39m o.s.b.a.w.s.WelcomePageHandlerMapping [ |  | ] - Adding welcome page: class path resource [static/index.html]
25-04-14 15:15:10.567 [main] [32mINFO [0;39m o.s.b.a.e.web.EndpointLinksResolver  [ |  | ] - Exposing 4 endpoints beneath base path '/actuator'
25-04-14 15:15:10.616 [main] [32mINFO [0;39m o.a.coyote.http11.Http11NioProtocol  [ |  | ] - Starting ProtocolHandler ["http-nio-8080"]
25-04-14 15:15:10.629 [main] [32mINFO [0;39m o.s.b.w.e.tomcat.TomcatWebServer     [ |  | ] - Tomcat started on port 8080 (http) with context path '/'
25-04-14 15:15:10.639 [main] [32mINFO [0;39m c.s.m.discodeit.DiscodeitApplication [ |  | ] - Started DiscodeitApplication in 5.86 seconds (process running for 6.413)
25-04-14 15:15:11.266 [RMI TCP Connection(1)-172.21.144.1] [32mINFO [0;39m o.a.c.c.C.[Tomcat].[localhost].[/]   [ |  | ] - Initializing Spring DispatcherServlet 'dispatcherServlet'
25-04-14 15:15:11.266 [RMI TCP Connection(1)-172.21.144.1] [32mINFO [0;39m o.s.web.servlet.DispatcherServlet    [ |  | ] - Initializing Servlet 'dispatcherServlet'
25-04-14 15:15:11.267 [RMI TCP Connection(1)-172.21.144.1] [32mINFO [0;39m o.s.web.servlet.DispatcherServlet    [ |  | ] - Completed initialization in 1 ms
25-04-14 15:16:13.122 [SpringApplicationShutdownHook] [32mINFO [0;39m o.s.b.w.e.tomcat.GracefulShutdown    [ |  | ] - Commencing graceful shutdown. Waiting for active requests to complete
25-04-14 15:16:13.217 [tomcat-shutdown] [32mINFO [0;39m o.s.b.w.e.tomcat.GracefulShutdown    [ |  | ] - Graceful shutdown complete
25-04-14 15:16:13.220 [SpringApplicationShutdownHook] [32mINFO [0;39m o.s.o.j.LocalContainerEntityManagerFactoryBean [ |  | ] - Closing JPA EntityManagerFactory for persistence unit 'default'
25-04-14 15:16:13.222 [SpringApplicationShutdownHook] [32mINFO [0;39m com.zaxxer.hikari.HikariDataSource   [ |  | ] - HikariPool-1 - Shutdown initiated...
25-04-14 15:16:13.223 [SpringApplicationShutdownHook] [32mINFO [0;39m com.zaxxer.hikari.HikariDataSource   [ |  | ] - HikariPool-1 - Shutdown completed.
25-04-14 15:17:20.459 [background-preinit] [32mINFO [0;39m o.h.validator.internal.util.Version  [ |  | ] - HV000001: Hibernate Validator 8.0.1.Final
25-04-14 15:17:20.496 [main] [32mINFO [0;39m c.s.m.discodeit.DiscodeitApplication [ |  | ] - Starting DiscodeitApplication using Java 17.0.13 with PID 25084 (C:\Users\leesi\1-sprint-mission\build\classes\java\main started by lee in C:\Users\leesi\1-sprint-mission)
25-04-14 15:17:20.497 [main] [32mDEBUG[0;39m c.s.m.discodeit.DiscodeitApplication [ |  | ] - Running with Spring Boot v3.4.2, Spring v6.2.2
25-04-14 15:17:20.497 [main] [32mINFO [0;39m c.s.m.discodeit.DiscodeitApplication [ |  | ] - The following 1 profile is active: "dev"
25-04-14 15:17:21.276 [main] [32mINFO [0;39m o.s.d.r.c.RepositoryConfigurationDelegate [ |  | ] - Bootstrapping Spring Data JPA repositories in DEFAULT mode.
25-04-14 15:17:21.341 [main] [32mINFO [0;39m o.s.d.r.c.RepositoryConfigurationDelegate [ |  | ] - Finished Spring Data repository scanning in 56 ms. Found 6 JPA repository interfaces.
25-04-14 15:17:21.877 [main] [32mINFO [0;39m o.s.b.w.e.tomcat.TomcatWebServer     [ |  | ] - Tomcat initialized with port 8080 (http)
25-04-14 15:17:21.879 [main] [32mINFO [0;39m o.a.c.core.AprLifecycleListener      [ |  | ] - Loaded Apache Tomcat Native library [2.0.8] using APR version [1.7.4].
25-04-14 15:17:21.882 [main] [32mINFO [0;39m o.a.c.core.AprLifecycleListener      [ |  | ] - OpenSSL successfully initialized [OpenSSL 3.0.14 4 Jun 2024]
25-04-14 15:17:21.889 [main] [32mINFO [0;39m o.a.coyote.http11.Http11NioProtocol  [ |  | ] - Initializing ProtocolHandler ["http-nio-8080"]
25-04-14 15:17:21.891 [main] [32mINFO [0;39m o.a.catalina.core.StandardService    [ |  | ] - Starting service [Tomcat]
25-04-14 15:17:21.891 [main] [32mINFO [0;39m o.a.catalina.core.StandardEngine     [ |  | ] - Starting Servlet engine: [Apache Tomcat/10.1.34]
25-04-14 15:17:21.942 [main] [32mINFO [0;39m o.a.c.c.C.[Tomcat].[localhost].[/]   [ |  | ] - Initializing Spring embedded WebApplicationContext
25-04-14 15:17:21.942 [main] [32mINFO [0;39m o.s.b.w.s.c.ServletWebServerApplicationContext [ |  | ] - Root WebApplicationContext: initialization completed in 1417 ms
25-04-14 15:17:22.097 [main] [32mINFO [0;39m com.zaxxer.hikari.HikariDataSource   [ |  | ] - HikariPool-1 - Starting...
25-04-14 15:17:22.227 [main] [32mINFO [0;39m com.zaxxer.hikari.pool.HikariPool    [ |  | ] - HikariPool-1 - Added connection org.postgresql.jdbc.PgConnection@1e8bccfb
25-04-14 15:17:22.228 [main] [32mINFO [0;39m com.zaxxer.hikari.HikariDataSource   [ |  | ] - HikariPool-1 - Start completed.
25-04-14 15:17:22.293 [main] [32mINFO [0;39m o.h.jpa.internal.util.LogHelper      [ |  | ] - HHH000204: Processing PersistenceUnitInfo [name: default]
25-04-14 15:17:22.344 [main] [32mINFO [0;39m org.hibernate.Version                [ |  | ] - HHH000412: Hibernate ORM core version 6.6.5.Final
25-04-14 15:17:22.375 [main] [32mINFO [0;39m o.h.c.i.RegionFactoryInitiator       [ |  | ] - HHH000026: Second-level cache disabled
25-04-14 15:17:22.609 [main] [32mINFO [0;39m o.s.o.j.p.SpringPersistenceUnitInfo  [ |  | ] - No LoadTimeWeaver setup: ignoring JPA class transformer
25-04-14 15:17:22.683 [main] [32mINFO [0;39m o.hibernate.orm.connections.pooling  [ |  | ] - HHH10001005: Database info:
	Database JDBC URL [Connecting through datasource 'HikariDataSource (HikariPool-1)']
	Database driver: undefined/unknown
	Database version: 17.4
	Autocommit mode: undefined/unknown
	Isolation level: undefined/unknown
	Minimum pool size: undefined/unknown
	Maximum pool size: undefined/unknown
25-04-14 15:17:23.514 [main] [32mINFO [0;39m o.h.e.t.j.p.i.JtaPlatformInitiator   [ |  | ] - HHH000489: No JTA platform available (set 'hibernate.transaction.jta.platform' to enable JTA platform integration)
25-04-14 15:17:23.558 [main] [32mINFO [0;39m o.s.o.j.LocalContainerEntityManagerFactoryBean [ |  | ] - Initialized JPA EntityManagerFactory for persistence unit 'default'
25-04-14 15:17:23.929 [main] [32mINFO [0;39m o.s.d.j.r.query.QueryEnhancerFactory [ |  | ] - Hibernate is in classpath; If applicable, HQL parser will be used.
25-04-14 15:17:24.410 [main] [32mINFO [0;39m o.s.b.a.w.s.WelcomePageHandlerMapping [ |  | ] - Adding welcome page: class path resource [static/index.html]
25-04-14 15:17:24.965 [main] [32mINFO [0;39m o.s.b.a.e.web.EndpointLinksResolver  [ |  | ] - Exposing 4 endpoints beneath base path '/actuator'
25-04-14 15:17:25.015 [main] [32mINFO [0;39m o.a.coyote.http11.Http11NioProtocol  [ |  | ] - Starting ProtocolHandler ["http-nio-8080"]
25-04-14 15:17:25.028 [main] [32mINFO [0;39m o.s.b.w.e.tomcat.TomcatWebServer     [ |  | ] - Tomcat started on port 8080 (http) with context path '/'
25-04-14 15:17:25.038 [main] [32mINFO [0;39m c.s.m.discodeit.DiscodeitApplication [ |  | ] - Started DiscodeitApplication in 4.973 seconds (process running for 5.341)
25-04-14 15:17:25.396 [RMI TCP Connection(1)-172.21.144.1] [32mINFO [0;39m o.a.c.c.C.[Tomcat].[localhost].[/]   [ |  | ] - Initializing Spring DispatcherServlet 'dispatcherServlet'
25-04-14 15:17:25.396 [RMI TCP Connection(1)-172.21.144.1] [32mINFO [0;39m o.s.web.servlet.DispatcherServlet    [ |  | ] - Initializing Servlet 'dispatcherServlet'
25-04-14 15:17:25.397 [RMI TCP Connection(1)-172.21.144.1] [32mINFO [0;39m o.s.web.servlet.DispatcherServlet    [ |  | ] - Completed initialization in 1 ms
25-04-14 15:18:51.969 [SpringApplicationShutdownHook] [32mINFO [0;39m o.s.b.w.e.tomcat.GracefulShutdown    [ |  | ] - Commencing graceful shutdown. Waiting for active requests to complete
25-04-14 15:18:52.063 [tomcat-shutdown] [32mINFO [0;39m o.s.b.w.e.tomcat.GracefulShutdown    [ |  | ] - Graceful shutdown complete
25-04-14 15:18:52.067 [SpringApplicationShutdownHook] [32mINFO [0;39m o.s.o.j.LocalContainerEntityManagerFactoryBean [ |  | ] - Closing JPA EntityManagerFactory for persistence unit 'default'
25-04-14 15:18:52.068 [SpringApplicationShutdownHook] [32mINFO [0;39m com.zaxxer.hikari.HikariDataSource   [ |  | ] - HikariPool-1 - Shutdown initiated...
25-04-14 15:18:52.070 [SpringApplicationShutdownHook] [32mINFO [0;39m com.zaxxer.hikari.HikariDataSource   [ |  | ] - HikariPool-1 - Shutdown completed.
25-04-14 15:20:46.523 [background-preinit] [32mINFO [0;39m o.h.validator.internal.util.Version  [ |  | ] - HV000001: Hibernate Validator 8.0.1.Final
25-04-14 15:20:46.559 [main] [32mINFO [0;39m c.s.m.discodeit.DiscodeitApplication [ |  | ] - Starting DiscodeitApplication using Java 17.0.13 with PID 29308 (C:\Users\leesi\1-sprint-mission\build\classes\java\main started by lee in C:\Users\leesi\1-sprint-mission)
25-04-14 15:20:46.560 [main] [32mDEBUG[0;39m c.s.m.discodeit.DiscodeitApplication [ |  | ] - Running with Spring Boot v3.4.2, Spring v6.2.2
25-04-14 15:20:46.560 [main] [32mINFO [0;39m c.s.m.discodeit.DiscodeitApplication [ |  | ] - The following 1 profile is active: "dev"
25-04-14 15:20:47.327 [main] [32mINFO [0;39m o.s.d.r.c.RepositoryConfigurationDelegate [ |  | ] - Bootstrapping Spring Data JPA repositories in DEFAULT mode.
25-04-14 15:20:47.389 [main] [32mINFO [0;39m o.s.d.r.c.RepositoryConfigurationDelegate [ |  | ] - Finished Spring Data repository scanning in 54 ms. Found 6 JPA repository interfaces.
25-04-14 15:20:47.911 [main] [32mINFO [0;39m o.s.b.w.e.tomcat.TomcatWebServer     [ |  | ] - Tomcat initialized with port 8080 (http)
25-04-14 15:20:47.913 [main] [32mINFO [0;39m o.a.c.core.AprLifecycleListener      [ |  | ] - Loaded Apache Tomcat Native library [2.0.8] using APR version [1.7.4].
25-04-14 15:20:47.916 [main] [32mINFO [0;39m o.a.c.core.AprLifecycleListener      [ |  | ] - OpenSSL successfully initialized [OpenSSL 3.0.14 4 Jun 2024]
25-04-14 15:20:47.923 [main] [32mINFO [0;39m o.a.coyote.http11.Http11NioProtocol  [ |  | ] - Initializing ProtocolHandler ["http-nio-8080"]
25-04-14 15:20:47.925 [main] [32mINFO [0;39m o.a.catalina.core.StandardService    [ |  | ] - Starting service [Tomcat]
25-04-14 15:20:47.925 [main] [32mINFO [0;39m o.a.catalina.core.StandardEngine     [ |  | ] - Starting Servlet engine: [Apache Tomcat/10.1.34]
25-04-14 15:20:47.980 [main] [32mINFO [0;39m o.a.c.c.C.[Tomcat].[localhost].[/]   [ |  | ] - Initializing Spring embedded WebApplicationContext
25-04-14 15:20:47.980 [main] [32mINFO [0;39m o.s.b.w.s.c.ServletWebServerApplicationContext [ |  | ] - Root WebApplicationContext: initialization completed in 1390 ms
25-04-14 15:20:48.142 [main] [32mINFO [0;39m com.zaxxer.hikari.HikariDataSource   [ |  | ] - HikariPool-1 - Starting...
25-04-14 15:20:48.266 [main] [32mINFO [0;39m com.zaxxer.hikari.pool.HikariPool    [ |  | ] - HikariPool-1 - Added connection org.postgresql.jdbc.PgConnection@dd20ebc
25-04-14 15:20:48.267 [main] [32mINFO [0;39m com.zaxxer.hikari.HikariDataSource   [ |  | ] - HikariPool-1 - Start completed.
25-04-14 15:20:48.332 [main] [32mINFO [0;39m o.h.jpa.internal.util.LogHelper      [ |  | ] - HHH000204: Processing PersistenceUnitInfo [name: default]
25-04-14 15:20:48.379 [main] [32mINFO [0;39m org.hibernate.Version                [ |  | ] - HHH000412: Hibernate ORM core version 6.6.5.Final
25-04-14 15:20:48.409 [main] [32mINFO [0;39m o.h.c.i.RegionFactoryInitiator       [ |  | ] - HHH000026: Second-level cache disabled
25-04-14 15:20:48.638 [main] [32mINFO [0;39m o.s.o.j.p.SpringPersistenceUnitInfo  [ |  | ] - No LoadTimeWeaver setup: ignoring JPA class transformer
25-04-14 15:20:48.716 [main] [32mINFO [0;39m o.hibernate.orm.connections.pooling  [ |  | ] - HHH10001005: Database info:
	Database JDBC URL [Connecting through datasource 'HikariDataSource (HikariPool-1)']
	Database driver: undefined/unknown
	Database version: 17.4
	Autocommit mode: undefined/unknown
	Isolation level: undefined/unknown
	Minimum pool size: undefined/unknown
	Maximum pool size: undefined/unknown
25-04-14 15:20:49.541 [main] [32mINFO [0;39m o.h.e.t.j.p.i.JtaPlatformInitiator   [ |  | ] - HHH000489: No JTA platform available (set 'hibernate.transaction.jta.platform' to enable JTA platform integration)
25-04-14 15:20:49.578 [main] [32mINFO [0;39m o.s.o.j.LocalContainerEntityManagerFactoryBean [ |  | ] - Initialized JPA EntityManagerFactory for persistence unit 'default'
25-04-14 15:20:49.906 [main] [32mINFO [0;39m o.s.d.j.r.query.QueryEnhancerFactory [ |  | ] - Hibernate is in classpath; If applicable, HQL parser will be used.
25-04-14 15:20:50.386 [main] [32mINFO [0;39m o.s.b.a.w.s.WelcomePageHandlerMapping [ |  | ] - Adding welcome page: class path resource [static/index.html]
25-04-14 15:20:50.932 [main] [32mINFO [0;39m o.s.b.a.e.web.EndpointLinksResolver  [ |  | ] - Exposing 4 endpoints beneath base path '/actuator'
25-04-14 15:20:50.979 [main] [32mINFO [0;39m o.a.coyote.http11.Http11NioProtocol  [ |  | ] - Starting ProtocolHandler ["http-nio-8080"]
25-04-14 15:20:50.992 [main] [32mINFO [0;39m o.s.b.w.e.tomcat.TomcatWebServer     [ |  | ] - Tomcat started on port 8080 (http) with context path '/'
25-04-14 15:20:51.002 [main] [32mINFO [0;39m c.s.m.discodeit.DiscodeitApplication [ |  | ] - Started DiscodeitApplication in 4.858 seconds (process running for 5.25)
25-04-14 15:20:51.125 [http-nio-8080-exec-1] [32mINFO [0;39m o.a.c.c.C.[Tomcat].[localhost].[/]   [ |  | ] - Initializing Spring DispatcherServlet 'dispatcherServlet'
25-04-14 15:20:51.125 [http-nio-8080-exec-1] [32mINFO [0;39m o.s.web.servlet.DispatcherServlet    [ |  | ] - Initializing Servlet 'dispatcherServlet'
25-04-14 15:20:51.127 [http-nio-8080-exec-1] [32mINFO [0;39m o.s.web.servlet.DispatcherServlet    [ |  | ] - Completed initialization in 1 ms
25-04-14 15:21:55.263 [SpringApplicationShutdownHook] [32mINFO [0;39m o.s.b.w.e.tomcat.GracefulShutdown    [ |  | ] - Commencing graceful shutdown. Waiting for active requests to complete
25-04-14 15:21:55.355 [tomcat-shutdown] [32mINFO [0;39m o.s.b.w.e.tomcat.GracefulShutdown    [ |  | ] - Graceful shutdown complete
25-04-14 15:21:55.359 [SpringApplicationShutdownHook] [32mINFO [0;39m o.s.o.j.LocalContainerEntityManagerFactoryBean [ |  | ] - Closing JPA EntityManagerFactory for persistence unit 'default'
25-04-14 15:21:55.360 [SpringApplicationShutdownHook] [32mINFO [0;39m com.zaxxer.hikari.HikariDataSource   [ |  | ] - HikariPool-1 - Shutdown initiated...
25-04-14 15:21:55.362 [SpringApplicationShutdownHook] [32mINFO [0;39m com.zaxxer.hikari.HikariDataSource   [ |  | ] - HikariPool-1 - Shutdown completed.
25-04-14 15:21:58.194 [background-preinit] [32mINFO [0;39m o.h.validator.internal.util.Version  [ |  | ] - HV000001: Hibernate Validator 8.0.1.Final
25-04-14 15:21:58.234 [main] [32mINFO [0;39m c.s.m.discodeit.DiscodeitApplication [ |  | ] - Starting DiscodeitApplication using Java 17.0.13 with PID 4480 (C:\Users\leesi\1-sprint-mission\build\classes\java\main started by lee in C:\Users\leesi\1-sprint-mission)
25-04-14 15:21:58.235 [main] [32mDEBUG[0;39m c.s.m.discodeit.DiscodeitApplication [ |  | ] - Running with Spring Boot v3.4.2, Spring v6.2.2
25-04-14 15:21:58.235 [main] [32mINFO [0;39m c.s.m.discodeit.DiscodeitApplication [ |  | ] - The following 1 profile is active: "dev"
25-04-14 15:21:58.992 [main] [32mINFO [0;39m o.s.d.r.c.RepositoryConfigurationDelegate [ |  | ] - Bootstrapping Spring Data JPA repositories in DEFAULT mode.
25-04-14 15:21:59.049 [main] [32mINFO [0;39m o.s.d.r.c.RepositoryConfigurationDelegate [ |  | ] - Finished Spring Data repository scanning in 50 ms. Found 6 JPA repository interfaces.
25-04-14 15:21:59.550 [main] [32mINFO [0;39m o.s.b.w.e.tomcat.TomcatWebServer     [ |  | ] - Tomcat initialized with port 8080 (http)
25-04-14 15:21:59.552 [main] [32mINFO [0;39m o.a.c.core.AprLifecycleListener      [ |  | ] - Loaded Apache Tomcat Native library [2.0.8] using APR version [1.7.4].
25-04-14 15:21:59.555 [main] [32mINFO [0;39m o.a.c.core.AprLifecycleListener      [ |  | ] - OpenSSL successfully initialized [OpenSSL 3.0.14 4 Jun 2024]
25-04-14 15:21:59.562 [main] [32mINFO [0;39m o.a.coyote.http11.Http11NioProtocol  [ |  | ] - Initializing ProtocolHandler ["http-nio-8080"]
25-04-14 15:21:59.563 [main] [32mINFO [0;39m o.a.catalina.core.StandardService    [ |  | ] - Starting service [Tomcat]
25-04-14 15:21:59.563 [main] [32mINFO [0;39m o.a.catalina.core.StandardEngine     [ |  | ] - Starting Servlet engine: [Apache Tomcat/10.1.34]
25-04-14 15:21:59.616 [main] [32mINFO [0;39m o.a.c.c.C.[Tomcat].[localhost].[/]   [ |  | ] - Initializing Spring embedded WebApplicationContext
25-04-14 15:21:59.616 [main] [32mINFO [0;39m o.s.b.w.s.c.ServletWebServerApplicationContext [ |  | ] - Root WebApplicationContext: initialization completed in 1343 ms
25-04-14 15:21:59.767 [main] [32mINFO [0;39m com.zaxxer.hikari.HikariDataSource   [ |  | ] - HikariPool-1 - Starting...
25-04-14 15:21:59.894 [main] [32mINFO [0;39m com.zaxxer.hikari.pool.HikariPool    [ |  | ] - HikariPool-1 - Added connection org.postgresql.jdbc.PgConnection@1f68e4e8
25-04-14 15:21:59.896 [main] [32mINFO [0;39m com.zaxxer.hikari.HikariDataSource   [ |  | ] - HikariPool-1 - Start completed.
25-04-14 15:21:59.958 [main] [32mINFO [0;39m o.h.jpa.internal.util.LogHelper      [ |  | ] - HHH000204: Processing PersistenceUnitInfo [name: default]
25-04-14 15:22:00.004 [main] [32mINFO [0;39m org.hibernate.Version                [ |  | ] - HHH000412: Hibernate ORM core version 6.6.5.Final
25-04-14 15:22:00.033 [main] [32mINFO [0;39m o.h.c.i.RegionFactoryInitiator       [ |  | ] - HHH000026: Second-level cache disabled
25-04-14 15:22:00.257 [main] [32mINFO [0;39m o.s.o.j.p.SpringPersistenceUnitInfo  [ |  | ] - No LoadTimeWeaver setup: ignoring JPA class transformer
25-04-14 15:22:00.330 [main] [32mINFO [0;39m o.hibernate.orm.connections.pooling  [ |  | ] - HHH10001005: Database info:
	Database JDBC URL [Connecting through datasource 'HikariDataSource (HikariPool-1)']
	Database driver: undefined/unknown
	Database version: 17.4
	Autocommit mode: undefined/unknown
	Isolation level: undefined/unknown
	Minimum pool size: undefined/unknown
	Maximum pool size: undefined/unknown
25-04-14 15:22:01.100 [main] [32mINFO [0;39m o.h.e.t.j.p.i.JtaPlatformInitiator   [ |  | ] - HHH000489: No JTA platform available (set 'hibernate.transaction.jta.platform' to enable JTA platform integration)
25-04-14 15:22:01.135 [main] [32mINFO [0;39m o.s.o.j.LocalContainerEntityManagerFactoryBean [ |  | ] - Initialized JPA EntityManagerFactory for persistence unit 'default'
25-04-14 15:22:01.446 [main] [32mINFO [0;39m o.s.d.j.r.query.QueryEnhancerFactory [ |  | ] - Hibernate is in classpath; If applicable, HQL parser will be used.
25-04-14 15:22:01.911 [main] [32mINFO [0;39m o.s.b.a.w.s.WelcomePageHandlerMapping [ |  | ] - Adding welcome page: class path resource [static/index.html]
25-04-14 15:22:02.455 [main] [32mINFO [0;39m o.s.b.a.e.web.EndpointLinksResolver  [ |  | ] - Exposing 4 endpoints beneath base path '/actuator'
25-04-14 15:22:02.504 [main] [32mINFO [0;39m o.a.coyote.http11.Http11NioProtocol  [ |  | ] - Starting ProtocolHandler ["http-nio-8080"]
25-04-14 15:22:02.522 [main] [32mINFO [0;39m o.s.b.w.e.tomcat.TomcatWebServer     [ |  | ] - Tomcat started on port 8080 (http) with context path '/'
25-04-14 15:22:02.533 [main] [32mINFO [0;39m c.s.m.discodeit.DiscodeitApplication [ |  | ] - Started DiscodeitApplication in 4.742 seconds (process running for 5.111)
25-04-14 15:22:03.119 [RMI TCP Connection(2)-172.21.144.1] [32mINFO [0;39m o.a.c.c.C.[Tomcat].[localhost].[/]   [ |  | ] - Initializing Spring DispatcherServlet 'dispatcherServlet'
25-04-14 15:22:03.120 [RMI TCP Connection(2)-172.21.144.1] [32mINFO [0;39m o.s.web.servlet.DispatcherServlet    [ |  | ] - Initializing Servlet 'dispatcherServlet'
25-04-14 15:22:03.122 [RMI TCP Connection(2)-172.21.144.1] [32mINFO [0;39m o.s.web.servlet.DispatcherServlet    [ |  | ] - Completed initialization in 1 ms
25-04-14 15:25:39.552 [SpringApplicationShutdownHook] [32mINFO [0;39m o.s.b.w.e.tomcat.GracefulShutdown    [ |  | ] - Commencing graceful shutdown. Waiting for active requests to complete
25-04-14 15:25:39.645 [tomcat-shutdown] [32mINFO [0;39m o.s.b.w.e.tomcat.GracefulShutdown    [ |  | ] - Graceful shutdown complete
25-04-14 15:25:39.651 [SpringApplicationShutdownHook] [32mINFO [0;39m o.s.o.j.LocalContainerEntityManagerFactoryBean [ |  | ] - Closing JPA EntityManagerFactory for persistence unit 'default'
25-04-14 15:25:39.653 [SpringApplicationShutdownHook] [32mINFO [0;39m com.zaxxer.hikari.HikariDataSource   [ |  | ] - HikariPool-1 - Shutdown initiated...
25-04-14 15:25:39.654 [SpringApplicationShutdownHook] [32mINFO [0;39m com.zaxxer.hikari.HikariDataSource   [ |  | ] - HikariPool-1 - Shutdown completed.
25-04-14 15:25:42.750 [background-preinit] [32mINFO [0;39m o.h.validator.internal.util.Version  [ |  | ] - HV000001: Hibernate Validator 8.0.1.Final
25-04-14 15:25:42.783 [main] [32mINFO [0;39m c.s.m.discodeit.DiscodeitApplication [ |  | ] - Starting DiscodeitApplication using Java 17.0.13 with PID 23540 (C:\Users\leesi\1-sprint-mission\build\classes\java\main started by lee in C:\Users\leesi\1-sprint-mission)
25-04-14 15:25:42.784 [main] [32mDEBUG[0;39m c.s.m.discodeit.DiscodeitApplication [ |  | ] - Running with Spring Boot v3.4.2, Spring v6.2.2
25-04-14 15:25:42.784 [main] [32mINFO [0;39m c.s.m.discodeit.DiscodeitApplication [ |  | ] - The following 1 profile is active: "dev"
25-04-14 15:25:43.535 [main] [32mINFO [0;39m o.s.d.r.c.RepositoryConfigurationDelegate [ |  | ] - Bootstrapping Spring Data JPA repositories in DEFAULT mode.
25-04-14 15:25:43.591 [main] [32mINFO [0;39m o.s.d.r.c.RepositoryConfigurationDelegate [ |  | ] - Finished Spring Data repository scanning in 49 ms. Found 6 JPA repository interfaces.
25-04-14 15:25:44.095 [main] [32mINFO [0;39m o.s.b.w.e.tomcat.TomcatWebServer     [ |  | ] - Tomcat initialized with port 8080 (http)
25-04-14 15:25:44.097 [main] [32mINFO [0;39m o.a.c.core.AprLifecycleListener      [ |  | ] - Loaded Apache Tomcat Native library [2.0.8] using APR version [1.7.4].
25-04-14 15:25:44.100 [main] [32mINFO [0;39m o.a.c.core.AprLifecycleListener      [ |  | ] - OpenSSL successfully initialized [OpenSSL 3.0.14 4 Jun 2024]
25-04-14 15:25:44.107 [main] [32mINFO [0;39m o.a.coyote.http11.Http11NioProtocol  [ |  | ] - Initializing ProtocolHandler ["http-nio-8080"]
25-04-14 15:25:44.108 [main] [32mINFO [0;39m o.a.catalina.core.StandardService    [ |  | ] - Starting service [Tomcat]
25-04-14 15:25:44.110 [main] [32mINFO [0;39m o.a.catalina.core.StandardEngine     [ |  | ] - Starting Servlet engine: [Apache Tomcat/10.1.34]
25-04-14 15:25:44.167 [main] [32mINFO [0;39m o.a.c.c.C.[Tomcat].[localhost].[/]   [ |  | ] - Initializing Spring embedded WebApplicationContext
25-04-14 15:25:44.167 [main] [32mINFO [0;39m o.s.b.w.s.c.ServletWebServerApplicationContext [ |  | ] - Root WebApplicationContext: initialization completed in 1353 ms
25-04-14 15:25:44.329 [main] [32mINFO [0;39m com.zaxxer.hikari.HikariDataSource   [ |  | ] - HikariPool-1 - Starting...
25-04-14 15:25:44.454 [main] [32mINFO [0;39m com.zaxxer.hikari.pool.HikariPool    [ |  | ] - HikariPool-1 - Added connection org.postgresql.jdbc.PgConnection@45bf93bb
25-04-14 15:25:44.455 [main] [32mINFO [0;39m com.zaxxer.hikari.HikariDataSource   [ |  | ] - HikariPool-1 - Start completed.
25-04-14 15:25:44.518 [main] [32mINFO [0;39m o.h.jpa.internal.util.LogHelper      [ |  | ] - HHH000204: Processing PersistenceUnitInfo [name: default]
25-04-14 15:25:44.564 [main] [32mINFO [0;39m org.hibernate.Version                [ |  | ] - HHH000412: Hibernate ORM core version 6.6.5.Final
25-04-14 15:25:44.591 [main] [32mINFO [0;39m o.h.c.i.RegionFactoryInitiator       [ |  | ] - HHH000026: Second-level cache disabled
25-04-14 15:25:44.810 [main] [32mINFO [0;39m o.s.o.j.p.SpringPersistenceUnitInfo  [ |  | ] - No LoadTimeWeaver setup: ignoring JPA class transformer
25-04-14 15:25:44.883 [main] [32mINFO [0;39m o.hibernate.orm.connections.pooling  [ |  | ] - HHH10001005: Database info:
	Database JDBC URL [Connecting through datasource 'HikariDataSource (HikariPool-1)']
	Database driver: undefined/unknown
	Database version: 17.4
	Autocommit mode: undefined/unknown
	Isolation level: undefined/unknown
	Minimum pool size: undefined/unknown
	Maximum pool size: undefined/unknown
25-04-14 15:25:45.666 [main] [32mINFO [0;39m o.h.e.t.j.p.i.JtaPlatformInitiator   [ |  | ] - HHH000489: No JTA platform available (set 'hibernate.transaction.jta.platform' to enable JTA platform integration)
25-04-14 15:25:45.701 [main] [32mINFO [0;39m o.s.o.j.LocalContainerEntityManagerFactoryBean [ |  | ] - Initialized JPA EntityManagerFactory for persistence unit 'default'
25-04-14 15:25:46.020 [main] [32mINFO [0;39m o.s.d.j.r.query.QueryEnhancerFactory [ |  | ] - Hibernate is in classpath; If applicable, HQL parser will be used.
25-04-14 15:25:46.482 [main] [32mINFO [0;39m o.s.b.a.w.s.WelcomePageHandlerMapping [ |  | ] - Adding welcome page: class path resource [static/index.html]
25-04-14 15:25:47.031 [main] [32mINFO [0;39m o.s.b.a.e.web.EndpointLinksResolver  [ |  | ] - Exposing 4 endpoints beneath base path '/actuator'
25-04-14 15:25:47.080 [main] [32mINFO [0;39m o.a.coyote.http11.Http11NioProtocol  [ |  | ] - Starting ProtocolHandler ["http-nio-8080"]
25-04-14 15:25:47.097 [main] [32mINFO [0;39m o.s.b.w.e.tomcat.TomcatWebServer     [ |  | ] - Tomcat started on port 8080 (http) with context path '/'
25-04-14 15:25:47.107 [main] [32mINFO [0;39m c.s.m.discodeit.DiscodeitApplication [ |  | ] - Started DiscodeitApplication in 4.805 seconds (process running for 5.205)
25-04-14 15:25:47.610 [RMI TCP Connection(4)-172.21.144.1] [32mINFO [0;39m o.a.c.c.C.[Tomcat].[localhost].[/]   [ |  | ] - Initializing Spring DispatcherServlet 'dispatcherServlet'
25-04-14 15:25:47.611 [RMI TCP Connection(4)-172.21.144.1] [32mINFO [0;39m o.s.web.servlet.DispatcherServlet    [ |  | ] - Initializing Servlet 'dispatcherServlet'
25-04-14 15:25:47.612 [RMI TCP Connection(4)-172.21.144.1] [32mINFO [0;39m o.s.web.servlet.DispatcherServlet    [ |  | ] - Completed initialization in 1 ms
25-04-14 15:25:52.285 [http-nio-8080-exec-5] [32mINFO [0;39m c.s.m.d.controller.AuthControllerV1  [ |  | ] - 로그인 요청: username=1
25-04-14 15:25:52.347 [http-nio-8080-exec-5] [32mDEBUG[0;39m org.hibernate.SQL                    [ |  | ] - 
    select
        u1_0.id,
        u1_0.created_at,
        u1_0.email,
        u1_0.password,
        u1_0.profile_id,
        u1_0.updated_at,
        u1_0.username 
    from
        users u1_0 
    where
        u1_0.username=?
25-04-14 15:25:52.348 [http-nio-8080-exec-5] [32mTRACE[0;39m org.hibernate.orm.jdbc.bind          [ |  | ] - binding parameter (1:VARCHAR) <- [1]
25-04-14 15:25:52.375 [http-nio-8080-exec-5] [32mDEBUG[0;39m org.hibernate.SQL                    [ |  | ] - 
    select
        us1_0.id,
        us1_0.created_at,
        us1_0.last_active_at,
        us1_0.updated_at,
        us1_0.user_id 
    from
        user_statuses us1_0 
    where
        us1_0.user_id=?
25-04-14 15:25:52.375 [http-nio-8080-exec-5] [32mTRACE[0;39m org.hibernate.orm.jdbc.bind          [ |  | ] - binding parameter (1:UUID) <- [b64d0c15-b1fe-46a0-beca-cb61a947228a]
25-04-14 15:26:07.540 [http-nio-8080-exec-6] [32mINFO [0;39m c.s.m.d.controller.AuthControllerV1  [ |  | ] - 로그인 요청: username=1
25-04-14 15:26:07.542 [http-nio-8080-exec-6] [32mDEBUG[0;39m org.hibernate.SQL                    [ |  | ] - 
    select
        u1_0.id,
        u1_0.created_at,
        u1_0.email,
        u1_0.password,
        u1_0.profile_id,
        u1_0.updated_at,
        u1_0.username 
    from
        users u1_0 
    where
        u1_0.username=?
25-04-14 15:26:07.542 [http-nio-8080-exec-6] [32mTRACE[0;39m org.hibernate.orm.jdbc.bind          [ |  | ] - binding parameter (1:VARCHAR) <- [1]
25-04-14 15:26:07.543 [http-nio-8080-exec-6] [32mDEBUG[0;39m org.hibernate.SQL                    [ |  | ] - 
    select
        us1_0.id,
        us1_0.created_at,
        us1_0.last_active_at,
        us1_0.updated_at,
        us1_0.user_id 
    from
        user_statuses us1_0 
    where
        us1_0.user_id=?
25-04-14 15:26:07.543 [http-nio-8080-exec-6] [32mTRACE[0;39m org.hibernate.orm.jdbc.bind          [ |  | ] - binding parameter (1:UUID) <- [b64d0c15-b1fe-46a0-beca-cb61a947228a]
25-04-14 15:26:07.560 [http-nio-8080-exec-6] [32mDEBUG[0;39m org.hibernate.SQL                    [ |  | ] - 
    select
        us1_0.id,
        us1_0.created_at,
        us1_0.last_active_at,
        us1_0.updated_at,
        us1_0.user_id 
    from
        user_statuses us1_0 
    left join
        users u1_0 
            on u1_0.id=us1_0.user_id 
    where
        u1_0.id=?
25-04-14 15:26:07.561 [http-nio-8080-exec-6] [32mTRACE[0;39m org.hibernate.orm.jdbc.bind          [ |  | ] - binding parameter (1:UUID) <- [b64d0c15-b1fe-46a0-beca-cb61a947228a]
25-04-14 15:26:07.584 [http-nio-8080-exec-6] [32mDEBUG[0;39m org.hibernate.SQL                    [ |  | ] - 
    update
        user_statuses 
    set
        created_at=?,
        last_active_at=?,
        updated_at=?,
        user_id=? 
    where
        id=?
25-04-14 15:26:07.585 [http-nio-8080-exec-6] [32mTRACE[0;39m org.hibernate.orm.jdbc.bind          [ |  | ] - binding parameter (1:TIMESTAMP_UTC) <- [2025-03-16T15:46:50.728321Z]
25-04-14 15:26:07.585 [http-nio-8080-exec-6] [32mTRACE[0;39m org.hibernate.orm.jdbc.bind          [ |  | ] - binding parameter (2:TIMESTAMP_UTC) <- [2025-04-14T06:26:07.544901400Z]
25-04-14 15:26:07.585 [http-nio-8080-exec-6] [32mTRACE[0;39m org.hibernate.orm.jdbc.bind          [ |  | ] - binding parameter (3:TIMESTAMP_UTC) <- [null]
25-04-14 15:26:07.585 [http-nio-8080-exec-6] [32mTRACE[0;39m org.hibernate.orm.jdbc.bind          [ |  | ] - binding parameter (4:UUID) <- [b64d0c15-b1fe-46a0-beca-cb61a947228a]
25-04-14 15:26:07.585 [http-nio-8080-exec-6] [32mTRACE[0;39m org.hibernate.orm.jdbc.bind          [ |  | ] - binding parameter (5:UUID) <- [ca41a864-c8c3-4be6-a5fa-20c6078099db]
25-04-14 15:26:07.596 [http-nio-8080-exec-6] [32mDEBUG[0;39m c.s.m.d.controller.AuthControllerV1  [ |  | ] - 로그인 응답: UserDto[userId=b64d0c15-b1fe-46a0-beca-cb61a947228a, createdAt=2025-03-16T15:46:50.717317Z, updatedAt=null, userName=null, email=1@cod2eit.com, profileId=null, isOnline=true]
25-04-14 15:26:07.610 [http-nio-8080-exec-7] [32mINFO [0;39m c.s.m.d.controller.UserController    [ |  | ] - 사용자 목록 조회 요청
25-04-14 15:26:07.617 [http-nio-8080-exec-7] [32mDEBUG[0;39m org.hibernate.SQL                    [ |  | ] - 
    select
        u1_0.id,
        u1_0.created_at,
        u1_0.email,
        u1_0.password,
        u1_0.profile_id,
        u1_0.updated_at,
        u1_0.username 
    from
        users u1_0
25-04-14 15:26:07.622 [http-nio-8080-exec-7] [32mDEBUG[0;39m org.hibernate.SQL                    [ |  | ] - 
    select
        us1_0.id,
        us1_0.created_at,
        us1_0.last_active_at,
        us1_0.updated_at,
        us1_0.user_id 
    from
        user_statuses us1_0 
    where
        us1_0.user_id=?
25-04-14 15:26:07.622 [http-nio-8080-exec-7] [32mTRACE[0;39m org.hibernate.orm.jdbc.bind          [ |  | ] - binding parameter (1:UUID) <- [8eda736a-b140-4189-906e-5da4f22f977d]
25-04-14 15:26:07.623 [http-nio-8080-exec-7] [32mDEBUG[0;39m org.hibernate.SQL                    [ |  | ] - 
    select
        us1_0.id,
        us1_0.created_at,
        us1_0.last_active_at,
        us1_0.updated_at,
        us1_0.user_id 
    from
        user_statuses us1_0 
    where
        us1_0.user_id=?
25-04-14 15:26:07.623 [http-nio-8080-exec-7] [32mTRACE[0;39m org.hibernate.orm.jdbc.bind          [ |  | ] - binding parameter (1:UUID) <- [cb1e48ad-2480-40e8-91b8-f17fb89149ac]
25-04-14 15:26:07.624 [http-nio-8080-exec-7] [32mDEBUG[0;39m org.hibernate.SQL                    [ |  | ] - 
    select
        us1_0.id,
        us1_0.created_at,
        us1_0.last_active_at,
        us1_0.updated_at,
        us1_0.user_id 
    from
        user_statuses us1_0 
    where
        us1_0.user_id=?
25-04-14 15:26:07.624 [http-nio-8080-exec-7] [32mTRACE[0;39m org.hibernate.orm.jdbc.bind          [ |  | ] - binding parameter (1:UUID) <- [e884b46f-a2ab-4996-9a7f-baa7ee41b5fd]
25-04-14 15:26:07.625 [http-nio-8080-exec-7] [32mDEBUG[0;39m org.hibernate.SQL                    [ |  | ] - 
    select
        us1_0.id,
        us1_0.created_at,
        us1_0.last_active_at,
        us1_0.updated_at,
        us1_0.user_id 
    from
        user_statuses us1_0 
    where
        us1_0.user_id=?
25-04-14 15:26:07.625 [http-nio-8080-exec-7] [32mTRACE[0;39m org.hibernate.orm.jdbc.bind          [ |  | ] - binding parameter (1:UUID) <- [6e94cf9c-7085-4e49-9883-260c3c32e68c]
25-04-14 15:26:07.627 [http-nio-8080-exec-7] [32mDEBUG[0;39m org.hibernate.SQL                    [ |  | ] - 
    select
        us1_0.id,
        us1_0.created_at,
        us1_0.last_active_at,
        us1_0.updated_at,
        us1_0.user_id 
    from
        user_statuses us1_0 
    where
        us1_0.user_id=?
25-04-14 15:26:07.627 [http-nio-8080-exec-7] [32mTRACE[0;39m org.hibernate.orm.jdbc.bind          [ |  | ] - binding parameter (1:UUID) <- [d2175aff-c5af-430e-af41-ae472d8642b6]
25-04-14 15:26:07.627 [http-nio-8080-exec-7] [32mDEBUG[0;39m org.hibernate.SQL                    [ |  | ] - 
    select
        us1_0.id,
        us1_0.created_at,
        us1_0.last_active_at,
        us1_0.updated_at,
        us1_0.user_id 
    from
        user_statuses us1_0 
    where
        us1_0.user_id=?
25-04-14 15:26:07.627 [http-nio-8080-exec-7] [32mTRACE[0;39m org.hibernate.orm.jdbc.bind          [ |  | ] - binding parameter (1:UUID) <- [1a064ffe-a25a-4492-9fe0-370528e5279f]
25-04-14 15:26:07.628 [http-nio-8080-exec-7] [32mDEBUG[0;39m org.hibernate.SQL                    [ |  | ] - 
    select
        us1_0.id,
        us1_0.created_at,
        us1_0.last_active_at,
        us1_0.updated_at,
        us1_0.user_id 
    from
        user_statuses us1_0 
    where
        us1_0.user_id=?
25-04-14 15:26:07.628 [http-nio-8080-exec-7] [32mTRACE[0;39m org.hibernate.orm.jdbc.bind          [ |  | ] - binding parameter (1:UUID) <- [962332e6-8cc3-4538-8c64-d2b022e7bf81]
25-04-14 15:26:07.629 [http-nio-8080-exec-7] [32mDEBUG[0;39m org.hibernate.SQL                    [ |  | ] - 
    select
        us1_0.id,
        us1_0.created_at,
        us1_0.last_active_at,
        us1_0.updated_at,
        us1_0.user_id 
    from
        user_statuses us1_0 
    where
        us1_0.user_id=?
25-04-14 15:26:07.629 [http-nio-8080-exec-7] [32mTRACE[0;39m org.hibernate.orm.jdbc.bind          [ |  | ] - binding parameter (1:UUID) <- [1bf3c1d5-ba9e-445c-bb05-e46f4da38b55]
25-04-14 15:26:07.630 [http-nio-8080-exec-7] [32mDEBUG[0;39m org.hibernate.SQL                    [ |  | ] - 
    select
        us1_0.id,
        us1_0.created_at,
        us1_0.last_active_at,
        us1_0.updated_at,
        us1_0.user_id 
    from
        user_statuses us1_0 
    where
        us1_0.user_id=?
25-04-14 15:26:07.630 [http-nio-8080-exec-7] [32mTRACE[0;39m org.hibernate.orm.jdbc.bind          [ |  | ] - binding parameter (1:UUID) <- [406d1ca8-ca14-4cf4-afd7-6d2985bc0d47]
25-04-14 15:26:07.630 [http-nio-8080-exec-7] [32mDEBUG[0;39m org.hibernate.SQL                    [ |  | ] - 
    select
        us1_0.id,
        us1_0.created_at,
        us1_0.last_active_at,
        us1_0.updated_at,
        us1_0.user_id 
    from
        user_statuses us1_0 
    where
        us1_0.user_id=?
25-04-14 15:26:07.630 [http-nio-8080-exec-7] [32mTRACE[0;39m org.hibernate.orm.jdbc.bind          [ |  | ] - binding parameter (1:UUID) <- [b64d0c15-b1fe-46a0-beca-cb61a947228a]
25-04-14 15:26:07.631 [http-nio-8080-exec-7] [32mDEBUG[0;39m org.hibernate.SQL                    [ |  | ] - 
    select
        us1_0.id,
        us1_0.created_at,
        us1_0.last_active_at,
        us1_0.updated_at,
        us1_0.user_id 
    from
        user_statuses us1_0 
    where
        us1_0.user_id=?
25-04-14 15:26:07.631 [http-nio-8080-exec-7] [32mTRACE[0;39m org.hibernate.orm.jdbc.bind          [ |  | ] - binding parameter (1:UUID) <- [48e2f3f6-5bb6-47b6-ad6e-3c1dd8240735]
25-04-14 15:26:07.631 [http-nio-8080-exec-7] [32mDEBUG[0;39m org.hibernate.SQL                    [ |  | ] - 
    select
        us1_0.id,
        us1_0.created_at,
        us1_0.last_active_at,
        us1_0.updated_at,
        us1_0.user_id 
    from
        user_statuses us1_0 
    where
        us1_0.user_id=?
25-04-14 15:26:07.631 [http-nio-8080-exec-7] [32mTRACE[0;39m org.hibernate.orm.jdbc.bind          [ |  | ] - binding parameter (1:UUID) <- [5735c1de-7d10-415d-94fb-b6a471c518a8]
25-04-14 15:26:07.632 [http-nio-8080-exec-7] [32mDEBUG[0;39m org.hibernate.SQL                    [ |  | ] - 
    select
        us1_0.id,
        us1_0.created_at,
        us1_0.last_active_at,
        us1_0.updated_at,
        us1_0.user_id 
    from
        user_statuses us1_0 
    where
        us1_0.user_id=?
25-04-14 15:26:07.632 [http-nio-8080-exec-7] [32mTRACE[0;39m org.hibernate.orm.jdbc.bind          [ |  | ] - binding parameter (1:UUID) <- [d867e1e2-c22c-4201-b137-496edf3adf71]
25-04-14 15:26:07.633 [http-nio-8080-exec-7] [32mDEBUG[0;39m org.hibernate.SQL                    [ |  | ] - 
    select
        us1_0.id,
        us1_0.created_at,
        us1_0.last_active_at,
        us1_0.updated_at,
        us1_0.user_id 
    from
        user_statuses us1_0 
    where
        us1_0.user_id=?
25-04-14 15:26:07.633 [http-nio-8080-exec-7] [32mTRACE[0;39m org.hibernate.orm.jdbc.bind          [ |  | ] - binding parameter (1:UUID) <- [c457048e-c1a2-46c5-8a52-b87738dc89a1]
25-04-14 15:26:07.634 [http-nio-8080-exec-7] [32mDEBUG[0;39m org.hibernate.SQL                    [ |  | ] - 
    select
        us1_0.id,
        us1_0.created_at,
        us1_0.last_active_at,
        us1_0.updated_at,
        us1_0.user_id 
    from
        user_statuses us1_0 
    where
        us1_0.user_id=?
25-04-14 15:26:07.634 [http-nio-8080-exec-7] [32mTRACE[0;39m org.hibernate.orm.jdbc.bind          [ |  | ] - binding parameter (1:UUID) <- [58734365-46e5-427c-aad4-91a591469b01]
25-04-14 15:26:07.636 [http-nio-8080-exec-7] [32mDEBUG[0;39m c.s.m.d.controller.UserController    [ |  | ] - 사용자 목록 조회 응답: count=15
25-04-14 15:26:17.255 [http-nio-8080-exec-8] [32mINFO [0;39m c.s.m.d.controller.AuthControllerV1  [ |  | ] - 로그인 요청: username=1
25-04-14 15:26:17.257 [http-nio-8080-exec-8] [32mDEBUG[0;39m org.hibernate.SQL                    [ |  | ] - 
    select
        u1_0.id,
        u1_0.created_at,
        u1_0.email,
        u1_0.password,
        u1_0.profile_id,
        u1_0.updated_at,
        u1_0.username 
    from
        users u1_0 
    where
        u1_0.username=?
25-04-14 15:26:17.257 [http-nio-8080-exec-8] [32mTRACE[0;39m org.hibernate.orm.jdbc.bind          [ |  | ] - binding parameter (1:VARCHAR) <- [1]
25-04-14 15:26:17.258 [http-nio-8080-exec-8] [32mDEBUG[0;39m org.hibernate.SQL                    [ |  | ] - 
    select
        us1_0.id,
        us1_0.created_at,
        us1_0.last_active_at,
        us1_0.updated_at,
        us1_0.user_id 
    from
        user_statuses us1_0 
    where
        us1_0.user_id=?
25-04-14 15:26:17.258 [http-nio-8080-exec-8] [32mTRACE[0;39m org.hibernate.orm.jdbc.bind          [ |  | ] - binding parameter (1:UUID) <- [b64d0c15-b1fe-46a0-beca-cb61a947228a]
25-04-14 15:26:17.260 [http-nio-8080-exec-8] [32mDEBUG[0;39m org.hibernate.SQL                    [ |  | ] - 
    select
        us1_0.id,
        us1_0.created_at,
        us1_0.last_active_at,
        us1_0.updated_at,
        us1_0.user_id 
    from
        user_statuses us1_0 
    left join
        users u1_0 
            on u1_0.id=us1_0.user_id 
    where
        u1_0.id=?
25-04-14 15:26:17.260 [http-nio-8080-exec-8] [32mTRACE[0;39m org.hibernate.orm.jdbc.bind          [ |  | ] - binding parameter (1:UUID) <- [b64d0c15-b1fe-46a0-beca-cb61a947228a]
25-04-14 15:26:17.262 [http-nio-8080-exec-8] [32mDEBUG[0;39m org.hibernate.SQL                    [ |  | ] - 
    update
        user_statuses 
    set
        created_at=?,
        last_active_at=?,
        updated_at=?,
        user_id=? 
    where
        id=?
25-04-14 15:26:17.262 [http-nio-8080-exec-8] [32mTRACE[0;39m org.hibernate.orm.jdbc.bind          [ |  | ] - binding parameter (1:TIMESTAMP_UTC) <- [2025-03-16T15:46:50.728321Z]
25-04-14 15:26:17.262 [http-nio-8080-exec-8] [32mTRACE[0;39m org.hibernate.orm.jdbc.bind          [ |  | ] - binding parameter (2:TIMESTAMP_UTC) <- [2025-04-14T06:26:17.259563Z]
25-04-14 15:26:17.262 [http-nio-8080-exec-8] [32mTRACE[0;39m org.hibernate.orm.jdbc.bind          [ |  | ] - binding parameter (3:TIMESTAMP_UTC) <- [null]
25-04-14 15:26:17.262 [http-nio-8080-exec-8] [32mTRACE[0;39m org.hibernate.orm.jdbc.bind          [ |  | ] - binding parameter (4:UUID) <- [b64d0c15-b1fe-46a0-beca-cb61a947228a]
25-04-14 15:26:17.262 [http-nio-8080-exec-8] [32mTRACE[0;39m org.hibernate.orm.jdbc.bind          [ |  | ] - binding parameter (5:UUID) <- [ca41a864-c8c3-4be6-a5fa-20c6078099db]
25-04-14 15:26:17.263 [http-nio-8080-exec-8] [32mDEBUG[0;39m c.s.m.d.controller.AuthControllerV1  [ |  | ] - 로그인 응답: UserDto[userId=b64d0c15-b1fe-46a0-beca-cb61a947228a, createdAt=2025-03-16T15:46:50.717317Z, updatedAt=null, userName=null, email=1@cod2eit.com, profileId=null, isOnline=true]
25-04-14 15:26:17.267 [http-nio-8080-exec-9] [32mINFO [0;39m c.s.m.d.controller.UserController    [ |  | ] - 사용자 목록 조회 요청
25-04-14 15:26:17.268 [http-nio-8080-exec-9] [32mDEBUG[0;39m org.hibernate.SQL                    [ |  | ] - 
    select
        u1_0.id,
        u1_0.created_at,
        u1_0.email,
        u1_0.password,
        u1_0.profile_id,
        u1_0.updated_at,
        u1_0.username 
    from
        users u1_0
25-04-14 15:26:17.269 [http-nio-8080-exec-9] [32mDEBUG[0;39m org.hibernate.SQL                    [ |  | ] - 
    select
        us1_0.id,
        us1_0.created_at,
        us1_0.last_active_at,
        us1_0.updated_at,
        us1_0.user_id 
    from
        user_statuses us1_0 
    where
        us1_0.user_id=?
25-04-14 15:26:17.269 [http-nio-8080-exec-9] [32mTRACE[0;39m org.hibernate.orm.jdbc.bind          [ |  | ] - binding parameter (1:UUID) <- [8eda736a-b140-4189-906e-5da4f22f977d]
25-04-14 15:26:17.270 [http-nio-8080-exec-9] [32mDEBUG[0;39m org.hibernate.SQL                    [ |  | ] - 
    select
        us1_0.id,
        us1_0.created_at,
        us1_0.last_active_at,
        us1_0.updated_at,
        us1_0.user_id 
    from
        user_statuses us1_0 
    where
        us1_0.user_id=?
25-04-14 15:26:17.270 [http-nio-8080-exec-9] [32mTRACE[0;39m org.hibernate.orm.jdbc.bind          [ |  | ] - binding parameter (1:UUID) <- [cb1e48ad-2480-40e8-91b8-f17fb89149ac]
25-04-14 15:26:17.270 [http-nio-8080-exec-9] [32mDEBUG[0;39m org.hibernate.SQL                    [ |  | ] - 
    select
        us1_0.id,
        us1_0.created_at,
        us1_0.last_active_at,
        us1_0.updated_at,
        us1_0.user_id 
    from
        user_statuses us1_0 
    where
        us1_0.user_id=?
25-04-14 15:26:17.270 [http-nio-8080-exec-9] [32mTRACE[0;39m org.hibernate.orm.jdbc.bind          [ |  | ] - binding parameter (1:UUID) <- [e884b46f-a2ab-4996-9a7f-baa7ee41b5fd]
25-04-14 15:26:17.271 [http-nio-8080-exec-9] [32mDEBUG[0;39m org.hibernate.SQL                    [ |  | ] - 
    select
        us1_0.id,
        us1_0.created_at,
        us1_0.last_active_at,
        us1_0.updated_at,
        us1_0.user_id 
    from
        user_statuses us1_0 
    where
        us1_0.user_id=?
25-04-14 15:26:17.271 [http-nio-8080-exec-9] [32mTRACE[0;39m org.hibernate.orm.jdbc.bind          [ |  | ] - binding parameter (1:UUID) <- [6e94cf9c-7085-4e49-9883-260c3c32e68c]
25-04-14 15:26:17.271 [http-nio-8080-exec-9] [32mDEBUG[0;39m org.hibernate.SQL                    [ |  | ] - 
    select
        us1_0.id,
        us1_0.created_at,
        us1_0.last_active_at,
        us1_0.updated_at,
        us1_0.user_id 
    from
        user_statuses us1_0 
    where
        us1_0.user_id=?
25-04-14 15:26:17.271 [http-nio-8080-exec-9] [32mTRACE[0;39m org.hibernate.orm.jdbc.bind          [ |  | ] - binding parameter (1:UUID) <- [d2175aff-c5af-430e-af41-ae472d8642b6]
25-04-14 15:26:17.272 [http-nio-8080-exec-9] [32mDEBUG[0;39m org.hibernate.SQL                    [ |  | ] - 
    select
        us1_0.id,
        us1_0.created_at,
        us1_0.last_active_at,
        us1_0.updated_at,
        us1_0.user_id 
    from
        user_statuses us1_0 
    where
        us1_0.user_id=?
25-04-14 15:26:17.272 [http-nio-8080-exec-9] [32mTRACE[0;39m org.hibernate.orm.jdbc.bind          [ |  | ] - binding parameter (1:UUID) <- [1a064ffe-a25a-4492-9fe0-370528e5279f]
25-04-14 15:26:17.273 [http-nio-8080-exec-9] [32mDEBUG[0;39m org.hibernate.SQL                    [ |  | ] - 
    select
        us1_0.id,
        us1_0.created_at,
        us1_0.last_active_at,
        us1_0.updated_at,
        us1_0.user_id 
    from
        user_statuses us1_0 
    where
        us1_0.user_id=?
25-04-14 15:26:17.273 [http-nio-8080-exec-9] [32mTRACE[0;39m org.hibernate.orm.jdbc.bind          [ |  | ] - binding parameter (1:UUID) <- [962332e6-8cc3-4538-8c64-d2b022e7bf81]
25-04-14 15:26:17.273 [http-nio-8080-exec-9] [32mDEBUG[0;39m org.hibernate.SQL                    [ |  | ] - 
    select
        us1_0.id,
        us1_0.created_at,
        us1_0.last_active_at,
        us1_0.updated_at,
        us1_0.user_id 
    from
        user_statuses us1_0 
    where
        us1_0.user_id=?
25-04-14 15:26:17.273 [http-nio-8080-exec-9] [32mTRACE[0;39m org.hibernate.orm.jdbc.bind          [ |  | ] - binding parameter (1:UUID) <- [1bf3c1d5-ba9e-445c-bb05-e46f4da38b55]
25-04-14 15:26:17.274 [http-nio-8080-exec-9] [32mDEBUG[0;39m org.hibernate.SQL                    [ |  | ] - 
    select
        us1_0.id,
        us1_0.created_at,
        us1_0.last_active_at,
        us1_0.updated_at,
        us1_0.user_id 
    from
        user_statuses us1_0 
    where
        us1_0.user_id=?
25-04-14 15:26:17.274 [http-nio-8080-exec-9] [32mTRACE[0;39m org.hibernate.orm.jdbc.bind          [ |  | ] - binding parameter (1:UUID) <- [406d1ca8-ca14-4cf4-afd7-6d2985bc0d47]
25-04-14 15:26:17.274 [http-nio-8080-exec-9] [32mDEBUG[0;39m org.hibernate.SQL                    [ |  | ] - 
    select
        us1_0.id,
        us1_0.created_at,
        us1_0.last_active_at,
        us1_0.updated_at,
        us1_0.user_id 
    from
        user_statuses us1_0 
    where
        us1_0.user_id=?
25-04-14 15:26:17.274 [http-nio-8080-exec-9] [32mTRACE[0;39m org.hibernate.orm.jdbc.bind          [ |  | ] - binding parameter (1:UUID) <- [b64d0c15-b1fe-46a0-beca-cb61a947228a]
25-04-14 15:26:17.275 [http-nio-8080-exec-9] [32mDEBUG[0;39m org.hibernate.SQL                    [ |  | ] - 
    select
        us1_0.id,
        us1_0.created_at,
        us1_0.last_active_at,
        us1_0.updated_at,
        us1_0.user_id 
    from
        user_statuses us1_0 
    where
        us1_0.user_id=?
25-04-14 15:26:17.275 [http-nio-8080-exec-9] [32mTRACE[0;39m org.hibernate.orm.jdbc.bind          [ |  | ] - binding parameter (1:UUID) <- [48e2f3f6-5bb6-47b6-ad6e-3c1dd8240735]
25-04-14 15:26:17.275 [http-nio-8080-exec-9] [32mDEBUG[0;39m org.hibernate.SQL                    [ |  | ] - 
    select
        us1_0.id,
        us1_0.created_at,
        us1_0.last_active_at,
        us1_0.updated_at,
        us1_0.user_id 
    from
        user_statuses us1_0 
    where
        us1_0.user_id=?
25-04-14 15:26:17.276 [http-nio-8080-exec-9] [32mTRACE[0;39m org.hibernate.orm.jdbc.bind          [ |  | ] - binding parameter (1:UUID) <- [5735c1de-7d10-415d-94fb-b6a471c518a8]
25-04-14 15:26:17.276 [http-nio-8080-exec-9] [32mDEBUG[0;39m org.hibernate.SQL                    [ |  | ] - 
    select
        us1_0.id,
        us1_0.created_at,
        us1_0.last_active_at,
        us1_0.updated_at,
        us1_0.user_id 
    from
        user_statuses us1_0 
    where
        us1_0.user_id=?
25-04-14 15:26:17.276 [http-nio-8080-exec-9] [32mTRACE[0;39m org.hibernate.orm.jdbc.bind          [ |  | ] - binding parameter (1:UUID) <- [d867e1e2-c22c-4201-b137-496edf3adf71]
25-04-14 15:26:17.277 [http-nio-8080-exec-9] [32mDEBUG[0;39m org.hibernate.SQL                    [ |  | ] - 
    select
        us1_0.id,
        us1_0.created_at,
        us1_0.last_active_at,
        us1_0.updated_at,
        us1_0.user_id 
    from
        user_statuses us1_0 
    where
        us1_0.user_id=?
25-04-14 15:26:17.277 [http-nio-8080-exec-9] [32mTRACE[0;39m org.hibernate.orm.jdbc.bind          [ |  | ] - binding parameter (1:UUID) <- [c457048e-c1a2-46c5-8a52-b87738dc89a1]
25-04-14 15:26:17.277 [http-nio-8080-exec-9] [32mDEBUG[0;39m org.hibernate.SQL                    [ |  | ] - 
    select
        us1_0.id,
        us1_0.created_at,
        us1_0.last_active_at,
        us1_0.updated_at,
        us1_0.user_id 
    from
        user_statuses us1_0 
    where
        us1_0.user_id=?
25-04-14 15:26:17.277 [http-nio-8080-exec-9] [32mTRACE[0;39m org.hibernate.orm.jdbc.bind          [ |  | ] - binding parameter (1:UUID) <- [58734365-46e5-427c-aad4-91a591469b01]
25-04-14 15:26:17.278 [http-nio-8080-exec-9] [32mDEBUG[0;39m c.s.m.d.controller.UserController    [ |  | ] - 사용자 목록 조회 응답: count=15
25-04-14 15:26:49.760 [http-nio-8080-exec-10] [32mINFO [0;39m c.s.m.d.controller.AuthControllerV1  [ |  | ] - 로그인 요청: username=1
25-04-14 15:26:49.763 [http-nio-8080-exec-10] [32mDEBUG[0;39m org.hibernate.SQL                    [ |  | ] - 
    select
        u1_0.id,
        u1_0.created_at,
        u1_0.email,
        u1_0.password,
        u1_0.profile_id,
        u1_0.updated_at,
        u1_0.username 
    from
        users u1_0 
    where
        u1_0.username=?
25-04-14 15:26:49.763 [http-nio-8080-exec-10] [32mTRACE[0;39m org.hibernate.orm.jdbc.bind          [ |  | ] - binding parameter (1:VARCHAR) <- [1]
25-04-14 15:26:49.764 [http-nio-8080-exec-10] [32mDEBUG[0;39m org.hibernate.SQL                    [ |  | ] - 
    select
        us1_0.id,
        us1_0.created_at,
        us1_0.last_active_at,
        us1_0.updated_at,
        us1_0.user_id 
    from
        user_statuses us1_0 
    where
        us1_0.user_id=?
25-04-14 15:26:49.764 [http-nio-8080-exec-10] [32mTRACE[0;39m org.hibernate.orm.jdbc.bind          [ |  | ] - binding parameter (1:UUID) <- [b64d0c15-b1fe-46a0-beca-cb61a947228a]
25-04-14 15:26:49.766 [http-nio-8080-exec-10] [32mDEBUG[0;39m org.hibernate.SQL                    [ |  | ] - 
    select
        us1_0.id,
        us1_0.created_at,
        us1_0.last_active_at,
        us1_0.updated_at,
        us1_0.user_id 
    from
        user_statuses us1_0 
    left join
        users u1_0 
            on u1_0.id=us1_0.user_id 
    where
        u1_0.id=?
25-04-14 15:26:49.766 [http-nio-8080-exec-10] [32mTRACE[0;39m org.hibernate.orm.jdbc.bind          [ |  | ] - binding parameter (1:UUID) <- [b64d0c15-b1fe-46a0-beca-cb61a947228a]
25-04-14 15:26:49.767 [http-nio-8080-exec-10] [32mDEBUG[0;39m org.hibernate.SQL                    [ |  | ] - 
    update
        user_statuses 
    set
        created_at=?,
        last_active_at=?,
        updated_at=?,
        user_id=? 
    where
        id=?
25-04-14 15:26:49.767 [http-nio-8080-exec-10] [32mTRACE[0;39m org.hibernate.orm.jdbc.bind          [ |  | ] - binding parameter (1:TIMESTAMP_UTC) <- [2025-03-16T15:46:50.728321Z]
25-04-14 15:26:49.768 [http-nio-8080-exec-10] [32mTRACE[0;39m org.hibernate.orm.jdbc.bind          [ |  | ] - binding parameter (2:TIMESTAMP_UTC) <- [2025-04-14T06:26:49.765183100Z]
25-04-14 15:26:49.768 [http-nio-8080-exec-10] [32mTRACE[0;39m org.hibernate.orm.jdbc.bind          [ |  | ] - binding parameter (3:TIMESTAMP_UTC) <- [null]
25-04-14 15:26:49.768 [http-nio-8080-exec-10] [32mTRACE[0;39m org.hibernate.orm.jdbc.bind          [ |  | ] - binding parameter (4:UUID) <- [b64d0c15-b1fe-46a0-beca-cb61a947228a]
25-04-14 15:26:49.768 [http-nio-8080-exec-10] [32mTRACE[0;39m org.hibernate.orm.jdbc.bind          [ |  | ] - binding parameter (5:UUID) <- [ca41a864-c8c3-4be6-a5fa-20c6078099db]
25-04-14 15:26:49.769 [http-nio-8080-exec-10] [32mDEBUG[0;39m c.s.m.d.controller.AuthControllerV1  [ |  | ] - 로그인 응답: UserDto[userId=b64d0c15-b1fe-46a0-beca-cb61a947228a, createdAt=2025-03-16T15:46:50.717317Z, updatedAt=null, userName=null, email=1@cod2eit.com, profileId=null, isOnline=true]
25-04-14 15:26:49.775 [http-nio-8080-exec-1] [32mINFO [0;39m c.s.m.d.controller.UserController    [ |  | ] - 사용자 목록 조회 요청
25-04-14 15:26:49.776 [http-nio-8080-exec-1] [32mDEBUG[0;39m org.hibernate.SQL                    [ |  | ] - 
    select
        u1_0.id,
        u1_0.created_at,
        u1_0.email,
        u1_0.password,
        u1_0.profile_id,
        u1_0.updated_at,
        u1_0.username 
    from
        users u1_0
25-04-14 15:26:49.778 [http-nio-8080-exec-1] [32mDEBUG[0;39m org.hibernate.SQL                    [ |  | ] - 
    select
        us1_0.id,
        us1_0.created_at,
        us1_0.last_active_at,
        us1_0.updated_at,
        us1_0.user_id 
    from
        user_statuses us1_0 
    where
        us1_0.user_id=?
25-04-14 15:26:49.778 [http-nio-8080-exec-1] [32mTRACE[0;39m org.hibernate.orm.jdbc.bind          [ |  | ] - binding parameter (1:UUID) <- [8eda736a-b140-4189-906e-5da4f22f977d]
25-04-14 15:26:49.779 [http-nio-8080-exec-1] [32mDEBUG[0;39m org.hibernate.SQL                    [ |  | ] - 
    select
        us1_0.id,
        us1_0.created_at,
        us1_0.last_active_at,
        us1_0.updated_at,
        us1_0.user_id 
    from
        user_statuses us1_0 
    where
        us1_0.user_id=?
25-04-14 15:26:49.779 [http-nio-8080-exec-1] [32mTRACE[0;39m org.hibernate.orm.jdbc.bind          [ |  | ] - binding parameter (1:UUID) <- [cb1e48ad-2480-40e8-91b8-f17fb89149ac]
25-04-14 15:26:49.780 [http-nio-8080-exec-1] [32mDEBUG[0;39m org.hibernate.SQL                    [ |  | ] - 
    select
        us1_0.id,
        us1_0.created_at,
        us1_0.last_active_at,
        us1_0.updated_at,
        us1_0.user_id 
    from
        user_statuses us1_0 
    where
        us1_0.user_id=?
25-04-14 15:26:49.780 [http-nio-8080-exec-1] [32mTRACE[0;39m org.hibernate.orm.jdbc.bind          [ |  | ] - binding parameter (1:UUID) <- [e884b46f-a2ab-4996-9a7f-baa7ee41b5fd]
25-04-14 15:26:49.781 [http-nio-8080-exec-1] [32mDEBUG[0;39m org.hibernate.SQL                    [ |  | ] - 
    select
        us1_0.id,
        us1_0.created_at,
        us1_0.last_active_at,
        us1_0.updated_at,
        us1_0.user_id 
    from
        user_statuses us1_0 
    where
        us1_0.user_id=?
25-04-14 15:26:49.781 [http-nio-8080-exec-1] [32mTRACE[0;39m org.hibernate.orm.jdbc.bind          [ |  | ] - binding parameter (1:UUID) <- [6e94cf9c-7085-4e49-9883-260c3c32e68c]
25-04-14 15:26:49.782 [http-nio-8080-exec-1] [32mDEBUG[0;39m org.hibernate.SQL                    [ |  | ] - 
    select
        us1_0.id,
        us1_0.created_at,
        us1_0.last_active_at,
        us1_0.updated_at,
        us1_0.user_id 
    from
        user_statuses us1_0 
    where
        us1_0.user_id=?
25-04-14 15:26:49.782 [http-nio-8080-exec-1] [32mTRACE[0;39m org.hibernate.orm.jdbc.bind          [ |  | ] - binding parameter (1:UUID) <- [d2175aff-c5af-430e-af41-ae472d8642b6]
25-04-14 15:26:49.783 [http-nio-8080-exec-1] [32mDEBUG[0;39m org.hibernate.SQL                    [ |  | ] - 
    select
        us1_0.id,
        us1_0.created_at,
        us1_0.last_active_at,
        us1_0.updated_at,
        us1_0.user_id 
    from
        user_statuses us1_0 
    where
        us1_0.user_id=?
25-04-14 15:26:49.783 [http-nio-8080-exec-1] [32mTRACE[0;39m org.hibernate.orm.jdbc.bind          [ |  | ] - binding parameter (1:UUID) <- [1a064ffe-a25a-4492-9fe0-370528e5279f]
25-04-14 15:26:49.783 [http-nio-8080-exec-1] [32mDEBUG[0;39m org.hibernate.SQL                    [ |  | ] - 
    select
        us1_0.id,
        us1_0.created_at,
        us1_0.last_active_at,
        us1_0.updated_at,
        us1_0.user_id 
    from
        user_statuses us1_0 
    where
        us1_0.user_id=?
25-04-14 15:26:49.783 [http-nio-8080-exec-1] [32mTRACE[0;39m org.hibernate.orm.jdbc.bind          [ |  | ] - binding parameter (1:UUID) <- [962332e6-8cc3-4538-8c64-d2b022e7bf81]
25-04-14 15:26:49.784 [http-nio-8080-exec-1] [32mDEBUG[0;39m org.hibernate.SQL                    [ |  | ] - 
    select
        us1_0.id,
        us1_0.created_at,
        us1_0.last_active_at,
        us1_0.updated_at,
        us1_0.user_id 
    from
        user_statuses us1_0 
    where
        us1_0.user_id=?
25-04-14 15:26:49.784 [http-nio-8080-exec-1] [32mTRACE[0;39m org.hibernate.orm.jdbc.bind          [ |  | ] - binding parameter (1:UUID) <- [1bf3c1d5-ba9e-445c-bb05-e46f4da38b55]
25-04-14 15:26:49.785 [http-nio-8080-exec-1] [32mDEBUG[0;39m org.hibernate.SQL                    [ |  | ] - 
    select
        us1_0.id,
        us1_0.created_at,
        us1_0.last_active_at,
        us1_0.updated_at,
        us1_0.user_id 
    from
        user_statuses us1_0 
    where
        us1_0.user_id=?
25-04-14 15:26:49.785 [http-nio-8080-exec-1] [32mTRACE[0;39m org.hibernate.orm.jdbc.bind          [ |  | ] - binding parameter (1:UUID) <- [406d1ca8-ca14-4cf4-afd7-6d2985bc0d47]
25-04-14 15:26:49.785 [http-nio-8080-exec-1] [32mDEBUG[0;39m org.hibernate.SQL                    [ |  | ] - 
    select
        us1_0.id,
        us1_0.created_at,
        us1_0.last_active_at,
        us1_0.updated_at,
        us1_0.user_id 
    from
        user_statuses us1_0 
    where
        us1_0.user_id=?
25-04-14 15:26:49.785 [http-nio-8080-exec-1] [32mTRACE[0;39m org.hibernate.orm.jdbc.bind          [ |  | ] - binding parameter (1:UUID) <- [b64d0c15-b1fe-46a0-beca-cb61a947228a]
25-04-14 15:26:49.786 [http-nio-8080-exec-1] [32mDEBUG[0;39m org.hibernate.SQL                    [ |  | ] - 
    select
        us1_0.id,
        us1_0.created_at,
        us1_0.last_active_at,
        us1_0.updated_at,
        us1_0.user_id 
    from
        user_statuses us1_0 
    where
        us1_0.user_id=?
25-04-14 15:26:49.786 [http-nio-8080-exec-1] [32mTRACE[0;39m org.hibernate.orm.jdbc.bind          [ |  | ] - binding parameter (1:UUID) <- [48e2f3f6-5bb6-47b6-ad6e-3c1dd8240735]
25-04-14 15:26:49.786 [http-nio-8080-exec-1] [32mDEBUG[0;39m org.hibernate.SQL                    [ |  | ] - 
    select
        us1_0.id,
        us1_0.created_at,
        us1_0.last_active_at,
        us1_0.updated_at,
        us1_0.user_id 
    from
        user_statuses us1_0 
    where
        us1_0.user_id=?
25-04-14 15:26:49.786 [http-nio-8080-exec-1] [32mTRACE[0;39m org.hibernate.orm.jdbc.bind          [ |  | ] - binding parameter (1:UUID) <- [5735c1de-7d10-415d-94fb-b6a471c518a8]
25-04-14 15:26:49.788 [http-nio-8080-exec-1] [32mDEBUG[0;39m org.hibernate.SQL                    [ |  | ] - 
    select
        us1_0.id,
        us1_0.created_at,
        us1_0.last_active_at,
        us1_0.updated_at,
        us1_0.user_id 
    from
        user_statuses us1_0 
    where
        us1_0.user_id=?
25-04-14 15:26:49.788 [http-nio-8080-exec-1] [32mTRACE[0;39m org.hibernate.orm.jdbc.bind          [ |  | ] - binding parameter (1:UUID) <- [d867e1e2-c22c-4201-b137-496edf3adf71]
25-04-14 15:26:49.788 [http-nio-8080-exec-1] [32mDEBUG[0;39m org.hibernate.SQL                    [ |  | ] - 
    select
        us1_0.id,
        us1_0.created_at,
        us1_0.last_active_at,
        us1_0.updated_at,
        us1_0.user_id 
    from
        user_statuses us1_0 
    where
        us1_0.user_id=?
25-04-14 15:26:49.788 [http-nio-8080-exec-1] [32mTRACE[0;39m org.hibernate.orm.jdbc.bind          [ |  | ] - binding parameter (1:UUID) <- [c457048e-c1a2-46c5-8a52-b87738dc89a1]
25-04-14 15:26:49.789 [http-nio-8080-exec-1] [32mDEBUG[0;39m org.hibernate.SQL                    [ |  | ] - 
    select
        us1_0.id,
        us1_0.created_at,
        us1_0.last_active_at,
        us1_0.updated_at,
        us1_0.user_id 
    from
        user_statuses us1_0 
    where
        us1_0.user_id=?
25-04-14 15:26:49.789 [http-nio-8080-exec-1] [32mTRACE[0;39m org.hibernate.orm.jdbc.bind          [ |  | ] - binding parameter (1:UUID) <- [58734365-46e5-427c-aad4-91a591469b01]
25-04-14 15:26:49.790 [http-nio-8080-exec-1] [32mDEBUG[0;39m c.s.m.d.controller.UserController    [ |  | ] - 사용자 목록 조회 응답: count=15
25-04-14 15:27:18.288 [http-nio-8080-exec-3] [32mINFO [0;39m c.s.m.d.controller.AuthControllerV1  [ |  | ] - 로그인 요청: username=1
25-04-14 15:27:18.291 [http-nio-8080-exec-3] [32mDEBUG[0;39m org.hibernate.SQL                    [ |  | ] - 
    select
        u1_0.id,
        u1_0.created_at,
        u1_0.email,
        u1_0.password,
        u1_0.profile_id,
        u1_0.updated_at,
        u1_0.username 
    from
        users u1_0 
    where
        u1_0.username=?
25-04-14 15:27:18.291 [http-nio-8080-exec-3] [32mTRACE[0;39m org.hibernate.orm.jdbc.bind          [ |  | ] - binding parameter (1:VARCHAR) <- [1]
25-04-14 15:27:18.292 [http-nio-8080-exec-3] [32mDEBUG[0;39m org.hibernate.SQL                    [ |  | ] - 
    select
        us1_0.id,
        us1_0.created_at,
        us1_0.last_active_at,
        us1_0.updated_at,
        us1_0.user_id 
    from
        user_statuses us1_0 
    where
        us1_0.user_id=?
25-04-14 15:27:18.292 [http-nio-8080-exec-3] [32mTRACE[0;39m org.hibernate.orm.jdbc.bind          [ |  | ] - binding parameter (1:UUID) <- [b64d0c15-b1fe-46a0-beca-cb61a947228a]
25-04-14 15:27:18.294 [http-nio-8080-exec-3] [32mDEBUG[0;39m org.hibernate.SQL                    [ |  | ] - 
    select
        us1_0.id,
        us1_0.created_at,
        us1_0.last_active_at,
        us1_0.updated_at,
        us1_0.user_id 
    from
        user_statuses us1_0 
    left join
        users u1_0 
            on u1_0.id=us1_0.user_id 
    where
        u1_0.id=?
25-04-14 15:27:18.294 [http-nio-8080-exec-3] [32mTRACE[0;39m org.hibernate.orm.jdbc.bind          [ |  | ] - binding parameter (1:UUID) <- [b64d0c15-b1fe-46a0-beca-cb61a947228a]
25-04-14 15:27:18.295 [http-nio-8080-exec-3] [32mDEBUG[0;39m org.hibernate.SQL                    [ |  | ] - 
    update
        user_statuses 
    set
        created_at=?,
        last_active_at=?,
        updated_at=?,
        user_id=? 
    where
        id=?
25-04-14 15:27:18.295 [http-nio-8080-exec-3] [32mTRACE[0;39m org.hibernate.orm.jdbc.bind          [ |  | ] - binding parameter (1:TIMESTAMP_UTC) <- [2025-03-16T15:46:50.728321Z]
25-04-14 15:27:18.295 [http-nio-8080-exec-3] [32mTRACE[0;39m org.hibernate.orm.jdbc.bind          [ |  | ] - binding parameter (2:TIMESTAMP_UTC) <- [2025-04-14T06:27:18.293330400Z]
25-04-14 15:27:18.296 [http-nio-8080-exec-3] [32mTRACE[0;39m org.hibernate.orm.jdbc.bind          [ |  | ] - binding parameter (3:TIMESTAMP_UTC) <- [null]
25-04-14 15:27:18.296 [http-nio-8080-exec-3] [32mTRACE[0;39m org.hibernate.orm.jdbc.bind          [ |  | ] - binding parameter (4:UUID) <- [b64d0c15-b1fe-46a0-beca-cb61a947228a]
25-04-14 15:27:18.296 [http-nio-8080-exec-3] [32mTRACE[0;39m org.hibernate.orm.jdbc.bind          [ |  | ] - binding parameter (5:UUID) <- [ca41a864-c8c3-4be6-a5fa-20c6078099db]
25-04-14 15:27:18.299 [http-nio-8080-exec-3] [32mDEBUG[0;39m c.s.m.d.controller.AuthControllerV1  [ |  | ] - 로그인 응답: UserDto[userId=b64d0c15-b1fe-46a0-beca-cb61a947228a, createdAt=2025-03-16T15:46:50.717317Z, updatedAt=null, userName=null, email=1@cod2eit.com, profileId=null, isOnline=true]
25-04-14 15:27:18.305 [http-nio-8080-exec-4] [32mINFO [0;39m c.s.m.d.controller.UserController    [ |  | ] - 사용자 목록 조회 요청
25-04-14 15:27:18.306 [http-nio-8080-exec-4] [32mDEBUG[0;39m org.hibernate.SQL                    [ |  | ] - 
    select
        u1_0.id,
        u1_0.created_at,
        u1_0.email,
        u1_0.password,
        u1_0.profile_id,
        u1_0.updated_at,
        u1_0.username 
    from
        users u1_0
25-04-14 15:27:18.308 [http-nio-8080-exec-4] [32mDEBUG[0;39m org.hibernate.SQL                    [ |  | ] - 
    select
        us1_0.id,
        us1_0.created_at,
        us1_0.last_active_at,
        us1_0.updated_at,
        us1_0.user_id 
    from
        user_statuses us1_0 
    where
        us1_0.user_id=?
25-04-14 15:27:18.308 [http-nio-8080-exec-4] [32mTRACE[0;39m org.hibernate.orm.jdbc.bind          [ |  | ] - binding parameter (1:UUID) <- [8eda736a-b140-4189-906e-5da4f22f977d]
25-04-14 15:27:18.309 [http-nio-8080-exec-4] [32mDEBUG[0;39m org.hibernate.SQL                    [ |  | ] - 
    select
        us1_0.id,
        us1_0.created_at,
        us1_0.last_active_at,
        us1_0.updated_at,
        us1_0.user_id 
    from
        user_statuses us1_0 
    where
        us1_0.user_id=?
25-04-14 15:27:18.310 [http-nio-8080-exec-4] [32mTRACE[0;39m org.hibernate.orm.jdbc.bind          [ |  | ] - binding parameter (1:UUID) <- [cb1e48ad-2480-40e8-91b8-f17fb89149ac]
25-04-14 15:27:18.310 [http-nio-8080-exec-4] [32mDEBUG[0;39m org.hibernate.SQL                    [ |  | ] - 
    select
        us1_0.id,
        us1_0.created_at,
        us1_0.last_active_at,
        us1_0.updated_at,
        us1_0.user_id 
    from
        user_statuses us1_0 
    where
        us1_0.user_id=?
25-04-14 15:27:18.311 [http-nio-8080-exec-4] [32mTRACE[0;39m org.hibernate.orm.jdbc.bind          [ |  | ] - binding parameter (1:UUID) <- [e884b46f-a2ab-4996-9a7f-baa7ee41b5fd]
25-04-14 15:27:18.311 [http-nio-8080-exec-4] [32mDEBUG[0;39m org.hibernate.SQL                    [ |  | ] - 
    select
        us1_0.id,
        us1_0.created_at,
        us1_0.last_active_at,
        us1_0.updated_at,
        us1_0.user_id 
    from
        user_statuses us1_0 
    where
        us1_0.user_id=?
25-04-14 15:27:18.311 [http-nio-8080-exec-4] [32mTRACE[0;39m org.hibernate.orm.jdbc.bind          [ |  | ] - binding parameter (1:UUID) <- [6e94cf9c-7085-4e49-9883-260c3c32e68c]
25-04-14 15:27:18.312 [http-nio-8080-exec-4] [32mDEBUG[0;39m org.hibernate.SQL                    [ |  | ] - 
    select
        us1_0.id,
        us1_0.created_at,
        us1_0.last_active_at,
        us1_0.updated_at,
        us1_0.user_id 
    from
        user_statuses us1_0 
    where
        us1_0.user_id=?
25-04-14 15:27:18.312 [http-nio-8080-exec-4] [32mTRACE[0;39m org.hibernate.orm.jdbc.bind          [ |  | ] - binding parameter (1:UUID) <- [d2175aff-c5af-430e-af41-ae472d8642b6]
25-04-14 15:27:18.313 [http-nio-8080-exec-4] [32mDEBUG[0;39m org.hibernate.SQL                    [ |  | ] - 
    select
        us1_0.id,
        us1_0.created_at,
        us1_0.last_active_at,
        us1_0.updated_at,
        us1_0.user_id 
    from
        user_statuses us1_0 
    where
        us1_0.user_id=?
25-04-14 15:27:18.313 [http-nio-8080-exec-4] [32mTRACE[0;39m org.hibernate.orm.jdbc.bind          [ |  | ] - binding parameter (1:UUID) <- [1a064ffe-a25a-4492-9fe0-370528e5279f]
25-04-14 15:27:18.314 [http-nio-8080-exec-4] [32mDEBUG[0;39m org.hibernate.SQL                    [ |  | ] - 
    select
        us1_0.id,
        us1_0.created_at,
        us1_0.last_active_at,
        us1_0.updated_at,
        us1_0.user_id 
    from
        user_statuses us1_0 
    where
        us1_0.user_id=?
25-04-14 15:27:18.314 [http-nio-8080-exec-4] [32mTRACE[0;39m org.hibernate.orm.jdbc.bind          [ |  | ] - binding parameter (1:UUID) <- [962332e6-8cc3-4538-8c64-d2b022e7bf81]
25-04-14 15:27:18.314 [http-nio-8080-exec-4] [32mDEBUG[0;39m org.hibernate.SQL                    [ |  | ] - 
    select
        us1_0.id,
        us1_0.created_at,
        us1_0.last_active_at,
        us1_0.updated_at,
        us1_0.user_id 
    from
        user_statuses us1_0 
    where
        us1_0.user_id=?
25-04-14 15:27:18.314 [http-nio-8080-exec-4] [32mTRACE[0;39m org.hibernate.orm.jdbc.bind          [ |  | ] - binding parameter (1:UUID) <- [1bf3c1d5-ba9e-445c-bb05-e46f4da38b55]
25-04-14 15:27:18.315 [http-nio-8080-exec-4] [32mDEBUG[0;39m org.hibernate.SQL                    [ |  | ] - 
    select
        us1_0.id,
        us1_0.created_at,
        us1_0.last_active_at,
        us1_0.updated_at,
        us1_0.user_id 
    from
        user_statuses us1_0 
    where
        us1_0.user_id=?
25-04-14 15:27:18.315 [http-nio-8080-exec-4] [32mTRACE[0;39m org.hibernate.orm.jdbc.bind          [ |  | ] - binding parameter (1:UUID) <- [406d1ca8-ca14-4cf4-afd7-6d2985bc0d47]
25-04-14 15:27:18.315 [http-nio-8080-exec-4] [32mDEBUG[0;39m org.hibernate.SQL                    [ |  | ] - 
    select
        us1_0.id,
        us1_0.created_at,
        us1_0.last_active_at,
        us1_0.updated_at,
        us1_0.user_id 
    from
        user_statuses us1_0 
    where
        us1_0.user_id=?
25-04-14 15:27:18.315 [http-nio-8080-exec-4] [32mTRACE[0;39m org.hibernate.orm.jdbc.bind          [ |  | ] - binding parameter (1:UUID) <- [b64d0c15-b1fe-46a0-beca-cb61a947228a]
25-04-14 15:27:18.316 [http-nio-8080-exec-4] [32mDEBUG[0;39m org.hibernate.SQL                    [ |  | ] - 
    select
        us1_0.id,
        us1_0.created_at,
        us1_0.last_active_at,
        us1_0.updated_at,
        us1_0.user_id 
    from
        user_statuses us1_0 
    where
        us1_0.user_id=?
25-04-14 15:27:18.316 [http-nio-8080-exec-4] [32mTRACE[0;39m org.hibernate.orm.jdbc.bind          [ |  | ] - binding parameter (1:UUID) <- [48e2f3f6-5bb6-47b6-ad6e-3c1dd8240735]
25-04-14 15:27:18.316 [http-nio-8080-exec-4] [32mDEBUG[0;39m org.hibernate.SQL                    [ |  | ] - 
    select
        us1_0.id,
        us1_0.created_at,
        us1_0.last_active_at,
        us1_0.updated_at,
        us1_0.user_id 
    from
        user_statuses us1_0 
    where
        us1_0.user_id=?
25-04-14 15:27:18.316 [http-nio-8080-exec-4] [32mTRACE[0;39m org.hibernate.orm.jdbc.bind          [ |  | ] - binding parameter (1:UUID) <- [5735c1de-7d10-415d-94fb-b6a471c518a8]
25-04-14 15:27:18.316 [http-nio-8080-exec-4] [32mDEBUG[0;39m org.hibernate.SQL                    [ |  | ] - 
    select
        us1_0.id,
        us1_0.created_at,
        us1_0.last_active_at,
        us1_0.updated_at,
        us1_0.user_id 
    from
        user_statuses us1_0 
    where
        us1_0.user_id=?
25-04-14 15:27:18.316 [http-nio-8080-exec-4] [32mTRACE[0;39m org.hibernate.orm.jdbc.bind          [ |  | ] - binding parameter (1:UUID) <- [d867e1e2-c22c-4201-b137-496edf3adf71]
25-04-14 15:27:18.317 [http-nio-8080-exec-4] [32mDEBUG[0;39m org.hibernate.SQL                    [ |  | ] - 
    select
        us1_0.id,
        us1_0.created_at,
        us1_0.last_active_at,
        us1_0.updated_at,
        us1_0.user_id 
    from
        user_statuses us1_0 
    where
        us1_0.user_id=?
25-04-14 15:27:18.317 [http-nio-8080-exec-4] [32mTRACE[0;39m org.hibernate.orm.jdbc.bind          [ |  | ] - binding parameter (1:UUID) <- [c457048e-c1a2-46c5-8a52-b87738dc89a1]
25-04-14 15:27:18.318 [http-nio-8080-exec-4] [32mDEBUG[0;39m org.hibernate.SQL                    [ |  | ] - 
    select
        us1_0.id,
        us1_0.created_at,
        us1_0.last_active_at,
        us1_0.updated_at,
        us1_0.user_id 
    from
        user_statuses us1_0 
    where
        us1_0.user_id=?
25-04-14 15:27:18.318 [http-nio-8080-exec-4] [32mTRACE[0;39m org.hibernate.orm.jdbc.bind          [ |  | ] - binding parameter (1:UUID) <- [58734365-46e5-427c-aad4-91a591469b01]
25-04-14 15:27:18.319 [http-nio-8080-exec-4] [32mDEBUG[0;39m c.s.m.d.controller.UserController    [ |  | ] - 사용자 목록 조회 응답: count=15
25-04-14 15:30:19.330 [SpringApplicationShutdownHook] [32mINFO [0;39m o.s.b.w.e.tomcat.GracefulShutdown    [ |  | ] - Commencing graceful shutdown. Waiting for active requests to complete
25-04-14 15:30:19.426 [tomcat-shutdown] [32mINFO [0;39m o.s.b.w.e.tomcat.GracefulShutdown    [ |  | ] - Graceful shutdown complete
25-04-14 15:30:19.431 [SpringApplicationShutdownHook] [32mINFO [0;39m o.s.o.j.LocalContainerEntityManagerFactoryBean [ |  | ] - Closing JPA EntityManagerFactory for persistence unit 'default'
25-04-14 15:30:19.432 [SpringApplicationShutdownHook] [32mINFO [0;39m com.zaxxer.hikari.HikariDataSource   [ |  | ] - HikariPool-1 - Shutdown initiated...
25-04-14 15:30:19.434 [SpringApplicationShutdownHook] [32mINFO [0;39m com.zaxxer.hikari.HikariDataSource   [ |  | ] - HikariPool-1 - Shutdown completed.
25-04-14 16:14:13.063 [background-preinit] [32mINFO [0;39m o.h.validator.internal.util.Version  [ |  | ] - HV000001: Hibernate Validator 8.0.1.Final
25-04-14 16:14:13.114 [main] [32mINFO [0;39m c.s.m.discodeit.DiscodeitApplication [ |  | ] - Starting DiscodeitApplication using Java 17.0.13 with PID 13804 (C:\Users\leesi\1-sprint-mission\build\classes\java\main started by lee in C:\Users\leesi\1-sprint-mission)
25-04-14 16:14:13.114 [main] [32mDEBUG[0;39m c.s.m.discodeit.DiscodeitApplication [ |  | ] - Running with Spring Boot v3.4.2, Spring v6.2.2
25-04-14 16:14:13.114 [main] [32mINFO [0;39m c.s.m.discodeit.DiscodeitApplication [ |  | ] - The following 1 profile is active: "dev"
25-04-14 16:14:13.857 [main] [32mINFO [0;39m o.s.d.r.c.RepositoryConfigurationDelegate [ |  | ] - Bootstrapping Spring Data JPA repositories in DEFAULT mode.
25-04-14 16:14:13.912 [main] [32mINFO [0;39m o.s.d.r.c.RepositoryConfigurationDelegate [ |  | ] - Finished Spring Data repository scanning in 48 ms. Found 6 JPA repository interfaces.
25-04-14 16:14:14.419 [main] [32mINFO [0;39m o.s.b.w.e.tomcat.TomcatWebServer     [ |  | ] - Tomcat initialized with port 8080 (http)
25-04-14 16:14:14.421 [main] [32mINFO [0;39m o.a.c.core.AprLifecycleListener      [ |  | ] - Loaded Apache Tomcat Native library [2.0.8] using APR version [1.7.4].
25-04-14 16:14:14.439 [main] [32mINFO [0;39m o.a.c.core.AprLifecycleListener      [ |  | ] - OpenSSL successfully initialized [OpenSSL 3.0.14 4 Jun 2024]
25-04-14 16:14:14.446 [main] [32mINFO [0;39m o.a.coyote.http11.Http11NioProtocol  [ |  | ] - Initializing ProtocolHandler ["http-nio-8080"]
25-04-14 16:14:14.448 [main] [32mINFO [0;39m o.a.catalina.core.StandardService    [ |  | ] - Starting service [Tomcat]
25-04-14 16:14:14.448 [main] [32mINFO [0;39m o.a.catalina.core.StandardEngine     [ |  | ] - Starting Servlet engine: [Apache Tomcat/10.1.34]
25-04-14 16:14:14.499 [main] [32mINFO [0;39m o.a.c.c.C.[Tomcat].[localhost].[/]   [ |  | ] - Initializing Spring embedded WebApplicationContext
25-04-14 16:14:14.499 [main] [32mINFO [0;39m o.s.b.w.s.c.ServletWebServerApplicationContext [ |  | ] - Root WebApplicationContext: initialization completed in 1354 ms
25-04-14 16:14:14.655 [main] [32mINFO [0;39m com.zaxxer.hikari.HikariDataSource   [ |  | ] - HikariPool-1 - Starting...
25-04-14 16:14:14.795 [main] [32mINFO [0;39m com.zaxxer.hikari.pool.HikariPool    [ |  | ] - HikariPool-1 - Added connection org.postgresql.jdbc.PgConnection@3f45dfec
25-04-14 16:14:14.797 [main] [32mINFO [0;39m com.zaxxer.hikari.HikariDataSource   [ |  | ] - HikariPool-1 - Start completed.
25-04-14 16:14:14.858 [main] [32mINFO [0;39m o.h.jpa.internal.util.LogHelper      [ |  | ] - HHH000204: Processing PersistenceUnitInfo [name: default]
25-04-14 16:14:14.906 [main] [32mINFO [0;39m org.hibernate.Version                [ |  | ] - HHH000412: Hibernate ORM core version 6.6.5.Final
25-04-14 16:14:14.936 [main] [32mINFO [0;39m o.h.c.i.RegionFactoryInitiator       [ |  | ] - HHH000026: Second-level cache disabled
25-04-14 16:14:15.163 [main] [32mINFO [0;39m o.s.o.j.p.SpringPersistenceUnitInfo  [ |  | ] - No LoadTimeWeaver setup: ignoring JPA class transformer
25-04-14 16:14:15.267 [main] [32mINFO [0;39m o.hibernate.orm.connections.pooling  [ |  | ] - HHH10001005: Database info:
	Database JDBC URL [Connecting through datasource 'HikariDataSource (HikariPool-1)']
	Database driver: undefined/unknown
	Database version: 17.4
	Autocommit mode: undefined/unknown
	Isolation level: undefined/unknown
	Minimum pool size: undefined/unknown
	Maximum pool size: undefined/unknown
25-04-14 16:14:16.113 [main] [32mINFO [0;39m o.h.e.t.j.p.i.JtaPlatformInitiator   [ |  | ] - HHH000489: No JTA platform available (set 'hibernate.transaction.jta.platform' to enable JTA platform integration)
25-04-14 16:14:16.166 [main] [32mINFO [0;39m o.s.o.j.LocalContainerEntityManagerFactoryBean [ |  | ] - Initialized JPA EntityManagerFactory for persistence unit 'default'
25-04-14 16:14:16.508 [main] [32mINFO [0;39m o.s.d.j.r.query.QueryEnhancerFactory [ |  | ] - Hibernate is in classpath; If applicable, HQL parser will be used.
25-04-14 16:14:16.987 [main] [32mINFO [0;39m o.s.b.a.w.s.WelcomePageHandlerMapping [ |  | ] - Adding welcome page: class path resource [static/index.html]
25-04-14 16:14:17.572 [main] [32mINFO [0;39m o.s.b.a.e.web.EndpointLinksResolver  [ |  | ] - Exposing 4 endpoints beneath base path '/actuator'
25-04-14 16:14:17.622 [main] [32mINFO [0;39m o.a.coyote.http11.Http11NioProtocol  [ |  | ] - Starting ProtocolHandler ["http-nio-8080"]
25-04-14 16:14:17.635 [main] [32mINFO [0;39m o.s.b.w.e.tomcat.TomcatWebServer     [ |  | ] - Tomcat started on port 8080 (http) with context path '/'
25-04-14 16:14:17.650 [main] [32mINFO [0;39m c.s.m.discodeit.DiscodeitApplication [ |  | ] - Started DiscodeitApplication in 5.018 seconds (process running for 5.417)
25-04-14 16:14:18.216 [RMI TCP Connection(2)-172.21.144.1] [32mINFO [0;39m o.a.c.c.C.[Tomcat].[localhost].[/]   [ |  | ] - Initializing Spring DispatcherServlet 'dispatcherServlet'
25-04-14 16:14:18.217 [RMI TCP Connection(2)-172.21.144.1] [32mINFO [0;39m o.s.web.servlet.DispatcherServlet    [ |  | ] - Initializing Servlet 'dispatcherServlet'
25-04-14 16:14:18.218 [RMI TCP Connection(2)-172.21.144.1] [32mINFO [0;39m o.s.web.servlet.DispatcherServlet    [ |  | ] - Completed initialization in 1 ms
25-04-14 16:14:19.790 [SpringApplicationShutdownHook] [32mINFO [0;39m o.s.b.w.e.tomcat.GracefulShutdown    [ |  | ] - Commencing graceful shutdown. Waiting for active requests to complete
25-04-14 16:14:19.880 [tomcat-shutdown] [32mINFO [0;39m o.s.b.w.e.tomcat.GracefulShutdown    [ |  | ] - Graceful shutdown complete
25-04-14 16:14:19.883 [SpringApplicationShutdownHook] [32mINFO [0;39m o.s.o.j.LocalContainerEntityManagerFactoryBean [ |  | ] - Closing JPA EntityManagerFactory for persistence unit 'default'
25-04-14 16:14:19.884 [SpringApplicationShutdownHook] [32mINFO [0;39m com.zaxxer.hikari.HikariDataSource   [ |  | ] - HikariPool-1 - Shutdown initiated...
25-04-14 16:14:19.886 [SpringApplicationShutdownHook] [32mINFO [0;39m com.zaxxer.hikari.HikariDataSource   [ |  | ] - HikariPool-1 - Shutdown completed.
25-04-14 16:18:20.484 [background-preinit] [32mINFO [0;39m o.h.validator.internal.util.Version  [ |  | ] - HV000001: Hibernate Validator 8.0.1.Final
25-04-14 16:18:20.522 [main] [32mINFO [0;39m c.s.m.discodeit.DiscodeitApplication [ |  | ] - Starting DiscodeitApplication using Java 17.0.13 with PID 3784 (C:\Users\leesi\1-sprint-mission\build\classes\java\main started by lee in C:\Users\leesi\1-sprint-mission)
25-04-14 16:18:20.522 [main] [32mDEBUG[0;39m c.s.m.discodeit.DiscodeitApplication [ |  | ] - Running with Spring Boot v3.4.2, Spring v6.2.2
25-04-14 16:18:20.522 [main] [32mINFO [0;39m c.s.m.discodeit.DiscodeitApplication [ |  | ] - The following 1 profile is active: "dev"
25-04-14 16:18:21.308 [main] [32mINFO [0;39m o.s.d.r.c.RepositoryConfigurationDelegate [ |  | ] - Bootstrapping Spring Data JPA repositories in DEFAULT mode.
25-04-14 16:18:21.371 [main] [32mINFO [0;39m o.s.d.r.c.RepositoryConfigurationDelegate [ |  | ] - Finished Spring Data repository scanning in 54 ms. Found 6 JPA repository interfaces.
25-04-14 16:18:21.920 [main] [32mINFO [0;39m o.s.b.w.e.tomcat.TomcatWebServer     [ |  | ] - Tomcat initialized with port 8080 (http)
25-04-14 16:18:21.922 [main] [32mINFO [0;39m o.a.c.core.AprLifecycleListener      [ |  | ] - Loaded Apache Tomcat Native library [2.0.8] using APR version [1.7.4].
25-04-14 16:18:21.925 [main] [32mINFO [0;39m o.a.c.core.AprLifecycleListener      [ |  | ] - OpenSSL successfully initialized [OpenSSL 3.0.14 4 Jun 2024]
25-04-14 16:18:21.933 [main] [32mINFO [0;39m o.a.coyote.http11.Http11NioProtocol  [ |  | ] - Initializing ProtocolHandler ["http-nio-8080"]
25-04-14 16:18:21.934 [main] [32mINFO [0;39m o.a.catalina.core.StandardService    [ |  | ] - Starting service [Tomcat]
25-04-14 16:18:21.935 [main] [32mINFO [0;39m o.a.catalina.core.StandardEngine     [ |  | ] - Starting Servlet engine: [Apache Tomcat/10.1.34]
25-04-14 16:18:21.987 [main] [32mINFO [0;39m o.a.c.c.C.[Tomcat].[localhost].[/]   [ |  | ] - Initializing Spring embedded WebApplicationContext
25-04-14 16:18:21.988 [main] [32mINFO [0;39m o.s.b.w.s.c.ServletWebServerApplicationContext [ |  | ] - Root WebApplicationContext: initialization completed in 1426 ms
25-04-14 16:18:22.157 [main] [32mINFO [0;39m com.zaxxer.hikari.HikariDataSource   [ |  | ] - HikariPool-1 - Starting...
25-04-14 16:18:22.284 [main] [32mINFO [0;39m com.zaxxer.hikari.pool.HikariPool    [ |  | ] - HikariPool-1 - Added connection org.postgresql.jdbc.PgConnection@4a890fdd
25-04-14 16:18:22.286 [main] [32mINFO [0;39m com.zaxxer.hikari.HikariDataSource   [ |  | ] - HikariPool-1 - Start completed.
25-04-14 16:18:22.359 [main] [32mINFO [0;39m o.h.jpa.internal.util.LogHelper      [ |  | ] - HHH000204: Processing PersistenceUnitInfo [name: default]
25-04-14 16:18:22.407 [main] [32mINFO [0;39m org.hibernate.Version                [ |  | ] - HHH000412: Hibernate ORM core version 6.6.5.Final
25-04-14 16:18:22.437 [main] [32mINFO [0;39m o.h.c.i.RegionFactoryInitiator       [ |  | ] - HHH000026: Second-level cache disabled
25-04-14 16:18:22.665 [main] [32mINFO [0;39m o.s.o.j.p.SpringPersistenceUnitInfo  [ |  | ] - No LoadTimeWeaver setup: ignoring JPA class transformer
25-04-14 16:18:22.735 [main] [32mINFO [0;39m o.hibernate.orm.connections.pooling  [ |  | ] - HHH10001005: Database info:
	Database JDBC URL [Connecting through datasource 'HikariDataSource (HikariPool-1)']
	Database driver: undefined/unknown
	Database version: 17.4
	Autocommit mode: undefined/unknown
	Isolation level: undefined/unknown
	Minimum pool size: undefined/unknown
	Maximum pool size: undefined/unknown
25-04-14 16:18:23.510 [main] [32mINFO [0;39m o.h.e.t.j.p.i.JtaPlatformInitiator   [ |  | ] - HHH000489: No JTA platform available (set 'hibernate.transaction.jta.platform' to enable JTA platform integration)
25-04-14 16:18:23.543 [main] [32mINFO [0;39m o.s.o.j.LocalContainerEntityManagerFactoryBean [ |  | ] - Initialized JPA EntityManagerFactory for persistence unit 'default'
25-04-14 16:18:23.868 [main] [32mINFO [0;39m o.s.d.j.r.query.QueryEnhancerFactory [ |  | ] - Hibernate is in classpath; If applicable, HQL parser will be used.
25-04-14 16:18:24.350 [main] [32mINFO [0;39m o.s.b.a.w.s.WelcomePageHandlerMapping [ |  | ] - Adding welcome page: class path resource [static/index.html]
25-04-14 16:18:24.910 [main] [32mINFO [0;39m o.s.b.a.e.web.EndpointLinksResolver  [ |  | ] - Exposing 4 endpoints beneath base path '/actuator'
25-04-14 16:18:24.956 [main] [32mINFO [0;39m o.a.coyote.http11.Http11NioProtocol  [ |  | ] - Starting ProtocolHandler ["http-nio-8080"]
25-04-14 16:18:24.969 [main] [32mINFO [0;39m o.s.b.w.e.tomcat.TomcatWebServer     [ |  | ] - Tomcat started on port 8080 (http) with context path '/'
25-04-14 16:18:24.979 [main] [32mINFO [0;39m c.s.m.discodeit.DiscodeitApplication [ |  | ] - Started DiscodeitApplication in 4.908 seconds (process running for 5.277)
25-04-14 16:18:25.375 [RMI TCP Connection(1)-172.21.144.1] [32mINFO [0;39m o.a.c.c.C.[Tomcat].[localhost].[/]   [ |  | ] - Initializing Spring DispatcherServlet 'dispatcherServlet'
25-04-14 16:18:25.375 [RMI TCP Connection(1)-172.21.144.1] [32mINFO [0;39m o.s.web.servlet.DispatcherServlet    [ |  | ] - Initializing Servlet 'dispatcherServlet'
25-04-14 16:18:25.377 [RMI TCP Connection(1)-172.21.144.1] [32mINFO [0;39m o.s.web.servlet.DispatcherServlet    [ |  | ] - Completed initialization in 1 ms
25-04-14 16:18:33.040 [http-nio-8080-exec-4] [32mINFO [0;39m c.s.m.d.controller.UserController    [ |  | ] - 사용자 목록 조회 요청
25-04-14 16:18:33.097 [http-nio-8080-exec-4] [32mDEBUG[0;39m org.hibernate.SQL                    [ |  | ] - 
    select
        u1_0.id,
        u1_0.created_at,
        u1_0.email,
        u1_0.password,
        u1_0.profile_id,
        u1_0.updated_at,
        u1_0.username 
    from
        users u1_0
25-04-14 16:18:33.130 [http-nio-8080-exec-4] [32mDEBUG[0;39m org.hibernate.SQL                    [ |  | ] - 
    select
        us1_0.id,
        us1_0.created_at,
        us1_0.last_active_at,
        us1_0.updated_at,
        us1_0.user_id 
    from
        user_statuses us1_0 
    where
        us1_0.user_id=?
25-04-14 16:18:33.131 [http-nio-8080-exec-4] [32mTRACE[0;39m org.hibernate.orm.jdbc.bind          [ |  | ] - binding parameter (1:UUID) <- [8eda736a-b140-4189-906e-5da4f22f977d]
25-04-14 16:18:33.139 [http-nio-8080-exec-4] [32mDEBUG[0;39m org.hibernate.SQL                    [ |  | ] - 
    select
        us1_0.id,
        us1_0.created_at,
        us1_0.last_active_at,
        us1_0.updated_at,
        us1_0.user_id 
    from
        user_statuses us1_0 
    where
        us1_0.user_id=?
25-04-14 16:18:33.140 [http-nio-8080-exec-4] [32mTRACE[0;39m org.hibernate.orm.jdbc.bind          [ |  | ] - binding parameter (1:UUID) <- [cb1e48ad-2480-40e8-91b8-f17fb89149ac]
25-04-14 16:18:33.141 [http-nio-8080-exec-4] [32mDEBUG[0;39m org.hibernate.SQL                    [ |  | ] - 
    select
        us1_0.id,
        us1_0.created_at,
        us1_0.last_active_at,
        us1_0.updated_at,
        us1_0.user_id 
    from
        user_statuses us1_0 
    where
        us1_0.user_id=?
25-04-14 16:18:33.141 [http-nio-8080-exec-4] [32mTRACE[0;39m org.hibernate.orm.jdbc.bind          [ |  | ] - binding parameter (1:UUID) <- [e884b46f-a2ab-4996-9a7f-baa7ee41b5fd]
25-04-14 16:18:33.141 [http-nio-8080-exec-4] [32mDEBUG[0;39m org.hibernate.SQL                    [ |  | ] - 
    select
        us1_0.id,
        us1_0.created_at,
        us1_0.last_active_at,
        us1_0.updated_at,
        us1_0.user_id 
    from
        user_statuses us1_0 
    where
        us1_0.user_id=?
25-04-14 16:18:33.142 [http-nio-8080-exec-4] [32mTRACE[0;39m org.hibernate.orm.jdbc.bind          [ |  | ] - binding parameter (1:UUID) <- [6e94cf9c-7085-4e49-9883-260c3c32e68c]
25-04-14 16:18:33.142 [http-nio-8080-exec-4] [32mDEBUG[0;39m org.hibernate.SQL                    [ |  | ] - 
    select
        us1_0.id,
        us1_0.created_at,
        us1_0.last_active_at,
        us1_0.updated_at,
        us1_0.user_id 
    from
        user_statuses us1_0 
    where
        us1_0.user_id=?
25-04-14 16:18:33.142 [http-nio-8080-exec-4] [32mTRACE[0;39m org.hibernate.orm.jdbc.bind          [ |  | ] - binding parameter (1:UUID) <- [d2175aff-c5af-430e-af41-ae472d8642b6]
25-04-14 16:18:33.143 [http-nio-8080-exec-4] [32mDEBUG[0;39m org.hibernate.SQL                    [ |  | ] - 
    select
        us1_0.id,
        us1_0.created_at,
        us1_0.last_active_at,
        us1_0.updated_at,
        us1_0.user_id 
    from
        user_statuses us1_0 
    where
        us1_0.user_id=?
25-04-14 16:18:33.144 [http-nio-8080-exec-4] [32mTRACE[0;39m org.hibernate.orm.jdbc.bind          [ |  | ] - binding parameter (1:UUID) <- [1a064ffe-a25a-4492-9fe0-370528e5279f]
25-04-14 16:18:33.145 [http-nio-8080-exec-4] [32mDEBUG[0;39m org.hibernate.SQL                    [ |  | ] - 
    select
        us1_0.id,
        us1_0.created_at,
        us1_0.last_active_at,
        us1_0.updated_at,
        us1_0.user_id 
    from
        user_statuses us1_0 
    where
        us1_0.user_id=?
25-04-14 16:18:33.145 [http-nio-8080-exec-4] [32mTRACE[0;39m org.hibernate.orm.jdbc.bind          [ |  | ] - binding parameter (1:UUID) <- [962332e6-8cc3-4538-8c64-d2b022e7bf81]
25-04-14 16:18:33.146 [http-nio-8080-exec-4] [32mDEBUG[0;39m org.hibernate.SQL                    [ |  | ] - 
    select
        us1_0.id,
        us1_0.created_at,
        us1_0.last_active_at,
        us1_0.updated_at,
        us1_0.user_id 
    from
        user_statuses us1_0 
    where
        us1_0.user_id=?
25-04-14 16:18:33.146 [http-nio-8080-exec-4] [32mTRACE[0;39m org.hibernate.orm.jdbc.bind          [ |  | ] - binding parameter (1:UUID) <- [1bf3c1d5-ba9e-445c-bb05-e46f4da38b55]
25-04-14 16:18:33.146 [http-nio-8080-exec-4] [32mDEBUG[0;39m org.hibernate.SQL                    [ |  | ] - 
    select
        us1_0.id,
        us1_0.created_at,
        us1_0.last_active_at,
        us1_0.updated_at,
        us1_0.user_id 
    from
        user_statuses us1_0 
    where
        us1_0.user_id=?
25-04-14 16:18:33.146 [http-nio-8080-exec-4] [32mTRACE[0;39m org.hibernate.orm.jdbc.bind          [ |  | ] - binding parameter (1:UUID) <- [406d1ca8-ca14-4cf4-afd7-6d2985bc0d47]
25-04-14 16:18:33.147 [http-nio-8080-exec-4] [32mDEBUG[0;39m org.hibernate.SQL                    [ |  | ] - 
    select
        us1_0.id,
        us1_0.created_at,
        us1_0.last_active_at,
        us1_0.updated_at,
        us1_0.user_id 
    from
        user_statuses us1_0 
    where
        us1_0.user_id=?
25-04-14 16:18:33.147 [http-nio-8080-exec-4] [32mTRACE[0;39m org.hibernate.orm.jdbc.bind          [ |  | ] - binding parameter (1:UUID) <- [b64d0c15-b1fe-46a0-beca-cb61a947228a]
25-04-14 16:18:33.147 [http-nio-8080-exec-4] [32mDEBUG[0;39m org.hibernate.SQL                    [ |  | ] - 
    select
        us1_0.id,
        us1_0.created_at,
        us1_0.last_active_at,
        us1_0.updated_at,
        us1_0.user_id 
    from
        user_statuses us1_0 
    where
        us1_0.user_id=?
25-04-14 16:18:33.148 [http-nio-8080-exec-4] [32mTRACE[0;39m org.hibernate.orm.jdbc.bind          [ |  | ] - binding parameter (1:UUID) <- [48e2f3f6-5bb6-47b6-ad6e-3c1dd8240735]
25-04-14 16:18:33.148 [http-nio-8080-exec-4] [32mDEBUG[0;39m org.hibernate.SQL                    [ |  | ] - 
    select
        us1_0.id,
        us1_0.created_at,
        us1_0.last_active_at,
        us1_0.updated_at,
        us1_0.user_id 
    from
        user_statuses us1_0 
    where
        us1_0.user_id=?
25-04-14 16:18:33.148 [http-nio-8080-exec-4] [32mTRACE[0;39m org.hibernate.orm.jdbc.bind          [ |  | ] - binding parameter (1:UUID) <- [5735c1de-7d10-415d-94fb-b6a471c518a8]
25-04-14 16:18:33.148 [http-nio-8080-exec-4] [32mDEBUG[0;39m org.hibernate.SQL                    [ |  | ] - 
    select
        us1_0.id,
        us1_0.created_at,
        us1_0.last_active_at,
        us1_0.updated_at,
        us1_0.user_id 
    from
        user_statuses us1_0 
    where
        us1_0.user_id=?
25-04-14 16:18:33.148 [http-nio-8080-exec-4] [32mTRACE[0;39m org.hibernate.orm.jdbc.bind          [ |  | ] - binding parameter (1:UUID) <- [d867e1e2-c22c-4201-b137-496edf3adf71]
25-04-14 16:18:33.149 [http-nio-8080-exec-4] [32mDEBUG[0;39m org.hibernate.SQL                    [ |  | ] - 
    select
        us1_0.id,
        us1_0.created_at,
        us1_0.last_active_at,
        us1_0.updated_at,
        us1_0.user_id 
    from
        user_statuses us1_0 
    where
        us1_0.user_id=?
25-04-14 16:18:33.149 [http-nio-8080-exec-4] [32mTRACE[0;39m org.hibernate.orm.jdbc.bind          [ |  | ] - binding parameter (1:UUID) <- [c457048e-c1a2-46c5-8a52-b87738dc89a1]
25-04-14 16:18:33.150 [http-nio-8080-exec-4] [32mDEBUG[0;39m org.hibernate.SQL                    [ |  | ] - 
    select
        us1_0.id,
        us1_0.created_at,
        us1_0.last_active_at,
        us1_0.updated_at,
        us1_0.user_id 
    from
        user_statuses us1_0 
    where
        us1_0.user_id=?
25-04-14 16:18:33.150 [http-nio-8080-exec-4] [32mTRACE[0;39m org.hibernate.orm.jdbc.bind          [ |  | ] - binding parameter (1:UUID) <- [58734365-46e5-427c-aad4-91a591469b01]
25-04-14 16:18:33.155 [http-nio-8080-exec-4] [32mDEBUG[0;39m c.s.m.d.controller.UserController    [ |  | ] - 사용자 목록 조회 응답: count=15
25-04-14 16:18:40.518 [http-nio-8080-exec-10] [32mINFO [0;39m c.s.m.d.controller.AuthControllerV1  [ |  | ] - 로그인 요청: username=1
25-04-14 16:18:40.529 [http-nio-8080-exec-10] [32mDEBUG[0;39m org.hibernate.SQL                    [ |  | ] - 
    select
        u1_0.id,
        u1_0.created_at,
        u1_0.email,
        u1_0.password,
        u1_0.profile_id,
        u1_0.updated_at,
        u1_0.username 
    from
        users u1_0 
    where
        u1_0.username=?
25-04-14 16:18:40.529 [http-nio-8080-exec-10] [32mTRACE[0;39m org.hibernate.orm.jdbc.bind          [ |  | ] - binding parameter (1:VARCHAR) <- [1]
25-04-14 16:18:40.530 [http-nio-8080-exec-10] [32mDEBUG[0;39m org.hibernate.SQL                    [ |  | ] - 
    select
        us1_0.id,
        us1_0.created_at,
        us1_0.last_active_at,
        us1_0.updated_at,
        us1_0.user_id 
    from
        user_statuses us1_0 
    where
        us1_0.user_id=?
25-04-14 16:18:40.531 [http-nio-8080-exec-10] [32mTRACE[0;39m org.hibernate.orm.jdbc.bind          [ |  | ] - binding parameter (1:UUID) <- [b64d0c15-b1fe-46a0-beca-cb61a947228a]
25-04-14 16:18:40.540 [http-nio-8080-exec-10] [32mDEBUG[0;39m org.hibernate.SQL                    [ |  | ] - 
    select
        us1_0.id,
        us1_0.created_at,
        us1_0.last_active_at,
        us1_0.updated_at,
        us1_0.user_id 
    from
        user_statuses us1_0 
    left join
        users u1_0 
            on u1_0.id=us1_0.user_id 
    where
        u1_0.id=?
25-04-14 16:18:40.541 [http-nio-8080-exec-10] [32mTRACE[0;39m org.hibernate.orm.jdbc.bind          [ |  | ] - binding parameter (1:UUID) <- [b64d0c15-b1fe-46a0-beca-cb61a947228a]
25-04-14 16:18:40.562 [http-nio-8080-exec-10] [32mDEBUG[0;39m org.hibernate.SQL                    [ |  | ] - 
    update
        user_statuses 
    set
        created_at=?,
        last_active_at=?,
        updated_at=?,
        user_id=? 
    where
        id=?
25-04-14 16:18:40.563 [http-nio-8080-exec-10] [32mTRACE[0;39m org.hibernate.orm.jdbc.bind          [ |  | ] - binding parameter (1:TIMESTAMP_UTC) <- [2025-03-16T15:46:50.728321Z]
25-04-14 16:18:40.563 [http-nio-8080-exec-10] [32mTRACE[0;39m org.hibernate.orm.jdbc.bind          [ |  | ] - binding parameter (2:TIMESTAMP_UTC) <- [2025-04-14T07:18:40.532741900Z]
25-04-14 16:18:40.563 [http-nio-8080-exec-10] [32mTRACE[0;39m org.hibernate.orm.jdbc.bind          [ |  | ] - binding parameter (3:TIMESTAMP_UTC) <- [null]
25-04-14 16:18:40.564 [http-nio-8080-exec-10] [32mTRACE[0;39m org.hibernate.orm.jdbc.bind          [ |  | ] - binding parameter (4:UUID) <- [b64d0c15-b1fe-46a0-beca-cb61a947228a]
25-04-14 16:18:40.564 [http-nio-8080-exec-10] [32mTRACE[0;39m org.hibernate.orm.jdbc.bind          [ |  | ] - binding parameter (5:UUID) <- [ca41a864-c8c3-4be6-a5fa-20c6078099db]
25-04-14 16:18:40.570 [http-nio-8080-exec-10] [32mDEBUG[0;39m c.s.m.d.controller.AuthControllerV1  [ |  | ] - 로그인 응답: UserDto[userId=b64d0c15-b1fe-46a0-beca-cb61a947228a, createdAt=2025-03-16T15:46:50.717317Z, updatedAt=null, username=1, email=1@cod2eit.com, profileId=null, isOnline=true]
25-04-14 16:18:40.578 [http-nio-8080-exec-7] [32mINFO [0;39m c.s.m.d.controller.UserController    [ |  | ] - 사용자 목록 조회 요청
25-04-14 16:18:40.579 [http-nio-8080-exec-7] [32mDEBUG[0;39m org.hibernate.SQL                    [ |  | ] - 
    select
        u1_0.id,
        u1_0.created_at,
        u1_0.email,
        u1_0.password,
        u1_0.profile_id,
        u1_0.updated_at,
        u1_0.username 
    from
        users u1_0
25-04-14 16:18:40.579 [http-nio-8080-exec-7] [32mDEBUG[0;39m org.hibernate.SQL                    [ |  | ] - 
    select
        us1_0.id,
        us1_0.created_at,
        us1_0.last_active_at,
        us1_0.updated_at,
        us1_0.user_id 
    from
        user_statuses us1_0 
    where
        us1_0.user_id=?
25-04-14 16:18:40.579 [http-nio-8080-exec-7] [32mTRACE[0;39m org.hibernate.orm.jdbc.bind          [ |  | ] - binding parameter (1:UUID) <- [8eda736a-b140-4189-906e-5da4f22f977d]
25-04-14 16:18:40.580 [http-nio-8080-exec-7] [32mDEBUG[0;39m org.hibernate.SQL                    [ |  | ] - 
    select
        us1_0.id,
        us1_0.created_at,
        us1_0.last_active_at,
        us1_0.updated_at,
        us1_0.user_id 
    from
        user_statuses us1_0 
    where
        us1_0.user_id=?
25-04-14 16:18:40.580 [http-nio-8080-exec-7] [32mTRACE[0;39m org.hibernate.orm.jdbc.bind          [ |  | ] - binding parameter (1:UUID) <- [cb1e48ad-2480-40e8-91b8-f17fb89149ac]
25-04-14 16:18:40.581 [http-nio-8080-exec-7] [32mDEBUG[0;39m org.hibernate.SQL                    [ |  | ] - 
    select
        us1_0.id,
        us1_0.created_at,
        us1_0.last_active_at,
        us1_0.updated_at,
        us1_0.user_id 
    from
        user_statuses us1_0 
    where
        us1_0.user_id=?
25-04-14 16:18:40.581 [http-nio-8080-exec-7] [32mTRACE[0;39m org.hibernate.orm.jdbc.bind          [ |  | ] - binding parameter (1:UUID) <- [e884b46f-a2ab-4996-9a7f-baa7ee41b5fd]
25-04-14 16:18:40.581 [http-nio-8080-exec-7] [32mDEBUG[0;39m org.hibernate.SQL                    [ |  | ] - 
    select
        us1_0.id,
        us1_0.created_at,
        us1_0.last_active_at,
        us1_0.updated_at,
        us1_0.user_id 
    from
        user_statuses us1_0 
    where
        us1_0.user_id=?
25-04-14 16:18:40.581 [http-nio-8080-exec-7] [32mTRACE[0;39m org.hibernate.orm.jdbc.bind          [ |  | ] - binding parameter (1:UUID) <- [6e94cf9c-7085-4e49-9883-260c3c32e68c]
25-04-14 16:18:40.582 [http-nio-8080-exec-7] [32mDEBUG[0;39m org.hibernate.SQL                    [ |  | ] - 
    select
        us1_0.id,
        us1_0.created_at,
        us1_0.last_active_at,
        us1_0.updated_at,
        us1_0.user_id 
    from
        user_statuses us1_0 
    where
        us1_0.user_id=?
25-04-14 16:18:40.582 [http-nio-8080-exec-7] [32mTRACE[0;39m org.hibernate.orm.jdbc.bind          [ |  | ] - binding parameter (1:UUID) <- [d2175aff-c5af-430e-af41-ae472d8642b6]
25-04-14 16:18:40.582 [http-nio-8080-exec-7] [32mDEBUG[0;39m org.hibernate.SQL                    [ |  | ] - 
    select
        us1_0.id,
        us1_0.created_at,
        us1_0.last_active_at,
        us1_0.updated_at,
        us1_0.user_id 
    from
        user_statuses us1_0 
    where
        us1_0.user_id=?
25-04-14 16:18:40.582 [http-nio-8080-exec-7] [32mTRACE[0;39m org.hibernate.orm.jdbc.bind          [ |  | ] - binding parameter (1:UUID) <- [1a064ffe-a25a-4492-9fe0-370528e5279f]
25-04-14 16:18:40.583 [http-nio-8080-exec-7] [32mDEBUG[0;39m org.hibernate.SQL                    [ |  | ] - 
    select
        us1_0.id,
        us1_0.created_at,
        us1_0.last_active_at,
        us1_0.updated_at,
        us1_0.user_id 
    from
        user_statuses us1_0 
    where
        us1_0.user_id=?
25-04-14 16:18:40.583 [http-nio-8080-exec-7] [32mTRACE[0;39m org.hibernate.orm.jdbc.bind          [ |  | ] - binding parameter (1:UUID) <- [962332e6-8cc3-4538-8c64-d2b022e7bf81]
25-04-14 16:18:40.583 [http-nio-8080-exec-7] [32mDEBUG[0;39m org.hibernate.SQL                    [ |  | ] - 
    select
        us1_0.id,
        us1_0.created_at,
        us1_0.last_active_at,
        us1_0.updated_at,
        us1_0.user_id 
    from
        user_statuses us1_0 
    where
        us1_0.user_id=?
25-04-14 16:18:40.583 [http-nio-8080-exec-7] [32mTRACE[0;39m org.hibernate.orm.jdbc.bind          [ |  | ] - binding parameter (1:UUID) <- [1bf3c1d5-ba9e-445c-bb05-e46f4da38b55]
25-04-14 16:18:40.584 [http-nio-8080-exec-7] [32mDEBUG[0;39m org.hibernate.SQL                    [ |  | ] - 
    select
        us1_0.id,
        us1_0.created_at,
        us1_0.last_active_at,
        us1_0.updated_at,
        us1_0.user_id 
    from
        user_statuses us1_0 
    where
        us1_0.user_id=?
25-04-14 16:18:40.584 [http-nio-8080-exec-7] [32mTRACE[0;39m org.hibernate.orm.jdbc.bind          [ |  | ] - binding parameter (1:UUID) <- [406d1ca8-ca14-4cf4-afd7-6d2985bc0d47]
25-04-14 16:18:40.584 [http-nio-8080-exec-7] [32mDEBUG[0;39m org.hibernate.SQL                    [ |  | ] - 
    select
        us1_0.id,
        us1_0.created_at,
        us1_0.last_active_at,
        us1_0.updated_at,
        us1_0.user_id 
    from
        user_statuses us1_0 
    where
        us1_0.user_id=?
25-04-14 16:18:40.584 [http-nio-8080-exec-7] [32mTRACE[0;39m org.hibernate.orm.jdbc.bind          [ |  | ] - binding parameter (1:UUID) <- [b64d0c15-b1fe-46a0-beca-cb61a947228a]
25-04-14 16:18:40.585 [http-nio-8080-exec-7] [32mDEBUG[0;39m org.hibernate.SQL                    [ |  | ] - 
    select
        us1_0.id,
        us1_0.created_at,
        us1_0.last_active_at,
        us1_0.updated_at,
        us1_0.user_id 
    from
        user_statuses us1_0 
    where
        us1_0.user_id=?
25-04-14 16:18:40.585 [http-nio-8080-exec-7] [32mTRACE[0;39m org.hibernate.orm.jdbc.bind          [ |  | ] - binding parameter (1:UUID) <- [48e2f3f6-5bb6-47b6-ad6e-3c1dd8240735]
25-04-14 16:18:40.585 [http-nio-8080-exec-7] [32mDEBUG[0;39m org.hibernate.SQL                    [ |  | ] - 
    select
        us1_0.id,
        us1_0.created_at,
        us1_0.last_active_at,
        us1_0.updated_at,
        us1_0.user_id 
    from
        user_statuses us1_0 
    where
        us1_0.user_id=?
25-04-14 16:18:40.585 [http-nio-8080-exec-7] [32mTRACE[0;39m org.hibernate.orm.jdbc.bind          [ |  | ] - binding parameter (1:UUID) <- [5735c1de-7d10-415d-94fb-b6a471c518a8]
25-04-14 16:18:40.585 [http-nio-8080-exec-7] [32mDEBUG[0;39m org.hibernate.SQL                    [ |  | ] - 
    select
        us1_0.id,
        us1_0.created_at,
        us1_0.last_active_at,
        us1_0.updated_at,
        us1_0.user_id 
    from
        user_statuses us1_0 
    where
        us1_0.user_id=?
25-04-14 16:18:40.586 [http-nio-8080-exec-7] [32mTRACE[0;39m org.hibernate.orm.jdbc.bind          [ |  | ] - binding parameter (1:UUID) <- [d867e1e2-c22c-4201-b137-496edf3adf71]
25-04-14 16:18:40.586 [http-nio-8080-exec-7] [32mDEBUG[0;39m org.hibernate.SQL                    [ |  | ] - 
    select
        us1_0.id,
        us1_0.created_at,
        us1_0.last_active_at,
        us1_0.updated_at,
        us1_0.user_id 
    from
        user_statuses us1_0 
    where
        us1_0.user_id=?
25-04-14 16:18:40.586 [http-nio-8080-exec-7] [32mTRACE[0;39m org.hibernate.orm.jdbc.bind          [ |  | ] - binding parameter (1:UUID) <- [c457048e-c1a2-46c5-8a52-b87738dc89a1]
25-04-14 16:18:40.587 [http-nio-8080-exec-7] [32mDEBUG[0;39m org.hibernate.SQL                    [ |  | ] - 
    select
        us1_0.id,
        us1_0.created_at,
        us1_0.last_active_at,
        us1_0.updated_at,
        us1_0.user_id 
    from
        user_statuses us1_0 
    where
        us1_0.user_id=?
25-04-14 16:18:40.587 [http-nio-8080-exec-7] [32mTRACE[0;39m org.hibernate.orm.jdbc.bind          [ |  | ] - binding parameter (1:UUID) <- [58734365-46e5-427c-aad4-91a591469b01]
25-04-14 16:18:40.587 [http-nio-8080-exec-7] [32mDEBUG[0;39m c.s.m.d.controller.UserController    [ |  | ] - 사용자 목록 조회 응답: count=15
25-04-14 16:18:42.306 [http-nio-8080-exec-8] [32mINFO [0;39m c.s.m.d.controller.AuthControllerV1  [ |  | ] - 로그인 요청: username=1
25-04-14 16:18:42.308 [http-nio-8080-exec-8] [32mDEBUG[0;39m org.hibernate.SQL                    [ |  | ] - 
    select
        u1_0.id,
        u1_0.created_at,
        u1_0.email,
        u1_0.password,
        u1_0.profile_id,
        u1_0.updated_at,
        u1_0.username 
    from
        users u1_0 
    where
        u1_0.username=?
25-04-14 16:18:42.309 [http-nio-8080-exec-8] [32mTRACE[0;39m org.hibernate.orm.jdbc.bind          [ |  | ] - binding parameter (1:VARCHAR) <- [1]
25-04-14 16:18:42.309 [http-nio-8080-exec-8] [32mDEBUG[0;39m org.hibernate.SQL                    [ |  | ] - 
    select
        us1_0.id,
        us1_0.created_at,
        us1_0.last_active_at,
        us1_0.updated_at,
        us1_0.user_id 
    from
        user_statuses us1_0 
    where
        us1_0.user_id=?
25-04-14 16:18:42.309 [http-nio-8080-exec-8] [32mTRACE[0;39m org.hibernate.orm.jdbc.bind          [ |  | ] - binding parameter (1:UUID) <- [b64d0c15-b1fe-46a0-beca-cb61a947228a]
25-04-14 16:18:42.311 [http-nio-8080-exec-8] [32mDEBUG[0;39m org.hibernate.SQL                    [ |  | ] - 
    select
        us1_0.id,
        us1_0.created_at,
        us1_0.last_active_at,
        us1_0.updated_at,
        us1_0.user_id 
    from
        user_statuses us1_0 
    left join
        users u1_0 
            on u1_0.id=us1_0.user_id 
    where
        u1_0.id=?
25-04-14 16:18:42.311 [http-nio-8080-exec-8] [32mTRACE[0;39m org.hibernate.orm.jdbc.bind          [ |  | ] - binding parameter (1:UUID) <- [b64d0c15-b1fe-46a0-beca-cb61a947228a]
25-04-14 16:18:42.312 [http-nio-8080-exec-8] [32mDEBUG[0;39m org.hibernate.SQL                    [ |  | ] - 
    update
        user_statuses 
    set
        created_at=?,
        last_active_at=?,
        updated_at=?,
        user_id=? 
    where
        id=?
25-04-14 16:18:42.312 [http-nio-8080-exec-8] [32mTRACE[0;39m org.hibernate.orm.jdbc.bind          [ |  | ] - binding parameter (1:TIMESTAMP_UTC) <- [2025-03-16T15:46:50.728321Z]
25-04-14 16:18:42.312 [http-nio-8080-exec-8] [32mTRACE[0;39m org.hibernate.orm.jdbc.bind          [ |  | ] - binding parameter (2:TIMESTAMP_UTC) <- [2025-04-14T07:18:42.310556700Z]
25-04-14 16:18:42.312 [http-nio-8080-exec-8] [32mTRACE[0;39m org.hibernate.orm.jdbc.bind          [ |  | ] - binding parameter (3:TIMESTAMP_UTC) <- [null]
25-04-14 16:18:42.312 [http-nio-8080-exec-8] [32mTRACE[0;39m org.hibernate.orm.jdbc.bind          [ |  | ] - binding parameter (4:UUID) <- [b64d0c15-b1fe-46a0-beca-cb61a947228a]
25-04-14 16:18:42.312 [http-nio-8080-exec-8] [32mTRACE[0;39m org.hibernate.orm.jdbc.bind          [ |  | ] - binding parameter (5:UUID) <- [ca41a864-c8c3-4be6-a5fa-20c6078099db]
25-04-14 16:18:42.313 [http-nio-8080-exec-8] [32mDEBUG[0;39m c.s.m.d.controller.AuthControllerV1  [ |  | ] - 로그인 응답: UserDto[userId=b64d0c15-b1fe-46a0-beca-cb61a947228a, createdAt=2025-03-16T15:46:50.717317Z, updatedAt=null, username=1, email=1@cod2eit.com, profileId=null, isOnline=true]
25-04-14 16:18:42.316 [http-nio-8080-exec-1] [32mINFO [0;39m c.s.m.d.controller.UserController    [ |  | ] - 사용자 목록 조회 요청
25-04-14 16:18:42.317 [http-nio-8080-exec-1] [32mDEBUG[0;39m org.hibernate.SQL                    [ |  | ] - 
    select
        u1_0.id,
        u1_0.created_at,
        u1_0.email,
        u1_0.password,
        u1_0.profile_id,
        u1_0.updated_at,
        u1_0.username 
    from
        users u1_0
25-04-14 16:18:42.318 [http-nio-8080-exec-1] [32mDEBUG[0;39m org.hibernate.SQL                    [ |  | ] - 
    select
        us1_0.id,
        us1_0.created_at,
        us1_0.last_active_at,
        us1_0.updated_at,
        us1_0.user_id 
    from
        user_statuses us1_0 
    where
        us1_0.user_id=?
25-04-14 16:18:42.318 [http-nio-8080-exec-1] [32mTRACE[0;39m org.hibernate.orm.jdbc.bind          [ |  | ] - binding parameter (1:UUID) <- [8eda736a-b140-4189-906e-5da4f22f977d]
25-04-14 16:18:42.318 [http-nio-8080-exec-1] [32mDEBUG[0;39m org.hibernate.SQL                    [ |  | ] - 
    select
        us1_0.id,
        us1_0.created_at,
        us1_0.last_active_at,
        us1_0.updated_at,
        us1_0.user_id 
    from
        user_statuses us1_0 
    where
        us1_0.user_id=?
25-04-14 16:18:42.318 [http-nio-8080-exec-1] [32mTRACE[0;39m org.hibernate.orm.jdbc.bind          [ |  | ] - binding parameter (1:UUID) <- [cb1e48ad-2480-40e8-91b8-f17fb89149ac]
25-04-14 16:18:42.319 [http-nio-8080-exec-1] [32mDEBUG[0;39m org.hibernate.SQL                    [ |  | ] - 
    select
        us1_0.id,
        us1_0.created_at,
        us1_0.last_active_at,
        us1_0.updated_at,
        us1_0.user_id 
    from
        user_statuses us1_0 
    where
        us1_0.user_id=?
25-04-14 16:18:42.319 [http-nio-8080-exec-1] [32mTRACE[0;39m org.hibernate.orm.jdbc.bind          [ |  | ] - binding parameter (1:UUID) <- [e884b46f-a2ab-4996-9a7f-baa7ee41b5fd]
25-04-14 16:18:42.320 [http-nio-8080-exec-1] [32mDEBUG[0;39m org.hibernate.SQL                    [ |  | ] - 
    select
        us1_0.id,
        us1_0.created_at,
        us1_0.last_active_at,
        us1_0.updated_at,
        us1_0.user_id 
    from
        user_statuses us1_0 
    where
        us1_0.user_id=?
25-04-14 16:18:42.320 [http-nio-8080-exec-1] [32mTRACE[0;39m org.hibernate.orm.jdbc.bind          [ |  | ] - binding parameter (1:UUID) <- [6e94cf9c-7085-4e49-9883-260c3c32e68c]
25-04-14 16:18:42.320 [http-nio-8080-exec-1] [32mDEBUG[0;39m org.hibernate.SQL                    [ |  | ] - 
    select
        us1_0.id,
        us1_0.created_at,
        us1_0.last_active_at,
        us1_0.updated_at,
        us1_0.user_id 
    from
        user_statuses us1_0 
    where
        us1_0.user_id=?
25-04-14 16:18:42.320 [http-nio-8080-exec-1] [32mTRACE[0;39m org.hibernate.orm.jdbc.bind          [ |  | ] - binding parameter (1:UUID) <- [d2175aff-c5af-430e-af41-ae472d8642b6]
25-04-14 16:18:42.321 [http-nio-8080-exec-1] [32mDEBUG[0;39m org.hibernate.SQL                    [ |  | ] - 
    select
        us1_0.id,
        us1_0.created_at,
        us1_0.last_active_at,
        us1_0.updated_at,
        us1_0.user_id 
    from
        user_statuses us1_0 
    where
        us1_0.user_id=?
25-04-14 16:18:42.321 [http-nio-8080-exec-1] [32mTRACE[0;39m org.hibernate.orm.jdbc.bind          [ |  | ] - binding parameter (1:UUID) <- [1a064ffe-a25a-4492-9fe0-370528e5279f]
25-04-14 16:18:42.321 [http-nio-8080-exec-1] [32mDEBUG[0;39m org.hibernate.SQL                    [ |  | ] - 
    select
        us1_0.id,
        us1_0.created_at,
        us1_0.last_active_at,
        us1_0.updated_at,
        us1_0.user_id 
    from
        user_statuses us1_0 
    where
        us1_0.user_id=?
25-04-14 16:18:42.321 [http-nio-8080-exec-1] [32mTRACE[0;39m org.hibernate.orm.jdbc.bind          [ |  | ] - binding parameter (1:UUID) <- [962332e6-8cc3-4538-8c64-d2b022e7bf81]
25-04-14 16:18:42.322 [http-nio-8080-exec-1] [32mDEBUG[0;39m org.hibernate.SQL                    [ |  | ] - 
    select
        us1_0.id,
        us1_0.created_at,
        us1_0.last_active_at,
        us1_0.updated_at,
        us1_0.user_id 
    from
        user_statuses us1_0 
    where
        us1_0.user_id=?
25-04-14 16:18:42.322 [http-nio-8080-exec-1] [32mTRACE[0;39m org.hibernate.orm.jdbc.bind          [ |  | ] - binding parameter (1:UUID) <- [1bf3c1d5-ba9e-445c-bb05-e46f4da38b55]
25-04-14 16:18:42.322 [http-nio-8080-exec-1] [32mDEBUG[0;39m org.hibernate.SQL                    [ |  | ] - 
    select
        us1_0.id,
        us1_0.created_at,
        us1_0.last_active_at,
        us1_0.updated_at,
        us1_0.user_id 
    from
        user_statuses us1_0 
    where
        us1_0.user_id=?
25-04-14 16:18:42.322 [http-nio-8080-exec-1] [32mTRACE[0;39m org.hibernate.orm.jdbc.bind          [ |  | ] - binding parameter (1:UUID) <- [406d1ca8-ca14-4cf4-afd7-6d2985bc0d47]
25-04-14 16:18:42.322 [http-nio-8080-exec-1] [32mDEBUG[0;39m org.hibernate.SQL                    [ |  | ] - 
    select
        us1_0.id,
        us1_0.created_at,
        us1_0.last_active_at,
        us1_0.updated_at,
        us1_0.user_id 
    from
        user_statuses us1_0 
    where
        us1_0.user_id=?
25-04-14 16:18:42.322 [http-nio-8080-exec-1] [32mTRACE[0;39m org.hibernate.orm.jdbc.bind          [ |  | ] - binding parameter (1:UUID) <- [b64d0c15-b1fe-46a0-beca-cb61a947228a]
25-04-14 16:18:42.323 [http-nio-8080-exec-1] [32mDEBUG[0;39m org.hibernate.SQL                    [ |  | ] - 
    select
        us1_0.id,
        us1_0.created_at,
        us1_0.last_active_at,
        us1_0.updated_at,
        us1_0.user_id 
    from
        user_statuses us1_0 
    where
        us1_0.user_id=?
25-04-14 16:18:42.323 [http-nio-8080-exec-1] [32mTRACE[0;39m org.hibernate.orm.jdbc.bind          [ |  | ] - binding parameter (1:UUID) <- [48e2f3f6-5bb6-47b6-ad6e-3c1dd8240735]
25-04-14 16:18:42.323 [http-nio-8080-exec-1] [32mDEBUG[0;39m org.hibernate.SQL                    [ |  | ] - 
    select
        us1_0.id,
        us1_0.created_at,
        us1_0.last_active_at,
        us1_0.updated_at,
        us1_0.user_id 
    from
        user_statuses us1_0 
    where
        us1_0.user_id=?
25-04-14 16:18:42.323 [http-nio-8080-exec-1] [32mTRACE[0;39m org.hibernate.orm.jdbc.bind          [ |  | ] - binding parameter (1:UUID) <- [5735c1de-7d10-415d-94fb-b6a471c518a8]
25-04-14 16:18:42.324 [http-nio-8080-exec-1] [32mDEBUG[0;39m org.hibernate.SQL                    [ |  | ] - 
    select
        us1_0.id,
        us1_0.created_at,
        us1_0.last_active_at,
        us1_0.updated_at,
        us1_0.user_id 
    from
        user_statuses us1_0 
    where
        us1_0.user_id=?
25-04-14 16:18:42.324 [http-nio-8080-exec-1] [32mTRACE[0;39m org.hibernate.orm.jdbc.bind          [ |  | ] - binding parameter (1:UUID) <- [d867e1e2-c22c-4201-b137-496edf3adf71]
25-04-14 16:18:42.324 [http-nio-8080-exec-1] [32mDEBUG[0;39m org.hibernate.SQL                    [ |  | ] - 
    select
        us1_0.id,
        us1_0.created_at,
        us1_0.last_active_at,
        us1_0.updated_at,
        us1_0.user_id 
    from
        user_statuses us1_0 
    where
        us1_0.user_id=?
25-04-14 16:18:42.324 [http-nio-8080-exec-1] [32mTRACE[0;39m org.hibernate.orm.jdbc.bind          [ |  | ] - binding parameter (1:UUID) <- [c457048e-c1a2-46c5-8a52-b87738dc89a1]
25-04-14 16:18:42.324 [http-nio-8080-exec-1] [32mDEBUG[0;39m org.hibernate.SQL                    [ |  | ] - 
    select
        us1_0.id,
        us1_0.created_at,
        us1_0.last_active_at,
        us1_0.updated_at,
        us1_0.user_id 
    from
        user_statuses us1_0 
    where
        us1_0.user_id=?
25-04-14 16:18:42.324 [http-nio-8080-exec-1] [32mTRACE[0;39m org.hibernate.orm.jdbc.bind          [ |  | ] - binding parameter (1:UUID) <- [58734365-46e5-427c-aad4-91a591469b01]
25-04-14 16:18:42.325 [http-nio-8080-exec-1] [32mDEBUG[0;39m c.s.m.d.controller.UserController    [ |  | ] - 사용자 목록 조회 응답: count=15
25-04-14 16:18:46.945 [http-nio-8080-exec-2] [32mINFO [0;39m c.s.m.d.controller.AuthControllerV1  [ |  | ] - 로그인 요청: username=1
25-04-14 16:18:46.946 [http-nio-8080-exec-2] [32mDEBUG[0;39m org.hibernate.SQL                    [ |  | ] - 
    select
        u1_0.id,
        u1_0.created_at,
        u1_0.email,
        u1_0.password,
        u1_0.profile_id,
        u1_0.updated_at,
        u1_0.username 
    from
        users u1_0 
    where
        u1_0.username=?
25-04-14 16:18:46.946 [http-nio-8080-exec-2] [32mTRACE[0;39m org.hibernate.orm.jdbc.bind          [ |  | ] - binding parameter (1:VARCHAR) <- [1]
25-04-14 16:18:46.947 [http-nio-8080-exec-2] [32mDEBUG[0;39m org.hibernate.SQL                    [ |  | ] - 
    select
        us1_0.id,
        us1_0.created_at,
        us1_0.last_active_at,
        us1_0.updated_at,
        us1_0.user_id 
    from
        user_statuses us1_0 
    where
        us1_0.user_id=?
25-04-14 16:18:46.947 [http-nio-8080-exec-2] [32mTRACE[0;39m org.hibernate.orm.jdbc.bind          [ |  | ] - binding parameter (1:UUID) <- [b64d0c15-b1fe-46a0-beca-cb61a947228a]
25-04-14 16:18:46.949 [http-nio-8080-exec-2] [32mDEBUG[0;39m org.hibernate.SQL                    [ |  | ] - 
    select
        us1_0.id,
        us1_0.created_at,
        us1_0.last_active_at,
        us1_0.updated_at,
        us1_0.user_id 
    from
        user_statuses us1_0 
    left join
        users u1_0 
            on u1_0.id=us1_0.user_id 
    where
        u1_0.id=?
25-04-14 16:18:46.949 [http-nio-8080-exec-2] [32mTRACE[0;39m org.hibernate.orm.jdbc.bind          [ |  | ] - binding parameter (1:UUID) <- [b64d0c15-b1fe-46a0-beca-cb61a947228a]
25-04-14 16:18:46.950 [http-nio-8080-exec-2] [32mDEBUG[0;39m org.hibernate.SQL                    [ |  | ] - 
    update
        user_statuses 
    set
        created_at=?,
        last_active_at=?,
        updated_at=?,
        user_id=? 
    where
        id=?
25-04-14 16:18:46.950 [http-nio-8080-exec-2] [32mTRACE[0;39m org.hibernate.orm.jdbc.bind          [ |  | ] - binding parameter (1:TIMESTAMP_UTC) <- [2025-03-16T15:46:50.728321Z]
25-04-14 16:18:46.950 [http-nio-8080-exec-2] [32mTRACE[0;39m org.hibernate.orm.jdbc.bind          [ |  | ] - binding parameter (2:TIMESTAMP_UTC) <- [2025-04-14T07:18:46.948224200Z]
25-04-14 16:18:46.951 [http-nio-8080-exec-2] [32mTRACE[0;39m org.hibernate.orm.jdbc.bind          [ |  | ] - binding parameter (3:TIMESTAMP_UTC) <- [null]
25-04-14 16:18:46.951 [http-nio-8080-exec-2] [32mTRACE[0;39m org.hibernate.orm.jdbc.bind          [ |  | ] - binding parameter (4:UUID) <- [b64d0c15-b1fe-46a0-beca-cb61a947228a]
25-04-14 16:18:46.951 [http-nio-8080-exec-2] [32mTRACE[0;39m org.hibernate.orm.jdbc.bind          [ |  | ] - binding parameter (5:UUID) <- [ca41a864-c8c3-4be6-a5fa-20c6078099db]
25-04-14 16:18:46.952 [http-nio-8080-exec-2] [32mDEBUG[0;39m c.s.m.d.controller.AuthControllerV1  [ |  | ] - 로그인 응답: UserDto[userId=b64d0c15-b1fe-46a0-beca-cb61a947228a, createdAt=2025-03-16T15:46:50.717317Z, updatedAt=null, username=1, email=1@cod2eit.com, profileId=null, isOnline=true]
25-04-14 16:18:46.958 [http-nio-8080-exec-4] [32mINFO [0;39m c.s.m.d.controller.UserController    [ |  | ] - 사용자 목록 조회 요청
25-04-14 16:18:46.959 [http-nio-8080-exec-4] [32mDEBUG[0;39m org.hibernate.SQL                    [ |  | ] - 
    select
        u1_0.id,
        u1_0.created_at,
        u1_0.email,
        u1_0.password,
        u1_0.profile_id,
        u1_0.updated_at,
        u1_0.username 
    from
        users u1_0
25-04-14 16:18:46.960 [http-nio-8080-exec-4] [32mDEBUG[0;39m org.hibernate.SQL                    [ |  | ] - 
    select
        us1_0.id,
        us1_0.created_at,
        us1_0.last_active_at,
        us1_0.updated_at,
        us1_0.user_id 
    from
        user_statuses us1_0 
    where
        us1_0.user_id=?
25-04-14 16:18:46.961 [http-nio-8080-exec-4] [32mTRACE[0;39m org.hibernate.orm.jdbc.bind          [ |  | ] - binding parameter (1:UUID) <- [8eda736a-b140-4189-906e-5da4f22f977d]
25-04-14 16:18:46.961 [http-nio-8080-exec-4] [32mDEBUG[0;39m org.hibernate.SQL                    [ |  | ] - 
    select
        us1_0.id,
        us1_0.created_at,
        us1_0.last_active_at,
        us1_0.updated_at,
        us1_0.user_id 
    from
        user_statuses us1_0 
    where
        us1_0.user_id=?
25-04-14 16:18:46.962 [http-nio-8080-exec-4] [32mTRACE[0;39m org.hibernate.orm.jdbc.bind          [ |  | ] - binding parameter (1:UUID) <- [cb1e48ad-2480-40e8-91b8-f17fb89149ac]
25-04-14 16:18:46.962 [http-nio-8080-exec-4] [32mDEBUG[0;39m org.hibernate.SQL                    [ |  | ] - 
    select
        us1_0.id,
        us1_0.created_at,
        us1_0.last_active_at,
        us1_0.updated_at,
        us1_0.user_id 
    from
        user_statuses us1_0 
    where
        us1_0.user_id=?
25-04-14 16:18:46.962 [http-nio-8080-exec-4] [32mTRACE[0;39m org.hibernate.orm.jdbc.bind          [ |  | ] - binding parameter (1:UUID) <- [e884b46f-a2ab-4996-9a7f-baa7ee41b5fd]
25-04-14 16:18:46.963 [http-nio-8080-exec-4] [32mDEBUG[0;39m org.hibernate.SQL                    [ |  | ] - 
    select
        us1_0.id,
        us1_0.created_at,
        us1_0.last_active_at,
        us1_0.updated_at,
        us1_0.user_id 
    from
        user_statuses us1_0 
    where
        us1_0.user_id=?
25-04-14 16:18:46.963 [http-nio-8080-exec-4] [32mTRACE[0;39m org.hibernate.orm.jdbc.bind          [ |  | ] - binding parameter (1:UUID) <- [6e94cf9c-7085-4e49-9883-260c3c32e68c]
25-04-14 16:18:46.964 [http-nio-8080-exec-4] [32mDEBUG[0;39m org.hibernate.SQL                    [ |  | ] - 
    select
        us1_0.id,
        us1_0.created_at,
        us1_0.last_active_at,
        us1_0.updated_at,
        us1_0.user_id 
    from
        user_statuses us1_0 
    where
        us1_0.user_id=?
25-04-14 16:18:46.964 [http-nio-8080-exec-4] [32mTRACE[0;39m org.hibernate.orm.jdbc.bind          [ |  | ] - binding parameter (1:UUID) <- [d2175aff-c5af-430e-af41-ae472d8642b6]
25-04-14 16:18:46.964 [http-nio-8080-exec-4] [32mDEBUG[0;39m org.hibernate.SQL                    [ |  | ] - 
    select
        us1_0.id,
        us1_0.created_at,
        us1_0.last_active_at,
        us1_0.updated_at,
        us1_0.user_id 
    from
        user_statuses us1_0 
    where
        us1_0.user_id=?
25-04-14 16:18:46.964 [http-nio-8080-exec-4] [32mTRACE[0;39m org.hibernate.orm.jdbc.bind          [ |  | ] - binding parameter (1:UUID) <- [1a064ffe-a25a-4492-9fe0-370528e5279f]
25-04-14 16:18:46.964 [http-nio-8080-exec-4] [32mDEBUG[0;39m org.hibernate.SQL                    [ |  | ] - 
    select
        us1_0.id,
        us1_0.created_at,
        us1_0.last_active_at,
        us1_0.updated_at,
        us1_0.user_id 
    from
        user_statuses us1_0 
    where
        us1_0.user_id=?
25-04-14 16:18:46.965 [http-nio-8080-exec-4] [32mTRACE[0;39m org.hibernate.orm.jdbc.bind          [ |  | ] - binding parameter (1:UUID) <- [962332e6-8cc3-4538-8c64-d2b022e7bf81]
25-04-14 16:18:46.965 [http-nio-8080-exec-4] [32mDEBUG[0;39m org.hibernate.SQL                    [ |  | ] - 
    select
        us1_0.id,
        us1_0.created_at,
        us1_0.last_active_at,
        us1_0.updated_at,
        us1_0.user_id 
    from
        user_statuses us1_0 
    where
        us1_0.user_id=?
25-04-14 16:18:46.965 [http-nio-8080-exec-4] [32mTRACE[0;39m org.hibernate.orm.jdbc.bind          [ |  | ] - binding parameter (1:UUID) <- [1bf3c1d5-ba9e-445c-bb05-e46f4da38b55]
25-04-14 16:18:46.966 [http-nio-8080-exec-4] [32mDEBUG[0;39m org.hibernate.SQL                    [ |  | ] - 
    select
        us1_0.id,
        us1_0.created_at,
        us1_0.last_active_at,
        us1_0.updated_at,
        us1_0.user_id 
    from
        user_statuses us1_0 
    where
        us1_0.user_id=?
25-04-14 16:18:46.966 [http-nio-8080-exec-4] [32mTRACE[0;39m org.hibernate.orm.jdbc.bind          [ |  | ] - binding parameter (1:UUID) <- [406d1ca8-ca14-4cf4-afd7-6d2985bc0d47]
25-04-14 16:18:46.966 [http-nio-8080-exec-4] [32mDEBUG[0;39m org.hibernate.SQL                    [ |  | ] - 
    select
        us1_0.id,
        us1_0.created_at,
        us1_0.last_active_at,
        us1_0.updated_at,
        us1_0.user_id 
    from
        user_statuses us1_0 
    where
        us1_0.user_id=?
25-04-14 16:18:46.967 [http-nio-8080-exec-4] [32mTRACE[0;39m org.hibernate.orm.jdbc.bind          [ |  | ] - binding parameter (1:UUID) <- [b64d0c15-b1fe-46a0-beca-cb61a947228a]
25-04-14 16:18:46.967 [http-nio-8080-exec-4] [32mDEBUG[0;39m org.hibernate.SQL                    [ |  | ] - 
    select
        us1_0.id,
        us1_0.created_at,
        us1_0.last_active_at,
        us1_0.updated_at,
        us1_0.user_id 
    from
        user_statuses us1_0 
    where
        us1_0.user_id=?
25-04-14 16:18:46.967 [http-nio-8080-exec-4] [32mTRACE[0;39m org.hibernate.orm.jdbc.bind          [ |  | ] - binding parameter (1:UUID) <- [48e2f3f6-5bb6-47b6-ad6e-3c1dd8240735]
25-04-14 16:18:46.968 [http-nio-8080-exec-4] [32mDEBUG[0;39m org.hibernate.SQL                    [ |  | ] - 
    select
        us1_0.id,
        us1_0.created_at,
        us1_0.last_active_at,
        us1_0.updated_at,
        us1_0.user_id 
    from
        user_statuses us1_0 
    where
        us1_0.user_id=?
25-04-14 16:18:46.968 [http-nio-8080-exec-4] [32mTRACE[0;39m org.hibernate.orm.jdbc.bind          [ |  | ] - binding parameter (1:UUID) <- [5735c1de-7d10-415d-94fb-b6a471c518a8]
25-04-14 16:18:46.968 [http-nio-8080-exec-4] [32mDEBUG[0;39m org.hibernate.SQL                    [ |  | ] - 
    select
        us1_0.id,
        us1_0.created_at,
        us1_0.last_active_at,
        us1_0.updated_at,
        us1_0.user_id 
    from
        user_statuses us1_0 
    where
        us1_0.user_id=?
25-04-14 16:18:46.968 [http-nio-8080-exec-4] [32mTRACE[0;39m org.hibernate.orm.jdbc.bind          [ |  | ] - binding parameter (1:UUID) <- [d867e1e2-c22c-4201-b137-496edf3adf71]
25-04-14 16:18:46.968 [http-nio-8080-exec-4] [32mDEBUG[0;39m org.hibernate.SQL                    [ |  | ] - 
    select
        us1_0.id,
        us1_0.created_at,
        us1_0.last_active_at,
        us1_0.updated_at,
        us1_0.user_id 
    from
        user_statuses us1_0 
    where
        us1_0.user_id=?
25-04-14 16:18:46.969 [http-nio-8080-exec-4] [32mTRACE[0;39m org.hibernate.orm.jdbc.bind          [ |  | ] - binding parameter (1:UUID) <- [c457048e-c1a2-46c5-8a52-b87738dc89a1]
25-04-14 16:18:46.969 [http-nio-8080-exec-4] [32mDEBUG[0;39m org.hibernate.SQL                    [ |  | ] - 
    select
        us1_0.id,
        us1_0.created_at,
        us1_0.last_active_at,
        us1_0.updated_at,
        us1_0.user_id 
    from
        user_statuses us1_0 
    where
        us1_0.user_id=?
25-04-14 16:18:46.969 [http-nio-8080-exec-4] [32mTRACE[0;39m org.hibernate.orm.jdbc.bind          [ |  | ] - binding parameter (1:UUID) <- [58734365-46e5-427c-aad4-91a591469b01]
25-04-14 16:18:46.970 [http-nio-8080-exec-4] [32mDEBUG[0;39m c.s.m.d.controller.UserController    [ |  | ] - 사용자 목록 조회 응답: count=15
25-04-14 16:19:40.004 [http-nio-8080-exec-9] [32mINFO [0;39m c.s.m.d.controller.AuthControllerV1  [ |  | ] - 로그인 요청: username=1
25-04-14 16:19:40.006 [http-nio-8080-exec-9] [32mDEBUG[0;39m org.hibernate.SQL                    [ |  | ] - 
    select
        u1_0.id,
        u1_0.created_at,
        u1_0.email,
        u1_0.password,
        u1_0.profile_id,
        u1_0.updated_at,
        u1_0.username 
    from
        users u1_0 
    where
        u1_0.username=?
25-04-14 16:19:40.007 [http-nio-8080-exec-9] [32mTRACE[0;39m org.hibernate.orm.jdbc.bind          [ |  | ] - binding parameter (1:VARCHAR) <- [1]
25-04-14 16:19:40.007 [http-nio-8080-exec-9] [32mDEBUG[0;39m org.hibernate.SQL                    [ |  | ] - 
    select
        us1_0.id,
        us1_0.created_at,
        us1_0.last_active_at,
        us1_0.updated_at,
        us1_0.user_id 
    from
        user_statuses us1_0 
    where
        us1_0.user_id=?
25-04-14 16:19:40.008 [http-nio-8080-exec-9] [32mTRACE[0;39m org.hibernate.orm.jdbc.bind          [ |  | ] - binding parameter (1:UUID) <- [b64d0c15-b1fe-46a0-beca-cb61a947228a]
25-04-14 16:19:40.010 [http-nio-8080-exec-9] [32mDEBUG[0;39m org.hibernate.SQL                    [ |  | ] - 
    select
        us1_0.id,
        us1_0.created_at,
        us1_0.last_active_at,
        us1_0.updated_at,
        us1_0.user_id 
    from
        user_statuses us1_0 
    left join
        users u1_0 
            on u1_0.id=us1_0.user_id 
    where
        u1_0.id=?
25-04-14 16:19:40.011 [http-nio-8080-exec-9] [32mTRACE[0;39m org.hibernate.orm.jdbc.bind          [ |  | ] - binding parameter (1:UUID) <- [b64d0c15-b1fe-46a0-beca-cb61a947228a]
25-04-14 16:19:40.012 [http-nio-8080-exec-9] [32mDEBUG[0;39m org.hibernate.SQL                    [ |  | ] - 
    update
        user_statuses 
    set
        created_at=?,
        last_active_at=?,
        updated_at=?,
        user_id=? 
    where
        id=?
25-04-14 16:19:40.013 [http-nio-8080-exec-9] [32mTRACE[0;39m org.hibernate.orm.jdbc.bind          [ |  | ] - binding parameter (1:TIMESTAMP_UTC) <- [2025-03-16T15:46:50.728321Z]
25-04-14 16:19:40.013 [http-nio-8080-exec-9] [32mTRACE[0;39m org.hibernate.orm.jdbc.bind          [ |  | ] - binding parameter (2:TIMESTAMP_UTC) <- [2025-04-14T07:19:40.009385300Z]
25-04-14 16:19:40.013 [http-nio-8080-exec-9] [32mTRACE[0;39m org.hibernate.orm.jdbc.bind          [ |  | ] - binding parameter (3:TIMESTAMP_UTC) <- [null]
25-04-14 16:19:40.013 [http-nio-8080-exec-9] [32mTRACE[0;39m org.hibernate.orm.jdbc.bind          [ |  | ] - binding parameter (4:UUID) <- [b64d0c15-b1fe-46a0-beca-cb61a947228a]
25-04-14 16:19:40.013 [http-nio-8080-exec-9] [32mTRACE[0;39m org.hibernate.orm.jdbc.bind          [ |  | ] - binding parameter (5:UUID) <- [ca41a864-c8c3-4be6-a5fa-20c6078099db]
25-04-14 16:19:40.015 [http-nio-8080-exec-9] [32mDEBUG[0;39m c.s.m.d.controller.AuthControllerV1  [ |  | ] - 로그인 응답: UserDto[userId=b64d0c15-b1fe-46a0-beca-cb61a947228a, createdAt=2025-03-16T15:46:50.717317Z, updatedAt=null, username=1, email=1@cod2eit.com, profileId=null, isOnline=true]
25-04-14 16:19:40.020 [http-nio-8080-exec-6] [32mINFO [0;39m c.s.m.d.controller.UserController    [ |  | ] - 사용자 목록 조회 요청
25-04-14 16:19:40.021 [http-nio-8080-exec-6] [32mDEBUG[0;39m org.hibernate.SQL                    [ |  | ] - 
    select
        u1_0.id,
        u1_0.created_at,
        u1_0.email,
        u1_0.password,
        u1_0.profile_id,
        u1_0.updated_at,
        u1_0.username 
    from
        users u1_0
25-04-14 16:19:40.022 [http-nio-8080-exec-6] [32mDEBUG[0;39m org.hibernate.SQL                    [ |  | ] - 
    select
        us1_0.id,
        us1_0.created_at,
        us1_0.last_active_at,
        us1_0.updated_at,
        us1_0.user_id 
    from
        user_statuses us1_0 
    where
        us1_0.user_id=?
25-04-14 16:19:40.022 [http-nio-8080-exec-6] [32mTRACE[0;39m org.hibernate.orm.jdbc.bind          [ |  | ] - binding parameter (1:UUID) <- [8eda736a-b140-4189-906e-5da4f22f977d]
25-04-14 16:19:40.023 [http-nio-8080-exec-6] [32mDEBUG[0;39m org.hibernate.SQL                    [ |  | ] - 
    select
        us1_0.id,
        us1_0.created_at,
        us1_0.last_active_at,
        us1_0.updated_at,
        us1_0.user_id 
    from
        user_statuses us1_0 
    where
        us1_0.user_id=?
25-04-14 16:19:40.023 [http-nio-8080-exec-6] [32mTRACE[0;39m org.hibernate.orm.jdbc.bind          [ |  | ] - binding parameter (1:UUID) <- [cb1e48ad-2480-40e8-91b8-f17fb89149ac]
25-04-14 16:19:40.024 [http-nio-8080-exec-6] [32mDEBUG[0;39m org.hibernate.SQL                    [ |  | ] - 
    select
        us1_0.id,
        us1_0.created_at,
        us1_0.last_active_at,
        us1_0.updated_at,
        us1_0.user_id 
    from
        user_statuses us1_0 
    where
        us1_0.user_id=?
25-04-14 16:19:40.024 [http-nio-8080-exec-6] [32mTRACE[0;39m org.hibernate.orm.jdbc.bind          [ |  | ] - binding parameter (1:UUID) <- [e884b46f-a2ab-4996-9a7f-baa7ee41b5fd]
25-04-14 16:19:40.025 [http-nio-8080-exec-6] [32mDEBUG[0;39m org.hibernate.SQL                    [ |  | ] - 
    select
        us1_0.id,
        us1_0.created_at,
        us1_0.last_active_at,
        us1_0.updated_at,
        us1_0.user_id 
    from
        user_statuses us1_0 
    where
        us1_0.user_id=?
25-04-14 16:19:40.025 [http-nio-8080-exec-6] [32mTRACE[0;39m org.hibernate.orm.jdbc.bind          [ |  | ] - binding parameter (1:UUID) <- [6e94cf9c-7085-4e49-9883-260c3c32e68c]
25-04-14 16:19:40.025 [http-nio-8080-exec-6] [32mDEBUG[0;39m org.hibernate.SQL                    [ |  | ] - 
    select
        us1_0.id,
        us1_0.created_at,
        us1_0.last_active_at,
        us1_0.updated_at,
        us1_0.user_id 
    from
        user_statuses us1_0 
    where
        us1_0.user_id=?
25-04-14 16:19:40.025 [http-nio-8080-exec-6] [32mTRACE[0;39m org.hibernate.orm.jdbc.bind          [ |  | ] - binding parameter (1:UUID) <- [d2175aff-c5af-430e-af41-ae472d8642b6]
25-04-14 16:19:40.026 [http-nio-8080-exec-6] [32mDEBUG[0;39m org.hibernate.SQL                    [ |  | ] - 
    select
        us1_0.id,
        us1_0.created_at,
        us1_0.last_active_at,
        us1_0.updated_at,
        us1_0.user_id 
    from
        user_statuses us1_0 
    where
        us1_0.user_id=?
25-04-14 16:19:40.026 [http-nio-8080-exec-6] [32mTRACE[0;39m org.hibernate.orm.jdbc.bind          [ |  | ] - binding parameter (1:UUID) <- [1a064ffe-a25a-4492-9fe0-370528e5279f]
25-04-14 16:19:40.026 [http-nio-8080-exec-6] [32mDEBUG[0;39m org.hibernate.SQL                    [ |  | ] - 
    select
        us1_0.id,
        us1_0.created_at,
        us1_0.last_active_at,
        us1_0.updated_at,
        us1_0.user_id 
    from
        user_statuses us1_0 
    where
        us1_0.user_id=?
25-04-14 16:19:40.026 [http-nio-8080-exec-6] [32mTRACE[0;39m org.hibernate.orm.jdbc.bind          [ |  | ] - binding parameter (1:UUID) <- [962332e6-8cc3-4538-8c64-d2b022e7bf81]
25-04-14 16:19:40.027 [http-nio-8080-exec-6] [32mDEBUG[0;39m org.hibernate.SQL                    [ |  | ] - 
    select
        us1_0.id,
        us1_0.created_at,
        us1_0.last_active_at,
        us1_0.updated_at,
        us1_0.user_id 
    from
        user_statuses us1_0 
    where
        us1_0.user_id=?
25-04-14 16:19:40.027 [http-nio-8080-exec-6] [32mTRACE[0;39m org.hibernate.orm.jdbc.bind          [ |  | ] - binding parameter (1:UUID) <- [1bf3c1d5-ba9e-445c-bb05-e46f4da38b55]
25-04-14 16:19:40.027 [http-nio-8080-exec-6] [32mDEBUG[0;39m org.hibernate.SQL                    [ |  | ] - 
    select
        us1_0.id,
        us1_0.created_at,
        us1_0.last_active_at,
        us1_0.updated_at,
        us1_0.user_id 
    from
        user_statuses us1_0 
    where
        us1_0.user_id=?
25-04-14 16:19:40.027 [http-nio-8080-exec-6] [32mTRACE[0;39m org.hibernate.orm.jdbc.bind          [ |  | ] - binding parameter (1:UUID) <- [406d1ca8-ca14-4cf4-afd7-6d2985bc0d47]
25-04-14 16:19:40.027 [http-nio-8080-exec-6] [32mDEBUG[0;39m org.hibernate.SQL                    [ |  | ] - 
    select
        us1_0.id,
        us1_0.created_at,
        us1_0.last_active_at,
        us1_0.updated_at,
        us1_0.user_id 
    from
        user_statuses us1_0 
    where
        us1_0.user_id=?
25-04-14 16:19:40.027 [http-nio-8080-exec-6] [32mTRACE[0;39m org.hibernate.orm.jdbc.bind          [ |  | ] - binding parameter (1:UUID) <- [b64d0c15-b1fe-46a0-beca-cb61a947228a]
25-04-14 16:19:40.028 [http-nio-8080-exec-6] [32mDEBUG[0;39m org.hibernate.SQL                    [ |  | ] - 
    select
        us1_0.id,
        us1_0.created_at,
        us1_0.last_active_at,
        us1_0.updated_at,
        us1_0.user_id 
    from
        user_statuses us1_0 
    where
        us1_0.user_id=?
25-04-14 16:19:40.028 [http-nio-8080-exec-6] [32mTRACE[0;39m org.hibernate.orm.jdbc.bind          [ |  | ] - binding parameter (1:UUID) <- [48e2f3f6-5bb6-47b6-ad6e-3c1dd8240735]
25-04-14 16:19:40.028 [http-nio-8080-exec-6] [32mDEBUG[0;39m org.hibernate.SQL                    [ |  | ] - 
    select
        us1_0.id,
        us1_0.created_at,
        us1_0.last_active_at,
        us1_0.updated_at,
        us1_0.user_id 
    from
        user_statuses us1_0 
    where
        us1_0.user_id=?
25-04-14 16:19:40.028 [http-nio-8080-exec-6] [32mTRACE[0;39m org.hibernate.orm.jdbc.bind          [ |  | ] - binding parameter (1:UUID) <- [5735c1de-7d10-415d-94fb-b6a471c518a8]
25-04-14 16:19:40.029 [http-nio-8080-exec-6] [32mDEBUG[0;39m org.hibernate.SQL                    [ |  | ] - 
    select
        us1_0.id,
        us1_0.created_at,
        us1_0.last_active_at,
        us1_0.updated_at,
        us1_0.user_id 
    from
        user_statuses us1_0 
    where
        us1_0.user_id=?
25-04-14 16:19:40.029 [http-nio-8080-exec-6] [32mTRACE[0;39m org.hibernate.orm.jdbc.bind          [ |  | ] - binding parameter (1:UUID) <- [d867e1e2-c22c-4201-b137-496edf3adf71]
25-04-14 16:19:40.029 [http-nio-8080-exec-6] [32mDEBUG[0;39m org.hibernate.SQL                    [ |  | ] - 
    select
        us1_0.id,
        us1_0.created_at,
        us1_0.last_active_at,
        us1_0.updated_at,
        us1_0.user_id 
    from
        user_statuses us1_0 
    where
        us1_0.user_id=?
25-04-14 16:19:40.029 [http-nio-8080-exec-6] [32mTRACE[0;39m org.hibernate.orm.jdbc.bind          [ |  | ] - binding parameter (1:UUID) <- [c457048e-c1a2-46c5-8a52-b87738dc89a1]
25-04-14 16:19:40.030 [http-nio-8080-exec-6] [32mDEBUG[0;39m org.hibernate.SQL                    [ |  | ] - 
    select
        us1_0.id,
        us1_0.created_at,
        us1_0.last_active_at,
        us1_0.updated_at,
        us1_0.user_id 
    from
        user_statuses us1_0 
    where
        us1_0.user_id=?
25-04-14 16:19:40.030 [http-nio-8080-exec-6] [32mTRACE[0;39m org.hibernate.orm.jdbc.bind          [ |  | ] - binding parameter (1:UUID) <- [58734365-46e5-427c-aad4-91a591469b01]
25-04-14 16:19:40.031 [http-nio-8080-exec-6] [32mDEBUG[0;39m c.s.m.d.controller.UserController    [ |  | ] - 사용자 목록 조회 응답: count=15
25-04-14 16:19:45.782 [http-nio-8080-exec-10] [32mINFO [0;39m c.s.m.d.controller.AuthControllerV1  [ |  | ] - 로그인 요청: username=1
25-04-14 16:19:45.785 [http-nio-8080-exec-10] [32mDEBUG[0;39m org.hibernate.SQL                    [ |  | ] - 
    select
        u1_0.id,
        u1_0.created_at,
        u1_0.email,
        u1_0.password,
        u1_0.profile_id,
        u1_0.updated_at,
        u1_0.username 
    from
        users u1_0 
    where
        u1_0.username=?
25-04-14 16:19:45.785 [http-nio-8080-exec-10] [32mTRACE[0;39m org.hibernate.orm.jdbc.bind          [ |  | ] - binding parameter (1:VARCHAR) <- [1]
25-04-14 16:19:45.786 [http-nio-8080-exec-10] [32mDEBUG[0;39m org.hibernate.SQL                    [ |  | ] - 
    select
        us1_0.id,
        us1_0.created_at,
        us1_0.last_active_at,
        us1_0.updated_at,
        us1_0.user_id 
    from
        user_statuses us1_0 
    where
        us1_0.user_id=?
25-04-14 16:19:45.786 [http-nio-8080-exec-10] [32mTRACE[0;39m org.hibernate.orm.jdbc.bind          [ |  | ] - binding parameter (1:UUID) <- [b64d0c15-b1fe-46a0-beca-cb61a947228a]
25-04-14 16:19:45.788 [http-nio-8080-exec-10] [32mDEBUG[0;39m org.hibernate.SQL                    [ |  | ] - 
    select
        us1_0.id,
        us1_0.created_at,
        us1_0.last_active_at,
        us1_0.updated_at,
        us1_0.user_id 
    from
        user_statuses us1_0 
    left join
        users u1_0 
            on u1_0.id=us1_0.user_id 
    where
        u1_0.id=?
25-04-14 16:19:45.788 [http-nio-8080-exec-10] [32mTRACE[0;39m org.hibernate.orm.jdbc.bind          [ |  | ] - binding parameter (1:UUID) <- [b64d0c15-b1fe-46a0-beca-cb61a947228a]
25-04-14 16:19:45.790 [http-nio-8080-exec-10] [32mDEBUG[0;39m org.hibernate.SQL                    [ |  | ] - 
    update
        user_statuses 
    set
        created_at=?,
        last_active_at=?,
        updated_at=?,
        user_id=? 
    where
        id=?
25-04-14 16:19:45.790 [http-nio-8080-exec-10] [32mTRACE[0;39m org.hibernate.orm.jdbc.bind          [ |  | ] - binding parameter (1:TIMESTAMP_UTC) <- [2025-03-16T15:46:50.728321Z]
25-04-14 16:19:45.790 [http-nio-8080-exec-10] [32mTRACE[0;39m org.hibernate.orm.jdbc.bind          [ |  | ] - binding parameter (2:TIMESTAMP_UTC) <- [2025-04-14T07:19:45.787641500Z]
25-04-14 16:19:45.790 [http-nio-8080-exec-10] [32mTRACE[0;39m org.hibernate.orm.jdbc.bind          [ |  | ] - binding parameter (3:TIMESTAMP_UTC) <- [null]
25-04-14 16:19:45.790 [http-nio-8080-exec-10] [32mTRACE[0;39m org.hibernate.orm.jdbc.bind          [ |  | ] - binding parameter (4:UUID) <- [b64d0c15-b1fe-46a0-beca-cb61a947228a]
25-04-14 16:19:45.790 [http-nio-8080-exec-10] [32mTRACE[0;39m org.hibernate.orm.jdbc.bind          [ |  | ] - binding parameter (5:UUID) <- [ca41a864-c8c3-4be6-a5fa-20c6078099db]
25-04-14 16:19:45.792 [http-nio-8080-exec-10] [32mDEBUG[0;39m c.s.m.d.controller.AuthControllerV1  [ |  | ] - 로그인 응답: UserDto[userId=b64d0c15-b1fe-46a0-beca-cb61a947228a, createdAt=2025-03-16T15:46:50.717317Z, updatedAt=null, username=1, email=1@cod2eit.com, profileId=null, isOnline=true]
25-04-14 16:19:45.806 [http-nio-8080-exec-7] [32mINFO [0;39m c.s.m.d.controller.UserController    [ |  | ] - 사용자 목록 조회 요청
25-04-14 16:19:45.807 [http-nio-8080-exec-7] [32mDEBUG[0;39m org.hibernate.SQL                    [ |  | ] - 
    select
        u1_0.id,
        u1_0.created_at,
        u1_0.email,
        u1_0.password,
        u1_0.profile_id,
        u1_0.updated_at,
        u1_0.username 
    from
        users u1_0
25-04-14 16:19:45.808 [http-nio-8080-exec-7] [32mDEBUG[0;39m org.hibernate.SQL                    [ |  | ] - 
    select
        us1_0.id,
        us1_0.created_at,
        us1_0.last_active_at,
        us1_0.updated_at,
        us1_0.user_id 
    from
        user_statuses us1_0 
    where
        us1_0.user_id=?
25-04-14 16:19:45.808 [http-nio-8080-exec-7] [32mTRACE[0;39m org.hibernate.orm.jdbc.bind          [ |  | ] - binding parameter (1:UUID) <- [8eda736a-b140-4189-906e-5da4f22f977d]
25-04-14 16:19:45.809 [http-nio-8080-exec-7] [32mDEBUG[0;39m org.hibernate.SQL                    [ |  | ] - 
    select
        us1_0.id,
        us1_0.created_at,
        us1_0.last_active_at,
        us1_0.updated_at,
        us1_0.user_id 
    from
        user_statuses us1_0 
    where
        us1_0.user_id=?
25-04-14 16:19:45.809 [http-nio-8080-exec-7] [32mTRACE[0;39m org.hibernate.orm.jdbc.bind          [ |  | ] - binding parameter (1:UUID) <- [cb1e48ad-2480-40e8-91b8-f17fb89149ac]
25-04-14 16:19:45.810 [http-nio-8080-exec-7] [32mDEBUG[0;39m org.hibernate.SQL                    [ |  | ] - 
    select
        us1_0.id,
        us1_0.created_at,
        us1_0.last_active_at,
        us1_0.updated_at,
        us1_0.user_id 
    from
        user_statuses us1_0 
    where
        us1_0.user_id=?
25-04-14 16:19:45.810 [http-nio-8080-exec-7] [32mTRACE[0;39m org.hibernate.orm.jdbc.bind          [ |  | ] - binding parameter (1:UUID) <- [e884b46f-a2ab-4996-9a7f-baa7ee41b5fd]
25-04-14 16:19:45.810 [http-nio-8080-exec-7] [32mDEBUG[0;39m org.hibernate.SQL                    [ |  | ] - 
    select
        us1_0.id,
        us1_0.created_at,
        us1_0.last_active_at,
        us1_0.updated_at,
        us1_0.user_id 
    from
        user_statuses us1_0 
    where
        us1_0.user_id=?
25-04-14 16:19:45.810 [http-nio-8080-exec-7] [32mTRACE[0;39m org.hibernate.orm.jdbc.bind          [ |  | ] - binding parameter (1:UUID) <- [6e94cf9c-7085-4e49-9883-260c3c32e68c]
25-04-14 16:19:45.810 [http-nio-8080-exec-7] [32mDEBUG[0;39m org.hibernate.SQL                    [ |  | ] - 
    select
        us1_0.id,
        us1_0.created_at,
        us1_0.last_active_at,
        us1_0.updated_at,
        us1_0.user_id 
    from
        user_statuses us1_0 
    where
        us1_0.user_id=?
25-04-14 16:19:45.810 [http-nio-8080-exec-7] [32mTRACE[0;39m org.hibernate.orm.jdbc.bind          [ |  | ] - binding parameter (1:UUID) <- [d2175aff-c5af-430e-af41-ae472d8642b6]
25-04-14 16:19:45.811 [http-nio-8080-exec-7] [32mDEBUG[0;39m org.hibernate.SQL                    [ |  | ] - 
    select
        us1_0.id,
        us1_0.created_at,
        us1_0.last_active_at,
        us1_0.updated_at,
        us1_0.user_id 
    from
        user_statuses us1_0 
    where
        us1_0.user_id=?
25-04-14 16:19:45.811 [http-nio-8080-exec-7] [32mTRACE[0;39m org.hibernate.orm.jdbc.bind          [ |  | ] - binding parameter (1:UUID) <- [1a064ffe-a25a-4492-9fe0-370528e5279f]
25-04-14 16:19:45.811 [http-nio-8080-exec-7] [32mDEBUG[0;39m org.hibernate.SQL                    [ |  | ] - 
    select
        us1_0.id,
        us1_0.created_at,
        us1_0.last_active_at,
        us1_0.updated_at,
        us1_0.user_id 
    from
        user_statuses us1_0 
    where
        us1_0.user_id=?
25-04-14 16:19:45.811 [http-nio-8080-exec-7] [32mTRACE[0;39m org.hibernate.orm.jdbc.bind          [ |  | ] - binding parameter (1:UUID) <- [962332e6-8cc3-4538-8c64-d2b022e7bf81]
25-04-14 16:19:45.811 [http-nio-8080-exec-7] [32mDEBUG[0;39m org.hibernate.SQL                    [ |  | ] - 
    select
        us1_0.id,
        us1_0.created_at,
        us1_0.last_active_at,
        us1_0.updated_at,
        us1_0.user_id 
    from
        user_statuses us1_0 
    where
        us1_0.user_id=?
25-04-14 16:19:45.811 [http-nio-8080-exec-7] [32mTRACE[0;39m org.hibernate.orm.jdbc.bind          [ |  | ] - binding parameter (1:UUID) <- [1bf3c1d5-ba9e-445c-bb05-e46f4da38b55]
25-04-14 16:19:45.812 [http-nio-8080-exec-7] [32mDEBUG[0;39m org.hibernate.SQL                    [ |  | ] - 
    select
        us1_0.id,
        us1_0.created_at,
        us1_0.last_active_at,
        us1_0.updated_at,
        us1_0.user_id 
    from
        user_statuses us1_0 
    where
        us1_0.user_id=?
25-04-14 16:19:45.812 [http-nio-8080-exec-7] [32mTRACE[0;39m org.hibernate.orm.jdbc.bind          [ |  | ] - binding parameter (1:UUID) <- [406d1ca8-ca14-4cf4-afd7-6d2985bc0d47]
25-04-14 16:19:45.812 [http-nio-8080-exec-7] [32mDEBUG[0;39m org.hibernate.SQL                    [ |  | ] - 
    select
        us1_0.id,
        us1_0.created_at,
        us1_0.last_active_at,
        us1_0.updated_at,
        us1_0.user_id 
    from
        user_statuses us1_0 
    where
        us1_0.user_id=?
25-04-14 16:19:45.812 [http-nio-8080-exec-7] [32mTRACE[0;39m org.hibernate.orm.jdbc.bind          [ |  | ] - binding parameter (1:UUID) <- [b64d0c15-b1fe-46a0-beca-cb61a947228a]
25-04-14 16:19:45.813 [http-nio-8080-exec-7] [32mDEBUG[0;39m org.hibernate.SQL                    [ |  | ] - 
    select
        us1_0.id,
        us1_0.created_at,
        us1_0.last_active_at,
        us1_0.updated_at,
        us1_0.user_id 
    from
        user_statuses us1_0 
    where
        us1_0.user_id=?
25-04-14 16:19:45.813 [http-nio-8080-exec-7] [32mTRACE[0;39m org.hibernate.orm.jdbc.bind          [ |  | ] - binding parameter (1:UUID) <- [48e2f3f6-5bb6-47b6-ad6e-3c1dd8240735]
25-04-14 16:19:45.813 [http-nio-8080-exec-7] [32mDEBUG[0;39m org.hibernate.SQL                    [ |  | ] - 
    select
        us1_0.id,
        us1_0.created_at,
        us1_0.last_active_at,
        us1_0.updated_at,
        us1_0.user_id 
    from
        user_statuses us1_0 
    where
        us1_0.user_id=?
25-04-14 16:19:45.813 [http-nio-8080-exec-7] [32mTRACE[0;39m org.hibernate.orm.jdbc.bind          [ |  | ] - binding parameter (1:UUID) <- [5735c1de-7d10-415d-94fb-b6a471c518a8]
25-04-14 16:19:45.813 [http-nio-8080-exec-7] [32mDEBUG[0;39m org.hibernate.SQL                    [ |  | ] - 
    select
        us1_0.id,
        us1_0.created_at,
        us1_0.last_active_at,
        us1_0.updated_at,
        us1_0.user_id 
    from
        user_statuses us1_0 
    where
        us1_0.user_id=?
25-04-14 16:19:45.813 [http-nio-8080-exec-7] [32mTRACE[0;39m org.hibernate.orm.jdbc.bind          [ |  | ] - binding parameter (1:UUID) <- [d867e1e2-c22c-4201-b137-496edf3adf71]
25-04-14 16:19:45.814 [http-nio-8080-exec-7] [32mDEBUG[0;39m org.hibernate.SQL                    [ |  | ] - 
    select
        us1_0.id,
        us1_0.created_at,
        us1_0.last_active_at,
        us1_0.updated_at,
        us1_0.user_id 
    from
        user_statuses us1_0 
    where
        us1_0.user_id=?
25-04-14 16:19:45.814 [http-nio-8080-exec-7] [32mTRACE[0;39m org.hibernate.orm.jdbc.bind          [ |  | ] - binding parameter (1:UUID) <- [c457048e-c1a2-46c5-8a52-b87738dc89a1]
25-04-14 16:19:45.814 [http-nio-8080-exec-7] [32mDEBUG[0;39m org.hibernate.SQL                    [ |  | ] - 
    select
        us1_0.id,
        us1_0.created_at,
        us1_0.last_active_at,
        us1_0.updated_at,
        us1_0.user_id 
    from
        user_statuses us1_0 
    where
        us1_0.user_id=?
25-04-14 16:19:45.814 [http-nio-8080-exec-7] [32mTRACE[0;39m org.hibernate.orm.jdbc.bind          [ |  | ] - binding parameter (1:UUID) <- [58734365-46e5-427c-aad4-91a591469b01]
25-04-14 16:19:45.815 [http-nio-8080-exec-7] [32mDEBUG[0;39m c.s.m.d.controller.UserController    [ |  | ] - 사용자 목록 조회 응답: count=15
25-04-14 16:22:25.304 [SpringApplicationShutdownHook] [32mINFO [0;39m o.s.b.w.e.tomcat.GracefulShutdown    [ |  | ] - Commencing graceful shutdown. Waiting for active requests to complete
25-04-14 16:22:25.392 [tomcat-shutdown] [32mINFO [0;39m o.s.b.w.e.tomcat.GracefulShutdown    [ |  | ] - Graceful shutdown complete
25-04-14 16:22:25.396 [SpringApplicationShutdownHook] [32mINFO [0;39m o.s.o.j.LocalContainerEntityManagerFactoryBean [ |  | ] - Closing JPA EntityManagerFactory for persistence unit 'default'
25-04-14 16:22:25.397 [SpringApplicationShutdownHook] [32mINFO [0;39m com.zaxxer.hikari.HikariDataSource   [ |  | ] - HikariPool-1 - Shutdown initiated...
25-04-14 16:22:25.398 [SpringApplicationShutdownHook] [32mINFO [0;39m com.zaxxer.hikari.HikariDataSource   [ |  | ] - HikariPool-1 - Shutdown completed.
25-04-14 16:22:52.095 [background-preinit] [32mINFO [0;39m o.h.validator.internal.util.Version  [ |  | ] - HV000001: Hibernate Validator 8.0.1.Final
25-04-14 16:22:52.141 [main] [32mINFO [0;39m c.s.m.discodeit.DiscodeitApplication [ |  | ] - Starting DiscodeitApplication using Java 17.0.13 with PID 19044 (C:\Users\leesi\1-sprint-mission\build\classes\java\main started by lee in C:\Users\leesi\1-sprint-mission)
25-04-14 16:22:52.141 [main] [32mDEBUG[0;39m c.s.m.discodeit.DiscodeitApplication [ |  | ] - Running with Spring Boot v3.4.2, Spring v6.2.2
25-04-14 16:22:52.142 [main] [32mINFO [0;39m c.s.m.discodeit.DiscodeitApplication [ |  | ] - The following 1 profile is active: "dev"
25-04-14 16:22:52.943 [main] [32mINFO [0;39m o.s.d.r.c.RepositoryConfigurationDelegate [ |  | ] - Bootstrapping Spring Data JPA repositories in DEFAULT mode.
25-04-14 16:22:53.001 [main] [32mINFO [0;39m o.s.d.r.c.RepositoryConfigurationDelegate [ |  | ] - Finished Spring Data repository scanning in 51 ms. Found 6 JPA repository interfaces.
25-04-14 16:22:53.532 [main] [32mINFO [0;39m o.s.b.w.e.tomcat.TomcatWebServer     [ |  | ] - Tomcat initialized with port 8080 (http)
25-04-14 16:22:53.534 [main] [32mINFO [0;39m o.a.c.core.AprLifecycleListener      [ |  | ] - Loaded Apache Tomcat Native library [2.0.8] using APR version [1.7.4].
25-04-14 16:22:53.537 [main] [32mINFO [0;39m o.a.c.core.AprLifecycleListener      [ |  | ] - OpenSSL successfully initialized [OpenSSL 3.0.14 4 Jun 2024]
25-04-14 16:22:53.545 [main] [32mINFO [0;39m o.a.coyote.http11.Http11NioProtocol  [ |  | ] - Initializing ProtocolHandler ["http-nio-8080"]
25-04-14 16:22:53.546 [main] [32mINFO [0;39m o.a.catalina.core.StandardService    [ |  | ] - Starting service [Tomcat]
25-04-14 16:22:53.546 [main] [32mINFO [0;39m o.a.catalina.core.StandardEngine     [ |  | ] - Starting Servlet engine: [Apache Tomcat/10.1.34]
25-04-14 16:22:53.604 [main] [32mINFO [0;39m o.a.c.c.C.[Tomcat].[localhost].[/]   [ |  | ] - Initializing Spring embedded WebApplicationContext
25-04-14 16:22:53.604 [main] [32mINFO [0;39m o.s.b.w.s.c.ServletWebServerApplicationContext [ |  | ] - Root WebApplicationContext: initialization completed in 1427 ms
25-04-14 16:22:53.768 [main] [32mINFO [0;39m com.zaxxer.hikari.HikariDataSource   [ |  | ] - HikariPool-1 - Starting...
25-04-14 16:22:53.893 [main] [32mINFO [0;39m com.zaxxer.hikari.pool.HikariPool    [ |  | ] - HikariPool-1 - Added connection org.postgresql.jdbc.PgConnection@7c69e1e1
25-04-14 16:22:53.894 [main] [32mINFO [0;39m com.zaxxer.hikari.HikariDataSource   [ |  | ] - HikariPool-1 - Start completed.
25-04-14 16:22:53.958 [main] [32mINFO [0;39m o.h.jpa.internal.util.LogHelper      [ |  | ] - HHH000204: Processing PersistenceUnitInfo [name: default]
25-04-14 16:22:54.006 [main] [32mINFO [0;39m org.hibernate.Version                [ |  | ] - HHH000412: Hibernate ORM core version 6.6.5.Final
25-04-14 16:22:54.032 [main] [32mINFO [0;39m o.h.c.i.RegionFactoryInitiator       [ |  | ] - HHH000026: Second-level cache disabled
25-04-14 16:22:54.255 [main] [32mINFO [0;39m o.s.o.j.p.SpringPersistenceUnitInfo  [ |  | ] - No LoadTimeWeaver setup: ignoring JPA class transformer
25-04-14 16:22:54.329 [main] [32mINFO [0;39m o.hibernate.orm.connections.pooling  [ |  | ] - HHH10001005: Database info:
	Database JDBC URL [Connecting through datasource 'HikariDataSource (HikariPool-1)']
	Database driver: undefined/unknown
	Database version: 17.4
	Autocommit mode: undefined/unknown
	Isolation level: undefined/unknown
	Minimum pool size: undefined/unknown
	Maximum pool size: undefined/unknown
25-04-14 16:22:55.121 [main] [32mINFO [0;39m o.h.e.t.j.p.i.JtaPlatformInitiator   [ |  | ] - HHH000489: No JTA platform available (set 'hibernate.transaction.jta.platform' to enable JTA platform integration)
25-04-14 16:22:55.154 [main] [32mINFO [0;39m o.s.o.j.LocalContainerEntityManagerFactoryBean [ |  | ] - Initialized JPA EntityManagerFactory for persistence unit 'default'
25-04-14 16:22:55.465 [main] [32mINFO [0;39m o.s.d.j.r.query.QueryEnhancerFactory [ |  | ] - Hibernate is in classpath; If applicable, HQL parser will be used.
25-04-14 16:22:55.940 [main] [32mINFO [0;39m o.s.b.a.w.s.WelcomePageHandlerMapping [ |  | ] - Adding welcome page: class path resource [static/index.html]
25-04-14 16:22:56.518 [main] [32mINFO [0;39m o.s.b.a.e.web.EndpointLinksResolver  [ |  | ] - Exposing 4 endpoints beneath base path '/actuator'
25-04-14 16:22:56.565 [main] [32mINFO [0;39m o.a.coyote.http11.Http11NioProtocol  [ |  | ] - Starting ProtocolHandler ["http-nio-8080"]
25-04-14 16:22:56.588 [main] [32mINFO [0;39m o.s.b.w.e.tomcat.TomcatWebServer     [ |  | ] - Tomcat started on port 8080 (http) with context path '/'
25-04-14 16:22:56.600 [main] [32mINFO [0;39m c.s.m.discodeit.DiscodeitApplication [ |  | ] - Started DiscodeitApplication in 5.116 seconds (process running for 5.519)
25-04-14 16:22:56.773 [RMI TCP Connection(2)-172.21.144.1] [32mINFO [0;39m o.a.c.c.C.[Tomcat].[localhost].[/]   [ |  | ] - Initializing Spring DispatcherServlet 'dispatcherServlet'
25-04-14 16:22:56.773 [RMI TCP Connection(2)-172.21.144.1] [32mINFO [0;39m o.s.web.servlet.DispatcherServlet    [ |  | ] - Initializing Servlet 'dispatcherServlet'
25-04-14 16:22:56.775 [RMI TCP Connection(2)-172.21.144.1] [32mINFO [0;39m o.s.web.servlet.DispatcherServlet    [ |  | ] - Completed initialization in 2 ms
25-04-14 16:23:03.594 [http-nio-8080-exec-5] [32mINFO [0;39m c.s.m.d.controller.AuthControllerV1  [ |  | ] - 로그인 요청: username=1
25-04-14 16:23:03.650 [http-nio-8080-exec-5] [32mDEBUG[0;39m org.hibernate.SQL                    [ |  | ] - 
    select
        u1_0.id,
        u1_0.created_at,
        u1_0.email,
        u1_0.password,
        u1_0.profile_id,
        u1_0.updated_at,
        u1_0.username 
    from
        users u1_0 
    where
        u1_0.username=?
25-04-14 16:23:03.651 [http-nio-8080-exec-5] [32mTRACE[0;39m org.hibernate.orm.jdbc.bind          [ |  | ] - binding parameter (1:VARCHAR) <- [1]
25-04-14 16:23:03.673 [http-nio-8080-exec-5] [32mDEBUG[0;39m org.hibernate.SQL                    [ |  | ] - 
    select
        us1_0.id,
        us1_0.created_at,
        us1_0.last_active_at,
        us1_0.updated_at,
        us1_0.user_id 
    from
        user_statuses us1_0 
    where
        us1_0.user_id=?
25-04-14 16:23:03.673 [http-nio-8080-exec-5] [32mTRACE[0;39m org.hibernate.orm.jdbc.bind          [ |  | ] - binding parameter (1:UUID) <- [b64d0c15-b1fe-46a0-beca-cb61a947228a]
25-04-14 16:23:03.692 [http-nio-8080-exec-5] [32mDEBUG[0;39m org.hibernate.SQL                    [ |  | ] - 
    select
        us1_0.id,
        us1_0.created_at,
        us1_0.last_active_at,
        us1_0.updated_at,
        us1_0.user_id 
    from
        user_statuses us1_0 
    left join
        users u1_0 
            on u1_0.id=us1_0.user_id 
    where
        u1_0.id=?
25-04-14 16:23:03.692 [http-nio-8080-exec-5] [32mTRACE[0;39m org.hibernate.orm.jdbc.bind          [ |  | ] - binding parameter (1:UUID) <- [b64d0c15-b1fe-46a0-beca-cb61a947228a]
25-04-14 16:23:03.712 [http-nio-8080-exec-5] [32mDEBUG[0;39m org.hibernate.SQL                    [ |  | ] - 
    update
        user_statuses 
    set
        created_at=?,
        last_active_at=?,
        updated_at=?,
        user_id=? 
    where
        id=?
25-04-14 16:23:03.714 [http-nio-8080-exec-5] [32mTRACE[0;39m org.hibernate.orm.jdbc.bind          [ |  | ] - binding parameter (1:TIMESTAMP_UTC) <- [2025-03-16T15:46:50.728321Z]
25-04-14 16:23:03.714 [http-nio-8080-exec-5] [32mTRACE[0;39m org.hibernate.orm.jdbc.bind          [ |  | ] - binding parameter (2:TIMESTAMP_UTC) <- [2025-04-14T07:23:03.683394300Z]
25-04-14 16:23:03.714 [http-nio-8080-exec-5] [32mTRACE[0;39m org.hibernate.orm.jdbc.bind          [ |  | ] - binding parameter (3:TIMESTAMP_UTC) <- [null]
25-04-14 16:23:03.714 [http-nio-8080-exec-5] [32mTRACE[0;39m org.hibernate.orm.jdbc.bind          [ |  | ] - binding parameter (4:UUID) <- [b64d0c15-b1fe-46a0-beca-cb61a947228a]
25-04-14 16:23:03.715 [http-nio-8080-exec-5] [32mTRACE[0;39m org.hibernate.orm.jdbc.bind          [ |  | ] - binding parameter (5:UUID) <- [ca41a864-c8c3-4be6-a5fa-20c6078099db]
25-04-14 16:23:03.720 [http-nio-8080-exec-5] [32mDEBUG[0;39m c.s.m.d.controller.AuthControllerV1  [ |  | ] - 로그인 응답: UserDto[userId=b64d0c15-b1fe-46a0-beca-cb61a947228a, username=1, email=1@cod2eit.com, profile=null, isOnline=true]
25-04-14 16:23:03.737 [http-nio-8080-exec-6] [32mINFO [0;39m c.s.m.d.controller.UserController    [ |  | ] - 사용자 목록 조회 요청
25-04-14 16:23:03.742 [http-nio-8080-exec-6] [32mDEBUG[0;39m org.hibernate.SQL                    [ |  | ] - 
    select
        u1_0.id,
        u1_0.created_at,
        u1_0.email,
        u1_0.password,
        u1_0.profile_id,
        u1_0.updated_at,
        u1_0.username 
    from
        users u1_0
25-04-14 16:23:03.748 [http-nio-8080-exec-6] [32mDEBUG[0;39m org.hibernate.SQL                    [ |  | ] - 
    select
        us1_0.id,
        us1_0.created_at,
        us1_0.last_active_at,
        us1_0.updated_at,
        us1_0.user_id 
    from
        user_statuses us1_0 
    where
        us1_0.user_id=?
25-04-14 16:23:03.748 [http-nio-8080-exec-6] [32mTRACE[0;39m org.hibernate.orm.jdbc.bind          [ |  | ] - binding parameter (1:UUID) <- [8eda736a-b140-4189-906e-5da4f22f977d]
25-04-14 16:23:03.749 [http-nio-8080-exec-6] [32mDEBUG[0;39m org.hibernate.SQL                    [ |  | ] - 
    select
        us1_0.id,
        us1_0.created_at,
        us1_0.last_active_at,
        us1_0.updated_at,
        us1_0.user_id 
    from
        user_statuses us1_0 
    where
        us1_0.user_id=?
25-04-14 16:23:03.749 [http-nio-8080-exec-6] [32mTRACE[0;39m org.hibernate.orm.jdbc.bind          [ |  | ] - binding parameter (1:UUID) <- [cb1e48ad-2480-40e8-91b8-f17fb89149ac]
25-04-14 16:23:03.750 [http-nio-8080-exec-6] [32mDEBUG[0;39m org.hibernate.SQL                    [ |  | ] - 
    select
        us1_0.id,
        us1_0.created_at,
        us1_0.last_active_at,
        us1_0.updated_at,
        us1_0.user_id 
    from
        user_statuses us1_0 
    where
        us1_0.user_id=?
25-04-14 16:23:03.750 [http-nio-8080-exec-6] [32mTRACE[0;39m org.hibernate.orm.jdbc.bind          [ |  | ] - binding parameter (1:UUID) <- [e884b46f-a2ab-4996-9a7f-baa7ee41b5fd]
25-04-14 16:23:03.751 [http-nio-8080-exec-6] [32mDEBUG[0;39m org.hibernate.SQL                    [ |  | ] - 
    select
        us1_0.id,
        us1_0.created_at,
        us1_0.last_active_at,
        us1_0.updated_at,
        us1_0.user_id 
    from
        user_statuses us1_0 
    where
        us1_0.user_id=?
25-04-14 16:23:03.751 [http-nio-8080-exec-6] [32mTRACE[0;39m org.hibernate.orm.jdbc.bind          [ |  | ] - binding parameter (1:UUID) <- [6e94cf9c-7085-4e49-9883-260c3c32e68c]
25-04-14 16:23:03.752 [http-nio-8080-exec-6] [32mDEBUG[0;39m org.hibernate.SQL                    [ |  | ] - 
    select
        us1_0.id,
        us1_0.created_at,
        us1_0.last_active_at,
        us1_0.updated_at,
        us1_0.user_id 
    from
        user_statuses us1_0 
    where
        us1_0.user_id=?
25-04-14 16:23:03.752 [http-nio-8080-exec-6] [32mTRACE[0;39m org.hibernate.orm.jdbc.bind          [ |  | ] - binding parameter (1:UUID) <- [d2175aff-c5af-430e-af41-ae472d8642b6]
25-04-14 16:23:03.753 [http-nio-8080-exec-6] [32mDEBUG[0;39m org.hibernate.SQL                    [ |  | ] - 
    select
        us1_0.id,
        us1_0.created_at,
        us1_0.last_active_at,
        us1_0.updated_at,
        us1_0.user_id 
    from
        user_statuses us1_0 
    where
        us1_0.user_id=?
25-04-14 16:23:03.753 [http-nio-8080-exec-6] [32mTRACE[0;39m org.hibernate.orm.jdbc.bind          [ |  | ] - binding parameter (1:UUID) <- [1a064ffe-a25a-4492-9fe0-370528e5279f]
25-04-14 16:23:03.753 [http-nio-8080-exec-6] [32mDEBUG[0;39m org.hibernate.SQL                    [ |  | ] - 
    select
        us1_0.id,
        us1_0.created_at,
        us1_0.last_active_at,
        us1_0.updated_at,
        us1_0.user_id 
    from
        user_statuses us1_0 
    where
        us1_0.user_id=?
25-04-14 16:23:03.754 [http-nio-8080-exec-6] [32mTRACE[0;39m org.hibernate.orm.jdbc.bind          [ |  | ] - binding parameter (1:UUID) <- [962332e6-8cc3-4538-8c64-d2b022e7bf81]
25-04-14 16:23:03.754 [http-nio-8080-exec-6] [32mDEBUG[0;39m org.hibernate.SQL                    [ |  | ] - 
    select
        us1_0.id,
        us1_0.created_at,
        us1_0.last_active_at,
        us1_0.updated_at,
        us1_0.user_id 
    from
        user_statuses us1_0 
    where
        us1_0.user_id=?
25-04-14 16:23:03.754 [http-nio-8080-exec-6] [32mTRACE[0;39m org.hibernate.orm.jdbc.bind          [ |  | ] - binding parameter (1:UUID) <- [1bf3c1d5-ba9e-445c-bb05-e46f4da38b55]
25-04-14 16:23:03.755 [http-nio-8080-exec-6] [32mDEBUG[0;39m org.hibernate.SQL                    [ |  | ] - 
    select
        us1_0.id,
        us1_0.created_at,
        us1_0.last_active_at,
        us1_0.updated_at,
        us1_0.user_id 
    from
        user_statuses us1_0 
    where
        us1_0.user_id=?
25-04-14 16:23:03.755 [http-nio-8080-exec-6] [32mTRACE[0;39m org.hibernate.orm.jdbc.bind          [ |  | ] - binding parameter (1:UUID) <- [406d1ca8-ca14-4cf4-afd7-6d2985bc0d47]
25-04-14 16:23:03.755 [http-nio-8080-exec-6] [32mDEBUG[0;39m org.hibernate.SQL                    [ |  | ] - 
    select
        us1_0.id,
        us1_0.created_at,
        us1_0.last_active_at,
        us1_0.updated_at,
        us1_0.user_id 
    from
        user_statuses us1_0 
    where
        us1_0.user_id=?
25-04-14 16:23:03.755 [http-nio-8080-exec-6] [32mTRACE[0;39m org.hibernate.orm.jdbc.bind          [ |  | ] - binding parameter (1:UUID) <- [b64d0c15-b1fe-46a0-beca-cb61a947228a]
25-04-14 16:23:03.756 [http-nio-8080-exec-6] [32mDEBUG[0;39m org.hibernate.SQL                    [ |  | ] - 
    select
        us1_0.id,
        us1_0.created_at,
        us1_0.last_active_at,
        us1_0.updated_at,
        us1_0.user_id 
    from
        user_statuses us1_0 
    where
        us1_0.user_id=?
25-04-14 16:23:03.756 [http-nio-8080-exec-6] [32mTRACE[0;39m org.hibernate.orm.jdbc.bind          [ |  | ] - binding parameter (1:UUID) <- [48e2f3f6-5bb6-47b6-ad6e-3c1dd8240735]
25-04-14 16:23:03.757 [http-nio-8080-exec-6] [32mDEBUG[0;39m org.hibernate.SQL                    [ |  | ] - 
    select
        us1_0.id,
        us1_0.created_at,
        us1_0.last_active_at,
        us1_0.updated_at,
        us1_0.user_id 
    from
        user_statuses us1_0 
    where
        us1_0.user_id=?
25-04-14 16:23:03.757 [http-nio-8080-exec-6] [32mTRACE[0;39m org.hibernate.orm.jdbc.bind          [ |  | ] - binding parameter (1:UUID) <- [5735c1de-7d10-415d-94fb-b6a471c518a8]
25-04-14 16:23:03.757 [http-nio-8080-exec-6] [32mDEBUG[0;39m org.hibernate.SQL                    [ |  | ] - 
    select
        us1_0.id,
        us1_0.created_at,
        us1_0.last_active_at,
        us1_0.updated_at,
        us1_0.user_id 
    from
        user_statuses us1_0 
    where
        us1_0.user_id=?
25-04-14 16:23:03.757 [http-nio-8080-exec-6] [32mTRACE[0;39m org.hibernate.orm.jdbc.bind          [ |  | ] - binding parameter (1:UUID) <- [d867e1e2-c22c-4201-b137-496edf3adf71]
25-04-14 16:23:03.758 [http-nio-8080-exec-6] [32mDEBUG[0;39m org.hibernate.SQL                    [ |  | ] - 
    select
        us1_0.id,
        us1_0.created_at,
        us1_0.last_active_at,
        us1_0.updated_at,
        us1_0.user_id 
    from
        user_statuses us1_0 
    where
        us1_0.user_id=?
25-04-14 16:23:03.758 [http-nio-8080-exec-6] [32mTRACE[0;39m org.hibernate.orm.jdbc.bind          [ |  | ] - binding parameter (1:UUID) <- [c457048e-c1a2-46c5-8a52-b87738dc89a1]
25-04-14 16:23:03.759 [http-nio-8080-exec-6] [32mDEBUG[0;39m org.hibernate.SQL                    [ |  | ] - 
    select
        us1_0.id,
        us1_0.created_at,
        us1_0.last_active_at,
        us1_0.updated_at,
        us1_0.user_id 
    from
        user_statuses us1_0 
    where
        us1_0.user_id=?
25-04-14 16:23:03.759 [http-nio-8080-exec-6] [32mTRACE[0;39m org.hibernate.orm.jdbc.bind          [ |  | ] - binding parameter (1:UUID) <- [58734365-46e5-427c-aad4-91a591469b01]
25-04-14 16:23:03.763 [http-nio-8080-exec-6] [32mDEBUG[0;39m org.hibernate.SQL                    [ |  | ] - 
    select
        bc1_0.id,
        bc1_0.content_type,
        bc1_0.created_at,
        bc1_0.file_name,
        bc1_0.size 
    from
        binary_contents bc1_0 
    where
        bc1_0.id=?
25-04-14 16:23:03.763 [http-nio-8080-exec-6] [32mTRACE[0;39m org.hibernate.orm.jdbc.bind          [ |  | ] - binding parameter (1:UUID) <- [9b5ab0b4-6f68-45af-a1a3-da8f19b12e75]
25-04-14 16:23:03.766 [http-nio-8080-exec-6] [32mDEBUG[0;39m org.hibernate.SQL                    [ |  | ] - 
    select
        bc1_0.id,
        bc1_0.content_type,
        bc1_0.created_at,
        bc1_0.file_name,
        bc1_0.size 
    from
        binary_contents bc1_0 
    where
        bc1_0.id=?
25-04-14 16:23:03.767 [http-nio-8080-exec-6] [32mTRACE[0;39m org.hibernate.orm.jdbc.bind          [ |  | ] - binding parameter (1:UUID) <- [f0147c4d-99cf-4b99-9a6e-73524ae999f3]
25-04-14 16:23:03.767 [http-nio-8080-exec-6] [32mDEBUG[0;39m org.hibernate.SQL                    [ |  | ] - 
    select
        bc1_0.id,
        bc1_0.content_type,
        bc1_0.created_at,
        bc1_0.file_name,
        bc1_0.size 
    from
        binary_contents bc1_0 
    where
        bc1_0.id=?
25-04-14 16:23:03.767 [http-nio-8080-exec-6] [32mTRACE[0;39m org.hibernate.orm.jdbc.bind          [ |  | ] - binding parameter (1:UUID) <- [3a3474bf-8347-45f1-aaa4-dd38b944a11d]
25-04-14 16:23:03.768 [http-nio-8080-exec-6] [32mDEBUG[0;39m c.s.m.d.controller.UserController    [ |  | ] - 사용자 목록 조회 응답: count=15
25-04-14 16:23:22.114 [SpringApplicationShutdownHook] [32mINFO [0;39m o.s.b.w.e.tomcat.GracefulShutdown    [ |  | ] - Commencing graceful shutdown. Waiting for active requests to complete
25-04-14 16:23:22.205 [tomcat-shutdown] [32mINFO [0;39m o.s.b.w.e.tomcat.GracefulShutdown    [ |  | ] - Graceful shutdown complete
25-04-14 16:23:22.209 [SpringApplicationShutdownHook] [32mINFO [0;39m o.s.o.j.LocalContainerEntityManagerFactoryBean [ |  | ] - Closing JPA EntityManagerFactory for persistence unit 'default'
25-04-14 16:23:22.210 [SpringApplicationShutdownHook] [32mINFO [0;39m com.zaxxer.hikari.HikariDataSource   [ |  | ] - HikariPool-1 - Shutdown initiated...
25-04-14 16:23:22.211 [SpringApplicationShutdownHook] [32mINFO [0;39m com.zaxxer.hikari.HikariDataSource   [ |  | ] - HikariPool-1 - Shutdown completed.
25-04-14 16:23:55.277 [background-preinit] [32mINFO [0;39m o.h.validator.internal.util.Version  [ |  | ] - HV000001: Hibernate Validator 8.0.1.Final
25-04-14 16:23:55.346 [main] [32mINFO [0;39m c.s.m.discodeit.DiscodeitApplication [ |  | ] - Starting DiscodeitApplication using Java 17.0.13 with PID 15984 (C:\Users\leesi\1-sprint-mission\build\classes\java\main started by lee in C:\Users\leesi\1-sprint-mission)
25-04-14 16:23:55.346 [main] [32mDEBUG[0;39m c.s.m.discodeit.DiscodeitApplication [ |  | ] - Running with Spring Boot v3.4.2, Spring v6.2.2
25-04-14 16:23:55.347 [main] [32mINFO [0;39m c.s.m.discodeit.DiscodeitApplication [ |  | ] - The following 1 profile is active: "dev"
25-04-14 16:23:56.209 [main] [32mINFO [0;39m o.s.d.r.c.RepositoryConfigurationDelegate [ |  | ] - Bootstrapping Spring Data JPA repositories in DEFAULT mode.
25-04-14 16:23:56.272 [main] [32mINFO [0;39m o.s.d.r.c.RepositoryConfigurationDelegate [ |  | ] - Finished Spring Data repository scanning in 55 ms. Found 6 JPA repository interfaces.
25-04-14 16:23:56.784 [main] [32mINFO [0;39m o.s.b.w.e.tomcat.TomcatWebServer     [ |  | ] - Tomcat initialized with port 8080 (http)
25-04-14 16:23:56.786 [main] [32mINFO [0;39m o.a.c.core.AprLifecycleListener      [ |  | ] - Loaded Apache Tomcat Native library [2.0.8] using APR version [1.7.4].
25-04-14 16:23:56.789 [main] [32mINFO [0;39m o.a.c.core.AprLifecycleListener      [ |  | ] - OpenSSL successfully initialized [OpenSSL 3.0.14 4 Jun 2024]
25-04-14 16:23:56.796 [main] [32mINFO [0;39m o.a.coyote.http11.Http11NioProtocol  [ |  | ] - Initializing ProtocolHandler ["http-nio-8080"]
25-04-14 16:23:56.797 [main] [32mINFO [0;39m o.a.catalina.core.StandardService    [ |  | ] - Starting service [Tomcat]
25-04-14 16:23:56.798 [main] [32mINFO [0;39m o.a.catalina.core.StandardEngine     [ |  | ] - Starting Servlet engine: [Apache Tomcat/10.1.34]
25-04-14 16:23:56.853 [main] [32mINFO [0;39m o.a.c.c.C.[Tomcat].[localhost].[/]   [ |  | ] - Initializing Spring embedded WebApplicationContext
25-04-14 16:23:56.853 [main] [32mINFO [0;39m o.s.b.w.s.c.ServletWebServerApplicationContext [ |  | ] - Root WebApplicationContext: initialization completed in 1465 ms
25-04-14 16:23:57.023 [main] [32mINFO [0;39m com.zaxxer.hikari.HikariDataSource   [ |  | ] - HikariPool-1 - Starting...
25-04-14 16:23:57.160 [main] [32mINFO [0;39m com.zaxxer.hikari.pool.HikariPool    [ |  | ] - HikariPool-1 - Added connection org.postgresql.jdbc.PgConnection@71468613
25-04-14 16:23:57.161 [main] [32mINFO [0;39m com.zaxxer.hikari.HikariDataSource   [ |  | ] - HikariPool-1 - Start completed.
25-04-14 16:23:57.234 [main] [32mINFO [0;39m o.h.jpa.internal.util.LogHelper      [ |  | ] - HHH000204: Processing PersistenceUnitInfo [name: default]
25-04-14 16:23:57.281 [main] [32mINFO [0;39m org.hibernate.Version                [ |  | ] - HHH000412: Hibernate ORM core version 6.6.5.Final
25-04-14 16:23:57.310 [main] [32mINFO [0;39m o.h.c.i.RegionFactoryInitiator       [ |  | ] - HHH000026: Second-level cache disabled
25-04-14 16:23:57.530 [main] [32mINFO [0;39m o.s.o.j.p.SpringPersistenceUnitInfo  [ |  | ] - No LoadTimeWeaver setup: ignoring JPA class transformer
25-04-14 16:23:57.606 [main] [32mINFO [0;39m o.hibernate.orm.connections.pooling  [ |  | ] - HHH10001005: Database info:
	Database JDBC URL [Connecting through datasource 'HikariDataSource (HikariPool-1)']
	Database driver: undefined/unknown
	Database version: 17.4
	Autocommit mode: undefined/unknown
	Isolation level: undefined/unknown
	Minimum pool size: undefined/unknown
	Maximum pool size: undefined/unknown
25-04-14 16:23:58.460 [main] [32mINFO [0;39m o.h.e.t.j.p.i.JtaPlatformInitiator   [ |  | ] - HHH000489: No JTA platform available (set 'hibernate.transaction.jta.platform' to enable JTA platform integration)
25-04-14 16:23:58.495 [main] [32mINFO [0;39m o.s.o.j.LocalContainerEntityManagerFactoryBean [ |  | ] - Initialized JPA EntityManagerFactory for persistence unit 'default'
25-04-14 16:23:58.809 [main] [32mINFO [0;39m o.s.d.j.r.query.QueryEnhancerFactory [ |  | ] - Hibernate is in classpath; If applicable, HQL parser will be used.
25-04-14 16:23:59.274 [main] [32mINFO [0;39m o.s.b.a.w.s.WelcomePageHandlerMapping [ |  | ] - Adding welcome page: class path resource [static/index.html]
25-04-14 16:23:59.816 [main] [32mINFO [0;39m o.s.b.a.e.web.EndpointLinksResolver  [ |  | ] - Exposing 4 endpoints beneath base path '/actuator'
25-04-14 16:23:59.861 [main] [32mINFO [0;39m o.a.coyote.http11.Http11NioProtocol  [ |  | ] - Starting ProtocolHandler ["http-nio-8080"]
25-04-14 16:23:59.874 [main] [32mINFO [0;39m o.s.b.w.e.tomcat.TomcatWebServer     [ |  | ] - Tomcat started on port 8080 (http) with context path '/'
25-04-14 16:23:59.884 [main] [32mINFO [0;39m c.s.m.discodeit.DiscodeitApplication [ |  | ] - Started DiscodeitApplication in 5.09 seconds (process running for 5.478)
25-04-14 16:24:00.102 [RMI TCP Connection(1)-172.21.144.1] [32mINFO [0;39m o.a.c.c.C.[Tomcat].[localhost].[/]   [ |  | ] - Initializing Spring DispatcherServlet 'dispatcherServlet'
25-04-14 16:24:00.103 [RMI TCP Connection(1)-172.21.144.1] [32mINFO [0;39m o.s.web.servlet.DispatcherServlet    [ |  | ] - Initializing Servlet 'dispatcherServlet'
25-04-14 16:24:00.104 [RMI TCP Connection(1)-172.21.144.1] [32mINFO [0;39m o.s.web.servlet.DispatcherServlet    [ |  | ] - Completed initialization in 1 ms
25-04-14 16:24:08.111 [http-nio-8080-exec-6] [32mINFO [0;39m c.s.m.d.controller.AuthControllerV1  [ |  | ] - 로그인 요청: username=1
25-04-14 16:24:08.166 [http-nio-8080-exec-6] [32mDEBUG[0;39m org.hibernate.SQL                    [ |  | ] - 
    select
        u1_0.id,
        u1_0.created_at,
        u1_0.email,
        u1_0.password,
        u1_0.profile_id,
        u1_0.updated_at,
        u1_0.username 
    from
        users u1_0 
    where
        u1_0.username=?
25-04-14 16:24:08.167 [http-nio-8080-exec-6] [32mTRACE[0;39m org.hibernate.orm.jdbc.bind          [ |  | ] - binding parameter (1:VARCHAR) <- [1]
25-04-14 16:24:08.188 [http-nio-8080-exec-6] [32mDEBUG[0;39m org.hibernate.SQL                    [ |  | ] - 
    select
        us1_0.id,
        us1_0.created_at,
        us1_0.last_active_at,
        us1_0.updated_at,
        us1_0.user_id 
    from
        user_statuses us1_0 
    where
        us1_0.user_id=?
25-04-14 16:24:08.188 [http-nio-8080-exec-6] [32mTRACE[0;39m org.hibernate.orm.jdbc.bind          [ |  | ] - binding parameter (1:UUID) <- [b64d0c15-b1fe-46a0-beca-cb61a947228a]
25-04-14 16:24:08.206 [http-nio-8080-exec-6] [32mDEBUG[0;39m org.hibernate.SQL                    [ |  | ] - 
    select
        us1_0.id,
        us1_0.created_at,
        us1_0.last_active_at,
        us1_0.updated_at,
        us1_0.user_id 
    from
        user_statuses us1_0 
    left join
        users u1_0 
            on u1_0.id=us1_0.user_id 
    where
        u1_0.id=?
25-04-14 16:24:08.206 [http-nio-8080-exec-6] [32mTRACE[0;39m org.hibernate.orm.jdbc.bind          [ |  | ] - binding parameter (1:UUID) <- [b64d0c15-b1fe-46a0-beca-cb61a947228a]
25-04-14 16:24:08.226 [http-nio-8080-exec-6] [32mDEBUG[0;39m org.hibernate.SQL                    [ |  | ] - 
    update
        user_statuses 
    set
        created_at=?,
        last_active_at=?,
        updated_at=?,
        user_id=? 
    where
        id=?
25-04-14 16:24:08.228 [http-nio-8080-exec-6] [32mTRACE[0;39m org.hibernate.orm.jdbc.bind          [ |  | ] - binding parameter (1:TIMESTAMP_UTC) <- [2025-03-16T15:46:50.728321Z]
25-04-14 16:24:08.228 [http-nio-8080-exec-6] [32mTRACE[0;39m org.hibernate.orm.jdbc.bind          [ |  | ] - binding parameter (2:TIMESTAMP_UTC) <- [2025-04-14T07:24:08.198550Z]
25-04-14 16:24:08.228 [http-nio-8080-exec-6] [32mTRACE[0;39m org.hibernate.orm.jdbc.bind          [ |  | ] - binding parameter (3:TIMESTAMP_UTC) <- [null]
25-04-14 16:24:08.228 [http-nio-8080-exec-6] [32mTRACE[0;39m org.hibernate.orm.jdbc.bind          [ |  | ] - binding parameter (4:UUID) <- [b64d0c15-b1fe-46a0-beca-cb61a947228a]
25-04-14 16:24:08.228 [http-nio-8080-exec-6] [32mTRACE[0;39m org.hibernate.orm.jdbc.bind          [ |  | ] - binding parameter (5:UUID) <- [ca41a864-c8c3-4be6-a5fa-20c6078099db]
25-04-14 16:24:08.232 [http-nio-8080-exec-6] [32mDEBUG[0;39m c.s.m.d.controller.AuthControllerV1  [ |  | ] - 로그인 응답: UserDto[uuid=null, username=1, email=1@cod2eit.com, profile=null, isOnline=true]
25-04-14 16:24:08.252 [http-nio-8080-exec-3] [32mINFO [0;39m c.s.m.d.controller.UserController    [ |  | ] - 사용자 목록 조회 요청
25-04-14 16:24:08.258 [http-nio-8080-exec-3] [32mDEBUG[0;39m org.hibernate.SQL                    [ |  | ] - 
    select
        u1_0.id,
        u1_0.created_at,
        u1_0.email,
        u1_0.password,
        u1_0.profile_id,
        u1_0.updated_at,
        u1_0.username 
    from
        users u1_0
25-04-14 16:24:08.264 [http-nio-8080-exec-3] [32mDEBUG[0;39m org.hibernate.SQL                    [ |  | ] - 
    select
        us1_0.id,
        us1_0.created_at,
        us1_0.last_active_at,
        us1_0.updated_at,
        us1_0.user_id 
    from
        user_statuses us1_0 
    where
        us1_0.user_id=?
25-04-14 16:24:08.264 [http-nio-8080-exec-3] [32mTRACE[0;39m org.hibernate.orm.jdbc.bind          [ |  | ] - binding parameter (1:UUID) <- [8eda736a-b140-4189-906e-5da4f22f977d]
25-04-14 16:24:08.265 [http-nio-8080-exec-3] [32mDEBUG[0;39m org.hibernate.SQL                    [ |  | ] - 
    select
        us1_0.id,
        us1_0.created_at,
        us1_0.last_active_at,
        us1_0.updated_at,
        us1_0.user_id 
    from
        user_statuses us1_0 
    where
        us1_0.user_id=?
25-04-14 16:24:08.266 [http-nio-8080-exec-3] [32mTRACE[0;39m org.hibernate.orm.jdbc.bind          [ |  | ] - binding parameter (1:UUID) <- [cb1e48ad-2480-40e8-91b8-f17fb89149ac]
25-04-14 16:24:08.266 [http-nio-8080-exec-3] [32mDEBUG[0;39m org.hibernate.SQL                    [ |  | ] - 
    select
        us1_0.id,
        us1_0.created_at,
        us1_0.last_active_at,
        us1_0.updated_at,
        us1_0.user_id 
    from
        user_statuses us1_0 
    where
        us1_0.user_id=?
25-04-14 16:24:08.267 [http-nio-8080-exec-3] [32mTRACE[0;39m org.hibernate.orm.jdbc.bind          [ |  | ] - binding parameter (1:UUID) <- [e884b46f-a2ab-4996-9a7f-baa7ee41b5fd]
25-04-14 16:24:08.267 [http-nio-8080-exec-3] [32mDEBUG[0;39m org.hibernate.SQL                    [ |  | ] - 
    select
        us1_0.id,
        us1_0.created_at,
        us1_0.last_active_at,
        us1_0.updated_at,
        us1_0.user_id 
    from
        user_statuses us1_0 
    where
        us1_0.user_id=?
25-04-14 16:24:08.267 [http-nio-8080-exec-3] [32mTRACE[0;39m org.hibernate.orm.jdbc.bind          [ |  | ] - binding parameter (1:UUID) <- [6e94cf9c-7085-4e49-9883-260c3c32e68c]
25-04-14 16:24:08.268 [http-nio-8080-exec-3] [32mDEBUG[0;39m org.hibernate.SQL                    [ |  | ] - 
    select
        us1_0.id,
        us1_0.created_at,
        us1_0.last_active_at,
        us1_0.updated_at,
        us1_0.user_id 
    from
        user_statuses us1_0 
    where
        us1_0.user_id=?
25-04-14 16:24:08.268 [http-nio-8080-exec-3] [32mTRACE[0;39m org.hibernate.orm.jdbc.bind          [ |  | ] - binding parameter (1:UUID) <- [d2175aff-c5af-430e-af41-ae472d8642b6]
25-04-14 16:24:08.269 [http-nio-8080-exec-3] [32mDEBUG[0;39m org.hibernate.SQL                    [ |  | ] - 
    select
        us1_0.id,
        us1_0.created_at,
        us1_0.last_active_at,
        us1_0.updated_at,
        us1_0.user_id 
    from
        user_statuses us1_0 
    where
        us1_0.user_id=?
25-04-14 16:24:08.269 [http-nio-8080-exec-3] [32mTRACE[0;39m org.hibernate.orm.jdbc.bind          [ |  | ] - binding parameter (1:UUID) <- [1a064ffe-a25a-4492-9fe0-370528e5279f]
25-04-14 16:24:08.270 [http-nio-8080-exec-3] [32mDEBUG[0;39m org.hibernate.SQL                    [ |  | ] - 
    select
        us1_0.id,
        us1_0.created_at,
        us1_0.last_active_at,
        us1_0.updated_at,
        us1_0.user_id 
    from
        user_statuses us1_0 
    where
        us1_0.user_id=?
25-04-14 16:24:08.270 [http-nio-8080-exec-3] [32mTRACE[0;39m org.hibernate.orm.jdbc.bind          [ |  | ] - binding parameter (1:UUID) <- [962332e6-8cc3-4538-8c64-d2b022e7bf81]
25-04-14 16:24:08.270 [http-nio-8080-exec-3] [32mDEBUG[0;39m org.hibernate.SQL                    [ |  | ] - 
    select
        us1_0.id,
        us1_0.created_at,
        us1_0.last_active_at,
        us1_0.updated_at,
        us1_0.user_id 
    from
        user_statuses us1_0 
    where
        us1_0.user_id=?
25-04-14 16:24:08.270 [http-nio-8080-exec-3] [32mTRACE[0;39m org.hibernate.orm.jdbc.bind          [ |  | ] - binding parameter (1:UUID) <- [1bf3c1d5-ba9e-445c-bb05-e46f4da38b55]
25-04-14 16:24:08.271 [http-nio-8080-exec-3] [32mDEBUG[0;39m org.hibernate.SQL                    [ |  | ] - 
    select
        us1_0.id,
        us1_0.created_at,
        us1_0.last_active_at,
        us1_0.updated_at,
        us1_0.user_id 
    from
        user_statuses us1_0 
    where
        us1_0.user_id=?
25-04-14 16:24:08.271 [http-nio-8080-exec-3] [32mTRACE[0;39m org.hibernate.orm.jdbc.bind          [ |  | ] - binding parameter (1:UUID) <- [406d1ca8-ca14-4cf4-afd7-6d2985bc0d47]
25-04-14 16:24:08.271 [http-nio-8080-exec-3] [32mDEBUG[0;39m org.hibernate.SQL                    [ |  | ] - 
    select
        us1_0.id,
        us1_0.created_at,
        us1_0.last_active_at,
        us1_0.updated_at,
        us1_0.user_id 
    from
        user_statuses us1_0 
    where
        us1_0.user_id=?
25-04-14 16:24:08.272 [http-nio-8080-exec-3] [32mTRACE[0;39m org.hibernate.orm.jdbc.bind          [ |  | ] - binding parameter (1:UUID) <- [b64d0c15-b1fe-46a0-beca-cb61a947228a]
25-04-14 16:24:08.272 [http-nio-8080-exec-3] [32mDEBUG[0;39m org.hibernate.SQL                    [ |  | ] - 
    select
        us1_0.id,
        us1_0.created_at,
        us1_0.last_active_at,
        us1_0.updated_at,
        us1_0.user_id 
    from
        user_statuses us1_0 
    where
        us1_0.user_id=?
25-04-14 16:24:08.272 [http-nio-8080-exec-3] [32mTRACE[0;39m org.hibernate.orm.jdbc.bind          [ |  | ] - binding parameter (1:UUID) <- [48e2f3f6-5bb6-47b6-ad6e-3c1dd8240735]
25-04-14 16:24:08.272 [http-nio-8080-exec-3] [32mDEBUG[0;39m org.hibernate.SQL                    [ |  | ] - 
    select
        us1_0.id,
        us1_0.created_at,
        us1_0.last_active_at,
        us1_0.updated_at,
        us1_0.user_id 
    from
        user_statuses us1_0 
    where
        us1_0.user_id=?
25-04-14 16:24:08.272 [http-nio-8080-exec-3] [32mTRACE[0;39m org.hibernate.orm.jdbc.bind          [ |  | ] - binding parameter (1:UUID) <- [5735c1de-7d10-415d-94fb-b6a471c518a8]
25-04-14 16:24:08.273 [http-nio-8080-exec-3] [32mDEBUG[0;39m org.hibernate.SQL                    [ |  | ] - 
    select
        us1_0.id,
        us1_0.created_at,
        us1_0.last_active_at,
        us1_0.updated_at,
        us1_0.user_id 
    from
        user_statuses us1_0 
    where
        us1_0.user_id=?
25-04-14 16:24:08.273 [http-nio-8080-exec-3] [32mTRACE[0;39m org.hibernate.orm.jdbc.bind          [ |  | ] - binding parameter (1:UUID) <- [d867e1e2-c22c-4201-b137-496edf3adf71]
25-04-14 16:24:08.274 [http-nio-8080-exec-3] [32mDEBUG[0;39m org.hibernate.SQL                    [ |  | ] - 
    select
        us1_0.id,
        us1_0.created_at,
        us1_0.last_active_at,
        us1_0.updated_at,
        us1_0.user_id 
    from
        user_statuses us1_0 
    where
        us1_0.user_id=?
25-04-14 16:24:08.274 [http-nio-8080-exec-3] [32mTRACE[0;39m org.hibernate.orm.jdbc.bind          [ |  | ] - binding parameter (1:UUID) <- [c457048e-c1a2-46c5-8a52-b87738dc89a1]
25-04-14 16:24:08.274 [http-nio-8080-exec-3] [32mDEBUG[0;39m org.hibernate.SQL                    [ |  | ] - 
    select
        us1_0.id,
        us1_0.created_at,
        us1_0.last_active_at,
        us1_0.updated_at,
        us1_0.user_id 
    from
        user_statuses us1_0 
    where
        us1_0.user_id=?
25-04-14 16:24:08.274 [http-nio-8080-exec-3] [32mTRACE[0;39m org.hibernate.orm.jdbc.bind          [ |  | ] - binding parameter (1:UUID) <- [58734365-46e5-427c-aad4-91a591469b01]
25-04-14 16:24:08.277 [http-nio-8080-exec-3] [32mDEBUG[0;39m org.hibernate.SQL                    [ |  | ] - 
    select
        bc1_0.id,
        bc1_0.content_type,
        bc1_0.created_at,
        bc1_0.file_name,
        bc1_0.size 
    from
        binary_contents bc1_0 
    where
        bc1_0.id=?
25-04-14 16:24:08.278 [http-nio-8080-exec-3] [32mTRACE[0;39m org.hibernate.orm.jdbc.bind          [ |  | ] - binding parameter (1:UUID) <- [9b5ab0b4-6f68-45af-a1a3-da8f19b12e75]
25-04-14 16:24:08.280 [http-nio-8080-exec-3] [32mDEBUG[0;39m org.hibernate.SQL                    [ |  | ] - 
    select
        bc1_0.id,
        bc1_0.content_type,
        bc1_0.created_at,
        bc1_0.file_name,
        bc1_0.size 
    from
        binary_contents bc1_0 
    where
        bc1_0.id=?
25-04-14 16:24:08.280 [http-nio-8080-exec-3] [32mTRACE[0;39m org.hibernate.orm.jdbc.bind          [ |  | ] - binding parameter (1:UUID) <- [f0147c4d-99cf-4b99-9a6e-73524ae999f3]
25-04-14 16:24:08.280 [http-nio-8080-exec-3] [32mDEBUG[0;39m org.hibernate.SQL                    [ |  | ] - 
    select
        bc1_0.id,
        bc1_0.content_type,
        bc1_0.created_at,
        bc1_0.file_name,
        bc1_0.size 
    from
        binary_contents bc1_0 
    where
        bc1_0.id=?
25-04-14 16:24:08.280 [http-nio-8080-exec-3] [32mTRACE[0;39m org.hibernate.orm.jdbc.bind          [ |  | ] - binding parameter (1:UUID) <- [3a3474bf-8347-45f1-aaa4-dd38b944a11d]
25-04-14 16:24:08.281 [http-nio-8080-exec-3] [32mDEBUG[0;39m c.s.m.d.controller.UserController    [ |  | ] - 사용자 목록 조회 응답: count=15
25-04-14 16:24:24.397 [SpringApplicationShutdownHook] [32mINFO [0;39m o.s.b.w.e.tomcat.GracefulShutdown    [ |  | ] - Commencing graceful shutdown. Waiting for active requests to complete
25-04-14 16:24:24.490 [tomcat-shutdown] [32mINFO [0;39m o.s.b.w.e.tomcat.GracefulShutdown    [ |  | ] - Graceful shutdown complete
25-04-14 16:24:24.493 [SpringApplicationShutdownHook] [32mINFO [0;39m o.s.o.j.LocalContainerEntityManagerFactoryBean [ |  | ] - Closing JPA EntityManagerFactory for persistence unit 'default'
25-04-14 16:24:24.495 [SpringApplicationShutdownHook] [32mINFO [0;39m com.zaxxer.hikari.HikariDataSource   [ |  | ] - HikariPool-1 - Shutdown initiated...
25-04-14 16:24:24.496 [SpringApplicationShutdownHook] [32mINFO [0;39m com.zaxxer.hikari.HikariDataSource   [ |  | ] - HikariPool-1 - Shutdown completed.
25-04-14 16:24:26.237 [background-preinit] [32mINFO [0;39m o.h.validator.internal.util.Version  [ |  | ] - HV000001: Hibernate Validator 8.0.1.Final
25-04-14 16:24:26.277 [main] [32mINFO [0;39m c.s.m.discodeit.DiscodeitApplication [ |  | ] - Starting DiscodeitApplication using Java 17.0.13 with PID 20136 (C:\Users\leesi\1-sprint-mission\build\classes\java\main started by lee in C:\Users\leesi\1-sprint-mission)
25-04-14 16:24:26.278 [main] [32mDEBUG[0;39m c.s.m.discodeit.DiscodeitApplication [ |  | ] - Running with Spring Boot v3.4.2, Spring v6.2.2
25-04-14 16:24:26.278 [main] [32mINFO [0;39m c.s.m.discodeit.DiscodeitApplication [ |  | ] - The following 1 profile is active: "dev"
25-04-14 16:24:27.052 [main] [32mINFO [0;39m o.s.d.r.c.RepositoryConfigurationDelegate [ |  | ] - Bootstrapping Spring Data JPA repositories in DEFAULT mode.
25-04-14 16:24:27.109 [main] [32mINFO [0;39m o.s.d.r.c.RepositoryConfigurationDelegate [ |  | ] - Finished Spring Data repository scanning in 50 ms. Found 6 JPA repository interfaces.
25-04-14 16:24:27.612 [main] [32mINFO [0;39m o.s.b.w.e.tomcat.TomcatWebServer     [ |  | ] - Tomcat initialized with port 8080 (http)
25-04-14 16:24:27.614 [main] [32mINFO [0;39m o.a.c.core.AprLifecycleListener      [ |  | ] - Loaded Apache Tomcat Native library [2.0.8] using APR version [1.7.4].
25-04-14 16:24:27.617 [main] [32mINFO [0;39m o.a.c.core.AprLifecycleListener      [ |  | ] - OpenSSL successfully initialized [OpenSSL 3.0.14 4 Jun 2024]
25-04-14 16:24:27.624 [main] [32mINFO [0;39m o.a.coyote.http11.Http11NioProtocol  [ |  | ] - Initializing ProtocolHandler ["http-nio-8080"]
25-04-14 16:24:27.625 [main] [32mINFO [0;39m o.a.catalina.core.StandardService    [ |  | ] - Starting service [Tomcat]
25-04-14 16:24:27.625 [main] [32mINFO [0;39m o.a.catalina.core.StandardEngine     [ |  | ] - Starting Servlet engine: [Apache Tomcat/10.1.34]
25-04-14 16:24:27.676 [main] [32mINFO [0;39m o.a.c.c.C.[Tomcat].[localhost].[/]   [ |  | ] - Initializing Spring embedded WebApplicationContext
25-04-14 16:24:27.676 [main] [32mINFO [0;39m o.s.b.w.s.c.ServletWebServerApplicationContext [ |  | ] - Root WebApplicationContext: initialization completed in 1359 ms
25-04-14 16:24:27.831 [main] [32mINFO [0;39m com.zaxxer.hikari.HikariDataSource   [ |  | ] - HikariPool-1 - Starting...
25-04-14 16:24:27.949 [main] [32mINFO [0;39m com.zaxxer.hikari.pool.HikariPool    [ |  | ] - HikariPool-1 - Added connection org.postgresql.jdbc.PgConnection@3f45dfec
25-04-14 16:24:27.950 [main] [32mINFO [0;39m com.zaxxer.hikari.HikariDataSource   [ |  | ] - HikariPool-1 - Start completed.
25-04-14 16:24:28.014 [main] [32mINFO [0;39m o.h.jpa.internal.util.LogHelper      [ |  | ] - HHH000204: Processing PersistenceUnitInfo [name: default]
25-04-14 16:24:28.059 [main] [32mINFO [0;39m org.hibernate.Version                [ |  | ] - HHH000412: Hibernate ORM core version 6.6.5.Final
25-04-14 16:24:28.087 [main] [32mINFO [0;39m o.h.c.i.RegionFactoryInitiator       [ |  | ] - HHH000026: Second-level cache disabled
25-04-14 16:24:28.317 [main] [32mINFO [0;39m o.s.o.j.p.SpringPersistenceUnitInfo  [ |  | ] - No LoadTimeWeaver setup: ignoring JPA class transformer
25-04-14 16:24:28.390 [main] [32mINFO [0;39m o.hibernate.orm.connections.pooling  [ |  | ] - HHH10001005: Database info:
	Database JDBC URL [Connecting through datasource 'HikariDataSource (HikariPool-1)']
	Database driver: undefined/unknown
	Database version: 17.4
	Autocommit mode: undefined/unknown
	Isolation level: undefined/unknown
	Minimum pool size: undefined/unknown
	Maximum pool size: undefined/unknown
25-04-14 16:24:29.164 [main] [32mINFO [0;39m o.h.e.t.j.p.i.JtaPlatformInitiator   [ |  | ] - HHH000489: No JTA platform available (set 'hibernate.transaction.jta.platform' to enable JTA platform integration)
25-04-14 16:24:29.200 [main] [32mINFO [0;39m o.s.o.j.LocalContainerEntityManagerFactoryBean [ |  | ] - Initialized JPA EntityManagerFactory for persistence unit 'default'
25-04-14 16:24:29.524 [main] [32mINFO [0;39m o.s.d.j.r.query.QueryEnhancerFactory [ |  | ] - Hibernate is in classpath; If applicable, HQL parser will be used.
25-04-14 16:24:30.023 [main] [32mINFO [0;39m o.s.b.a.w.s.WelcomePageHandlerMapping [ |  | ] - Adding welcome page: class path resource [static/index.html]
25-04-14 16:24:30.616 [main] [32mINFO [0;39m o.s.b.a.e.web.EndpointLinksResolver  [ |  | ] - Exposing 4 endpoints beneath base path '/actuator'
25-04-14 16:24:30.665 [main] [32mINFO [0;39m o.a.coyote.http11.Http11NioProtocol  [ |  | ] - Starting ProtocolHandler ["http-nio-8080"]
25-04-14 16:24:30.681 [main] [32mINFO [0;39m o.s.b.w.e.tomcat.TomcatWebServer     [ |  | ] - Tomcat started on port 8080 (http) with context path '/'
25-04-14 16:24:30.692 [main] [32mINFO [0;39m c.s.m.discodeit.DiscodeitApplication [ |  | ] - Started DiscodeitApplication in 4.865 seconds (process running for 5.243)
25-04-14 16:24:31.123 [RMI TCP Connection(2)-172.21.144.1] [32mINFO [0;39m o.a.c.c.C.[Tomcat].[localhost].[/]   [ |  | ] - Initializing Spring DispatcherServlet 'dispatcherServlet'
25-04-14 16:24:31.123 [RMI TCP Connection(2)-172.21.144.1] [32mINFO [0;39m o.s.web.servlet.DispatcherServlet    [ |  | ] - Initializing Servlet 'dispatcherServlet'
25-04-14 16:24:31.125 [RMI TCP Connection(2)-172.21.144.1] [32mINFO [0;39m o.s.web.servlet.DispatcherServlet    [ |  | ] - Completed initialization in 1 ms
25-04-14 16:24:32.976 [http-nio-8080-exec-1] [32mINFO [0;39m c.s.m.d.controller.AuthControllerV1  [ |  | ] - 로그인 요청: username=1
25-04-14 16:24:33.035 [http-nio-8080-exec-1] [32mDEBUG[0;39m org.hibernate.SQL                    [ |  | ] - 
    select
        u1_0.id,
        u1_0.created_at,
        u1_0.email,
        u1_0.password,
        u1_0.profile_id,
        u1_0.updated_at,
        u1_0.username 
    from
        users u1_0 
    where
        u1_0.username=?
25-04-14 16:24:33.036 [http-nio-8080-exec-1] [32mTRACE[0;39m org.hibernate.orm.jdbc.bind          [ |  | ] - binding parameter (1:VARCHAR) <- [1]
25-04-14 16:24:33.058 [http-nio-8080-exec-1] [32mDEBUG[0;39m org.hibernate.SQL                    [ |  | ] - 
    select
        us1_0.id,
        us1_0.created_at,
        us1_0.last_active_at,
        us1_0.updated_at,
        us1_0.user_id 
    from
        user_statuses us1_0 
    where
        us1_0.user_id=?
25-04-14 16:24:33.058 [http-nio-8080-exec-1] [32mTRACE[0;39m org.hibernate.orm.jdbc.bind          [ |  | ] - binding parameter (1:UUID) <- [b64d0c15-b1fe-46a0-beca-cb61a947228a]
25-04-14 16:24:33.076 [http-nio-8080-exec-1] [32mDEBUG[0;39m org.hibernate.SQL                    [ |  | ] - 
    select
        us1_0.id,
        us1_0.created_at,
        us1_0.last_active_at,
        us1_0.updated_at,
        us1_0.user_id 
    from
        user_statuses us1_0 
    left join
        users u1_0 
            on u1_0.id=us1_0.user_id 
    where
        u1_0.id=?
25-04-14 16:24:33.076 [http-nio-8080-exec-1] [32mTRACE[0;39m org.hibernate.orm.jdbc.bind          [ |  | ] - binding parameter (1:UUID) <- [b64d0c15-b1fe-46a0-beca-cb61a947228a]
25-04-14 16:24:33.095 [http-nio-8080-exec-1] [32mDEBUG[0;39m org.hibernate.SQL                    [ |  | ] - 
    update
        user_statuses 
    set
        created_at=?,
        last_active_at=?,
        updated_at=?,
        user_id=? 
    where
        id=?
25-04-14 16:24:33.097 [http-nio-8080-exec-1] [32mTRACE[0;39m org.hibernate.orm.jdbc.bind          [ |  | ] - binding parameter (1:TIMESTAMP_UTC) <- [2025-03-16T15:46:50.728321Z]
25-04-14 16:24:33.097 [http-nio-8080-exec-1] [32mTRACE[0;39m org.hibernate.orm.jdbc.bind          [ |  | ] - binding parameter (2:TIMESTAMP_UTC) <- [2025-04-14T07:24:33.068129Z]
25-04-14 16:24:33.097 [http-nio-8080-exec-1] [32mTRACE[0;39m org.hibernate.orm.jdbc.bind          [ |  | ] - binding parameter (3:TIMESTAMP_UTC) <- [null]
25-04-14 16:24:33.097 [http-nio-8080-exec-1] [32mTRACE[0;39m org.hibernate.orm.jdbc.bind          [ |  | ] - binding parameter (4:UUID) <- [b64d0c15-b1fe-46a0-beca-cb61a947228a]
25-04-14 16:24:33.098 [http-nio-8080-exec-1] [32mTRACE[0;39m org.hibernate.orm.jdbc.bind          [ |  | ] - binding parameter (5:UUID) <- [ca41a864-c8c3-4be6-a5fa-20c6078099db]
25-04-14 16:24:33.103 [http-nio-8080-exec-1] [32mDEBUG[0;39m c.s.m.d.controller.AuthControllerV1  [ |  | ] - 로그인 응답: UserDto[uuid=null, username=1, email=1@cod2eit.com, profile=null, isOnline=true]
25-04-14 16:24:33.125 [http-nio-8080-exec-2] [32mINFO [0;39m c.s.m.d.controller.UserController    [ |  | ] - 사용자 목록 조회 요청
25-04-14 16:24:33.131 [http-nio-8080-exec-2] [32mDEBUG[0;39m org.hibernate.SQL                    [ |  | ] - 
    select
        u1_0.id,
        u1_0.created_at,
        u1_0.email,
        u1_0.password,
        u1_0.profile_id,
        u1_0.updated_at,
        u1_0.username 
    from
        users u1_0
25-04-14 16:24:33.135 [http-nio-8080-exec-2] [32mDEBUG[0;39m org.hibernate.SQL                    [ |  | ] - 
    select
        us1_0.id,
        us1_0.created_at,
        us1_0.last_active_at,
        us1_0.updated_at,
        us1_0.user_id 
    from
        user_statuses us1_0 
    where
        us1_0.user_id=?
25-04-14 16:24:33.135 [http-nio-8080-exec-2] [32mTRACE[0;39m org.hibernate.orm.jdbc.bind          [ |  | ] - binding parameter (1:UUID) <- [8eda736a-b140-4189-906e-5da4f22f977d]
25-04-14 16:24:33.136 [http-nio-8080-exec-2] [32mDEBUG[0;39m org.hibernate.SQL                    [ |  | ] - 
    select
        us1_0.id,
        us1_0.created_at,
        us1_0.last_active_at,
        us1_0.updated_at,
        us1_0.user_id 
    from
        user_statuses us1_0 
    where
        us1_0.user_id=?
25-04-14 16:24:33.136 [http-nio-8080-exec-2] [32mTRACE[0;39m org.hibernate.orm.jdbc.bind          [ |  | ] - binding parameter (1:UUID) <- [cb1e48ad-2480-40e8-91b8-f17fb89149ac]
25-04-14 16:24:33.137 [http-nio-8080-exec-2] [32mDEBUG[0;39m org.hibernate.SQL                    [ |  | ] - 
    select
        us1_0.id,
        us1_0.created_at,
        us1_0.last_active_at,
        us1_0.updated_at,
        us1_0.user_id 
    from
        user_statuses us1_0 
    where
        us1_0.user_id=?
25-04-14 16:24:33.137 [http-nio-8080-exec-2] [32mTRACE[0;39m org.hibernate.orm.jdbc.bind          [ |  | ] - binding parameter (1:UUID) <- [e884b46f-a2ab-4996-9a7f-baa7ee41b5fd]
25-04-14 16:24:33.138 [http-nio-8080-exec-2] [32mDEBUG[0;39m org.hibernate.SQL                    [ |  | ] - 
    select
        us1_0.id,
        us1_0.created_at,
        us1_0.last_active_at,
        us1_0.updated_at,
        us1_0.user_id 
    from
        user_statuses us1_0 
    where
        us1_0.user_id=?
25-04-14 16:24:33.138 [http-nio-8080-exec-2] [32mTRACE[0;39m org.hibernate.orm.jdbc.bind          [ |  | ] - binding parameter (1:UUID) <- [6e94cf9c-7085-4e49-9883-260c3c32e68c]
25-04-14 16:24:33.138 [http-nio-8080-exec-2] [32mDEBUG[0;39m org.hibernate.SQL                    [ |  | ] - 
    select
        us1_0.id,
        us1_0.created_at,
        us1_0.last_active_at,
        us1_0.updated_at,
        us1_0.user_id 
    from
        user_statuses us1_0 
    where
        us1_0.user_id=?
25-04-14 16:24:33.138 [http-nio-8080-exec-2] [32mTRACE[0;39m org.hibernate.orm.jdbc.bind          [ |  | ] - binding parameter (1:UUID) <- [d2175aff-c5af-430e-af41-ae472d8642b6]
25-04-14 16:24:33.139 [http-nio-8080-exec-2] [32mDEBUG[0;39m org.hibernate.SQL                    [ |  | ] - 
    select
        us1_0.id,
        us1_0.created_at,
        us1_0.last_active_at,
        us1_0.updated_at,
        us1_0.user_id 
    from
        user_statuses us1_0 
    where
        us1_0.user_id=?
25-04-14 16:24:33.139 [http-nio-8080-exec-2] [32mTRACE[0;39m org.hibernate.orm.jdbc.bind          [ |  | ] - binding parameter (1:UUID) <- [1a064ffe-a25a-4492-9fe0-370528e5279f]
25-04-14 16:24:33.140 [http-nio-8080-exec-2] [32mDEBUG[0;39m org.hibernate.SQL                    [ |  | ] - 
    select
        us1_0.id,
        us1_0.created_at,
        us1_0.last_active_at,
        us1_0.updated_at,
        us1_0.user_id 
    from
        user_statuses us1_0 
    where
        us1_0.user_id=?
25-04-14 16:24:33.140 [http-nio-8080-exec-2] [32mTRACE[0;39m org.hibernate.orm.jdbc.bind          [ |  | ] - binding parameter (1:UUID) <- [962332e6-8cc3-4538-8c64-d2b022e7bf81]
25-04-14 16:24:33.140 [http-nio-8080-exec-2] [32mDEBUG[0;39m org.hibernate.SQL                    [ |  | ] - 
    select
        us1_0.id,
        us1_0.created_at,
        us1_0.last_active_at,
        us1_0.updated_at,
        us1_0.user_id 
    from
        user_statuses us1_0 
    where
        us1_0.user_id=?
25-04-14 16:24:33.140 [http-nio-8080-exec-2] [32mTRACE[0;39m org.hibernate.orm.jdbc.bind          [ |  | ] - binding parameter (1:UUID) <- [1bf3c1d5-ba9e-445c-bb05-e46f4da38b55]
25-04-14 16:24:33.141 [http-nio-8080-exec-2] [32mDEBUG[0;39m org.hibernate.SQL                    [ |  | ] - 
    select
        us1_0.id,
        us1_0.created_at,
        us1_0.last_active_at,
        us1_0.updated_at,
        us1_0.user_id 
    from
        user_statuses us1_0 
    where
        us1_0.user_id=?
25-04-14 16:24:33.141 [http-nio-8080-exec-2] [32mTRACE[0;39m org.hibernate.orm.jdbc.bind          [ |  | ] - binding parameter (1:UUID) <- [406d1ca8-ca14-4cf4-afd7-6d2985bc0d47]
25-04-14 16:24:33.142 [http-nio-8080-exec-2] [32mDEBUG[0;39m org.hibernate.SQL                    [ |  | ] - 
    select
        us1_0.id,
        us1_0.created_at,
        us1_0.last_active_at,
        us1_0.updated_at,
        us1_0.user_id 
    from
        user_statuses us1_0 
    where
        us1_0.user_id=?
25-04-14 16:24:33.142 [http-nio-8080-exec-2] [32mTRACE[0;39m org.hibernate.orm.jdbc.bind          [ |  | ] - binding parameter (1:UUID) <- [b64d0c15-b1fe-46a0-beca-cb61a947228a]
25-04-14 16:24:33.142 [http-nio-8080-exec-2] [32mDEBUG[0;39m org.hibernate.SQL                    [ |  | ] - 
    select
        us1_0.id,
        us1_0.created_at,
        us1_0.last_active_at,
        us1_0.updated_at,
        us1_0.user_id 
    from
        user_statuses us1_0 
    where
        us1_0.user_id=?
25-04-14 16:24:33.142 [http-nio-8080-exec-2] [32mTRACE[0;39m org.hibernate.orm.jdbc.bind          [ |  | ] - binding parameter (1:UUID) <- [48e2f3f6-5bb6-47b6-ad6e-3c1dd8240735]
25-04-14 16:24:33.143 [http-nio-8080-exec-2] [32mDEBUG[0;39m org.hibernate.SQL                    [ |  | ] - 
    select
        us1_0.id,
        us1_0.created_at,
        us1_0.last_active_at,
        us1_0.updated_at,
        us1_0.user_id 
    from
        user_statuses us1_0 
    where
        us1_0.user_id=?
25-04-14 16:24:33.143 [http-nio-8080-exec-2] [32mTRACE[0;39m org.hibernate.orm.jdbc.bind          [ |  | ] - binding parameter (1:UUID) <- [5735c1de-7d10-415d-94fb-b6a471c518a8]
25-04-14 16:24:33.143 [http-nio-8080-exec-2] [32mDEBUG[0;39m org.hibernate.SQL                    [ |  | ] - 
    select
        us1_0.id,
        us1_0.created_at,
        us1_0.last_active_at,
        us1_0.updated_at,
        us1_0.user_id 
    from
        user_statuses us1_0 
    where
        us1_0.user_id=?
25-04-14 16:24:33.143 [http-nio-8080-exec-2] [32mTRACE[0;39m org.hibernate.orm.jdbc.bind          [ |  | ] - binding parameter (1:UUID) <- [d867e1e2-c22c-4201-b137-496edf3adf71]
25-04-14 16:24:33.144 [http-nio-8080-exec-2] [32mDEBUG[0;39m org.hibernate.SQL                    [ |  | ] - 
    select
        us1_0.id,
        us1_0.created_at,
        us1_0.last_active_at,
        us1_0.updated_at,
        us1_0.user_id 
    from
        user_statuses us1_0 
    where
        us1_0.user_id=?
25-04-14 16:24:33.144 [http-nio-8080-exec-2] [32mTRACE[0;39m org.hibernate.orm.jdbc.bind          [ |  | ] - binding parameter (1:UUID) <- [c457048e-c1a2-46c5-8a52-b87738dc89a1]
25-04-14 16:24:33.144 [http-nio-8080-exec-2] [32mDEBUG[0;39m org.hibernate.SQL                    [ |  | ] - 
    select
        us1_0.id,
        us1_0.created_at,
        us1_0.last_active_at,
        us1_0.updated_at,
        us1_0.user_id 
    from
        user_statuses us1_0 
    where
        us1_0.user_id=?
25-04-14 16:24:33.144 [http-nio-8080-exec-2] [32mTRACE[0;39m org.hibernate.orm.jdbc.bind          [ |  | ] - binding parameter (1:UUID) <- [58734365-46e5-427c-aad4-91a591469b01]
25-04-14 16:24:33.148 [http-nio-8080-exec-2] [32mDEBUG[0;39m org.hibernate.SQL                    [ |  | ] - 
    select
        bc1_0.id,
        bc1_0.content_type,
        bc1_0.created_at,
        bc1_0.file_name,
        bc1_0.size 
    from
        binary_contents bc1_0 
    where
        bc1_0.id=?
25-04-14 16:24:33.148 [http-nio-8080-exec-2] [32mTRACE[0;39m org.hibernate.orm.jdbc.bind          [ |  | ] - binding parameter (1:UUID) <- [9b5ab0b4-6f68-45af-a1a3-da8f19b12e75]
25-04-14 16:24:33.150 [http-nio-8080-exec-2] [32mDEBUG[0;39m org.hibernate.SQL                    [ |  | ] - 
    select
        bc1_0.id,
        bc1_0.content_type,
        bc1_0.created_at,
        bc1_0.file_name,
        bc1_0.size 
    from
        binary_contents bc1_0 
    where
        bc1_0.id=?
25-04-14 16:24:33.150 [http-nio-8080-exec-2] [32mTRACE[0;39m org.hibernate.orm.jdbc.bind          [ |  | ] - binding parameter (1:UUID) <- [f0147c4d-99cf-4b99-9a6e-73524ae999f3]
25-04-14 16:24:33.151 [http-nio-8080-exec-2] [32mDEBUG[0;39m org.hibernate.SQL                    [ |  | ] - 
    select
        bc1_0.id,
        bc1_0.content_type,
        bc1_0.created_at,
        bc1_0.file_name,
        bc1_0.size 
    from
        binary_contents bc1_0 
    where
        bc1_0.id=?
25-04-14 16:24:33.151 [http-nio-8080-exec-2] [32mTRACE[0;39m org.hibernate.orm.jdbc.bind          [ |  | ] - binding parameter (1:UUID) <- [3a3474bf-8347-45f1-aaa4-dd38b944a11d]
25-04-14 16:24:33.151 [http-nio-8080-exec-2] [32mDEBUG[0;39m c.s.m.d.controller.UserController    [ |  | ] - 사용자 목록 조회 응답: count=15
25-04-14 16:24:40.315 [http-nio-8080-exec-3] [32mINFO [0;39m c.s.m.d.controller.AuthControllerV1  [ |  | ] - 로그인 요청: username=1
25-04-14 16:24:40.317 [http-nio-8080-exec-3] [32mDEBUG[0;39m org.hibernate.SQL                    [ |  | ] - 
    select
        u1_0.id,
        u1_0.created_at,
        u1_0.email,
        u1_0.password,
        u1_0.profile_id,
        u1_0.updated_at,
        u1_0.username 
    from
        users u1_0 
    where
        u1_0.username=?
25-04-14 16:24:40.318 [http-nio-8080-exec-3] [32mTRACE[0;39m org.hibernate.orm.jdbc.bind          [ |  | ] - binding parameter (1:VARCHAR) <- [1]
25-04-14 16:24:40.319 [http-nio-8080-exec-3] [32mDEBUG[0;39m org.hibernate.SQL                    [ |  | ] - 
    select
        us1_0.id,
        us1_0.created_at,
        us1_0.last_active_at,
        us1_0.updated_at,
        us1_0.user_id 
    from
        user_statuses us1_0 
    where
        us1_0.user_id=?
25-04-14 16:24:40.319 [http-nio-8080-exec-3] [32mTRACE[0;39m org.hibernate.orm.jdbc.bind          [ |  | ] - binding parameter (1:UUID) <- [b64d0c15-b1fe-46a0-beca-cb61a947228a]
25-04-14 16:24:40.321 [http-nio-8080-exec-3] [32mDEBUG[0;39m org.hibernate.SQL                    [ |  | ] - 
    select
        us1_0.id,
        us1_0.created_at,
        us1_0.last_active_at,
        us1_0.updated_at,
        us1_0.user_id 
    from
        user_statuses us1_0 
    left join
        users u1_0 
            on u1_0.id=us1_0.user_id 
    where
        u1_0.id=?
25-04-14 16:24:40.321 [http-nio-8080-exec-3] [32mTRACE[0;39m org.hibernate.orm.jdbc.bind          [ |  | ] - binding parameter (1:UUID) <- [b64d0c15-b1fe-46a0-beca-cb61a947228a]
25-04-14 16:24:40.322 [http-nio-8080-exec-3] [32mDEBUG[0;39m org.hibernate.SQL                    [ |  | ] - 
    update
        user_statuses 
    set
        created_at=?,
        last_active_at=?,
        updated_at=?,
        user_id=? 
    where
        id=?
25-04-14 16:24:40.322 [http-nio-8080-exec-3] [32mTRACE[0;39m org.hibernate.orm.jdbc.bind          [ |  | ] - binding parameter (1:TIMESTAMP_UTC) <- [2025-03-16T15:46:50.728321Z]
25-04-14 16:24:40.323 [http-nio-8080-exec-3] [32mTRACE[0;39m org.hibernate.orm.jdbc.bind          [ |  | ] - binding parameter (2:TIMESTAMP_UTC) <- [2025-04-14T07:24:40.320980800Z]
25-04-14 16:24:40.323 [http-nio-8080-exec-3] [32mTRACE[0;39m org.hibernate.orm.jdbc.bind          [ |  | ] - binding parameter (3:TIMESTAMP_UTC) <- [null]
25-04-14 16:24:40.323 [http-nio-8080-exec-3] [32mTRACE[0;39m org.hibernate.orm.jdbc.bind          [ |  | ] - binding parameter (4:UUID) <- [b64d0c15-b1fe-46a0-beca-cb61a947228a]
25-04-14 16:24:40.323 [http-nio-8080-exec-3] [32mTRACE[0;39m org.hibernate.orm.jdbc.bind          [ |  | ] - binding parameter (5:UUID) <- [ca41a864-c8c3-4be6-a5fa-20c6078099db]
25-04-14 16:24:40.327 [http-nio-8080-exec-3] [32mDEBUG[0;39m c.s.m.d.controller.AuthControllerV1  [ |  | ] - 로그인 응답: UserDto[uuid=null, username=1, email=1@cod2eit.com, profile=null, isOnline=true]
25-04-14 16:24:40.336 [http-nio-8080-exec-5] [32mINFO [0;39m c.s.m.d.controller.UserController    [ |  | ] - 사용자 목록 조회 요청
25-04-14 16:24:40.337 [http-nio-8080-exec-5] [32mDEBUG[0;39m org.hibernate.SQL                    [ |  | ] - 
    select
        u1_0.id,
        u1_0.created_at,
        u1_0.email,
        u1_0.password,
        u1_0.profile_id,
        u1_0.updated_at,
        u1_0.username 
    from
        users u1_0
25-04-14 16:24:40.338 [http-nio-8080-exec-5] [32mDEBUG[0;39m org.hibernate.SQL                    [ |  | ] - 
    select
        us1_0.id,
        us1_0.created_at,
        us1_0.last_active_at,
        us1_0.updated_at,
        us1_0.user_id 
    from
        user_statuses us1_0 
    where
        us1_0.user_id=?
25-04-14 16:24:40.338 [http-nio-8080-exec-5] [32mTRACE[0;39m org.hibernate.orm.jdbc.bind          [ |  | ] - binding parameter (1:UUID) <- [8eda736a-b140-4189-906e-5da4f22f977d]
25-04-14 16:24:40.339 [http-nio-8080-exec-5] [32mDEBUG[0;39m org.hibernate.SQL                    [ |  | ] - 
    select
        us1_0.id,
        us1_0.created_at,
        us1_0.last_active_at,
        us1_0.updated_at,
        us1_0.user_id 
    from
        user_statuses us1_0 
    where
        us1_0.user_id=?
25-04-14 16:24:40.339 [http-nio-8080-exec-5] [32mTRACE[0;39m org.hibernate.orm.jdbc.bind          [ |  | ] - binding parameter (1:UUID) <- [cb1e48ad-2480-40e8-91b8-f17fb89149ac]
25-04-14 16:24:40.339 [http-nio-8080-exec-5] [32mDEBUG[0;39m org.hibernate.SQL                    [ |  | ] - 
    select
        us1_0.id,
        us1_0.created_at,
        us1_0.last_active_at,
        us1_0.updated_at,
        us1_0.user_id 
    from
        user_statuses us1_0 
    where
        us1_0.user_id=?
25-04-14 16:24:40.339 [http-nio-8080-exec-5] [32mTRACE[0;39m org.hibernate.orm.jdbc.bind          [ |  | ] - binding parameter (1:UUID) <- [e884b46f-a2ab-4996-9a7f-baa7ee41b5fd]
25-04-14 16:24:40.340 [http-nio-8080-exec-5] [32mDEBUG[0;39m org.hibernate.SQL                    [ |  | ] - 
    select
        us1_0.id,
        us1_0.created_at,
        us1_0.last_active_at,
        us1_0.updated_at,
        us1_0.user_id 
    from
        user_statuses us1_0 
    where
        us1_0.user_id=?
25-04-14 16:24:40.340 [http-nio-8080-exec-5] [32mTRACE[0;39m org.hibernate.orm.jdbc.bind          [ |  | ] - binding parameter (1:UUID) <- [6e94cf9c-7085-4e49-9883-260c3c32e68c]
25-04-14 16:24:40.340 [http-nio-8080-exec-5] [32mDEBUG[0;39m org.hibernate.SQL                    [ |  | ] - 
    select
        us1_0.id,
        us1_0.created_at,
        us1_0.last_active_at,
        us1_0.updated_at,
        us1_0.user_id 
    from
        user_statuses us1_0 
    where
        us1_0.user_id=?
25-04-14 16:24:40.340 [http-nio-8080-exec-5] [32mTRACE[0;39m org.hibernate.orm.jdbc.bind          [ |  | ] - binding parameter (1:UUID) <- [d2175aff-c5af-430e-af41-ae472d8642b6]
25-04-14 16:24:40.341 [http-nio-8080-exec-5] [32mDEBUG[0;39m org.hibernate.SQL                    [ |  | ] - 
    select
        us1_0.id,
        us1_0.created_at,
        us1_0.last_active_at,
        us1_0.updated_at,
        us1_0.user_id 
    from
        user_statuses us1_0 
    where
        us1_0.user_id=?
25-04-14 16:24:40.341 [http-nio-8080-exec-5] [32mTRACE[0;39m org.hibernate.orm.jdbc.bind          [ |  | ] - binding parameter (1:UUID) <- [1a064ffe-a25a-4492-9fe0-370528e5279f]
25-04-14 16:24:40.341 [http-nio-8080-exec-5] [32mDEBUG[0;39m org.hibernate.SQL                    [ |  | ] - 
    select
        us1_0.id,
        us1_0.created_at,
        us1_0.last_active_at,
        us1_0.updated_at,
        us1_0.user_id 
    from
        user_statuses us1_0 
    where
        us1_0.user_id=?
25-04-14 16:24:40.341 [http-nio-8080-exec-5] [32mTRACE[0;39m org.hibernate.orm.jdbc.bind          [ |  | ] - binding parameter (1:UUID) <- [962332e6-8cc3-4538-8c64-d2b022e7bf81]
25-04-14 16:24:40.342 [http-nio-8080-exec-5] [32mDEBUG[0;39m org.hibernate.SQL                    [ |  | ] - 
    select
        us1_0.id,
        us1_0.created_at,
        us1_0.last_active_at,
        us1_0.updated_at,
        us1_0.user_id 
    from
        user_statuses us1_0 
    where
        us1_0.user_id=?
25-04-14 16:24:40.342 [http-nio-8080-exec-5] [32mTRACE[0;39m org.hibernate.orm.jdbc.bind          [ |  | ] - binding parameter (1:UUID) <- [1bf3c1d5-ba9e-445c-bb05-e46f4da38b55]
25-04-14 16:24:40.343 [http-nio-8080-exec-5] [32mDEBUG[0;39m org.hibernate.SQL                    [ |  | ] - 
    select
        us1_0.id,
        us1_0.created_at,
        us1_0.last_active_at,
        us1_0.updated_at,
        us1_0.user_id 
    from
        user_statuses us1_0 
    where
        us1_0.user_id=?
25-04-14 16:24:40.343 [http-nio-8080-exec-5] [32mTRACE[0;39m org.hibernate.orm.jdbc.bind          [ |  | ] - binding parameter (1:UUID) <- [406d1ca8-ca14-4cf4-afd7-6d2985bc0d47]
25-04-14 16:24:40.343 [http-nio-8080-exec-5] [32mDEBUG[0;39m org.hibernate.SQL                    [ |  | ] - 
    select
        us1_0.id,
        us1_0.created_at,
        us1_0.last_active_at,
        us1_0.updated_at,
        us1_0.user_id 
    from
        user_statuses us1_0 
    where
        us1_0.user_id=?
25-04-14 16:24:40.343 [http-nio-8080-exec-5] [32mTRACE[0;39m org.hibernate.orm.jdbc.bind          [ |  | ] - binding parameter (1:UUID) <- [b64d0c15-b1fe-46a0-beca-cb61a947228a]
25-04-14 16:24:40.344 [http-nio-8080-exec-5] [32mDEBUG[0;39m org.hibernate.SQL                    [ |  | ] - 
    select
        us1_0.id,
        us1_0.created_at,
        us1_0.last_active_at,
        us1_0.updated_at,
        us1_0.user_id 
    from
        user_statuses us1_0 
    where
        us1_0.user_id=?
25-04-14 16:24:40.344 [http-nio-8080-exec-5] [32mTRACE[0;39m org.hibernate.orm.jdbc.bind          [ |  | ] - binding parameter (1:UUID) <- [48e2f3f6-5bb6-47b6-ad6e-3c1dd8240735]
25-04-14 16:24:40.344 [http-nio-8080-exec-5] [32mDEBUG[0;39m org.hibernate.SQL                    [ |  | ] - 
    select
        us1_0.id,
        us1_0.created_at,
        us1_0.last_active_at,
        us1_0.updated_at,
        us1_0.user_id 
    from
        user_statuses us1_0 
    where
        us1_0.user_id=?
25-04-14 16:24:40.345 [http-nio-8080-exec-5] [32mTRACE[0;39m org.hibernate.orm.jdbc.bind          [ |  | ] - binding parameter (1:UUID) <- [5735c1de-7d10-415d-94fb-b6a471c518a8]
25-04-14 16:24:40.345 [http-nio-8080-exec-5] [32mDEBUG[0;39m org.hibernate.SQL                    [ |  | ] - 
    select
        us1_0.id,
        us1_0.created_at,
        us1_0.last_active_at,
        us1_0.updated_at,
        us1_0.user_id 
    from
        user_statuses us1_0 
    where
        us1_0.user_id=?
25-04-14 16:24:40.345 [http-nio-8080-exec-5] [32mTRACE[0;39m org.hibernate.orm.jdbc.bind          [ |  | ] - binding parameter (1:UUID) <- [d867e1e2-c22c-4201-b137-496edf3adf71]
25-04-14 16:24:40.346 [http-nio-8080-exec-5] [32mDEBUG[0;39m org.hibernate.SQL                    [ |  | ] - 
    select
        us1_0.id,
        us1_0.created_at,
        us1_0.last_active_at,
        us1_0.updated_at,
        us1_0.user_id 
    from
        user_statuses us1_0 
    where
        us1_0.user_id=?
25-04-14 16:24:40.346 [http-nio-8080-exec-5] [32mTRACE[0;39m org.hibernate.orm.jdbc.bind          [ |  | ] - binding parameter (1:UUID) <- [c457048e-c1a2-46c5-8a52-b87738dc89a1]
25-04-14 16:24:40.346 [http-nio-8080-exec-5] [32mDEBUG[0;39m org.hibernate.SQL                    [ |  | ] - 
    select
        us1_0.id,
        us1_0.created_at,
        us1_0.last_active_at,
        us1_0.updated_at,
        us1_0.user_id 
    from
        user_statuses us1_0 
    where
        us1_0.user_id=?
25-04-14 16:24:40.346 [http-nio-8080-exec-5] [32mTRACE[0;39m org.hibernate.orm.jdbc.bind          [ |  | ] - binding parameter (1:UUID) <- [58734365-46e5-427c-aad4-91a591469b01]
25-04-14 16:24:40.347 [http-nio-8080-exec-5] [32mDEBUG[0;39m org.hibernate.SQL                    [ |  | ] - 
    select
        bc1_0.id,
        bc1_0.content_type,
        bc1_0.created_at,
        bc1_0.file_name,
        bc1_0.size 
    from
        binary_contents bc1_0 
    where
        bc1_0.id=?
25-04-14 16:24:40.347 [http-nio-8080-exec-5] [32mTRACE[0;39m org.hibernate.orm.jdbc.bind          [ |  | ] - binding parameter (1:UUID) <- [9b5ab0b4-6f68-45af-a1a3-da8f19b12e75]
25-04-14 16:24:40.347 [http-nio-8080-exec-5] [32mDEBUG[0;39m org.hibernate.SQL                    [ |  | ] - 
    select
        bc1_0.id,
        bc1_0.content_type,
        bc1_0.created_at,
        bc1_0.file_name,
        bc1_0.size 
    from
        binary_contents bc1_0 
    where
        bc1_0.id=?
25-04-14 16:24:40.347 [http-nio-8080-exec-5] [32mTRACE[0;39m org.hibernate.orm.jdbc.bind          [ |  | ] - binding parameter (1:UUID) <- [f0147c4d-99cf-4b99-9a6e-73524ae999f3]
25-04-14 16:24:40.348 [http-nio-8080-exec-5] [32mDEBUG[0;39m org.hibernate.SQL                    [ |  | ] - 
    select
        bc1_0.id,
        bc1_0.content_type,
        bc1_0.created_at,
        bc1_0.file_name,
        bc1_0.size 
    from
        binary_contents bc1_0 
    where
        bc1_0.id=?
25-04-14 16:24:40.348 [http-nio-8080-exec-5] [32mTRACE[0;39m org.hibernate.orm.jdbc.bind          [ |  | ] - binding parameter (1:UUID) <- [3a3474bf-8347-45f1-aaa4-dd38b944a11d]
25-04-14 16:24:40.348 [http-nio-8080-exec-5] [32mDEBUG[0;39m c.s.m.d.controller.UserController    [ |  | ] - 사용자 목록 조회 응답: count=15
25-04-14 16:27:01.546 [SpringApplicationShutdownHook] [32mINFO [0;39m o.s.b.w.e.tomcat.GracefulShutdown    [ |  | ] - Commencing graceful shutdown. Waiting for active requests to complete
25-04-14 16:27:01.636 [tomcat-shutdown] [32mINFO [0;39m o.s.b.w.e.tomcat.GracefulShutdown    [ |  | ] - Graceful shutdown complete
25-04-14 16:27:01.640 [SpringApplicationShutdownHook] [32mINFO [0;39m o.s.o.j.LocalContainerEntityManagerFactoryBean [ |  | ] - Closing JPA EntityManagerFactory for persistence unit 'default'
25-04-14 16:27:01.641 [SpringApplicationShutdownHook] [32mINFO [0;39m com.zaxxer.hikari.HikariDataSource   [ |  | ] - HikariPool-1 - Shutdown initiated...
25-04-14 16:27:01.643 [SpringApplicationShutdownHook] [32mINFO [0;39m com.zaxxer.hikari.HikariDataSource   [ |  | ] - HikariPool-1 - Shutdown completed.
25-04-14 16:27:03.652 [background-preinit] [32mINFO [0;39m o.h.validator.internal.util.Version  [ |  | ] - HV000001: Hibernate Validator 8.0.1.Final
25-04-14 16:27:03.693 [main] [32mINFO [0;39m c.s.m.discodeit.DiscodeitApplication [ |  | ] - Starting DiscodeitApplication using Java 17.0.13 with PID 18392 (C:\Users\leesi\1-sprint-mission\build\classes\java\main started by lee in C:\Users\leesi\1-sprint-mission)
25-04-14 16:27:03.694 [main] [32mDEBUG[0;39m c.s.m.discodeit.DiscodeitApplication [ |  | ] - Running with Spring Boot v3.4.2, Spring v6.2.2
25-04-14 16:27:03.694 [main] [32mINFO [0;39m c.s.m.discodeit.DiscodeitApplication [ |  | ] - The following 1 profile is active: "dev"
25-04-14 16:27:04.507 [main] [32mINFO [0;39m o.s.d.r.c.RepositoryConfigurationDelegate [ |  | ] - Bootstrapping Spring Data JPA repositories in DEFAULT mode.
25-04-14 16:27:04.566 [main] [32mINFO [0;39m o.s.d.r.c.RepositoryConfigurationDelegate [ |  | ] - Finished Spring Data repository scanning in 52 ms. Found 6 JPA repository interfaces.
25-04-14 16:27:05.084 [main] [32mINFO [0;39m o.s.b.w.e.tomcat.TomcatWebServer     [ |  | ] - Tomcat initialized with port 8080 (http)
25-04-14 16:27:05.086 [main] [32mINFO [0;39m o.a.c.core.AprLifecycleListener      [ |  | ] - Loaded Apache Tomcat Native library [2.0.8] using APR version [1.7.4].
25-04-14 16:27:05.089 [main] [32mINFO [0;39m o.a.c.core.AprLifecycleListener      [ |  | ] - OpenSSL successfully initialized [OpenSSL 3.0.14 4 Jun 2024]
25-04-14 16:27:05.097 [main] [32mINFO [0;39m o.a.coyote.http11.Http11NioProtocol  [ |  | ] - Initializing ProtocolHandler ["http-nio-8080"]
25-04-14 16:27:05.098 [main] [32mINFO [0;39m o.a.catalina.core.StandardService    [ |  | ] - Starting service [Tomcat]
25-04-14 16:27:05.098 [main] [32mINFO [0;39m o.a.catalina.core.StandardEngine     [ |  | ] - Starting Servlet engine: [Apache Tomcat/10.1.34]
25-04-14 16:27:05.152 [main] [32mINFO [0;39m o.a.c.c.C.[Tomcat].[localhost].[/]   [ |  | ] - Initializing Spring embedded WebApplicationContext
25-04-14 16:27:05.152 [main] [32mINFO [0;39m o.s.b.w.s.c.ServletWebServerApplicationContext [ |  | ] - Root WebApplicationContext: initialization completed in 1426 ms
25-04-14 16:27:05.321 [main] [32mINFO [0;39m com.zaxxer.hikari.HikariDataSource   [ |  | ] - HikariPool-1 - Starting...
25-04-14 16:27:05.447 [main] [32mINFO [0;39m com.zaxxer.hikari.pool.HikariPool    [ |  | ] - HikariPool-1 - Added connection org.postgresql.jdbc.PgConnection@3f45dfec
25-04-14 16:27:05.448 [main] [32mINFO [0;39m com.zaxxer.hikari.HikariDataSource   [ |  | ] - HikariPool-1 - Start completed.
25-04-14 16:27:05.511 [main] [32mINFO [0;39m o.h.jpa.internal.util.LogHelper      [ |  | ] - HHH000204: Processing PersistenceUnitInfo [name: default]
25-04-14 16:27:05.557 [main] [32mINFO [0;39m org.hibernate.Version                [ |  | ] - HHH000412: Hibernate ORM core version 6.6.5.Final
25-04-14 16:27:05.585 [main] [32mINFO [0;39m o.h.c.i.RegionFactoryInitiator       [ |  | ] - HHH000026: Second-level cache disabled
25-04-14 16:27:05.814 [main] [32mINFO [0;39m o.s.o.j.p.SpringPersistenceUnitInfo  [ |  | ] - No LoadTimeWeaver setup: ignoring JPA class transformer
25-04-14 16:27:05.885 [main] [32mINFO [0;39m o.hibernate.orm.connections.pooling  [ |  | ] - HHH10001005: Database info:
	Database JDBC URL [Connecting through datasource 'HikariDataSource (HikariPool-1)']
	Database driver: undefined/unknown
	Database version: 17.4
	Autocommit mode: undefined/unknown
	Isolation level: undefined/unknown
	Minimum pool size: undefined/unknown
	Maximum pool size: undefined/unknown
25-04-14 16:27:06.700 [main] [32mINFO [0;39m o.h.e.t.j.p.i.JtaPlatformInitiator   [ |  | ] - HHH000489: No JTA platform available (set 'hibernate.transaction.jta.platform' to enable JTA platform integration)
25-04-14 16:27:06.733 [main] [32mINFO [0;39m o.s.o.j.LocalContainerEntityManagerFactoryBean [ |  | ] - Initialized JPA EntityManagerFactory for persistence unit 'default'
25-04-14 16:27:07.052 [main] [32mINFO [0;39m o.s.d.j.r.query.QueryEnhancerFactory [ |  | ] - Hibernate is in classpath; If applicable, HQL parser will be used.
25-04-14 16:27:07.537 [main] [32mINFO [0;39m o.s.b.a.w.s.WelcomePageHandlerMapping [ |  | ] - Adding welcome page: class path resource [static/index.html]
25-04-14 16:27:08.124 [main] [32mINFO [0;39m o.s.b.a.e.web.EndpointLinksResolver  [ |  | ] - Exposing 4 endpoints beneath base path '/actuator'
25-04-14 16:27:08.177 [main] [32mINFO [0;39m o.a.coyote.http11.Http11NioProtocol  [ |  | ] - Starting ProtocolHandler ["http-nio-8080"]
25-04-14 16:27:08.190 [main] [32mINFO [0;39m o.s.b.w.e.tomcat.TomcatWebServer     [ |  | ] - Tomcat started on port 8080 (http) with context path '/'
25-04-14 16:27:08.200 [main] [32mINFO [0;39m c.s.m.discodeit.DiscodeitApplication [ |  | ] - Started DiscodeitApplication in 5.002 seconds (process running for 5.515)
25-04-14 16:27:08.419 [RMI TCP Connection(1)-172.21.144.1] [32mINFO [0;39m o.a.c.c.C.[Tomcat].[localhost].[/]   [ |  | ] - Initializing Spring DispatcherServlet 'dispatcherServlet'
25-04-14 16:27:08.420 [RMI TCP Connection(1)-172.21.144.1] [32mINFO [0;39m o.s.web.servlet.DispatcherServlet    [ |  | ] - Initializing Servlet 'dispatcherServlet'
25-04-14 16:27:08.421 [RMI TCP Connection(1)-172.21.144.1] [32mINFO [0;39m o.s.web.servlet.DispatcherServlet    [ |  | ] - Completed initialization in 1 ms
25-04-14 16:27:11.696 [http-nio-8080-exec-1] [32mINFO [0;39m c.s.m.d.controller.AuthControllerV1  [ |  | ] - 로그인 요청: username=1
25-04-14 16:27:11.752 [http-nio-8080-exec-1] [32mDEBUG[0;39m org.hibernate.SQL                    [ |  | ] - 
    select
        u1_0.id,
        u1_0.created_at,
        u1_0.email,
        u1_0.password,
        u1_0.profile_id,
        u1_0.updated_at,
        u1_0.username 
    from
        users u1_0 
    where
        u1_0.username=?
25-04-14 16:27:11.753 [http-nio-8080-exec-1] [32mTRACE[0;39m org.hibernate.orm.jdbc.bind          [ |  | ] - binding parameter (1:VARCHAR) <- [1]
25-04-14 16:27:11.776 [http-nio-8080-exec-1] [32mDEBUG[0;39m org.hibernate.SQL                    [ |  | ] - 
    select
        us1_0.id,
        us1_0.created_at,
        us1_0.last_active_at,
        us1_0.updated_at,
        us1_0.user_id 
    from
        user_statuses us1_0 
    where
        us1_0.user_id=?
25-04-14 16:27:11.776 [http-nio-8080-exec-1] [32mTRACE[0;39m org.hibernate.orm.jdbc.bind          [ |  | ] - binding parameter (1:UUID) <- [b64d0c15-b1fe-46a0-beca-cb61a947228a]
25-04-14 16:27:11.794 [http-nio-8080-exec-1] [32mDEBUG[0;39m org.hibernate.SQL                    [ |  | ] - 
    select
        us1_0.id,
        us1_0.created_at,
        us1_0.last_active_at,
        us1_0.updated_at,
        us1_0.user_id 
    from
        user_statuses us1_0 
    left join
        users u1_0 
            on u1_0.id=us1_0.user_id 
    where
        u1_0.id=?
25-04-14 16:27:11.794 [http-nio-8080-exec-1] [32mTRACE[0;39m org.hibernate.orm.jdbc.bind          [ |  | ] - binding parameter (1:UUID) <- [b64d0c15-b1fe-46a0-beca-cb61a947228a]
25-04-14 16:27:11.814 [http-nio-8080-exec-1] [32mDEBUG[0;39m org.hibernate.SQL                    [ |  | ] - 
    update
        user_statuses 
    set
        created_at=?,
        last_active_at=?,
        updated_at=?,
        user_id=? 
    where
        id=?
25-04-14 16:27:11.819 [http-nio-8080-exec-1] [32mTRACE[0;39m org.hibernate.orm.jdbc.bind          [ |  | ] - binding parameter (1:TIMESTAMP_UTC) <- [2025-03-16T15:46:50.728321Z]
25-04-14 16:27:11.820 [http-nio-8080-exec-1] [32mTRACE[0;39m org.hibernate.orm.jdbc.bind          [ |  | ] - binding parameter (2:TIMESTAMP_UTC) <- [2025-04-14T07:27:11.786306Z]
25-04-14 16:27:11.820 [http-nio-8080-exec-1] [32mTRACE[0;39m org.hibernate.orm.jdbc.bind          [ |  | ] - binding parameter (3:TIMESTAMP_UTC) <- [null]
25-04-14 16:27:11.820 [http-nio-8080-exec-1] [32mTRACE[0;39m org.hibernate.orm.jdbc.bind          [ |  | ] - binding parameter (4:UUID) <- [b64d0c15-b1fe-46a0-beca-cb61a947228a]
25-04-14 16:27:11.820 [http-nio-8080-exec-1] [32mTRACE[0;39m org.hibernate.orm.jdbc.bind          [ |  | ] - binding parameter (5:UUID) <- [ca41a864-c8c3-4be6-a5fa-20c6078099db]
25-04-14 16:27:11.824 [http-nio-8080-exec-1] [32mDEBUG[0;39m c.s.m.d.controller.AuthControllerV1  [ |  | ] - 로그인 응답: UserDto[uuid=null, username=1, email=1@cod2eit.com, profile=null, isOnline=true]
25-04-14 16:27:11.847 [http-nio-8080-exec-2] [32mINFO [0;39m c.s.m.d.controller.UserController    [ |  | ] - 사용자 목록 조회 요청
25-04-14 16:27:11.852 [http-nio-8080-exec-2] [32mDEBUG[0;39m org.hibernate.SQL                    [ |  | ] - 
    select
        u1_0.id,
        u1_0.created_at,
        u1_0.email,
        u1_0.password,
        u1_0.profile_id,
        u1_0.updated_at,
        u1_0.username 
    from
        users u1_0
25-04-14 16:27:11.857 [http-nio-8080-exec-2] [32mDEBUG[0;39m org.hibernate.SQL                    [ |  | ] - 
    select
        us1_0.id,
        us1_0.created_at,
        us1_0.last_active_at,
        us1_0.updated_at,
        us1_0.user_id 
    from
        user_statuses us1_0 
    where
        us1_0.user_id=?
25-04-14 16:27:11.857 [http-nio-8080-exec-2] [32mTRACE[0;39m org.hibernate.orm.jdbc.bind          [ |  | ] - binding parameter (1:UUID) <- [8eda736a-b140-4189-906e-5da4f22f977d]
25-04-14 16:27:11.858 [http-nio-8080-exec-2] [32mDEBUG[0;39m org.hibernate.SQL                    [ |  | ] - 
    select
        us1_0.id,
        us1_0.created_at,
        us1_0.last_active_at,
        us1_0.updated_at,
        us1_0.user_id 
    from
        user_statuses us1_0 
    where
        us1_0.user_id=?
25-04-14 16:27:11.858 [http-nio-8080-exec-2] [32mTRACE[0;39m org.hibernate.orm.jdbc.bind          [ |  | ] - binding parameter (1:UUID) <- [cb1e48ad-2480-40e8-91b8-f17fb89149ac]
25-04-14 16:27:11.859 [http-nio-8080-exec-2] [32mDEBUG[0;39m org.hibernate.SQL                    [ |  | ] - 
    select
        us1_0.id,
        us1_0.created_at,
        us1_0.last_active_at,
        us1_0.updated_at,
        us1_0.user_id 
    from
        user_statuses us1_0 
    where
        us1_0.user_id=?
25-04-14 16:27:11.859 [http-nio-8080-exec-2] [32mTRACE[0;39m org.hibernate.orm.jdbc.bind          [ |  | ] - binding parameter (1:UUID) <- [e884b46f-a2ab-4996-9a7f-baa7ee41b5fd]
25-04-14 16:27:11.860 [http-nio-8080-exec-2] [32mDEBUG[0;39m org.hibernate.SQL                    [ |  | ] - 
    select
        us1_0.id,
        us1_0.created_at,
        us1_0.last_active_at,
        us1_0.updated_at,
        us1_0.user_id 
    from
        user_statuses us1_0 
    where
        us1_0.user_id=?
25-04-14 16:27:11.860 [http-nio-8080-exec-2] [32mTRACE[0;39m org.hibernate.orm.jdbc.bind          [ |  | ] - binding parameter (1:UUID) <- [6e94cf9c-7085-4e49-9883-260c3c32e68c]
25-04-14 16:27:11.860 [http-nio-8080-exec-2] [32mDEBUG[0;39m org.hibernate.SQL                    [ |  | ] - 
    select
        us1_0.id,
        us1_0.created_at,
        us1_0.last_active_at,
        us1_0.updated_at,
        us1_0.user_id 
    from
        user_statuses us1_0 
    where
        us1_0.user_id=?
25-04-14 16:27:11.860 [http-nio-8080-exec-2] [32mTRACE[0;39m org.hibernate.orm.jdbc.bind          [ |  | ] - binding parameter (1:UUID) <- [d2175aff-c5af-430e-af41-ae472d8642b6]
25-04-14 16:27:11.861 [http-nio-8080-exec-2] [32mDEBUG[0;39m org.hibernate.SQL                    [ |  | ] - 
    select
        us1_0.id,
        us1_0.created_at,
        us1_0.last_active_at,
        us1_0.updated_at,
        us1_0.user_id 
    from
        user_statuses us1_0 
    where
        us1_0.user_id=?
25-04-14 16:27:11.861 [http-nio-8080-exec-2] [32mTRACE[0;39m org.hibernate.orm.jdbc.bind          [ |  | ] - binding parameter (1:UUID) <- [1a064ffe-a25a-4492-9fe0-370528e5279f]
25-04-14 16:27:11.862 [http-nio-8080-exec-2] [32mDEBUG[0;39m org.hibernate.SQL                    [ |  | ] - 
    select
        us1_0.id,
        us1_0.created_at,
        us1_0.last_active_at,
        us1_0.updated_at,
        us1_0.user_id 
    from
        user_statuses us1_0 
    where
        us1_0.user_id=?
25-04-14 16:27:11.862 [http-nio-8080-exec-2] [32mTRACE[0;39m org.hibernate.orm.jdbc.bind          [ |  | ] - binding parameter (1:UUID) <- [962332e6-8cc3-4538-8c64-d2b022e7bf81]
25-04-14 16:27:11.863 [http-nio-8080-exec-2] [32mDEBUG[0;39m org.hibernate.SQL                    [ |  | ] - 
    select
        us1_0.id,
        us1_0.created_at,
        us1_0.last_active_at,
        us1_0.updated_at,
        us1_0.user_id 
    from
        user_statuses us1_0 
    where
        us1_0.user_id=?
25-04-14 16:27:11.863 [http-nio-8080-exec-2] [32mTRACE[0;39m org.hibernate.orm.jdbc.bind          [ |  | ] - binding parameter (1:UUID) <- [1bf3c1d5-ba9e-445c-bb05-e46f4da38b55]
25-04-14 16:27:11.863 [http-nio-8080-exec-2] [32mDEBUG[0;39m org.hibernate.SQL                    [ |  | ] - 
    select
        us1_0.id,
        us1_0.created_at,
        us1_0.last_active_at,
        us1_0.updated_at,
        us1_0.user_id 
    from
        user_statuses us1_0 
    where
        us1_0.user_id=?
25-04-14 16:27:11.863 [http-nio-8080-exec-2] [32mTRACE[0;39m org.hibernate.orm.jdbc.bind          [ |  | ] - binding parameter (1:UUID) <- [406d1ca8-ca14-4cf4-afd7-6d2985bc0d47]
25-04-14 16:27:11.864 [http-nio-8080-exec-2] [32mDEBUG[0;39m org.hibernate.SQL                    [ |  | ] - 
    select
        us1_0.id,
        us1_0.created_at,
        us1_0.last_active_at,
        us1_0.updated_at,
        us1_0.user_id 
    from
        user_statuses us1_0 
    where
        us1_0.user_id=?
25-04-14 16:27:11.864 [http-nio-8080-exec-2] [32mTRACE[0;39m org.hibernate.orm.jdbc.bind          [ |  | ] - binding parameter (1:UUID) <- [b64d0c15-b1fe-46a0-beca-cb61a947228a]
25-04-14 16:27:11.864 [http-nio-8080-exec-2] [32mDEBUG[0;39m org.hibernate.SQL                    [ |  | ] - 
    select
        us1_0.id,
        us1_0.created_at,
        us1_0.last_active_at,
        us1_0.updated_at,
        us1_0.user_id 
    from
        user_statuses us1_0 
    where
        us1_0.user_id=?
25-04-14 16:27:11.865 [http-nio-8080-exec-2] [32mTRACE[0;39m org.hibernate.orm.jdbc.bind          [ |  | ] - binding parameter (1:UUID) <- [48e2f3f6-5bb6-47b6-ad6e-3c1dd8240735]
25-04-14 16:27:11.865 [http-nio-8080-exec-2] [32mDEBUG[0;39m org.hibernate.SQL                    [ |  | ] - 
    select
        us1_0.id,
        us1_0.created_at,
        us1_0.last_active_at,
        us1_0.updated_at,
        us1_0.user_id 
    from
        user_statuses us1_0 
    where
        us1_0.user_id=?
25-04-14 16:27:11.865 [http-nio-8080-exec-2] [32mTRACE[0;39m org.hibernate.orm.jdbc.bind          [ |  | ] - binding parameter (1:UUID) <- [5735c1de-7d10-415d-94fb-b6a471c518a8]
25-04-14 16:27:11.865 [http-nio-8080-exec-2] [32mDEBUG[0;39m org.hibernate.SQL                    [ |  | ] - 
    select
        us1_0.id,
        us1_0.created_at,
        us1_0.last_active_at,
        us1_0.updated_at,
        us1_0.user_id 
    from
        user_statuses us1_0 
    where
        us1_0.user_id=?
25-04-14 16:27:11.866 [http-nio-8080-exec-2] [32mTRACE[0;39m org.hibernate.orm.jdbc.bind          [ |  | ] - binding parameter (1:UUID) <- [d867e1e2-c22c-4201-b137-496edf3adf71]
25-04-14 16:27:11.866 [http-nio-8080-exec-2] [32mDEBUG[0;39m org.hibernate.SQL                    [ |  | ] - 
    select
        us1_0.id,
        us1_0.created_at,
        us1_0.last_active_at,
        us1_0.updated_at,
        us1_0.user_id 
    from
        user_statuses us1_0 
    where
        us1_0.user_id=?
25-04-14 16:27:11.866 [http-nio-8080-exec-2] [32mTRACE[0;39m org.hibernate.orm.jdbc.bind          [ |  | ] - binding parameter (1:UUID) <- [c457048e-c1a2-46c5-8a52-b87738dc89a1]
25-04-14 16:27:11.867 [http-nio-8080-exec-2] [32mDEBUG[0;39m org.hibernate.SQL                    [ |  | ] - 
    select
        us1_0.id,
        us1_0.created_at,
        us1_0.last_active_at,
        us1_0.updated_at,
        us1_0.user_id 
    from
        user_statuses us1_0 
    where
        us1_0.user_id=?
25-04-14 16:27:11.867 [http-nio-8080-exec-2] [32mTRACE[0;39m org.hibernate.orm.jdbc.bind          [ |  | ] - binding parameter (1:UUID) <- [58734365-46e5-427c-aad4-91a591469b01]
25-04-14 16:27:11.870 [http-nio-8080-exec-2] [32mDEBUG[0;39m org.hibernate.SQL                    [ |  | ] - 
    select
        bc1_0.id,
        bc1_0.content_type,
        bc1_0.created_at,
        bc1_0.file_name,
        bc1_0.size 
    from
        binary_contents bc1_0 
    where
        bc1_0.id=?
25-04-14 16:27:11.870 [http-nio-8080-exec-2] [32mTRACE[0;39m org.hibernate.orm.jdbc.bind          [ |  | ] - binding parameter (1:UUID) <- [9b5ab0b4-6f68-45af-a1a3-da8f19b12e75]
25-04-14 16:27:11.873 [http-nio-8080-exec-2] [32mDEBUG[0;39m org.hibernate.SQL                    [ |  | ] - 
    select
        bc1_0.id,
        bc1_0.content_type,
        bc1_0.created_at,
        bc1_0.file_name,
        bc1_0.size 
    from
        binary_contents bc1_0 
    where
        bc1_0.id=?
25-04-14 16:27:11.873 [http-nio-8080-exec-2] [32mTRACE[0;39m org.hibernate.orm.jdbc.bind          [ |  | ] - binding parameter (1:UUID) <- [f0147c4d-99cf-4b99-9a6e-73524ae999f3]
25-04-14 16:27:11.874 [http-nio-8080-exec-2] [32mDEBUG[0;39m org.hibernate.SQL                    [ |  | ] - 
    select
        bc1_0.id,
        bc1_0.content_type,
        bc1_0.created_at,
        bc1_0.file_name,
        bc1_0.size 
    from
        binary_contents bc1_0 
    where
        bc1_0.id=?
25-04-14 16:27:11.874 [http-nio-8080-exec-2] [32mTRACE[0;39m org.hibernate.orm.jdbc.bind          [ |  | ] - binding parameter (1:UUID) <- [3a3474bf-8347-45f1-aaa4-dd38b944a11d]
25-04-14 16:27:11.875 [http-nio-8080-exec-2] [32mDEBUG[0;39m c.s.m.d.controller.UserController    [ |  | ] - 사용자 목록 조회 응답: count=15
25-04-14 16:29:54.340 [http-nio-8080-exec-4] [32mINFO [0;39m c.s.m.d.controller.AuthControllerV1  [ |  | ] - 로그인 요청: username=1
25-04-14 16:29:54.343 [http-nio-8080-exec-4] [32mDEBUG[0;39m org.hibernate.SQL                    [ |  | ] - 
    select
        u1_0.id,
        u1_0.created_at,
        u1_0.email,
        u1_0.password,
        u1_0.profile_id,
        u1_0.updated_at,
        u1_0.username 
    from
        users u1_0 
    where
        u1_0.username=?
25-04-14 16:29:54.343 [http-nio-8080-exec-4] [32mTRACE[0;39m org.hibernate.orm.jdbc.bind          [ |  | ] - binding parameter (1:VARCHAR) <- [1]
25-04-14 16:29:54.344 [http-nio-8080-exec-4] [32mDEBUG[0;39m org.hibernate.SQL                    [ |  | ] - 
    select
        us1_0.id,
        us1_0.created_at,
        us1_0.last_active_at,
        us1_0.updated_at,
        us1_0.user_id 
    from
        user_statuses us1_0 
    where
        us1_0.user_id=?
25-04-14 16:29:54.345 [http-nio-8080-exec-4] [32mTRACE[0;39m org.hibernate.orm.jdbc.bind          [ |  | ] - binding parameter (1:UUID) <- [b64d0c15-b1fe-46a0-beca-cb61a947228a]
25-04-14 16:29:54.347 [http-nio-8080-exec-4] [32mDEBUG[0;39m org.hibernate.SQL                    [ |  | ] - 
    select
        us1_0.id,
        us1_0.created_at,
        us1_0.last_active_at,
        us1_0.updated_at,
        us1_0.user_id 
    from
        user_statuses us1_0 
    left join
        users u1_0 
            on u1_0.id=us1_0.user_id 
    where
        u1_0.id=?
25-04-14 16:29:54.348 [http-nio-8080-exec-4] [32mTRACE[0;39m org.hibernate.orm.jdbc.bind          [ |  | ] - binding parameter (1:UUID) <- [b64d0c15-b1fe-46a0-beca-cb61a947228a]
25-04-14 16:29:54.350 [http-nio-8080-exec-4] [32mDEBUG[0;39m org.hibernate.SQL                    [ |  | ] - 
    update
        user_statuses 
    set
        created_at=?,
        last_active_at=?,
        updated_at=?,
        user_id=? 
    where
        id=?
25-04-14 16:29:54.350 [http-nio-8080-exec-4] [32mTRACE[0;39m org.hibernate.orm.jdbc.bind          [ |  | ] - binding parameter (1:TIMESTAMP_UTC) <- [2025-03-16T15:46:50.728321Z]
25-04-14 16:29:54.350 [http-nio-8080-exec-4] [32mTRACE[0;39m org.hibernate.orm.jdbc.bind          [ |  | ] - binding parameter (2:TIMESTAMP_UTC) <- [2025-04-14T07:29:54.346105700Z]
25-04-14 16:29:54.350 [http-nio-8080-exec-4] [32mTRACE[0;39m org.hibernate.orm.jdbc.bind          [ |  | ] - binding parameter (3:TIMESTAMP_UTC) <- [null]
25-04-14 16:29:54.350 [http-nio-8080-exec-4] [32mTRACE[0;39m org.hibernate.orm.jdbc.bind          [ |  | ] - binding parameter (4:UUID) <- [b64d0c15-b1fe-46a0-beca-cb61a947228a]
25-04-14 16:29:54.350 [http-nio-8080-exec-4] [32mTRACE[0;39m org.hibernate.orm.jdbc.bind          [ |  | ] - binding parameter (5:UUID) <- [ca41a864-c8c3-4be6-a5fa-20c6078099db]
25-04-14 16:29:54.352 [http-nio-8080-exec-4] [32mDEBUG[0;39m c.s.m.d.controller.AuthControllerV1  [ |  | ] - 로그인 응답: UserDto[uuid=null, username=1, email=1@cod2eit.com, profile=null, isOnline=true]
25-04-14 16:29:54.359 [http-nio-8080-exec-5] [32mINFO [0;39m c.s.m.d.controller.UserController    [ |  | ] - 사용자 목록 조회 요청
25-04-14 16:29:54.360 [http-nio-8080-exec-5] [32mDEBUG[0;39m org.hibernate.SQL                    [ |  | ] - 
    select
        u1_0.id,
        u1_0.created_at,
        u1_0.email,
        u1_0.password,
        u1_0.profile_id,
        u1_0.updated_at,
        u1_0.username 
    from
        users u1_0
25-04-14 16:29:54.361 [http-nio-8080-exec-5] [32mDEBUG[0;39m org.hibernate.SQL                    [ |  | ] - 
    select
        us1_0.id,
        us1_0.created_at,
        us1_0.last_active_at,
        us1_0.updated_at,
        us1_0.user_id 
    from
        user_statuses us1_0 
    where
        us1_0.user_id=?
25-04-14 16:29:54.362 [http-nio-8080-exec-5] [32mTRACE[0;39m org.hibernate.orm.jdbc.bind          [ |  | ] - binding parameter (1:UUID) <- [8eda736a-b140-4189-906e-5da4f22f977d]
25-04-14 16:29:54.363 [http-nio-8080-exec-5] [32mDEBUG[0;39m org.hibernate.SQL                    [ |  | ] - 
    select
        us1_0.id,
        us1_0.created_at,
        us1_0.last_active_at,
        us1_0.updated_at,
        us1_0.user_id 
    from
        user_statuses us1_0 
    where
        us1_0.user_id=?
25-04-14 16:29:54.363 [http-nio-8080-exec-5] [32mTRACE[0;39m org.hibernate.orm.jdbc.bind          [ |  | ] - binding parameter (1:UUID) <- [cb1e48ad-2480-40e8-91b8-f17fb89149ac]
25-04-14 16:29:54.364 [http-nio-8080-exec-5] [32mDEBUG[0;39m org.hibernate.SQL                    [ |  | ] - 
    select
        us1_0.id,
        us1_0.created_at,
        us1_0.last_active_at,
        us1_0.updated_at,
        us1_0.user_id 
    from
        user_statuses us1_0 
    where
        us1_0.user_id=?
25-04-14 16:29:54.364 [http-nio-8080-exec-5] [32mTRACE[0;39m org.hibernate.orm.jdbc.bind          [ |  | ] - binding parameter (1:UUID) <- [e884b46f-a2ab-4996-9a7f-baa7ee41b5fd]
25-04-14 16:29:54.365 [http-nio-8080-exec-5] [32mDEBUG[0;39m org.hibernate.SQL                    [ |  | ] - 
    select
        us1_0.id,
        us1_0.created_at,
        us1_0.last_active_at,
        us1_0.updated_at,
        us1_0.user_id 
    from
        user_statuses us1_0 
    where
        us1_0.user_id=?
25-04-14 16:29:54.365 [http-nio-8080-exec-5] [32mTRACE[0;39m org.hibernate.orm.jdbc.bind          [ |  | ] - binding parameter (1:UUID) <- [6e94cf9c-7085-4e49-9883-260c3c32e68c]
25-04-14 16:29:54.366 [http-nio-8080-exec-5] [32mDEBUG[0;39m org.hibernate.SQL                    [ |  | ] - 
    select
        us1_0.id,
        us1_0.created_at,
        us1_0.last_active_at,
        us1_0.updated_at,
        us1_0.user_id 
    from
        user_statuses us1_0 
    where
        us1_0.user_id=?
25-04-14 16:29:54.366 [http-nio-8080-exec-5] [32mTRACE[0;39m org.hibernate.orm.jdbc.bind          [ |  | ] - binding parameter (1:UUID) <- [d2175aff-c5af-430e-af41-ae472d8642b6]
25-04-14 16:29:54.366 [http-nio-8080-exec-5] [32mDEBUG[0;39m org.hibernate.SQL                    [ |  | ] - 
    select
        us1_0.id,
        us1_0.created_at,
        us1_0.last_active_at,
        us1_0.updated_at,
        us1_0.user_id 
    from
        user_statuses us1_0 
    where
        us1_0.user_id=?
25-04-14 16:29:54.367 [http-nio-8080-exec-5] [32mTRACE[0;39m org.hibernate.orm.jdbc.bind          [ |  | ] - binding parameter (1:UUID) <- [1a064ffe-a25a-4492-9fe0-370528e5279f]
25-04-14 16:29:54.367 [http-nio-8080-exec-5] [32mDEBUG[0;39m org.hibernate.SQL                    [ |  | ] - 
    select
        us1_0.id,
        us1_0.created_at,
        us1_0.last_active_at,
        us1_0.updated_at,
        us1_0.user_id 
    from
        user_statuses us1_0 
    where
        us1_0.user_id=?
25-04-14 16:29:54.367 [http-nio-8080-exec-5] [32mTRACE[0;39m org.hibernate.orm.jdbc.bind          [ |  | ] - binding parameter (1:UUID) <- [962332e6-8cc3-4538-8c64-d2b022e7bf81]
25-04-14 16:29:54.368 [http-nio-8080-exec-5] [32mDEBUG[0;39m org.hibernate.SQL                    [ |  | ] - 
    select
        us1_0.id,
        us1_0.created_at,
        us1_0.last_active_at,
        us1_0.updated_at,
        us1_0.user_id 
    from
        user_statuses us1_0 
    where
        us1_0.user_id=?
25-04-14 16:29:54.368 [http-nio-8080-exec-5] [32mTRACE[0;39m org.hibernate.orm.jdbc.bind          [ |  | ] - binding parameter (1:UUID) <- [1bf3c1d5-ba9e-445c-bb05-e46f4da38b55]
25-04-14 16:29:54.369 [http-nio-8080-exec-5] [32mDEBUG[0;39m org.hibernate.SQL                    [ |  | ] - 
    select
        us1_0.id,
        us1_0.created_at,
        us1_0.last_active_at,
        us1_0.updated_at,
        us1_0.user_id 
    from
        user_statuses us1_0 
    where
        us1_0.user_id=?
25-04-14 16:29:54.369 [http-nio-8080-exec-5] [32mTRACE[0;39m org.hibernate.orm.jdbc.bind          [ |  | ] - binding parameter (1:UUID) <- [406d1ca8-ca14-4cf4-afd7-6d2985bc0d47]
25-04-14 16:29:54.369 [http-nio-8080-exec-5] [32mDEBUG[0;39m org.hibernate.SQL                    [ |  | ] - 
    select
        us1_0.id,
        us1_0.created_at,
        us1_0.last_active_at,
        us1_0.updated_at,
        us1_0.user_id 
    from
        user_statuses us1_0 
    where
        us1_0.user_id=?
25-04-14 16:29:54.370 [http-nio-8080-exec-5] [32mTRACE[0;39m org.hibernate.orm.jdbc.bind          [ |  | ] - binding parameter (1:UUID) <- [b64d0c15-b1fe-46a0-beca-cb61a947228a]
25-04-14 16:29:54.370 [http-nio-8080-exec-5] [32mDEBUG[0;39m org.hibernate.SQL                    [ |  | ] - 
    select
        us1_0.id,
        us1_0.created_at,
        us1_0.last_active_at,
        us1_0.updated_at,
        us1_0.user_id 
    from
        user_statuses us1_0 
    where
        us1_0.user_id=?
25-04-14 16:29:54.370 [http-nio-8080-exec-5] [32mTRACE[0;39m org.hibernate.orm.jdbc.bind          [ |  | ] - binding parameter (1:UUID) <- [48e2f3f6-5bb6-47b6-ad6e-3c1dd8240735]
25-04-14 16:29:54.371 [http-nio-8080-exec-5] [32mDEBUG[0;39m org.hibernate.SQL                    [ |  | ] - 
    select
        us1_0.id,
        us1_0.created_at,
        us1_0.last_active_at,
        us1_0.updated_at,
        us1_0.user_id 
    from
        user_statuses us1_0 
    where
        us1_0.user_id=?
25-04-14 16:29:54.371 [http-nio-8080-exec-5] [32mTRACE[0;39m org.hibernate.orm.jdbc.bind          [ |  | ] - binding parameter (1:UUID) <- [5735c1de-7d10-415d-94fb-b6a471c518a8]
25-04-14 16:29:54.371 [http-nio-8080-exec-5] [32mDEBUG[0;39m org.hibernate.SQL                    [ |  | ] - 
    select
        us1_0.id,
        us1_0.created_at,
        us1_0.last_active_at,
        us1_0.updated_at,
        us1_0.user_id 
    from
        user_statuses us1_0 
    where
        us1_0.user_id=?
25-04-14 16:29:54.371 [http-nio-8080-exec-5] [32mTRACE[0;39m org.hibernate.orm.jdbc.bind          [ |  | ] - binding parameter (1:UUID) <- [d867e1e2-c22c-4201-b137-496edf3adf71]
25-04-14 16:29:54.372 [http-nio-8080-exec-5] [32mDEBUG[0;39m org.hibernate.SQL                    [ |  | ] - 
    select
        us1_0.id,
        us1_0.created_at,
        us1_0.last_active_at,
        us1_0.updated_at,
        us1_0.user_id 
    from
        user_statuses us1_0 
    where
        us1_0.user_id=?
25-04-14 16:29:54.372 [http-nio-8080-exec-5] [32mTRACE[0;39m org.hibernate.orm.jdbc.bind          [ |  | ] - binding parameter (1:UUID) <- [c457048e-c1a2-46c5-8a52-b87738dc89a1]
25-04-14 16:29:54.372 [http-nio-8080-exec-5] [32mDEBUG[0;39m org.hibernate.SQL                    [ |  | ] - 
    select
        us1_0.id,
        us1_0.created_at,
        us1_0.last_active_at,
        us1_0.updated_at,
        us1_0.user_id 
    from
        user_statuses us1_0 
    where
        us1_0.user_id=?
25-04-14 16:29:54.373 [http-nio-8080-exec-5] [32mTRACE[0;39m org.hibernate.orm.jdbc.bind          [ |  | ] - binding parameter (1:UUID) <- [58734365-46e5-427c-aad4-91a591469b01]
25-04-14 16:29:54.373 [http-nio-8080-exec-5] [32mDEBUG[0;39m org.hibernate.SQL                    [ |  | ] - 
    select
        bc1_0.id,
        bc1_0.content_type,
        bc1_0.created_at,
        bc1_0.file_name,
        bc1_0.size 
    from
        binary_contents bc1_0 
    where
        bc1_0.id=?
25-04-14 16:29:54.373 [http-nio-8080-exec-5] [32mTRACE[0;39m org.hibernate.orm.jdbc.bind          [ |  | ] - binding parameter (1:UUID) <- [9b5ab0b4-6f68-45af-a1a3-da8f19b12e75]
25-04-14 16:29:54.374 [http-nio-8080-exec-5] [32mDEBUG[0;39m org.hibernate.SQL                    [ |  | ] - 
    select
        bc1_0.id,
        bc1_0.content_type,
        bc1_0.created_at,
        bc1_0.file_name,
        bc1_0.size 
    from
        binary_contents bc1_0 
    where
        bc1_0.id=?
25-04-14 16:29:54.374 [http-nio-8080-exec-5] [32mTRACE[0;39m org.hibernate.orm.jdbc.bind          [ |  | ] - binding parameter (1:UUID) <- [f0147c4d-99cf-4b99-9a6e-73524ae999f3]
25-04-14 16:29:54.374 [http-nio-8080-exec-5] [32mDEBUG[0;39m org.hibernate.SQL                    [ |  | ] - 
    select
        bc1_0.id,
        bc1_0.content_type,
        bc1_0.created_at,
        bc1_0.file_name,
        bc1_0.size 
    from
        binary_contents bc1_0 
    where
        bc1_0.id=?
25-04-14 16:29:54.375 [http-nio-8080-exec-5] [32mTRACE[0;39m org.hibernate.orm.jdbc.bind          [ |  | ] - binding parameter (1:UUID) <- [3a3474bf-8347-45f1-aaa4-dd38b944a11d]
25-04-14 16:29:54.375 [http-nio-8080-exec-5] [32mDEBUG[0;39m c.s.m.d.controller.UserController    [ |  | ] - 사용자 목록 조회 응답: count=15
25-04-14 16:32:51.698 [SpringApplicationShutdownHook] [32mINFO [0;39m o.s.b.w.e.tomcat.GracefulShutdown    [ |  | ] - Commencing graceful shutdown. Waiting for active requests to complete
25-04-14 16:32:51.788 [tomcat-shutdown] [32mINFO [0;39m o.s.b.w.e.tomcat.GracefulShutdown    [ |  | ] - Graceful shutdown complete
25-04-14 16:32:51.792 [SpringApplicationShutdownHook] [32mINFO [0;39m o.s.o.j.LocalContainerEntityManagerFactoryBean [ |  | ] - Closing JPA EntityManagerFactory for persistence unit 'default'
25-04-14 16:32:51.793 [SpringApplicationShutdownHook] [32mINFO [0;39m com.zaxxer.hikari.HikariDataSource   [ |  | ] - HikariPool-1 - Shutdown initiated...
25-04-14 16:32:51.795 [SpringApplicationShutdownHook] [32mINFO [0;39m com.zaxxer.hikari.HikariDataSource   [ |  | ] - HikariPool-1 - Shutdown completed.
25-04-14 16:32:55.204 [background-preinit] [32mINFO [0;39m o.h.validator.internal.util.Version  [ |  | ] - HV000001: Hibernate Validator 8.0.1.Final
25-04-14 16:32:55.252 [main] [32mINFO [0;39m c.s.m.discodeit.DiscodeitApplication [ |  | ] - Starting DiscodeitApplication using Java 17.0.13 with PID 25040 (C:\Users\leesi\1-sprint-mission\build\classes\java\main started by lee in C:\Users\leesi\1-sprint-mission)
25-04-14 16:32:55.252 [main] [32mDEBUG[0;39m c.s.m.discodeit.DiscodeitApplication [ |  | ] - Running with Spring Boot v3.4.2, Spring v6.2.2
25-04-14 16:32:55.253 [main] [32mINFO [0;39m c.s.m.discodeit.DiscodeitApplication [ |  | ] - The following 1 profile is active: "dev"
25-04-14 16:32:56.044 [main] [32mINFO [0;39m o.s.d.r.c.RepositoryConfigurationDelegate [ |  | ] - Bootstrapping Spring Data JPA repositories in DEFAULT mode.
25-04-14 16:32:56.101 [main] [32mINFO [0;39m o.s.d.r.c.RepositoryConfigurationDelegate [ |  | ] - Finished Spring Data repository scanning in 50 ms. Found 6 JPA repository interfaces.
25-04-14 16:32:56.600 [main] [32mINFO [0;39m o.s.b.w.e.tomcat.TomcatWebServer     [ |  | ] - Tomcat initialized with port 8080 (http)
25-04-14 16:32:56.603 [main] [32mINFO [0;39m o.a.c.core.AprLifecycleListener      [ |  | ] - Loaded Apache Tomcat Native library [2.0.8] using APR version [1.7.4].
25-04-14 16:32:56.605 [main] [32mINFO [0;39m o.a.c.core.AprLifecycleListener      [ |  | ] - OpenSSL successfully initialized [OpenSSL 3.0.14 4 Jun 2024]
25-04-14 16:32:56.612 [main] [32mINFO [0;39m o.a.coyote.http11.Http11NioProtocol  [ |  | ] - Initializing ProtocolHandler ["http-nio-8080"]
25-04-14 16:32:56.614 [main] [32mINFO [0;39m o.a.catalina.core.StandardService    [ |  | ] - Starting service [Tomcat]
25-04-14 16:32:56.614 [main] [32mINFO [0;39m o.a.catalina.core.StandardEngine     [ |  | ] - Starting Servlet engine: [Apache Tomcat/10.1.34]
25-04-14 16:32:56.664 [main] [32mINFO [0;39m o.a.c.c.C.[Tomcat].[localhost].[/]   [ |  | ] - Initializing Spring embedded WebApplicationContext
25-04-14 16:32:56.664 [main] [32mINFO [0;39m o.s.b.w.s.c.ServletWebServerApplicationContext [ |  | ] - Root WebApplicationContext: initialization completed in 1373 ms
25-04-14 16:32:56.821 [main] [32mINFO [0;39m com.zaxxer.hikari.HikariDataSource   [ |  | ] - HikariPool-1 - Starting...
25-04-14 16:32:56.945 [main] [32mINFO [0;39m com.zaxxer.hikari.pool.HikariPool    [ |  | ] - HikariPool-1 - Added connection org.postgresql.jdbc.PgConnection@dd20ebc
25-04-14 16:32:56.947 [main] [32mINFO [0;39m com.zaxxer.hikari.HikariDataSource   [ |  | ] - HikariPool-1 - Start completed.
25-04-14 16:32:57.009 [main] [32mINFO [0;39m o.h.jpa.internal.util.LogHelper      [ |  | ] - HHH000204: Processing PersistenceUnitInfo [name: default]
25-04-14 16:32:57.055 [main] [32mINFO [0;39m org.hibernate.Version                [ |  | ] - HHH000412: Hibernate ORM core version 6.6.5.Final
25-04-14 16:32:57.082 [main] [32mINFO [0;39m o.h.c.i.RegionFactoryInitiator       [ |  | ] - HHH000026: Second-level cache disabled
25-04-14 16:32:57.304 [main] [32mINFO [0;39m o.s.o.j.p.SpringPersistenceUnitInfo  [ |  | ] - No LoadTimeWeaver setup: ignoring JPA class transformer
25-04-14 16:32:57.381 [main] [32mINFO [0;39m o.hibernate.orm.connections.pooling  [ |  | ] - HHH10001005: Database info:
	Database JDBC URL [Connecting through datasource 'HikariDataSource (HikariPool-1)']
	Database driver: undefined/unknown
	Database version: 17.4
	Autocommit mode: undefined/unknown
	Isolation level: undefined/unknown
	Minimum pool size: undefined/unknown
	Maximum pool size: undefined/unknown
25-04-14 16:32:58.154 [main] [32mINFO [0;39m o.h.e.t.j.p.i.JtaPlatformInitiator   [ |  | ] - HHH000489: No JTA platform available (set 'hibernate.transaction.jta.platform' to enable JTA platform integration)
25-04-14 16:32:58.189 [main] [32mINFO [0;39m o.s.o.j.LocalContainerEntityManagerFactoryBean [ |  | ] - Initialized JPA EntityManagerFactory for persistence unit 'default'
25-04-14 16:32:58.497 [main] [32mINFO [0;39m o.s.d.j.r.query.QueryEnhancerFactory [ |  | ] - Hibernate is in classpath; If applicable, HQL parser will be used.
25-04-14 16:32:58.960 [main] [32mINFO [0;39m o.s.b.a.w.s.WelcomePageHandlerMapping [ |  | ] - Adding welcome page: class path resource [static/index.html]
25-04-14 16:32:59.510 [main] [32mINFO [0;39m o.s.b.a.e.web.EndpointLinksResolver  [ |  | ] - Exposing 4 endpoints beneath base path '/actuator'
25-04-14 16:32:59.556 [main] [32mINFO [0;39m o.a.coyote.http11.Http11NioProtocol  [ |  | ] - Starting ProtocolHandler ["http-nio-8080"]
25-04-14 16:32:59.569 [main] [32mINFO [0;39m o.s.b.w.e.tomcat.TomcatWebServer     [ |  | ] - Tomcat started on port 8080 (http) with context path '/'
25-04-14 16:32:59.580 [main] [32mINFO [0;39m c.s.m.discodeit.DiscodeitApplication [ |  | ] - Started DiscodeitApplication in 4.917 seconds (process running for 5.291)
25-04-14 16:32:59.935 [RMI TCP Connection(2)-172.21.144.1] [32mINFO [0;39m o.a.c.c.C.[Tomcat].[localhost].[/]   [ |  | ] - Initializing Spring DispatcherServlet 'dispatcherServlet'
25-04-14 16:32:59.936 [RMI TCP Connection(2)-172.21.144.1] [32mINFO [0;39m o.s.web.servlet.DispatcherServlet    [ |  | ] - Initializing Servlet 'dispatcherServlet'
25-04-14 16:32:59.937 [RMI TCP Connection(2)-172.21.144.1] [32mINFO [0;39m o.s.web.servlet.DispatcherServlet    [ |  | ] - Completed initialization in 1 ms
25-04-14 16:33:10.608 [http-nio-8080-exec-5] [32mINFO [0;39m c.s.m.d.controller.AuthControllerV1  [ |  | ] - 로그인 요청: username=1
25-04-14 16:33:10.664 [http-nio-8080-exec-5] [32mDEBUG[0;39m org.hibernate.SQL                    [ |  | ] - 
    select
        u1_0.id,
        u1_0.created_at,
        u1_0.email,
        u1_0.password,
        u1_0.profile_id,
        u1_0.updated_at,
        u1_0.username 
    from
        users u1_0 
    where
        u1_0.username=?
25-04-14 16:33:10.665 [http-nio-8080-exec-5] [32mTRACE[0;39m org.hibernate.orm.jdbc.bind          [ |  | ] - binding parameter (1:VARCHAR) <- [1]
25-04-14 16:33:10.686 [http-nio-8080-exec-5] [32mDEBUG[0;39m org.hibernate.SQL                    [ |  | ] - 
    select
        us1_0.id,
        us1_0.created_at,
        us1_0.last_active_at,
        us1_0.updated_at,
        us1_0.user_id 
    from
        user_statuses us1_0 
    where
        us1_0.user_id=?
25-04-14 16:33:10.686 [http-nio-8080-exec-5] [32mTRACE[0;39m org.hibernate.orm.jdbc.bind          [ |  | ] - binding parameter (1:UUID) <- [b64d0c15-b1fe-46a0-beca-cb61a947228a]
25-04-14 16:33:10.705 [http-nio-8080-exec-5] [32mDEBUG[0;39m org.hibernate.SQL                    [ |  | ] - 
    select
        us1_0.id,
        us1_0.created_at,
        us1_0.last_active_at,
        us1_0.updated_at,
        us1_0.user_id 
    from
        user_statuses us1_0 
    left join
        users u1_0 
            on u1_0.id=us1_0.user_id 
    where
        u1_0.id=?
25-04-14 16:33:10.705 [http-nio-8080-exec-5] [32mTRACE[0;39m org.hibernate.orm.jdbc.bind          [ |  | ] - binding parameter (1:UUID) <- [b64d0c15-b1fe-46a0-beca-cb61a947228a]
25-04-14 16:33:10.726 [http-nio-8080-exec-5] [32mDEBUG[0;39m org.hibernate.SQL                    [ |  | ] - 
    update
        user_statuses 
    set
        created_at=?,
        last_active_at=?,
        updated_at=?,
        user_id=? 
    where
        id=?
25-04-14 16:33:10.727 [http-nio-8080-exec-5] [32mTRACE[0;39m org.hibernate.orm.jdbc.bind          [ |  | ] - binding parameter (1:TIMESTAMP_UTC) <- [2025-03-16T15:46:50.728321Z]
25-04-14 16:33:10.727 [http-nio-8080-exec-5] [32mTRACE[0;39m org.hibernate.orm.jdbc.bind          [ |  | ] - binding parameter (2:TIMESTAMP_UTC) <- [2025-04-14T07:33:10.696147100Z]
25-04-14 16:33:10.728 [http-nio-8080-exec-5] [32mTRACE[0;39m org.hibernate.orm.jdbc.bind          [ |  | ] - binding parameter (3:TIMESTAMP_UTC) <- [null]
25-04-14 16:33:10.728 [http-nio-8080-exec-5] [32mTRACE[0;39m org.hibernate.orm.jdbc.bind          [ |  | ] - binding parameter (4:UUID) <- [b64d0c15-b1fe-46a0-beca-cb61a947228a]
25-04-14 16:33:10.728 [http-nio-8080-exec-5] [32mTRACE[0;39m org.hibernate.orm.jdbc.bind          [ |  | ] - binding parameter (5:UUID) <- [ca41a864-c8c3-4be6-a5fa-20c6078099db]
25-04-14 16:33:10.732 [http-nio-8080-exec-5] [32mDEBUG[0;39m c.s.m.d.controller.AuthControllerV1  [ |  | ] - 로그인 응답: UserDto[id=b64d0c15-b1fe-46a0-beca-cb61a947228a, username=1, email=1@cod2eit.com, profile=null, isOnline=true]
25-04-14 16:33:10.749 [http-nio-8080-exec-6] [32mINFO [0;39m c.s.m.d.controller.UserController    [ |  | ] - 사용자 목록 조회 요청
25-04-14 16:33:10.755 [http-nio-8080-exec-6] [32mDEBUG[0;39m org.hibernate.SQL                    [ |  | ] - 
    select
        u1_0.id,
        u1_0.created_at,
        u1_0.email,
        u1_0.password,
        u1_0.profile_id,
        u1_0.updated_at,
        u1_0.username 
    from
        users u1_0
25-04-14 16:33:10.759 [http-nio-8080-exec-6] [32mDEBUG[0;39m org.hibernate.SQL                    [ |  | ] - 
    select
        us1_0.id,
        us1_0.created_at,
        us1_0.last_active_at,
        us1_0.updated_at,
        us1_0.user_id 
    from
        user_statuses us1_0 
    where
        us1_0.user_id=?
25-04-14 16:33:10.760 [http-nio-8080-exec-6] [32mTRACE[0;39m org.hibernate.orm.jdbc.bind          [ |  | ] - binding parameter (1:UUID) <- [8eda736a-b140-4189-906e-5da4f22f977d]
25-04-14 16:33:10.761 [http-nio-8080-exec-6] [32mDEBUG[0;39m org.hibernate.SQL                    [ |  | ] - 
    select
        us1_0.id,
        us1_0.created_at,
        us1_0.last_active_at,
        us1_0.updated_at,
        us1_0.user_id 
    from
        user_statuses us1_0 
    where
        us1_0.user_id=?
25-04-14 16:33:10.761 [http-nio-8080-exec-6] [32mTRACE[0;39m org.hibernate.orm.jdbc.bind          [ |  | ] - binding parameter (1:UUID) <- [cb1e48ad-2480-40e8-91b8-f17fb89149ac]
25-04-14 16:33:10.762 [http-nio-8080-exec-6] [32mDEBUG[0;39m org.hibernate.SQL                    [ |  | ] - 
    select
        us1_0.id,
        us1_0.created_at,
        us1_0.last_active_at,
        us1_0.updated_at,
        us1_0.user_id 
    from
        user_statuses us1_0 
    where
        us1_0.user_id=?
25-04-14 16:33:10.762 [http-nio-8080-exec-6] [32mTRACE[0;39m org.hibernate.orm.jdbc.bind          [ |  | ] - binding parameter (1:UUID) <- [e884b46f-a2ab-4996-9a7f-baa7ee41b5fd]
25-04-14 16:33:10.763 [http-nio-8080-exec-6] [32mDEBUG[0;39m org.hibernate.SQL                    [ |  | ] - 
    select
        us1_0.id,
        us1_0.created_at,
        us1_0.last_active_at,
        us1_0.updated_at,
        us1_0.user_id 
    from
        user_statuses us1_0 
    where
        us1_0.user_id=?
25-04-14 16:33:10.763 [http-nio-8080-exec-6] [32mTRACE[0;39m org.hibernate.orm.jdbc.bind          [ |  | ] - binding parameter (1:UUID) <- [6e94cf9c-7085-4e49-9883-260c3c32e68c]
25-04-14 16:33:10.763 [http-nio-8080-exec-6] [32mDEBUG[0;39m org.hibernate.SQL                    [ |  | ] - 
    select
        us1_0.id,
        us1_0.created_at,
        us1_0.last_active_at,
        us1_0.updated_at,
        us1_0.user_id 
    from
        user_statuses us1_0 
    where
        us1_0.user_id=?
25-04-14 16:33:10.763 [http-nio-8080-exec-6] [32mTRACE[0;39m org.hibernate.orm.jdbc.bind          [ |  | ] - binding parameter (1:UUID) <- [d2175aff-c5af-430e-af41-ae472d8642b6]
25-04-14 16:33:10.764 [http-nio-8080-exec-6] [32mDEBUG[0;39m org.hibernate.SQL                    [ |  | ] - 
    select
        us1_0.id,
        us1_0.created_at,
        us1_0.last_active_at,
        us1_0.updated_at,
        us1_0.user_id 
    from
        user_statuses us1_0 
    where
        us1_0.user_id=?
25-04-14 16:33:10.764 [http-nio-8080-exec-6] [32mTRACE[0;39m org.hibernate.orm.jdbc.bind          [ |  | ] - binding parameter (1:UUID) <- [1a064ffe-a25a-4492-9fe0-370528e5279f]
25-04-14 16:33:10.765 [http-nio-8080-exec-6] [32mDEBUG[0;39m org.hibernate.SQL                    [ |  | ] - 
    select
        us1_0.id,
        us1_0.created_at,
        us1_0.last_active_at,
        us1_0.updated_at,
        us1_0.user_id 
    from
        user_statuses us1_0 
    where
        us1_0.user_id=?
25-04-14 16:33:10.765 [http-nio-8080-exec-6] [32mTRACE[0;39m org.hibernate.orm.jdbc.bind          [ |  | ] - binding parameter (1:UUID) <- [962332e6-8cc3-4538-8c64-d2b022e7bf81]
25-04-14 16:33:10.765 [http-nio-8080-exec-6] [32mDEBUG[0;39m org.hibernate.SQL                    [ |  | ] - 
    select
        us1_0.id,
        us1_0.created_at,
        us1_0.last_active_at,
        us1_0.updated_at,
        us1_0.user_id 
    from
        user_statuses us1_0 
    where
        us1_0.user_id=?
25-04-14 16:33:10.766 [http-nio-8080-exec-6] [32mTRACE[0;39m org.hibernate.orm.jdbc.bind          [ |  | ] - binding parameter (1:UUID) <- [1bf3c1d5-ba9e-445c-bb05-e46f4da38b55]
25-04-14 16:33:10.766 [http-nio-8080-exec-6] [32mDEBUG[0;39m org.hibernate.SQL                    [ |  | ] - 
    select
        us1_0.id,
        us1_0.created_at,
        us1_0.last_active_at,
        us1_0.updated_at,
        us1_0.user_id 
    from
        user_statuses us1_0 
    where
        us1_0.user_id=?
25-04-14 16:33:10.766 [http-nio-8080-exec-6] [32mTRACE[0;39m org.hibernate.orm.jdbc.bind          [ |  | ] - binding parameter (1:UUID) <- [406d1ca8-ca14-4cf4-afd7-6d2985bc0d47]
25-04-14 16:33:10.767 [http-nio-8080-exec-6] [32mDEBUG[0;39m org.hibernate.SQL                    [ |  | ] - 
    select
        us1_0.id,
        us1_0.created_at,
        us1_0.last_active_at,
        us1_0.updated_at,
        us1_0.user_id 
    from
        user_statuses us1_0 
    where
        us1_0.user_id=?
25-04-14 16:33:10.767 [http-nio-8080-exec-6] [32mTRACE[0;39m org.hibernate.orm.jdbc.bind          [ |  | ] - binding parameter (1:UUID) <- [b64d0c15-b1fe-46a0-beca-cb61a947228a]
25-04-14 16:33:10.767 [http-nio-8080-exec-6] [32mDEBUG[0;39m org.hibernate.SQL                    [ |  | ] - 
    select
        us1_0.id,
        us1_0.created_at,
        us1_0.last_active_at,
        us1_0.updated_at,
        us1_0.user_id 
    from
        user_statuses us1_0 
    where
        us1_0.user_id=?
25-04-14 16:33:10.767 [http-nio-8080-exec-6] [32mTRACE[0;39m org.hibernate.orm.jdbc.bind          [ |  | ] - binding parameter (1:UUID) <- [48e2f3f6-5bb6-47b6-ad6e-3c1dd8240735]
25-04-14 16:33:10.768 [http-nio-8080-exec-6] [32mDEBUG[0;39m org.hibernate.SQL                    [ |  | ] - 
    select
        us1_0.id,
        us1_0.created_at,
        us1_0.last_active_at,
        us1_0.updated_at,
        us1_0.user_id 
    from
        user_statuses us1_0 
    where
        us1_0.user_id=?
25-04-14 16:33:10.768 [http-nio-8080-exec-6] [32mTRACE[0;39m org.hibernate.orm.jdbc.bind          [ |  | ] - binding parameter (1:UUID) <- [5735c1de-7d10-415d-94fb-b6a471c518a8]
25-04-14 16:33:10.768 [http-nio-8080-exec-6] [32mDEBUG[0;39m org.hibernate.SQL                    [ |  | ] - 
    select
        us1_0.id,
        us1_0.created_at,
        us1_0.last_active_at,
        us1_0.updated_at,
        us1_0.user_id 
    from
        user_statuses us1_0 
    where
        us1_0.user_id=?
25-04-14 16:33:10.768 [http-nio-8080-exec-6] [32mTRACE[0;39m org.hibernate.orm.jdbc.bind          [ |  | ] - binding parameter (1:UUID) <- [d867e1e2-c22c-4201-b137-496edf3adf71]
25-04-14 16:33:10.769 [http-nio-8080-exec-6] [32mDEBUG[0;39m org.hibernate.SQL                    [ |  | ] - 
    select
        us1_0.id,
        us1_0.created_at,
        us1_0.last_active_at,
        us1_0.updated_at,
        us1_0.user_id 
    from
        user_statuses us1_0 
    where
        us1_0.user_id=?
25-04-14 16:33:10.769 [http-nio-8080-exec-6] [32mTRACE[0;39m org.hibernate.orm.jdbc.bind          [ |  | ] - binding parameter (1:UUID) <- [c457048e-c1a2-46c5-8a52-b87738dc89a1]
25-04-14 16:33:10.769 [http-nio-8080-exec-6] [32mDEBUG[0;39m org.hibernate.SQL                    [ |  | ] - 
    select
        us1_0.id,
        us1_0.created_at,
        us1_0.last_active_at,
        us1_0.updated_at,
        us1_0.user_id 
    from
        user_statuses us1_0 
    where
        us1_0.user_id=?
25-04-14 16:33:10.769 [http-nio-8080-exec-6] [32mTRACE[0;39m org.hibernate.orm.jdbc.bind          [ |  | ] - binding parameter (1:UUID) <- [58734365-46e5-427c-aad4-91a591469b01]
25-04-14 16:33:10.773 [http-nio-8080-exec-6] [32mDEBUG[0;39m org.hibernate.SQL                    [ |  | ] - 
    select
        bc1_0.id,
        bc1_0.content_type,
        bc1_0.created_at,
        bc1_0.file_name,
        bc1_0.size 
    from
        binary_contents bc1_0 
    where
        bc1_0.id=?
25-04-14 16:33:10.773 [http-nio-8080-exec-6] [32mTRACE[0;39m org.hibernate.orm.jdbc.bind          [ |  | ] - binding parameter (1:UUID) <- [9b5ab0b4-6f68-45af-a1a3-da8f19b12e75]
25-04-14 16:33:10.775 [http-nio-8080-exec-6] [32mDEBUG[0;39m org.hibernate.SQL                    [ |  | ] - 
    select
        bc1_0.id,
        bc1_0.content_type,
        bc1_0.created_at,
        bc1_0.file_name,
        bc1_0.size 
    from
        binary_contents bc1_0 
    where
        bc1_0.id=?
25-04-14 16:33:10.775 [http-nio-8080-exec-6] [32mTRACE[0;39m org.hibernate.orm.jdbc.bind          [ |  | ] - binding parameter (1:UUID) <- [f0147c4d-99cf-4b99-9a6e-73524ae999f3]
25-04-14 16:33:10.776 [http-nio-8080-exec-6] [32mDEBUG[0;39m org.hibernate.SQL                    [ |  | ] - 
    select
        bc1_0.id,
        bc1_0.content_type,
        bc1_0.created_at,
        bc1_0.file_name,
        bc1_0.size 
    from
        binary_contents bc1_0 
    where
        bc1_0.id=?
25-04-14 16:33:10.776 [http-nio-8080-exec-6] [32mTRACE[0;39m org.hibernate.orm.jdbc.bind          [ |  | ] - binding parameter (1:UUID) <- [3a3474bf-8347-45f1-aaa4-dd38b944a11d]
25-04-14 16:33:10.776 [http-nio-8080-exec-6] [32mDEBUG[0;39m c.s.m.d.controller.UserController    [ |  | ] - 사용자 목록 조회 응답: count=15
25-04-14 16:33:10.795 [http-nio-8080-exec-7] [32mINFO [0;39m c.s.m.d.controller.ChannelController [ |  | ] - 공개 채널 목록 조회 요청
25-04-14 16:33:10.796 [http-nio-8080-exec-7] [32mDEBUG[0;39m org.hibernate.SQL                    [ |  | ] - 
    select
        c1_0.id,
        c1_0.created_at,
        c1_0.description,
        c1_0.name,
        c1_0.type,
        c1_0.updated_at 
    from
        channels c1_0
25-04-14 16:33:10.800 [http-nio-8080-exec-7] [32mDEBUG[0;39m c.s.m.d.controller.ChannelController [ |  | ] - 공개 채널 목록 조회 응답: count=0
25-04-14 16:33:10.823 [http-nio-8080-exec-2] [32mINFO [0;39m c.s.m.d.controller.UserController    [ |  | ] - 사용자 목록 조회 요청
25-04-14 16:33:10.825 [http-nio-8080-exec-2] [32mDEBUG[0;39m org.hibernate.SQL                    [ |  | ] - 
    select
        u1_0.id,
        u1_0.created_at,
        u1_0.email,
        u1_0.password,
        u1_0.profile_id,
        u1_0.updated_at,
        u1_0.username 
    from
        users u1_0
25-04-14 16:33:10.826 [http-nio-8080-exec-2] [32mDEBUG[0;39m org.hibernate.SQL                    [ |  | ] - 
    select
        us1_0.id,
        us1_0.created_at,
        us1_0.last_active_at,
        us1_0.updated_at,
        us1_0.user_id 
    from
        user_statuses us1_0 
    where
        us1_0.user_id=?
25-04-14 16:33:10.826 [http-nio-8080-exec-2] [32mTRACE[0;39m org.hibernate.orm.jdbc.bind          [ |  | ] - binding parameter (1:UUID) <- [8eda736a-b140-4189-906e-5da4f22f977d]
25-04-14 16:33:10.828 [http-nio-8080-exec-2] [32mDEBUG[0;39m org.hibernate.SQL                    [ |  | ] - 
    select
        us1_0.id,
        us1_0.created_at,
        us1_0.last_active_at,
        us1_0.updated_at,
        us1_0.user_id 
    from
        user_statuses us1_0 
    where
        us1_0.user_id=?
25-04-14 16:33:10.828 [http-nio-8080-exec-2] [32mTRACE[0;39m org.hibernate.orm.jdbc.bind          [ |  | ] - binding parameter (1:UUID) <- [cb1e48ad-2480-40e8-91b8-f17fb89149ac]
25-04-14 16:33:10.829 [http-nio-8080-exec-2] [32mDEBUG[0;39m org.hibernate.SQL                    [ |  | ] - 
    select
        us1_0.id,
        us1_0.created_at,
        us1_0.last_active_at,
        us1_0.updated_at,
        us1_0.user_id 
    from
        user_statuses us1_0 
    where
        us1_0.user_id=?
25-04-14 16:33:10.829 [http-nio-8080-exec-2] [32mTRACE[0;39m org.hibernate.orm.jdbc.bind          [ |  | ] - binding parameter (1:UUID) <- [e884b46f-a2ab-4996-9a7f-baa7ee41b5fd]
25-04-14 16:33:10.830 [http-nio-8080-exec-2] [32mDEBUG[0;39m org.hibernate.SQL                    [ |  | ] - 
    select
        us1_0.id,
        us1_0.created_at,
        us1_0.last_active_at,
        us1_0.updated_at,
        us1_0.user_id 
    from
        user_statuses us1_0 
    where
        us1_0.user_id=?
25-04-14 16:33:10.830 [http-nio-8080-exec-2] [32mTRACE[0;39m org.hibernate.orm.jdbc.bind          [ |  | ] - binding parameter (1:UUID) <- [6e94cf9c-7085-4e49-9883-260c3c32e68c]
25-04-14 16:33:10.831 [http-nio-8080-exec-2] [32mDEBUG[0;39m org.hibernate.SQL                    [ |  | ] - 
    select
        us1_0.id,
        us1_0.created_at,
        us1_0.last_active_at,
        us1_0.updated_at,
        us1_0.user_id 
    from
        user_statuses us1_0 
    where
        us1_0.user_id=?
25-04-14 16:33:10.831 [http-nio-8080-exec-2] [32mTRACE[0;39m org.hibernate.orm.jdbc.bind          [ |  | ] - binding parameter (1:UUID) <- [d2175aff-c5af-430e-af41-ae472d8642b6]
25-04-14 16:33:10.833 [http-nio-8080-exec-2] [32mDEBUG[0;39m org.hibernate.SQL                    [ |  | ] - 
    select
        us1_0.id,
        us1_0.created_at,
        us1_0.last_active_at,
        us1_0.updated_at,
        us1_0.user_id 
    from
        user_statuses us1_0 
    where
        us1_0.user_id=?
25-04-14 16:33:10.833 [http-nio-8080-exec-2] [32mTRACE[0;39m org.hibernate.orm.jdbc.bind          [ |  | ] - binding parameter (1:UUID) <- [1a064ffe-a25a-4492-9fe0-370528e5279f]
25-04-14 16:33:10.834 [http-nio-8080-exec-2] [32mDEBUG[0;39m org.hibernate.SQL                    [ |  | ] - 
    select
        us1_0.id,
        us1_0.created_at,
        us1_0.last_active_at,
        us1_0.updated_at,
        us1_0.user_id 
    from
        user_statuses us1_0 
    where
        us1_0.user_id=?
25-04-14 16:33:10.835 [http-nio-8080-exec-2] [32mTRACE[0;39m org.hibernate.orm.jdbc.bind          [ |  | ] - binding parameter (1:UUID) <- [962332e6-8cc3-4538-8c64-d2b022e7bf81]
25-04-14 16:33:10.836 [http-nio-8080-exec-2] [32mDEBUG[0;39m org.hibernate.SQL                    [ |  | ] - 
    select
        us1_0.id,
        us1_0.created_at,
        us1_0.last_active_at,
        us1_0.updated_at,
        us1_0.user_id 
    from
        user_statuses us1_0 
    where
        us1_0.user_id=?
25-04-14 16:33:10.836 [http-nio-8080-exec-2] [32mTRACE[0;39m org.hibernate.orm.jdbc.bind          [ |  | ] - binding parameter (1:UUID) <- [1bf3c1d5-ba9e-445c-bb05-e46f4da38b55]
25-04-14 16:33:10.838 [http-nio-8080-exec-2] [32mDEBUG[0;39m org.hibernate.SQL                    [ |  | ] - 
    select
        us1_0.id,
        us1_0.created_at,
        us1_0.last_active_at,
        us1_0.updated_at,
        us1_0.user_id 
    from
        user_statuses us1_0 
    where
        us1_0.user_id=?
25-04-14 16:33:10.838 [http-nio-8080-exec-2] [32mTRACE[0;39m org.hibernate.orm.jdbc.bind          [ |  | ] - binding parameter (1:UUID) <- [406d1ca8-ca14-4cf4-afd7-6d2985bc0d47]
25-04-14 16:33:10.839 [http-nio-8080-exec-2] [32mDEBUG[0;39m org.hibernate.SQL                    [ |  | ] - 
    select
        us1_0.id,
        us1_0.created_at,
        us1_0.last_active_at,
        us1_0.updated_at,
        us1_0.user_id 
    from
        user_statuses us1_0 
    where
        us1_0.user_id=?
25-04-14 16:33:10.839 [http-nio-8080-exec-2] [32mTRACE[0;39m org.hibernate.orm.jdbc.bind          [ |  | ] - binding parameter (1:UUID) <- [b64d0c15-b1fe-46a0-beca-cb61a947228a]
25-04-14 16:33:10.840 [http-nio-8080-exec-2] [32mDEBUG[0;39m org.hibernate.SQL                    [ |  | ] - 
    select
        us1_0.id,
        us1_0.created_at,
        us1_0.last_active_at,
        us1_0.updated_at,
        us1_0.user_id 
    from
        user_statuses us1_0 
    where
        us1_0.user_id=?
25-04-14 16:33:10.840 [http-nio-8080-exec-2] [32mTRACE[0;39m org.hibernate.orm.jdbc.bind          [ |  | ] - binding parameter (1:UUID) <- [48e2f3f6-5bb6-47b6-ad6e-3c1dd8240735]
25-04-14 16:33:10.841 [http-nio-8080-exec-2] [32mDEBUG[0;39m org.hibernate.SQL                    [ |  | ] - 
    select
        us1_0.id,
        us1_0.created_at,
        us1_0.last_active_at,
        us1_0.updated_at,
        us1_0.user_id 
    from
        user_statuses us1_0 
    where
        us1_0.user_id=?
25-04-14 16:33:10.841 [http-nio-8080-exec-2] [32mTRACE[0;39m org.hibernate.orm.jdbc.bind          [ |  | ] - binding parameter (1:UUID) <- [5735c1de-7d10-415d-94fb-b6a471c518a8]
25-04-14 16:33:10.842 [http-nio-8080-exec-2] [32mDEBUG[0;39m org.hibernate.SQL                    [ |  | ] - 
    select
        us1_0.id,
        us1_0.created_at,
        us1_0.last_active_at,
        us1_0.updated_at,
        us1_0.user_id 
    from
        user_statuses us1_0 
    where
        us1_0.user_id=?
25-04-14 16:33:10.842 [http-nio-8080-exec-2] [32mTRACE[0;39m org.hibernate.orm.jdbc.bind          [ |  | ] - binding parameter (1:UUID) <- [d867e1e2-c22c-4201-b137-496edf3adf71]
25-04-14 16:33:10.843 [http-nio-8080-exec-2] [32mDEBUG[0;39m org.hibernate.SQL                    [ |  | ] - 
    select
        us1_0.id,
        us1_0.created_at,
        us1_0.last_active_at,
        us1_0.updated_at,
        us1_0.user_id 
    from
        user_statuses us1_0 
    where
        us1_0.user_id=?
25-04-14 16:33:10.843 [http-nio-8080-exec-2] [32mTRACE[0;39m org.hibernate.orm.jdbc.bind          [ |  | ] - binding parameter (1:UUID) <- [c457048e-c1a2-46c5-8a52-b87738dc89a1]
25-04-14 16:33:10.844 [http-nio-8080-exec-2] [32mDEBUG[0;39m org.hibernate.SQL                    [ |  | ] - 
    select
        us1_0.id,
        us1_0.created_at,
        us1_0.last_active_at,
        us1_0.updated_at,
        us1_0.user_id 
    from
        user_statuses us1_0 
    where
        us1_0.user_id=?
25-04-14 16:33:10.844 [http-nio-8080-exec-2] [32mTRACE[0;39m org.hibernate.orm.jdbc.bind          [ |  | ] - binding parameter (1:UUID) <- [58734365-46e5-427c-aad4-91a591469b01]
25-04-14 16:33:10.845 [http-nio-8080-exec-2] [32mDEBUG[0;39m org.hibernate.SQL                    [ |  | ] - 
    select
        bc1_0.id,
        bc1_0.content_type,
        bc1_0.created_at,
        bc1_0.file_name,
        bc1_0.size 
    from
        binary_contents bc1_0 
    where
        bc1_0.id=?
25-04-14 16:33:10.845 [http-nio-8080-exec-2] [32mTRACE[0;39m org.hibernate.orm.jdbc.bind          [ |  | ] - binding parameter (1:UUID) <- [9b5ab0b4-6f68-45af-a1a3-da8f19b12e75]
25-04-14 16:33:10.847 [http-nio-8080-exec-2] [32mDEBUG[0;39m org.hibernate.SQL                    [ |  | ] - 
    select
        bc1_0.id,
        bc1_0.content_type,
        bc1_0.created_at,
        bc1_0.file_name,
        bc1_0.size 
    from
        binary_contents bc1_0 
    where
        bc1_0.id=?
25-04-14 16:33:10.847 [http-nio-8080-exec-2] [32mTRACE[0;39m org.hibernate.orm.jdbc.bind          [ |  | ] - binding parameter (1:UUID) <- [f0147c4d-99cf-4b99-9a6e-73524ae999f3]
25-04-14 16:33:10.848 [http-nio-8080-exec-2] [32mDEBUG[0;39m org.hibernate.SQL                    [ |  | ] - 
    select
        bc1_0.id,
        bc1_0.content_type,
        bc1_0.created_at,
        bc1_0.file_name,
        bc1_0.size 
    from
        binary_contents bc1_0 
    where
        bc1_0.id=?
25-04-14 16:33:10.848 [http-nio-8080-exec-2] [32mTRACE[0;39m org.hibernate.orm.jdbc.bind          [ |  | ] - binding parameter (1:UUID) <- [3a3474bf-8347-45f1-aaa4-dd38b944a11d]
25-04-14 16:33:10.849 [http-nio-8080-exec-2] [32mDEBUG[0;39m c.s.m.d.controller.UserController    [ |  | ] - 사용자 목록 조회 응답: count=15
25-04-14 16:33:10.853 [http-nio-8080-exec-6] [32mINFO [0;39m c.s.m.d.controller.UserController    [ |  | ] - 사용자 목록 조회 요청
25-04-14 16:33:10.855 [http-nio-8080-exec-6] [32mDEBUG[0;39m org.hibernate.SQL                    [ |  | ] - 
    select
        u1_0.id,
        u1_0.created_at,
        u1_0.email,
        u1_0.password,
        u1_0.profile_id,
        u1_0.updated_at,
        u1_0.username 
    from
        users u1_0
25-04-14 16:33:10.856 [http-nio-8080-exec-6] [32mDEBUG[0;39m org.hibernate.SQL                    [ |  | ] - 
    select
        us1_0.id,
        us1_0.created_at,
        us1_0.last_active_at,
        us1_0.updated_at,
        us1_0.user_id 
    from
        user_statuses us1_0 
    where
        us1_0.user_id=?
25-04-14 16:33:10.856 [http-nio-8080-exec-6] [32mTRACE[0;39m org.hibernate.orm.jdbc.bind          [ |  | ] - binding parameter (1:UUID) <- [8eda736a-b140-4189-906e-5da4f22f977d]
25-04-14 16:33:10.857 [http-nio-8080-exec-6] [32mDEBUG[0;39m org.hibernate.SQL                    [ |  | ] - 
    select
        us1_0.id,
        us1_0.created_at,
        us1_0.last_active_at,
        us1_0.updated_at,
        us1_0.user_id 
    from
        user_statuses us1_0 
    where
        us1_0.user_id=?
25-04-14 16:33:10.857 [http-nio-8080-exec-1] [32mINFO [0;39m c.s.m.d.controller.ChannelController [ |  | ] - 공개 채널 목록 조회 요청
25-04-14 16:33:10.857 [http-nio-8080-exec-6] [32mTRACE[0;39m org.hibernate.orm.jdbc.bind          [ |  | ] - binding parameter (1:UUID) <- [cb1e48ad-2480-40e8-91b8-f17fb89149ac]
25-04-14 16:33:10.858 [http-nio-8080-exec-6] [32mDEBUG[0;39m org.hibernate.SQL                    [ |  | ] - 
    select
        us1_0.id,
        us1_0.created_at,
        us1_0.last_active_at,
        us1_0.updated_at,
        us1_0.user_id 
    from
        user_statuses us1_0 
    where
        us1_0.user_id=?
25-04-14 16:33:10.858 [http-nio-8080-exec-6] [32mTRACE[0;39m org.hibernate.orm.jdbc.bind          [ |  | ] - binding parameter (1:UUID) <- [e884b46f-a2ab-4996-9a7f-baa7ee41b5fd]
25-04-14 16:33:10.858 [http-nio-8080-exec-1] [32mDEBUG[0;39m org.hibernate.SQL                    [ |  | ] - 
    select
        c1_0.id,
        c1_0.created_at,
        c1_0.description,
        c1_0.name,
        c1_0.type,
        c1_0.updated_at 
    from
        channels c1_0
25-04-14 16:33:10.859 [http-nio-8080-exec-6] [32mDEBUG[0;39m org.hibernate.SQL                    [ |  | ] - 
    select
        us1_0.id,
        us1_0.created_at,
        us1_0.last_active_at,
        us1_0.updated_at,
        us1_0.user_id 
    from
        user_statuses us1_0 
    where
        us1_0.user_id=?
25-04-14 16:33:10.859 [http-nio-8080-exec-6] [32mTRACE[0;39m org.hibernate.orm.jdbc.bind          [ |  | ] - binding parameter (1:UUID) <- [6e94cf9c-7085-4e49-9883-260c3c32e68c]
25-04-14 16:33:10.860 [http-nio-8080-exec-6] [32mDEBUG[0;39m org.hibernate.SQL                    [ |  | ] - 
    select
        us1_0.id,
        us1_0.created_at,
        us1_0.last_active_at,
        us1_0.updated_at,
        us1_0.user_id 
    from
        user_statuses us1_0 
    where
        us1_0.user_id=?
25-04-14 16:33:10.860 [http-nio-8080-exec-6] [32mTRACE[0;39m org.hibernate.orm.jdbc.bind          [ |  | ] - binding parameter (1:UUID) <- [d2175aff-c5af-430e-af41-ae472d8642b6]
25-04-14 16:33:10.861 [http-nio-8080-exec-6] [32mDEBUG[0;39m org.hibernate.SQL                    [ |  | ] - 
    select
        us1_0.id,
        us1_0.created_at,
        us1_0.last_active_at,
        us1_0.updated_at,
        us1_0.user_id 
    from
        user_statuses us1_0 
    where
        us1_0.user_id=?
25-04-14 16:33:10.861 [http-nio-8080-exec-6] [32mTRACE[0;39m org.hibernate.orm.jdbc.bind          [ |  | ] - binding parameter (1:UUID) <- [1a064ffe-a25a-4492-9fe0-370528e5279f]
25-04-14 16:33:10.861 [http-nio-8080-exec-1] [32mDEBUG[0;39m c.s.m.d.controller.ChannelController [ |  | ] - 공개 채널 목록 조회 응답: count=0
25-04-14 16:33:10.861 [http-nio-8080-exec-6] [32mDEBUG[0;39m org.hibernate.SQL                    [ |  | ] - 
    select
        us1_0.id,
        us1_0.created_at,
        us1_0.last_active_at,
        us1_0.updated_at,
        us1_0.user_id 
    from
        user_statuses us1_0 
    where
        us1_0.user_id=?
25-04-14 16:33:10.861 [http-nio-8080-exec-6] [32mTRACE[0;39m org.hibernate.orm.jdbc.bind          [ |  | ] - binding parameter (1:UUID) <- [962332e6-8cc3-4538-8c64-d2b022e7bf81]
25-04-14 16:33:10.862 [http-nio-8080-exec-6] [32mDEBUG[0;39m org.hibernate.SQL                    [ |  | ] - 
    select
        us1_0.id,
        us1_0.created_at,
        us1_0.last_active_at,
        us1_0.updated_at,
        us1_0.user_id 
    from
        user_statuses us1_0 
    where
        us1_0.user_id=?
25-04-14 16:33:10.862 [http-nio-8080-exec-6] [32mTRACE[0;39m org.hibernate.orm.jdbc.bind          [ |  | ] - binding parameter (1:UUID) <- [1bf3c1d5-ba9e-445c-bb05-e46f4da38b55]
25-04-14 16:33:10.863 [http-nio-8080-exec-6] [32mDEBUG[0;39m org.hibernate.SQL                    [ |  | ] - 
    select
        us1_0.id,
        us1_0.created_at,
        us1_0.last_active_at,
        us1_0.updated_at,
        us1_0.user_id 
    from
        user_statuses us1_0 
    where
        us1_0.user_id=?
25-04-14 16:33:10.863 [http-nio-8080-exec-6] [32mTRACE[0;39m org.hibernate.orm.jdbc.bind          [ |  | ] - binding parameter (1:UUID) <- [406d1ca8-ca14-4cf4-afd7-6d2985bc0d47]
25-04-14 16:33:10.863 [http-nio-8080-exec-6] [32mDEBUG[0;39m org.hibernate.SQL                    [ |  | ] - 
    select
        us1_0.id,
        us1_0.created_at,
        us1_0.last_active_at,
        us1_0.updated_at,
        us1_0.user_id 
    from
        user_statuses us1_0 
    where
        us1_0.user_id=?
25-04-14 16:33:10.863 [http-nio-8080-exec-6] [32mTRACE[0;39m org.hibernate.orm.jdbc.bind          [ |  | ] - binding parameter (1:UUID) <- [b64d0c15-b1fe-46a0-beca-cb61a947228a]
25-04-14 16:33:10.864 [http-nio-8080-exec-6] [32mDEBUG[0;39m org.hibernate.SQL                    [ |  | ] - 
    select
        us1_0.id,
        us1_0.created_at,
        us1_0.last_active_at,
        us1_0.updated_at,
        us1_0.user_id 
    from
        user_statuses us1_0 
    where
        us1_0.user_id=?
25-04-14 16:33:10.864 [http-nio-8080-exec-6] [32mTRACE[0;39m org.hibernate.orm.jdbc.bind          [ |  | ] - binding parameter (1:UUID) <- [48e2f3f6-5bb6-47b6-ad6e-3c1dd8240735]
25-04-14 16:33:10.865 [http-nio-8080-exec-6] [32mDEBUG[0;39m org.hibernate.SQL                    [ |  | ] - 
    select
        us1_0.id,
        us1_0.created_at,
        us1_0.last_active_at,
        us1_0.updated_at,
        us1_0.user_id 
    from
        user_statuses us1_0 
    where
        us1_0.user_id=?
25-04-14 16:33:10.865 [http-nio-8080-exec-6] [32mTRACE[0;39m org.hibernate.orm.jdbc.bind          [ |  | ] - binding parameter (1:UUID) <- [5735c1de-7d10-415d-94fb-b6a471c518a8]
25-04-14 16:33:10.866 [http-nio-8080-exec-6] [32mDEBUG[0;39m org.hibernate.SQL                    [ |  | ] - 
    select
        us1_0.id,
        us1_0.created_at,
        us1_0.last_active_at,
        us1_0.updated_at,
        us1_0.user_id 
    from
        user_statuses us1_0 
    where
        us1_0.user_id=?
25-04-14 16:33:10.866 [http-nio-8080-exec-6] [32mTRACE[0;39m org.hibernate.orm.jdbc.bind          [ |  | ] - binding parameter (1:UUID) <- [d867e1e2-c22c-4201-b137-496edf3adf71]
25-04-14 16:33:10.866 [http-nio-8080-exec-6] [32mDEBUG[0;39m org.hibernate.SQL                    [ |  | ] - 
    select
        us1_0.id,
        us1_0.created_at,
        us1_0.last_active_at,
        us1_0.updated_at,
        us1_0.user_id 
    from
        user_statuses us1_0 
    where
        us1_0.user_id=?
25-04-14 16:33:10.866 [http-nio-8080-exec-6] [32mTRACE[0;39m org.hibernate.orm.jdbc.bind          [ |  | ] - binding parameter (1:UUID) <- [c457048e-c1a2-46c5-8a52-b87738dc89a1]
25-04-14 16:33:10.867 [http-nio-8080-exec-6] [32mDEBUG[0;39m org.hibernate.SQL                    [ |  | ] - 
    select
        us1_0.id,
        us1_0.created_at,
        us1_0.last_active_at,
        us1_0.updated_at,
        us1_0.user_id 
    from
        user_statuses us1_0 
    where
        us1_0.user_id=?
25-04-14 16:33:10.867 [http-nio-8080-exec-6] [32mTRACE[0;39m org.hibernate.orm.jdbc.bind          [ |  | ] - binding parameter (1:UUID) <- [58734365-46e5-427c-aad4-91a591469b01]
25-04-14 16:33:10.868 [http-nio-8080-exec-6] [32mDEBUG[0;39m org.hibernate.SQL                    [ |  | ] - 
    select
        bc1_0.id,
        bc1_0.content_type,
        bc1_0.created_at,
        bc1_0.file_name,
        bc1_0.size 
    from
        binary_contents bc1_0 
    where
        bc1_0.id=?
25-04-14 16:33:10.868 [http-nio-8080-exec-6] [32mTRACE[0;39m org.hibernate.orm.jdbc.bind          [ |  | ] - binding parameter (1:UUID) <- [9b5ab0b4-6f68-45af-a1a3-da8f19b12e75]
25-04-14 16:33:10.869 [http-nio-8080-exec-6] [32mDEBUG[0;39m org.hibernate.SQL                    [ |  | ] - 
    select
        bc1_0.id,
        bc1_0.content_type,
        bc1_0.created_at,
        bc1_0.file_name,
        bc1_0.size 
    from
        binary_contents bc1_0 
    where
        bc1_0.id=?
25-04-14 16:33:10.869 [http-nio-8080-exec-6] [32mTRACE[0;39m org.hibernate.orm.jdbc.bind          [ |  | ] - binding parameter (1:UUID) <- [f0147c4d-99cf-4b99-9a6e-73524ae999f3]
25-04-14 16:33:10.869 [http-nio-8080-exec-6] [32mDEBUG[0;39m org.hibernate.SQL                    [ |  | ] - 
    select
        bc1_0.id,
        bc1_0.content_type,
        bc1_0.created_at,
        bc1_0.file_name,
        bc1_0.size 
    from
        binary_contents bc1_0 
    where
        bc1_0.id=?
25-04-14 16:33:10.869 [http-nio-8080-exec-6] [32mTRACE[0;39m org.hibernate.orm.jdbc.bind          [ |  | ] - binding parameter (1:UUID) <- [3a3474bf-8347-45f1-aaa4-dd38b944a11d]
25-04-14 16:33:10.870 [http-nio-8080-exec-6] [32mDEBUG[0;39m c.s.m.d.controller.UserController    [ |  | ] - 사용자 목록 조회 응답: count=15
25-04-14 16:33:10.885 [http-nio-8080-exec-9] [32mINFO [0;39m c.s.m.d.controller.ChannelController [ |  | ] - 공개 채널 목록 조회 요청
25-04-14 16:33:10.887 [http-nio-8080-exec-9] [32mDEBUG[0;39m org.hibernate.SQL                    [ |  | ] - 
    select
        c1_0.id,
        c1_0.created_at,
        c1_0.description,
        c1_0.name,
        c1_0.type,
        c1_0.updated_at 
    from
        channels c1_0
25-04-14 16:33:10.889 [http-nio-8080-exec-9] [32mDEBUG[0;39m c.s.m.d.controller.ChannelController [ |  | ] - 공개 채널 목록 조회 응답: count=0
25-04-14 16:33:13.891 [http-nio-8080-exec-4] [32mINFO [0;39m c.s.m.d.controller.ChannelController [ |  | ] - 공개 채널 목록 조회 요청
25-04-14 16:33:13.894 [http-nio-8080-exec-4] [32mDEBUG[0;39m org.hibernate.SQL                    [ |  | ] - 
    select
        c1_0.id,
        c1_0.created_at,
        c1_0.description,
        c1_0.name,
        c1_0.type,
        c1_0.updated_at 
    from
        channels c1_0
25-04-14 16:33:13.897 [http-nio-8080-exec-4] [32mDEBUG[0;39m c.s.m.d.controller.ChannelController [ |  | ] - 공개 채널 목록 조회 응답: count=0
25-04-14 16:33:16.887 [http-nio-8080-exec-2] [32mINFO [0;39m c.s.m.d.controller.ChannelController [ |  | ] - 공개 채널 목록 조회 요청
25-04-14 16:33:16.889 [http-nio-8080-exec-2] [32mDEBUG[0;39m org.hibernate.SQL                    [ |  | ] - 
    select
        c1_0.id,
        c1_0.created_at,
        c1_0.description,
        c1_0.name,
        c1_0.type,
        c1_0.updated_at 
    from
        channels c1_0
25-04-14 16:33:16.891 [http-nio-8080-exec-2] [32mDEBUG[0;39m c.s.m.d.controller.ChannelController [ |  | ] - 공개 채널 목록 조회 응답: count=0
25-04-14 16:33:19.890 [http-nio-8080-exec-1] [32mINFO [0;39m c.s.m.d.controller.ChannelController [ |  | ] - 공개 채널 목록 조회 요청
25-04-14 16:33:19.891 [http-nio-8080-exec-1] [32mDEBUG[0;39m org.hibernate.SQL                    [ |  | ] - 
    select
        c1_0.id,
        c1_0.created_at,
        c1_0.description,
        c1_0.name,
        c1_0.type,
        c1_0.updated_at 
    from
        channels c1_0
25-04-14 16:33:19.892 [http-nio-8080-exec-1] [32mDEBUG[0;39m c.s.m.d.controller.ChannelController [ |  | ] - 공개 채널 목록 조회 응답: count=0
25-04-14 16:33:22.890 [http-nio-8080-exec-6] [32mINFO [0;39m c.s.m.d.controller.ChannelController [ |  | ] - 공개 채널 목록 조회 요청
25-04-14 16:33:22.892 [http-nio-8080-exec-6] [32mDEBUG[0;39m org.hibernate.SQL                    [ |  | ] - 
    select
        c1_0.id,
        c1_0.created_at,
        c1_0.description,
        c1_0.name,
        c1_0.type,
        c1_0.updated_at 
    from
        channels c1_0
25-04-14 16:33:22.894 [http-nio-8080-exec-6] [32mDEBUG[0;39m c.s.m.d.controller.ChannelController [ |  | ] - 공개 채널 목록 조회 응답: count=0
25-04-14 16:33:25.891 [http-nio-8080-exec-3] [32mINFO [0;39m c.s.m.d.controller.ChannelController [ |  | ] - 공개 채널 목록 조회 요청
25-04-14 16:33:25.895 [http-nio-8080-exec-3] [32mDEBUG[0;39m org.hibernate.SQL                    [ |  | ] - 
    select
        c1_0.id,
        c1_0.created_at,
        c1_0.description,
        c1_0.name,
        c1_0.type,
        c1_0.updated_at 
    from
        channels c1_0
25-04-14 16:33:25.896 [http-nio-8080-exec-3] [32mDEBUG[0;39m c.s.m.d.controller.ChannelController [ |  | ] - 공개 채널 목록 조회 응답: count=0
25-04-14 16:33:28.892 [http-nio-8080-exec-4] [32mINFO [0;39m c.s.m.d.controller.ChannelController [ |  | ] - 공개 채널 목록 조회 요청
25-04-14 16:33:28.894 [http-nio-8080-exec-4] [32mDEBUG[0;39m org.hibernate.SQL                    [ |  | ] - 
    select
        c1_0.id,
        c1_0.created_at,
        c1_0.description,
        c1_0.name,
        c1_0.type,
        c1_0.updated_at 
    from
        channels c1_0
25-04-14 16:33:28.896 [http-nio-8080-exec-4] [32mDEBUG[0;39m c.s.m.d.controller.ChannelController [ |  | ] - 공개 채널 목록 조회 응답: count=0
25-04-14 16:33:31.886 [http-nio-8080-exec-2] [32mINFO [0;39m c.s.m.d.controller.ChannelController [ |  | ] - 공개 채널 목록 조회 요청
25-04-14 16:33:31.889 [http-nio-8080-exec-2] [32mDEBUG[0;39m org.hibernate.SQL                    [ |  | ] - 
    select
        c1_0.id,
        c1_0.created_at,
        c1_0.description,
        c1_0.name,
        c1_0.type,
        c1_0.updated_at 
    from
        channels c1_0
25-04-14 16:33:31.893 [http-nio-8080-exec-2] [32mDEBUG[0;39m c.s.m.d.controller.ChannelController [ |  | ] - 공개 채널 목록 조회 응답: count=0
25-04-14 16:33:34.885 [http-nio-8080-exec-1] [32mINFO [0;39m c.s.m.d.controller.ChannelController [ |  | ] - 공개 채널 목록 조회 요청
25-04-14 16:33:34.887 [http-nio-8080-exec-1] [32mDEBUG[0;39m org.hibernate.SQL                    [ |  | ] - 
    select
        c1_0.id,
        c1_0.created_at,
        c1_0.description,
        c1_0.name,
        c1_0.type,
        c1_0.updated_at 
    from
        channels c1_0
25-04-14 16:33:34.888 [http-nio-8080-exec-1] [32mDEBUG[0;39m c.s.m.d.controller.ChannelController [ |  | ] - 공개 채널 목록 조회 응답: count=0
25-04-14 16:33:37.889 [http-nio-8080-exec-6] [32mINFO [0;39m c.s.m.d.controller.ChannelController [ |  | ] - 공개 채널 목록 조회 요청
25-04-14 16:33:37.894 [http-nio-8080-exec-6] [32mDEBUG[0;39m org.hibernate.SQL                    [ |  | ] - 
    select
        c1_0.id,
        c1_0.created_at,
        c1_0.description,
        c1_0.name,
        c1_0.type,
        c1_0.updated_at 
    from
        channels c1_0
25-04-14 16:33:37.897 [http-nio-8080-exec-6] [32mDEBUG[0;39m c.s.m.d.controller.ChannelController [ |  | ] - 공개 채널 목록 조회 응답: count=0
25-04-14 16:33:40.889 [http-nio-8080-exec-7] [32mINFO [0;39m c.s.m.d.controller.ChannelController [ |  | ] - 공개 채널 목록 조회 요청
25-04-14 16:33:40.894 [http-nio-8080-exec-7] [32mDEBUG[0;39m org.hibernate.SQL                    [ |  | ] - 
    select
        c1_0.id,
        c1_0.created_at,
        c1_0.description,
        c1_0.name,
        c1_0.type,
        c1_0.updated_at 
    from
        channels c1_0
25-04-14 16:33:40.897 [http-nio-8080-exec-7] [32mDEBUG[0;39m c.s.m.d.controller.ChannelController [ |  | ] - 공개 채널 목록 조회 응답: count=0
25-04-14 16:33:43.887 [http-nio-8080-exec-2] [32mINFO [0;39m c.s.m.d.controller.ChannelController [ |  | ] - 공개 채널 목록 조회 요청
25-04-14 16:33:43.888 [http-nio-8080-exec-2] [32mDEBUG[0;39m org.hibernate.SQL                    [ |  | ] - 
    select
        c1_0.id,
        c1_0.created_at,
        c1_0.description,
        c1_0.name,
        c1_0.type,
        c1_0.updated_at 
    from
        channels c1_0
25-04-14 16:33:43.888 [http-nio-8080-exec-2] [32mDEBUG[0;39m c.s.m.d.controller.ChannelController [ |  | ] - 공개 채널 목록 조회 응답: count=0
25-04-14 16:33:46.887 [http-nio-8080-exec-1] [32mINFO [0;39m c.s.m.d.controller.ChannelController [ |  | ] - 공개 채널 목록 조회 요청
25-04-14 16:33:46.889 [http-nio-8080-exec-1] [32mDEBUG[0;39m org.hibernate.SQL                    [ |  | ] - 
    select
        c1_0.id,
        c1_0.created_at,
        c1_0.description,
        c1_0.name,
        c1_0.type,
        c1_0.updated_at 
    from
        channels c1_0
25-04-14 16:33:46.890 [http-nio-8080-exec-1] [32mDEBUG[0;39m c.s.m.d.controller.ChannelController [ |  | ] - 공개 채널 목록 조회 응답: count=0
25-04-14 16:33:47.729 [SpringApplicationShutdownHook] [32mINFO [0;39m o.s.b.w.e.tomcat.GracefulShutdown    [ |  | ] - Commencing graceful shutdown. Waiting for active requests to complete
25-04-14 16:33:47.818 [tomcat-shutdown] [32mINFO [0;39m o.s.b.w.e.tomcat.GracefulShutdown    [ |  | ] - Graceful shutdown complete
25-04-14 16:33:47.822 [SpringApplicationShutdownHook] [32mINFO [0;39m o.s.o.j.LocalContainerEntityManagerFactoryBean [ |  | ] - Closing JPA EntityManagerFactory for persistence unit 'default'
25-04-14 16:33:47.823 [SpringApplicationShutdownHook] [32mINFO [0;39m com.zaxxer.hikari.HikariDataSource   [ |  | ] - HikariPool-1 - Shutdown initiated...
25-04-14 16:33:47.825 [SpringApplicationShutdownHook] [32mINFO [0;39m com.zaxxer.hikari.HikariDataSource   [ |  | ] - HikariPool-1 - Shutdown completed.
25-04-14 16:38:31.220 [background-preinit] [32mINFO [0;39m o.h.validator.internal.util.Version  [ |  | ] - HV000001: Hibernate Validator 8.0.1.Final
25-04-14 16:38:31.260 [main] [32mINFO [0;39m c.s.m.discodeit.DiscodeitApplication [ |  | ] - Starting DiscodeitApplication using Java 17.0.13 with PID 6216 (C:\Users\leesi\1-sprint-mission\build\classes\java\main started by lee in C:\Users\leesi\1-sprint-mission)
25-04-14 16:38:31.260 [main] [32mDEBUG[0;39m c.s.m.discodeit.DiscodeitApplication [ |  | ] - Running with Spring Boot v3.4.2, Spring v6.2.2
25-04-14 16:38:31.261 [main] [32mINFO [0;39m c.s.m.discodeit.DiscodeitApplication [ |  | ] - The following 1 profile is active: "dev"
25-04-14 16:38:32.190 [main] [32mINFO [0;39m o.s.d.r.c.RepositoryConfigurationDelegate [ |  | ] - Bootstrapping Spring Data JPA repositories in DEFAULT mode.
25-04-14 16:38:32.250 [main] [32mINFO [0;39m o.s.d.r.c.RepositoryConfigurationDelegate [ |  | ] - Finished Spring Data repository scanning in 53 ms. Found 6 JPA repository interfaces.
25-04-14 16:38:32.795 [main] [32mINFO [0;39m o.s.b.w.e.tomcat.TomcatWebServer     [ |  | ] - Tomcat initialized with port 8080 (http)
25-04-14 16:38:32.797 [main] [32mINFO [0;39m o.a.c.core.AprLifecycleListener      [ |  | ] - Loaded Apache Tomcat Native library [2.0.8] using APR version [1.7.4].
25-04-14 16:38:32.800 [main] [32mINFO [0;39m o.a.c.core.AprLifecycleListener      [ |  | ] - OpenSSL successfully initialized [OpenSSL 3.0.14 4 Jun 2024]
25-04-14 16:38:32.807 [main] [32mINFO [0;39m o.a.coyote.http11.Http11NioProtocol  [ |  | ] - Initializing ProtocolHandler ["http-nio-8080"]
25-04-14 16:38:32.808 [main] [32mINFO [0;39m o.a.catalina.core.StandardService    [ |  | ] - Starting service [Tomcat]
25-04-14 16:38:32.809 [main] [32mINFO [0;39m o.a.catalina.core.StandardEngine     [ |  | ] - Starting Servlet engine: [Apache Tomcat/10.1.34]
25-04-14 16:38:32.860 [main] [32mINFO [0;39m o.a.c.c.C.[Tomcat].[localhost].[/]   [ |  | ] - Initializing Spring embedded WebApplicationContext
25-04-14 16:38:32.860 [main] [32mINFO [0;39m o.s.b.w.s.c.ServletWebServerApplicationContext [ |  | ] - Root WebApplicationContext: initialization completed in 1562 ms
25-04-14 16:38:33.019 [main] [32mINFO [0;39m com.zaxxer.hikari.HikariDataSource   [ |  | ] - HikariPool-1 - Starting...
25-04-14 16:38:33.147 [main] [32mINFO [0;39m com.zaxxer.hikari.pool.HikariPool    [ |  | ] - HikariPool-1 - Added connection org.postgresql.jdbc.PgConnection@29519337
25-04-14 16:38:33.149 [main] [32mINFO [0;39m com.zaxxer.hikari.HikariDataSource   [ |  | ] - HikariPool-1 - Start completed.
25-04-14 16:38:33.222 [main] [32mINFO [0;39m o.h.jpa.internal.util.LogHelper      [ |  | ] - HHH000204: Processing PersistenceUnitInfo [name: default]
25-04-14 16:38:33.275 [main] [32mINFO [0;39m org.hibernate.Version                [ |  | ] - HHH000412: Hibernate ORM core version 6.6.5.Final
25-04-14 16:38:33.305 [main] [32mINFO [0;39m o.h.c.i.RegionFactoryInitiator       [ |  | ] - HHH000026: Second-level cache disabled
25-04-14 16:38:33.543 [main] [32mINFO [0;39m o.s.o.j.p.SpringPersistenceUnitInfo  [ |  | ] - No LoadTimeWeaver setup: ignoring JPA class transformer
25-04-14 16:38:33.634 [main] [32mINFO [0;39m o.hibernate.orm.connections.pooling  [ |  | ] - HHH10001005: Database info:
	Database JDBC URL [Connecting through datasource 'HikariDataSource (HikariPool-1)']
	Database driver: undefined/unknown
	Database version: 17.4
	Autocommit mode: undefined/unknown
	Isolation level: undefined/unknown
	Minimum pool size: undefined/unknown
	Maximum pool size: undefined/unknown
25-04-14 16:38:34.461 [main] [32mINFO [0;39m o.h.e.t.j.p.i.JtaPlatformInitiator   [ |  | ] - HHH000489: No JTA platform available (set 'hibernate.transaction.jta.platform' to enable JTA platform integration)
25-04-14 16:38:34.498 [main] [32mINFO [0;39m o.s.o.j.LocalContainerEntityManagerFactoryBean [ |  | ] - Initialized JPA EntityManagerFactory for persistence unit 'default'
25-04-14 16:38:34.834 [main] [32mINFO [0;39m o.s.d.j.r.query.QueryEnhancerFactory [ |  | ] - Hibernate is in classpath; If applicable, HQL parser will be used.
25-04-14 16:38:35.307 [main] [32mINFO [0;39m o.s.b.a.w.s.WelcomePageHandlerMapping [ |  | ] - Adding welcome page: class path resource [static/index.html]
25-04-14 16:38:35.931 [main] [32mINFO [0;39m o.s.b.a.e.web.EndpointLinksResolver  [ |  | ] - Exposing 4 endpoints beneath base path '/actuator'
25-04-14 16:38:35.981 [main] [32mINFO [0;39m o.a.coyote.http11.Http11NioProtocol  [ |  | ] - Starting ProtocolHandler ["http-nio-8080"]
25-04-14 16:38:35.995 [main] [32mINFO [0;39m o.s.b.w.e.tomcat.TomcatWebServer     [ |  | ] - Tomcat started on port 8080 (http) with context path '/'
25-04-14 16:38:36.007 [main] [32mINFO [0;39m c.s.m.discodeit.DiscodeitApplication [ |  | ] - Started DiscodeitApplication in 5.275 seconds (process running for 5.673)
25-04-14 16:38:36.516 [RMI TCP Connection(2)-172.21.144.1] [32mINFO [0;39m o.a.c.c.C.[Tomcat].[localhost].[/]   [ |  | ] - Initializing Spring DispatcherServlet 'dispatcherServlet'
25-04-14 16:38:36.517 [RMI TCP Connection(2)-172.21.144.1] [32mINFO [0;39m o.s.web.servlet.DispatcherServlet    [ |  | ] - Initializing Servlet 'dispatcherServlet'
25-04-14 16:38:36.518 [RMI TCP Connection(2)-172.21.144.1] [32mINFO [0;39m o.s.web.servlet.DispatcherServlet    [ |  | ] - Completed initialization in 1 ms
25-04-14 16:38:46.408 [http-nio-8080-exec-4] [32mINFO [0;39m c.s.m.d.controller.AuthControllerV1  [ |  | ] - 로그인 요청: username=1
25-04-14 16:38:46.462 [http-nio-8080-exec-4] [32mDEBUG[0;39m org.hibernate.SQL                    [ |  | ] - 
    select
        u1_0.id,
        u1_0.created_at,
        u1_0.email,
        u1_0.password,
        u1_0.profile_id,
        u1_0.updated_at,
        u1_0.username 
    from
        users u1_0 
    where
        u1_0.username=?
25-04-14 16:38:46.463 [http-nio-8080-exec-4] [32mTRACE[0;39m org.hibernate.orm.jdbc.bind          [ |  | ] - binding parameter (1:VARCHAR) <- [1]
25-04-14 16:38:46.484 [http-nio-8080-exec-4] [32mDEBUG[0;39m org.hibernate.SQL                    [ |  | ] - 
    select
        us1_0.id,
        us1_0.created_at,
        us1_0.last_active_at,
        us1_0.updated_at,
        us1_0.user_id 
    from
        user_statuses us1_0 
    where
        us1_0.user_id=?
25-04-14 16:38:46.484 [http-nio-8080-exec-4] [32mTRACE[0;39m org.hibernate.orm.jdbc.bind          [ |  | ] - binding parameter (1:UUID) <- [b64d0c15-b1fe-46a0-beca-cb61a947228a]
25-04-14 16:38:46.501 [http-nio-8080-exec-4] [32mDEBUG[0;39m org.hibernate.SQL                    [ |  | ] - 
    select
        us1_0.id,
        us1_0.created_at,
        us1_0.last_active_at,
        us1_0.updated_at,
        us1_0.user_id 
    from
        user_statuses us1_0 
    left join
        users u1_0 
            on u1_0.id=us1_0.user_id 
    where
        u1_0.id=?
25-04-14 16:38:46.501 [http-nio-8080-exec-4] [32mTRACE[0;39m org.hibernate.orm.jdbc.bind          [ |  | ] - binding parameter (1:UUID) <- [b64d0c15-b1fe-46a0-beca-cb61a947228a]
25-04-14 16:38:46.522 [http-nio-8080-exec-4] [32mDEBUG[0;39m org.hibernate.SQL                    [ |  | ] - 
    update
        user_statuses 
    set
        created_at=?,
        last_active_at=?,
        updated_at=?,
        user_id=? 
    where
        id=?
25-04-14 16:38:46.523 [http-nio-8080-exec-4] [32mTRACE[0;39m org.hibernate.orm.jdbc.bind          [ |  | ] - binding parameter (1:TIMESTAMP_UTC) <- [2025-03-16T15:46:50.728321Z]
25-04-14 16:38:46.524 [http-nio-8080-exec-4] [32mTRACE[0;39m org.hibernate.orm.jdbc.bind          [ |  | ] - binding parameter (2:TIMESTAMP_UTC) <- [2025-04-14T07:38:46.493235Z]
25-04-14 16:38:46.524 [http-nio-8080-exec-4] [32mTRACE[0;39m org.hibernate.orm.jdbc.bind          [ |  | ] - binding parameter (3:TIMESTAMP_UTC) <- [null]
25-04-14 16:38:46.524 [http-nio-8080-exec-4] [32mTRACE[0;39m org.hibernate.orm.jdbc.bind          [ |  | ] - binding parameter (4:UUID) <- [b64d0c15-b1fe-46a0-beca-cb61a947228a]
25-04-14 16:38:46.524 [http-nio-8080-exec-4] [32mTRACE[0;39m org.hibernate.orm.jdbc.bind          [ |  | ] - binding parameter (5:UUID) <- [ca41a864-c8c3-4be6-a5fa-20c6078099db]
25-04-14 16:38:46.530 [http-nio-8080-exec-4] [32mDEBUG[0;39m c.s.m.d.controller.AuthControllerV1  [ |  | ] - 로그인 응답: UserDto[id=b64d0c15-b1fe-46a0-beca-cb61a947228a, username=1, email=1@cod2eit.com, profile=null, isOnline=true]
25-04-14 16:38:46.548 [http-nio-8080-exec-5] [32mINFO [0;39m c.s.m.d.controller.UserController    [ |  | ] - 사용자 목록 조회 요청
25-04-14 16:38:46.553 [http-nio-8080-exec-5] [32mDEBUG[0;39m org.hibernate.SQL                    [ |  | ] - 
    select
        u1_0.id,
        u1_0.created_at,
        u1_0.email,
        u1_0.password,
        u1_0.profile_id,
        u1_0.updated_at,
        u1_0.username 
    from
        users u1_0
25-04-14 16:38:46.557 [http-nio-8080-exec-5] [32mDEBUG[0;39m org.hibernate.SQL                    [ |  | ] - 
    select
        us1_0.id,
        us1_0.created_at,
        us1_0.last_active_at,
        us1_0.updated_at,
        us1_0.user_id 
    from
        user_statuses us1_0 
    where
        us1_0.user_id=?
25-04-14 16:38:46.557 [http-nio-8080-exec-5] [32mTRACE[0;39m org.hibernate.orm.jdbc.bind          [ |  | ] - binding parameter (1:UUID) <- [8eda736a-b140-4189-906e-5da4f22f977d]
25-04-14 16:38:46.558 [http-nio-8080-exec-5] [32mDEBUG[0;39m org.hibernate.SQL                    [ |  | ] - 
    select
        us1_0.id,
        us1_0.created_at,
        us1_0.last_active_at,
        us1_0.updated_at,
        us1_0.user_id 
    from
        user_statuses us1_0 
    where
        us1_0.user_id=?
25-04-14 16:38:46.558 [http-nio-8080-exec-5] [32mTRACE[0;39m org.hibernate.orm.jdbc.bind          [ |  | ] - binding parameter (1:UUID) <- [cb1e48ad-2480-40e8-91b8-f17fb89149ac]
25-04-14 16:38:46.559 [http-nio-8080-exec-5] [32mDEBUG[0;39m org.hibernate.SQL                    [ |  | ] - 
    select
        us1_0.id,
        us1_0.created_at,
        us1_0.last_active_at,
        us1_0.updated_at,
        us1_0.user_id 
    from
        user_statuses us1_0 
    where
        us1_0.user_id=?
25-04-14 16:38:46.559 [http-nio-8080-exec-5] [32mTRACE[0;39m org.hibernate.orm.jdbc.bind          [ |  | ] - binding parameter (1:UUID) <- [e884b46f-a2ab-4996-9a7f-baa7ee41b5fd]
25-04-14 16:38:46.559 [http-nio-8080-exec-5] [32mDEBUG[0;39m org.hibernate.SQL                    [ |  | ] - 
    select
        us1_0.id,
        us1_0.created_at,
        us1_0.last_active_at,
        us1_0.updated_at,
        us1_0.user_id 
    from
        user_statuses us1_0 
    where
        us1_0.user_id=?
25-04-14 16:38:46.559 [http-nio-8080-exec-5] [32mTRACE[0;39m org.hibernate.orm.jdbc.bind          [ |  | ] - binding parameter (1:UUID) <- [6e94cf9c-7085-4e49-9883-260c3c32e68c]
25-04-14 16:38:46.560 [http-nio-8080-exec-5] [32mDEBUG[0;39m org.hibernate.SQL                    [ |  | ] - 
    select
        us1_0.id,
        us1_0.created_at,
        us1_0.last_active_at,
        us1_0.updated_at,
        us1_0.user_id 
    from
        user_statuses us1_0 
    where
        us1_0.user_id=?
25-04-14 16:38:46.560 [http-nio-8080-exec-5] [32mTRACE[0;39m org.hibernate.orm.jdbc.bind          [ |  | ] - binding parameter (1:UUID) <- [d2175aff-c5af-430e-af41-ae472d8642b6]
25-04-14 16:38:46.561 [http-nio-8080-exec-5] [32mDEBUG[0;39m org.hibernate.SQL                    [ |  | ] - 
    select
        us1_0.id,
        us1_0.created_at,
        us1_0.last_active_at,
        us1_0.updated_at,
        us1_0.user_id 
    from
        user_statuses us1_0 
    where
        us1_0.user_id=?
25-04-14 16:38:46.561 [http-nio-8080-exec-5] [32mTRACE[0;39m org.hibernate.orm.jdbc.bind          [ |  | ] - binding parameter (1:UUID) <- [1a064ffe-a25a-4492-9fe0-370528e5279f]
25-04-14 16:38:46.561 [http-nio-8080-exec-5] [32mDEBUG[0;39m org.hibernate.SQL                    [ |  | ] - 
    select
        us1_0.id,
        us1_0.created_at,
        us1_0.last_active_at,
        us1_0.updated_at,
        us1_0.user_id 
    from
        user_statuses us1_0 
    where
        us1_0.user_id=?
25-04-14 16:38:46.562 [http-nio-8080-exec-5] [32mTRACE[0;39m org.hibernate.orm.jdbc.bind          [ |  | ] - binding parameter (1:UUID) <- [962332e6-8cc3-4538-8c64-d2b022e7bf81]
25-04-14 16:38:46.562 [http-nio-8080-exec-5] [32mDEBUG[0;39m org.hibernate.SQL                    [ |  | ] - 
    select
        us1_0.id,
        us1_0.created_at,
        us1_0.last_active_at,
        us1_0.updated_at,
        us1_0.user_id 
    from
        user_statuses us1_0 
    where
        us1_0.user_id=?
25-04-14 16:38:46.562 [http-nio-8080-exec-5] [32mTRACE[0;39m org.hibernate.orm.jdbc.bind          [ |  | ] - binding parameter (1:UUID) <- [1bf3c1d5-ba9e-445c-bb05-e46f4da38b55]
25-04-14 16:38:46.563 [http-nio-8080-exec-5] [32mDEBUG[0;39m org.hibernate.SQL                    [ |  | ] - 
    select
        us1_0.id,
        us1_0.created_at,
        us1_0.last_active_at,
        us1_0.updated_at,
        us1_0.user_id 
    from
        user_statuses us1_0 
    where
        us1_0.user_id=?
25-04-14 16:38:46.563 [http-nio-8080-exec-5] [32mTRACE[0;39m org.hibernate.orm.jdbc.bind          [ |  | ] - binding parameter (1:UUID) <- [406d1ca8-ca14-4cf4-afd7-6d2985bc0d47]
25-04-14 16:38:46.564 [http-nio-8080-exec-5] [32mDEBUG[0;39m org.hibernate.SQL                    [ |  | ] - 
    select
        us1_0.id,
        us1_0.created_at,
        us1_0.last_active_at,
        us1_0.updated_at,
        us1_0.user_id 
    from
        user_statuses us1_0 
    where
        us1_0.user_id=?
25-04-14 16:38:46.564 [http-nio-8080-exec-5] [32mTRACE[0;39m org.hibernate.orm.jdbc.bind          [ |  | ] - binding parameter (1:UUID) <- [b64d0c15-b1fe-46a0-beca-cb61a947228a]
25-04-14 16:38:46.564 [http-nio-8080-exec-5] [32mDEBUG[0;39m org.hibernate.SQL                    [ |  | ] - 
    select
        us1_0.id,
        us1_0.created_at,
        us1_0.last_active_at,
        us1_0.updated_at,
        us1_0.user_id 
    from
        user_statuses us1_0 
    where
        us1_0.user_id=?
25-04-14 16:38:46.564 [http-nio-8080-exec-5] [32mTRACE[0;39m org.hibernate.orm.jdbc.bind          [ |  | ] - binding parameter (1:UUID) <- [48e2f3f6-5bb6-47b6-ad6e-3c1dd8240735]
25-04-14 16:38:46.565 [http-nio-8080-exec-5] [32mDEBUG[0;39m org.hibernate.SQL                    [ |  | ] - 
    select
        us1_0.id,
        us1_0.created_at,
        us1_0.last_active_at,
        us1_0.updated_at,
        us1_0.user_id 
    from
        user_statuses us1_0 
    where
        us1_0.user_id=?
25-04-14 16:38:46.565 [http-nio-8080-exec-5] [32mTRACE[0;39m org.hibernate.orm.jdbc.bind          [ |  | ] - binding parameter (1:UUID) <- [5735c1de-7d10-415d-94fb-b6a471c518a8]
25-04-14 16:38:46.566 [http-nio-8080-exec-5] [32mDEBUG[0;39m org.hibernate.SQL                    [ |  | ] - 
    select
        us1_0.id,
        us1_0.created_at,
        us1_0.last_active_at,
        us1_0.updated_at,
        us1_0.user_id 
    from
        user_statuses us1_0 
    where
        us1_0.user_id=?
25-04-14 16:38:46.566 [http-nio-8080-exec-5] [32mTRACE[0;39m org.hibernate.orm.jdbc.bind          [ |  | ] - binding parameter (1:UUID) <- [d867e1e2-c22c-4201-b137-496edf3adf71]
25-04-14 16:38:46.567 [http-nio-8080-exec-5] [32mDEBUG[0;39m org.hibernate.SQL                    [ |  | ] - 
    select
        us1_0.id,
        us1_0.created_at,
        us1_0.last_active_at,
        us1_0.updated_at,
        us1_0.user_id 
    from
        user_statuses us1_0 
    where
        us1_0.user_id=?
25-04-14 16:38:46.567 [http-nio-8080-exec-5] [32mTRACE[0;39m org.hibernate.orm.jdbc.bind          [ |  | ] - binding parameter (1:UUID) <- [c457048e-c1a2-46c5-8a52-b87738dc89a1]
25-04-14 16:38:46.568 [http-nio-8080-exec-5] [32mDEBUG[0;39m org.hibernate.SQL                    [ |  | ] - 
    select
        us1_0.id,
        us1_0.created_at,
        us1_0.last_active_at,
        us1_0.updated_at,
        us1_0.user_id 
    from
        user_statuses us1_0 
    where
        us1_0.user_id=?
25-04-14 16:38:46.568 [http-nio-8080-exec-5] [32mTRACE[0;39m org.hibernate.orm.jdbc.bind          [ |  | ] - binding parameter (1:UUID) <- [58734365-46e5-427c-aad4-91a591469b01]
25-04-14 16:38:46.572 [http-nio-8080-exec-5] [32mDEBUG[0;39m org.hibernate.SQL                    [ |  | ] - 
    select
        bc1_0.id,
        bc1_0.content_type,
        bc1_0.created_at,
        bc1_0.file_name,
        bc1_0.size 
    from
        binary_contents bc1_0 
    where
        bc1_0.id=?
25-04-14 16:38:46.572 [http-nio-8080-exec-5] [32mTRACE[0;39m org.hibernate.orm.jdbc.bind          [ |  | ] - binding parameter (1:UUID) <- [9b5ab0b4-6f68-45af-a1a3-da8f19b12e75]
25-04-14 16:38:46.574 [http-nio-8080-exec-5] [32mDEBUG[0;39m org.hibernate.SQL                    [ |  | ] - 
    select
        bc1_0.id,
        bc1_0.content_type,
        bc1_0.created_at,
        bc1_0.file_name,
        bc1_0.size 
    from
        binary_contents bc1_0 
    where
        bc1_0.id=?
25-04-14 16:38:46.574 [http-nio-8080-exec-5] [32mTRACE[0;39m org.hibernate.orm.jdbc.bind          [ |  | ] - binding parameter (1:UUID) <- [f0147c4d-99cf-4b99-9a6e-73524ae999f3]
25-04-14 16:38:46.575 [http-nio-8080-exec-5] [32mDEBUG[0;39m org.hibernate.SQL                    [ |  | ] - 
    select
        bc1_0.id,
        bc1_0.content_type,
        bc1_0.created_at,
        bc1_0.file_name,
        bc1_0.size 
    from
        binary_contents bc1_0 
    where
        bc1_0.id=?
25-04-14 16:38:46.575 [http-nio-8080-exec-5] [32mTRACE[0;39m org.hibernate.orm.jdbc.bind          [ |  | ] - binding parameter (1:UUID) <- [3a3474bf-8347-45f1-aaa4-dd38b944a11d]
25-04-14 16:38:46.576 [http-nio-8080-exec-5] [32mDEBUG[0;39m c.s.m.d.controller.UserController    [ |  | ] - 사용자 목록 조회 응답: count=15
25-04-14 16:38:46.593 [http-nio-8080-exec-6] [32mINFO [0;39m c.s.m.d.controller.ChannelController [ |  | ] - 공개 채널 목록 조회 요청
25-04-14 16:38:46.595 [http-nio-8080-exec-6] [32mDEBUG[0;39m org.hibernate.SQL                    [ |  | ] - 
    select
        c1_0.id,
        c1_0.created_at,
        c1_0.description,
        c1_0.name,
        c1_0.type,
        c1_0.updated_at 
    from
        channels c1_0
25-04-14 16:38:46.595 [http-nio-8080-exec-1] [32mINFO [0;39m c.s.m.d.controller.UserController    [ |  | ] - 사용자 목록 조회 요청
25-04-14 16:38:46.597 [http-nio-8080-exec-1] [32mDEBUG[0;39m org.hibernate.SQL                    [ |  | ] - 
    select
        u1_0.id,
        u1_0.created_at,
        u1_0.email,
        u1_0.password,
        u1_0.profile_id,
        u1_0.updated_at,
        u1_0.username 
    from
        users u1_0
25-04-14 16:38:46.597 [http-nio-8080-exec-6] [32mDEBUG[0;39m c.s.m.d.controller.ChannelController [ |  | ] - 공개 채널 목록 조회 응답: count=0
25-04-14 16:38:46.600 [http-nio-8080-exec-1] [32mDEBUG[0;39m org.hibernate.SQL                    [ |  | ] - 
    select
        us1_0.id,
        us1_0.created_at,
        us1_0.last_active_at,
        us1_0.updated_at,
        us1_0.user_id 
    from
        user_statuses us1_0 
    where
        us1_0.user_id=?
25-04-14 16:38:46.601 [http-nio-8080-exec-1] [32mTRACE[0;39m org.hibernate.orm.jdbc.bind          [ |  | ] - binding parameter (1:UUID) <- [8eda736a-b140-4189-906e-5da4f22f977d]
25-04-14 16:38:46.603 [http-nio-8080-exec-1] [32mDEBUG[0;39m org.hibernate.SQL                    [ |  | ] - 
    select
        us1_0.id,
        us1_0.created_at,
        us1_0.last_active_at,
        us1_0.updated_at,
        us1_0.user_id 
    from
        user_statuses us1_0 
    where
        us1_0.user_id=?
25-04-14 16:38:46.603 [http-nio-8080-exec-1] [32mTRACE[0;39m org.hibernate.orm.jdbc.bind          [ |  | ] - binding parameter (1:UUID) <- [cb1e48ad-2480-40e8-91b8-f17fb89149ac]
25-04-14 16:38:46.604 [http-nio-8080-exec-1] [32mDEBUG[0;39m org.hibernate.SQL                    [ |  | ] - 
    select
        us1_0.id,
        us1_0.created_at,
        us1_0.last_active_at,
        us1_0.updated_at,
        us1_0.user_id 
    from
        user_statuses us1_0 
    where
        us1_0.user_id=?
25-04-14 16:38:46.604 [http-nio-8080-exec-1] [32mTRACE[0;39m org.hibernate.orm.jdbc.bind          [ |  | ] - binding parameter (1:UUID) <- [e884b46f-a2ab-4996-9a7f-baa7ee41b5fd]
25-04-14 16:38:46.605 [http-nio-8080-exec-1] [32mDEBUG[0;39m org.hibernate.SQL                    [ |  | ] - 
    select
        us1_0.id,
        us1_0.created_at,
        us1_0.last_active_at,
        us1_0.updated_at,
        us1_0.user_id 
    from
        user_statuses us1_0 
    where
        us1_0.user_id=?
25-04-14 16:38:46.605 [http-nio-8080-exec-1] [32mTRACE[0;39m org.hibernate.orm.jdbc.bind          [ |  | ] - binding parameter (1:UUID) <- [6e94cf9c-7085-4e49-9883-260c3c32e68c]
25-04-14 16:38:46.606 [http-nio-8080-exec-1] [32mDEBUG[0;39m org.hibernate.SQL                    [ |  | ] - 
    select
        us1_0.id,
        us1_0.created_at,
        us1_0.last_active_at,
        us1_0.updated_at,
        us1_0.user_id 
    from
        user_statuses us1_0 
    where
        us1_0.user_id=?
25-04-14 16:38:46.606 [http-nio-8080-exec-1] [32mTRACE[0;39m org.hibernate.orm.jdbc.bind          [ |  | ] - binding parameter (1:UUID) <- [d2175aff-c5af-430e-af41-ae472d8642b6]
25-04-14 16:38:46.607 [http-nio-8080-exec-1] [32mDEBUG[0;39m org.hibernate.SQL                    [ |  | ] - 
    select
        us1_0.id,
        us1_0.created_at,
        us1_0.last_active_at,
        us1_0.updated_at,
        us1_0.user_id 
    from
        user_statuses us1_0 
    where
        us1_0.user_id=?
25-04-14 16:38:46.608 [http-nio-8080-exec-1] [32mTRACE[0;39m org.hibernate.orm.jdbc.bind          [ |  | ] - binding parameter (1:UUID) <- [1a064ffe-a25a-4492-9fe0-370528e5279f]
25-04-14 16:38:46.608 [http-nio-8080-exec-1] [32mDEBUG[0;39m org.hibernate.SQL                    [ |  | ] - 
    select
        us1_0.id,
        us1_0.created_at,
        us1_0.last_active_at,
        us1_0.updated_at,
        us1_0.user_id 
    from
        user_statuses us1_0 
    where
        us1_0.user_id=?
25-04-14 16:38:46.608 [http-nio-8080-exec-1] [32mTRACE[0;39m org.hibernate.orm.jdbc.bind          [ |  | ] - binding parameter (1:UUID) <- [962332e6-8cc3-4538-8c64-d2b022e7bf81]
25-04-14 16:38:46.609 [http-nio-8080-exec-1] [32mDEBUG[0;39m org.hibernate.SQL                    [ |  | ] - 
    select
        us1_0.id,
        us1_0.created_at,
        us1_0.last_active_at,
        us1_0.updated_at,
        us1_0.user_id 
    from
        user_statuses us1_0 
    where
        us1_0.user_id=?
25-04-14 16:38:46.609 [http-nio-8080-exec-1] [32mTRACE[0;39m org.hibernate.orm.jdbc.bind          [ |  | ] - binding parameter (1:UUID) <- [1bf3c1d5-ba9e-445c-bb05-e46f4da38b55]
25-04-14 16:38:46.610 [http-nio-8080-exec-1] [32mDEBUG[0;39m org.hibernate.SQL                    [ |  | ] - 
    select
        us1_0.id,
        us1_0.created_at,
        us1_0.last_active_at,
        us1_0.updated_at,
        us1_0.user_id 
    from
        user_statuses us1_0 
    where
        us1_0.user_id=?
25-04-14 16:38:46.610 [http-nio-8080-exec-1] [32mTRACE[0;39m org.hibernate.orm.jdbc.bind          [ |  | ] - binding parameter (1:UUID) <- [406d1ca8-ca14-4cf4-afd7-6d2985bc0d47]
25-04-14 16:38:46.611 [http-nio-8080-exec-1] [32mDEBUG[0;39m org.hibernate.SQL                    [ |  | ] - 
    select
        us1_0.id,
        us1_0.created_at,
        us1_0.last_active_at,
        us1_0.updated_at,
        us1_0.user_id 
    from
        user_statuses us1_0 
    where
        us1_0.user_id=?
25-04-14 16:38:46.611 [http-nio-8080-exec-1] [32mTRACE[0;39m org.hibernate.orm.jdbc.bind          [ |  | ] - binding parameter (1:UUID) <- [b64d0c15-b1fe-46a0-beca-cb61a947228a]
25-04-14 16:38:46.612 [http-nio-8080-exec-1] [32mDEBUG[0;39m org.hibernate.SQL                    [ |  | ] - 
    select
        us1_0.id,
        us1_0.created_at,
        us1_0.last_active_at,
        us1_0.updated_at,
        us1_0.user_id 
    from
        user_statuses us1_0 
    where
        us1_0.user_id=?
25-04-14 16:38:46.612 [http-nio-8080-exec-1] [32mTRACE[0;39m org.hibernate.orm.jdbc.bind          [ |  | ] - binding parameter (1:UUID) <- [48e2f3f6-5bb6-47b6-ad6e-3c1dd8240735]
25-04-14 16:38:46.613 [http-nio-8080-exec-1] [32mDEBUG[0;39m org.hibernate.SQL                    [ |  | ] - 
    select
        us1_0.id,
        us1_0.created_at,
        us1_0.last_active_at,
        us1_0.updated_at,
        us1_0.user_id 
    from
        user_statuses us1_0 
    where
        us1_0.user_id=?
25-04-14 16:38:46.613 [http-nio-8080-exec-1] [32mTRACE[0;39m org.hibernate.orm.jdbc.bind          [ |  | ] - binding parameter (1:UUID) <- [5735c1de-7d10-415d-94fb-b6a471c518a8]
25-04-14 16:38:46.614 [http-nio-8080-exec-1] [32mDEBUG[0;39m org.hibernate.SQL                    [ |  | ] - 
    select
        us1_0.id,
        us1_0.created_at,
        us1_0.last_active_at,
        us1_0.updated_at,
        us1_0.user_id 
    from
        user_statuses us1_0 
    where
        us1_0.user_id=?
25-04-14 16:38:46.614 [http-nio-8080-exec-1] [32mTRACE[0;39m org.hibernate.orm.jdbc.bind          [ |  | ] - binding parameter (1:UUID) <- [d867e1e2-c22c-4201-b137-496edf3adf71]
25-04-14 16:38:46.615 [http-nio-8080-exec-1] [32mDEBUG[0;39m org.hibernate.SQL                    [ |  | ] - 
    select
        us1_0.id,
        us1_0.created_at,
        us1_0.last_active_at,
        us1_0.updated_at,
        us1_0.user_id 
    from
        user_statuses us1_0 
    where
        us1_0.user_id=?
25-04-14 16:38:46.616 [http-nio-8080-exec-1] [32mTRACE[0;39m org.hibernate.orm.jdbc.bind          [ |  | ] - binding parameter (1:UUID) <- [c457048e-c1a2-46c5-8a52-b87738dc89a1]
25-04-14 16:38:46.617 [http-nio-8080-exec-1] [32mDEBUG[0;39m org.hibernate.SQL                    [ |  | ] - 
    select
        us1_0.id,
        us1_0.created_at,
        us1_0.last_active_at,
        us1_0.updated_at,
        us1_0.user_id 
    from
        user_statuses us1_0 
    where
        us1_0.user_id=?
25-04-14 16:38:46.617 [http-nio-8080-exec-1] [32mTRACE[0;39m org.hibernate.orm.jdbc.bind          [ |  | ] - binding parameter (1:UUID) <- [58734365-46e5-427c-aad4-91a591469b01]
25-04-14 16:38:46.618 [http-nio-8080-exec-1] [32mDEBUG[0;39m org.hibernate.SQL                    [ |  | ] - 
    select
        bc1_0.id,
        bc1_0.content_type,
        bc1_0.created_at,
        bc1_0.file_name,
        bc1_0.size 
    from
        binary_contents bc1_0 
    where
        bc1_0.id=?
25-04-14 16:38:46.619 [http-nio-8080-exec-1] [32mTRACE[0;39m org.hibernate.orm.jdbc.bind          [ |  | ] - binding parameter (1:UUID) <- [9b5ab0b4-6f68-45af-a1a3-da8f19b12e75]
25-04-14 16:38:46.621 [http-nio-8080-exec-1] [32mDEBUG[0;39m org.hibernate.SQL                    [ |  | ] - 
    select
        bc1_0.id,
        bc1_0.content_type,
        bc1_0.created_at,
        bc1_0.file_name,
        bc1_0.size 
    from
        binary_contents bc1_0 
    where
        bc1_0.id=?
25-04-14 16:38:46.621 [http-nio-8080-exec-1] [32mTRACE[0;39m org.hibernate.orm.jdbc.bind          [ |  | ] - binding parameter (1:UUID) <- [f0147c4d-99cf-4b99-9a6e-73524ae999f3]
25-04-14 16:38:46.622 [http-nio-8080-exec-1] [32mDEBUG[0;39m org.hibernate.SQL                    [ |  | ] - 
    select
        bc1_0.id,
        bc1_0.content_type,
        bc1_0.created_at,
        bc1_0.file_name,
        bc1_0.size 
    from
        binary_contents bc1_0 
    where
        bc1_0.id=?
25-04-14 16:38:46.622 [http-nio-8080-exec-1] [32mTRACE[0;39m org.hibernate.orm.jdbc.bind          [ |  | ] - binding parameter (1:UUID) <- [3a3474bf-8347-45f1-aaa4-dd38b944a11d]
25-04-14 16:38:46.624 [http-nio-8080-exec-1] [32mDEBUG[0;39m c.s.m.d.controller.UserController    [ |  | ] - 사용자 목록 조회 응답: count=15
25-04-14 16:38:46.628 [http-nio-8080-exec-5] [32mINFO [0;39m c.s.m.d.controller.UserController    [ |  | ] - 사용자 목록 조회 요청
25-04-14 16:38:46.629 [http-nio-8080-exec-5] [32mDEBUG[0;39m org.hibernate.SQL                    [ |  | ] - 
    select
        u1_0.id,
        u1_0.created_at,
        u1_0.email,
        u1_0.password,
        u1_0.profile_id,
        u1_0.updated_at,
        u1_0.username 
    from
        users u1_0
25-04-14 16:38:46.630 [http-nio-8080-exec-5] [32mDEBUG[0;39m org.hibernate.SQL                    [ |  | ] - 
    select
        us1_0.id,
        us1_0.created_at,
        us1_0.last_active_at,
        us1_0.updated_at,
        us1_0.user_id 
    from
        user_statuses us1_0 
    where
        us1_0.user_id=?
25-04-14 16:38:46.630 [http-nio-8080-exec-5] [32mTRACE[0;39m org.hibernate.orm.jdbc.bind          [ |  | ] - binding parameter (1:UUID) <- [8eda736a-b140-4189-906e-5da4f22f977d]
25-04-14 16:38:46.631 [http-nio-8080-exec-5] [32mDEBUG[0;39m org.hibernate.SQL                    [ |  | ] - 
    select
        us1_0.id,
        us1_0.created_at,
        us1_0.last_active_at,
        us1_0.updated_at,
        us1_0.user_id 
    from
        user_statuses us1_0 
    where
        us1_0.user_id=?
25-04-14 16:38:46.632 [http-nio-8080-exec-5] [32mTRACE[0;39m org.hibernate.orm.jdbc.bind          [ |  | ] - binding parameter (1:UUID) <- [cb1e48ad-2480-40e8-91b8-f17fb89149ac]
25-04-14 16:38:46.633 [http-nio-8080-exec-5] [32mDEBUG[0;39m org.hibernate.SQL                    [ |  | ] - 
    select
        us1_0.id,
        us1_0.created_at,
        us1_0.last_active_at,
        us1_0.updated_at,
        us1_0.user_id 
    from
        user_statuses us1_0 
    where
        us1_0.user_id=?
25-04-14 16:38:46.633 [http-nio-8080-exec-5] [32mTRACE[0;39m org.hibernate.orm.jdbc.bind          [ |  | ] - binding parameter (1:UUID) <- [e884b46f-a2ab-4996-9a7f-baa7ee41b5fd]
25-04-14 16:38:46.634 [http-nio-8080-exec-5] [32mDEBUG[0;39m org.hibernate.SQL                    [ |  | ] - 
    select
        us1_0.id,
        us1_0.created_at,
        us1_0.last_active_at,
        us1_0.updated_at,
        us1_0.user_id 
    from
        user_statuses us1_0 
    where
        us1_0.user_id=?
25-04-14 16:38:46.634 [http-nio-8080-exec-5] [32mTRACE[0;39m org.hibernate.orm.jdbc.bind          [ |  | ] - binding parameter (1:UUID) <- [6e94cf9c-7085-4e49-9883-260c3c32e68c]
25-04-14 16:38:46.635 [http-nio-8080-exec-5] [32mDEBUG[0;39m org.hibernate.SQL                    [ |  | ] - 
    select
        us1_0.id,
        us1_0.created_at,
        us1_0.last_active_at,
        us1_0.updated_at,
        us1_0.user_id 
    from
        user_statuses us1_0 
    where
        us1_0.user_id=?
25-04-14 16:38:46.635 [http-nio-8080-exec-5] [32mTRACE[0;39m org.hibernate.orm.jdbc.bind          [ |  | ] - binding parameter (1:UUID) <- [d2175aff-c5af-430e-af41-ae472d8642b6]
25-04-14 16:38:46.635 [http-nio-8080-exec-7] [32mINFO [0;39m c.s.m.d.controller.ChannelController [ |  | ] - 공개 채널 목록 조회 요청
25-04-14 16:38:46.636 [http-nio-8080-exec-5] [32mDEBUG[0;39m org.hibernate.SQL                    [ |  | ] - 
    select
        us1_0.id,
        us1_0.created_at,
        us1_0.last_active_at,
        us1_0.updated_at,
        us1_0.user_id 
    from
        user_statuses us1_0 
    where
        us1_0.user_id=?
25-04-14 16:38:46.636 [http-nio-8080-exec-5] [32mTRACE[0;39m org.hibernate.orm.jdbc.bind          [ |  | ] - binding parameter (1:UUID) <- [1a064ffe-a25a-4492-9fe0-370528e5279f]
25-04-14 16:38:46.636 [http-nio-8080-exec-7] [32mDEBUG[0;39m org.hibernate.SQL                    [ |  | ] - 
    select
        c1_0.id,
        c1_0.created_at,
        c1_0.description,
        c1_0.name,
        c1_0.type,
        c1_0.updated_at 
    from
        channels c1_0
25-04-14 16:38:46.636 [http-nio-8080-exec-5] [32mDEBUG[0;39m org.hibernate.SQL                    [ |  | ] - 
    select
        us1_0.id,
        us1_0.created_at,
        us1_0.last_active_at,
        us1_0.updated_at,
        us1_0.user_id 
    from
        user_statuses us1_0 
    where
        us1_0.user_id=?
25-04-14 16:38:46.636 [http-nio-8080-exec-5] [32mTRACE[0;39m org.hibernate.orm.jdbc.bind          [ |  | ] - binding parameter (1:UUID) <- [962332e6-8cc3-4538-8c64-d2b022e7bf81]
25-04-14 16:38:46.637 [http-nio-8080-exec-5] [32mDEBUG[0;39m org.hibernate.SQL                    [ |  | ] - 
    select
        us1_0.id,
        us1_0.created_at,
        us1_0.last_active_at,
        us1_0.updated_at,
        us1_0.user_id 
    from
        user_statuses us1_0 
    where
        us1_0.user_id=?
25-04-14 16:38:46.637 [http-nio-8080-exec-5] [32mTRACE[0;39m org.hibernate.orm.jdbc.bind          [ |  | ] - binding parameter (1:UUID) <- [1bf3c1d5-ba9e-445c-bb05-e46f4da38b55]
25-04-14 16:38:46.637 [http-nio-8080-exec-7] [32mDEBUG[0;39m c.s.m.d.controller.ChannelController [ |  | ] - 공개 채널 목록 조회 응답: count=0
25-04-14 16:38:46.638 [http-nio-8080-exec-5] [32mDEBUG[0;39m org.hibernate.SQL                    [ |  | ] - 
    select
        us1_0.id,
        us1_0.created_at,
        us1_0.last_active_at,
        us1_0.updated_at,
        us1_0.user_id 
    from
        user_statuses us1_0 
    where
        us1_0.user_id=?
25-04-14 16:38:46.638 [http-nio-8080-exec-5] [32mTRACE[0;39m org.hibernate.orm.jdbc.bind          [ |  | ] - binding parameter (1:UUID) <- [406d1ca8-ca14-4cf4-afd7-6d2985bc0d47]
25-04-14 16:38:46.638 [http-nio-8080-exec-5] [32mDEBUG[0;39m org.hibernate.SQL                    [ |  | ] - 
    select
        us1_0.id,
        us1_0.created_at,
        us1_0.last_active_at,
        us1_0.updated_at,
        us1_0.user_id 
    from
        user_statuses us1_0 
    where
        us1_0.user_id=?
25-04-14 16:38:46.638 [http-nio-8080-exec-5] [32mTRACE[0;39m org.hibernate.orm.jdbc.bind          [ |  | ] - binding parameter (1:UUID) <- [b64d0c15-b1fe-46a0-beca-cb61a947228a]
25-04-14 16:38:46.639 [http-nio-8080-exec-5] [32mDEBUG[0;39m org.hibernate.SQL                    [ |  | ] - 
    select
        us1_0.id,
        us1_0.created_at,
        us1_0.last_active_at,
        us1_0.updated_at,
        us1_0.user_id 
    from
        user_statuses us1_0 
    where
        us1_0.user_id=?
25-04-14 16:38:46.639 [http-nio-8080-exec-5] [32mTRACE[0;39m org.hibernate.orm.jdbc.bind          [ |  | ] - binding parameter (1:UUID) <- [48e2f3f6-5bb6-47b6-ad6e-3c1dd8240735]
25-04-14 16:38:46.640 [http-nio-8080-exec-5] [32mDEBUG[0;39m org.hibernate.SQL                    [ |  | ] - 
    select
        us1_0.id,
        us1_0.created_at,
        us1_0.last_active_at,
        us1_0.updated_at,
        us1_0.user_id 
    from
        user_statuses us1_0 
    where
        us1_0.user_id=?
25-04-14 16:38:46.640 [http-nio-8080-exec-5] [32mTRACE[0;39m org.hibernate.orm.jdbc.bind          [ |  | ] - binding parameter (1:UUID) <- [5735c1de-7d10-415d-94fb-b6a471c518a8]
25-04-14 16:38:46.640 [http-nio-8080-exec-5] [32mDEBUG[0;39m org.hibernate.SQL                    [ |  | ] - 
    select
        us1_0.id,
        us1_0.created_at,
        us1_0.last_active_at,
        us1_0.updated_at,
        us1_0.user_id 
    from
        user_statuses us1_0 
    where
        us1_0.user_id=?
25-04-14 16:38:46.640 [http-nio-8080-exec-5] [32mTRACE[0;39m org.hibernate.orm.jdbc.bind          [ |  | ] - binding parameter (1:UUID) <- [d867e1e2-c22c-4201-b137-496edf3adf71]
25-04-14 16:38:46.641 [http-nio-8080-exec-5] [32mDEBUG[0;39m org.hibernate.SQL                    [ |  | ] - 
    select
        us1_0.id,
        us1_0.created_at,
        us1_0.last_active_at,
        us1_0.updated_at,
        us1_0.user_id 
    from
        user_statuses us1_0 
    where
        us1_0.user_id=?
25-04-14 16:38:46.641 [http-nio-8080-exec-5] [32mTRACE[0;39m org.hibernate.orm.jdbc.bind          [ |  | ] - binding parameter (1:UUID) <- [c457048e-c1a2-46c5-8a52-b87738dc89a1]
25-04-14 16:38:46.641 [http-nio-8080-exec-5] [32mDEBUG[0;39m org.hibernate.SQL                    [ |  | ] - 
    select
        us1_0.id,
        us1_0.created_at,
        us1_0.last_active_at,
        us1_0.updated_at,
        us1_0.user_id 
    from
        user_statuses us1_0 
    where
        us1_0.user_id=?
25-04-14 16:38:46.642 [http-nio-8080-exec-5] [32mTRACE[0;39m org.hibernate.orm.jdbc.bind          [ |  | ] - binding parameter (1:UUID) <- [58734365-46e5-427c-aad4-91a591469b01]
25-04-14 16:38:46.642 [http-nio-8080-exec-5] [32mDEBUG[0;39m org.hibernate.SQL                    [ |  | ] - 
    select
        bc1_0.id,
        bc1_0.content_type,
        bc1_0.created_at,
        bc1_0.file_name,
        bc1_0.size 
    from
        binary_contents bc1_0 
    where
        bc1_0.id=?
25-04-14 16:38:46.642 [http-nio-8080-exec-5] [32mTRACE[0;39m org.hibernate.orm.jdbc.bind          [ |  | ] - binding parameter (1:UUID) <- [9b5ab0b4-6f68-45af-a1a3-da8f19b12e75]
25-04-14 16:38:46.643 [http-nio-8080-exec-5] [32mDEBUG[0;39m org.hibernate.SQL                    [ |  | ] - 
    select
        bc1_0.id,
        bc1_0.content_type,
        bc1_0.created_at,
        bc1_0.file_name,
        bc1_0.size 
    from
        binary_contents bc1_0 
    where
        bc1_0.id=?
25-04-14 16:38:46.643 [http-nio-8080-exec-5] [32mTRACE[0;39m org.hibernate.orm.jdbc.bind          [ |  | ] - binding parameter (1:UUID) <- [f0147c4d-99cf-4b99-9a6e-73524ae999f3]
25-04-14 16:38:46.644 [http-nio-8080-exec-5] [32mDEBUG[0;39m org.hibernate.SQL                    [ |  | ] - 
    select
        bc1_0.id,
        bc1_0.content_type,
        bc1_0.created_at,
        bc1_0.file_name,
        bc1_0.size 
    from
        binary_contents bc1_0 
    where
        bc1_0.id=?
25-04-14 16:38:46.644 [http-nio-8080-exec-5] [32mTRACE[0;39m org.hibernate.orm.jdbc.bind          [ |  | ] - binding parameter (1:UUID) <- [3a3474bf-8347-45f1-aaa4-dd38b944a11d]
25-04-14 16:38:46.645 [http-nio-8080-exec-5] [32mDEBUG[0;39m c.s.m.d.controller.UserController    [ |  | ] - 사용자 목록 조회 응답: count=15
25-04-14 16:38:46.649 [http-nio-8080-exec-10] [32mINFO [0;39m c.s.m.d.controller.ChannelController [ |  | ] - 공개 채널 목록 조회 요청
25-04-14 16:38:46.650 [http-nio-8080-exec-10] [32mDEBUG[0;39m org.hibernate.SQL                    [ |  | ] - 
    select
        c1_0.id,
        c1_0.created_at,
        c1_0.description,
        c1_0.name,
        c1_0.type,
        c1_0.updated_at 
    from
        channels c1_0
25-04-14 16:38:46.651 [http-nio-8080-exec-10] [32mDEBUG[0;39m c.s.m.d.controller.ChannelController [ |  | ] - 공개 채널 목록 조회 응답: count=0
25-04-14 16:38:49.653 [http-nio-8080-exec-2] [32mINFO [0;39m c.s.m.d.controller.ChannelController [ |  | ] - 공개 채널 목록 조회 요청
25-04-14 16:38:49.654 [http-nio-8080-exec-2] [32mDEBUG[0;39m org.hibernate.SQL                    [ |  | ] - 
    select
        c1_0.id,
        c1_0.created_at,
        c1_0.description,
        c1_0.name,
        c1_0.type,
        c1_0.updated_at 
    from
        channels c1_0
25-04-14 16:38:49.655 [http-nio-8080-exec-2] [32mDEBUG[0;39m c.s.m.d.controller.ChannelController [ |  | ] - 공개 채널 목록 조회 응답: count=0
25-04-14 16:38:52.656 [http-nio-8080-exec-9] [32mINFO [0;39m c.s.m.d.controller.ChannelController [ |  | ] - 공개 채널 목록 조회 요청
25-04-14 16:38:52.659 [http-nio-8080-exec-9] [32mDEBUG[0;39m org.hibernate.SQL                    [ |  | ] - 
    select
        c1_0.id,
        c1_0.created_at,
        c1_0.description,
        c1_0.name,
        c1_0.type,
        c1_0.updated_at 
    from
        channels c1_0
25-04-14 16:38:52.661 [http-nio-8080-exec-9] [32mDEBUG[0;39m c.s.m.d.controller.ChannelController [ |  | ] - 공개 채널 목록 조회 응답: count=0
25-04-14 16:38:55.659 [http-nio-8080-exec-8] [32mINFO [0;39m c.s.m.d.controller.ChannelController [ |  | ] - 공개 채널 목록 조회 요청
25-04-14 16:38:55.661 [http-nio-8080-exec-8] [32mDEBUG[0;39m org.hibernate.SQL                    [ |  | ] - 
    select
        c1_0.id,
        c1_0.created_at,
        c1_0.description,
        c1_0.name,
        c1_0.type,
        c1_0.updated_at 
    from
        channels c1_0
25-04-14 16:38:55.662 [http-nio-8080-exec-8] [32mDEBUG[0;39m c.s.m.d.controller.ChannelController [ |  | ] - 공개 채널 목록 조회 응답: count=0
25-04-14 16:38:58.658 [http-nio-8080-exec-6] [32mINFO [0;39m c.s.m.d.controller.ChannelController [ |  | ] - 공개 채널 목록 조회 요청
25-04-14 16:38:58.663 [http-nio-8080-exec-6] [32mDEBUG[0;39m org.hibernate.SQL                    [ |  | ] - 
    select
        c1_0.id,
        c1_0.created_at,
        c1_0.description,
        c1_0.name,
        c1_0.type,
        c1_0.updated_at 
    from
        channels c1_0
25-04-14 16:38:58.666 [http-nio-8080-exec-6] [32mDEBUG[0;39m c.s.m.d.controller.ChannelController [ |  | ] - 공개 채널 목록 조회 응답: count=0
25-04-14 16:39:01.660 [http-nio-8080-exec-3] [32mINFO [0;39m c.s.m.d.controller.ChannelController [ |  | ] - 공개 채널 목록 조회 요청
25-04-14 16:39:01.665 [http-nio-8080-exec-3] [32mDEBUG[0;39m org.hibernate.SQL                    [ |  | ] - 
    select
        c1_0.id,
        c1_0.created_at,
        c1_0.description,
        c1_0.name,
        c1_0.type,
        c1_0.updated_at 
    from
        channels c1_0
25-04-14 16:39:01.668 [http-nio-8080-exec-3] [32mDEBUG[0;39m c.s.m.d.controller.ChannelController [ |  | ] - 공개 채널 목록 조회 응답: count=0
25-04-14 16:39:04.652 [http-nio-8080-exec-1] [32mINFO [0;39m c.s.m.d.controller.ChannelController [ |  | ] - 공개 채널 목록 조회 요청
25-04-14 16:39:04.654 [http-nio-8080-exec-1] [32mDEBUG[0;39m org.hibernate.SQL                    [ |  | ] - 
    select
        c1_0.id,
        c1_0.created_at,
        c1_0.description,
        c1_0.name,
        c1_0.type,
        c1_0.updated_at 
    from
        channels c1_0
25-04-14 16:39:04.656 [http-nio-8080-exec-1] [32mDEBUG[0;39m c.s.m.d.controller.ChannelController [ |  | ] - 공개 채널 목록 조회 응답: count=0
25-04-14 16:39:07.656 [http-nio-8080-exec-9] [32mINFO [0;39m c.s.m.d.controller.ChannelController [ |  | ] - 공개 채널 목록 조회 요청
25-04-14 16:39:07.661 [http-nio-8080-exec-9] [32mDEBUG[0;39m org.hibernate.SQL                    [ |  | ] - 
    select
        c1_0.id,
        c1_0.created_at,
        c1_0.description,
        c1_0.name,
        c1_0.type,
        c1_0.updated_at 
    from
        channels c1_0
25-04-14 16:39:07.665 [http-nio-8080-exec-9] [32mDEBUG[0;39m c.s.m.d.controller.ChannelController [ |  | ] - 공개 채널 목록 조회 응답: count=0
25-04-14 16:39:10.656 [http-nio-8080-exec-8] [32mINFO [0;39m c.s.m.d.controller.ChannelController [ |  | ] - 공개 채널 목록 조회 요청
25-04-14 16:39:10.658 [http-nio-8080-exec-8] [32mDEBUG[0;39m org.hibernate.SQL                    [ |  | ] - 
    select
        c1_0.id,
        c1_0.created_at,
        c1_0.description,
        c1_0.name,
        c1_0.type,
        c1_0.updated_at 
    from
        channels c1_0
25-04-14 16:39:10.659 [http-nio-8080-exec-8] [32mDEBUG[0;39m c.s.m.d.controller.ChannelController [ |  | ] - 공개 채널 목록 조회 응답: count=0
25-04-14 16:39:13.654 [http-nio-8080-exec-6] [32mINFO [0;39m c.s.m.d.controller.ChannelController [ |  | ] - 공개 채널 목록 조회 요청
25-04-14 16:39:13.658 [http-nio-8080-exec-6] [32mDEBUG[0;39m org.hibernate.SQL                    [ |  | ] - 
    select
        c1_0.id,
        c1_0.created_at,
        c1_0.description,
        c1_0.name,
        c1_0.type,
        c1_0.updated_at 
    from
        channels c1_0
25-04-14 16:39:13.660 [http-nio-8080-exec-6] [32mDEBUG[0;39m c.s.m.d.controller.ChannelController [ |  | ] - 공개 채널 목록 조회 응답: count=0
25-04-14 16:39:16.653 [http-nio-8080-exec-2] [32mINFO [0;39m c.s.m.d.controller.ChannelController [ |  | ] - 공개 채널 목록 조회 요청
25-04-14 16:39:16.655 [http-nio-8080-exec-2] [32mDEBUG[0;39m org.hibernate.SQL                    [ |  | ] - 
    select
        c1_0.id,
        c1_0.created_at,
        c1_0.description,
        c1_0.name,
        c1_0.type,
        c1_0.updated_at 
    from
        channels c1_0
25-04-14 16:39:16.656 [http-nio-8080-exec-2] [32mDEBUG[0;39m c.s.m.d.controller.ChannelController [ |  | ] - 공개 채널 목록 조회 응답: count=0
25-04-14 16:39:19.653 [http-nio-8080-exec-4] [32mINFO [0;39m c.s.m.d.controller.ChannelController [ |  | ] - 공개 채널 목록 조회 요청
25-04-14 16:39:19.657 [http-nio-8080-exec-4] [32mDEBUG[0;39m org.hibernate.SQL                    [ |  | ] - 
    select
        c1_0.id,
        c1_0.created_at,
        c1_0.description,
        c1_0.name,
        c1_0.type,
        c1_0.updated_at 
    from
        channels c1_0
25-04-14 16:39:19.659 [http-nio-8080-exec-4] [32mDEBUG[0;39m c.s.m.d.controller.ChannelController [ |  | ] - 공개 채널 목록 조회 응답: count=0
25-04-14 16:39:23.137 [http-nio-8080-exec-7] [32mINFO [0;39m c.s.m.d.controller.ChannelController [ |  | ] - 공개 채널 목록 조회 요청
25-04-14 16:39:23.139 [http-nio-8080-exec-7] [32mDEBUG[0;39m org.hibernate.SQL                    [ |  | ] - 
    select
        c1_0.id,
        c1_0.created_at,
        c1_0.description,
        c1_0.name,
        c1_0.type,
        c1_0.updated_at 
    from
        channels c1_0
25-04-14 16:39:23.140 [http-nio-8080-exec-7] [32mDEBUG[0;39m c.s.m.d.controller.ChannelController [ |  | ] - 공개 채널 목록 조회 응답: count=0
25-04-14 16:39:26.131 [http-nio-8080-exec-5] [32mINFO [0;39m c.s.m.d.controller.ChannelController [ |  | ] - 공개 채널 목록 조회 요청
25-04-14 16:39:26.133 [http-nio-8080-exec-5] [32mDEBUG[0;39m org.hibernate.SQL                    [ |  | ] - 
    select
        c1_0.id,
        c1_0.created_at,
        c1_0.description,
        c1_0.name,
        c1_0.type,
        c1_0.updated_at 
    from
        channels c1_0
25-04-14 16:39:26.135 [http-nio-8080-exec-5] [32mDEBUG[0;39m c.s.m.d.controller.ChannelController [ |  | ] - 공개 채널 목록 조회 응답: count=0
25-04-14 16:39:29.138 [http-nio-8080-exec-10] [32mINFO [0;39m c.s.m.d.controller.ChannelController [ |  | ] - 공개 채널 목록 조회 요청
25-04-14 16:39:29.140 [http-nio-8080-exec-10] [32mDEBUG[0;39m org.hibernate.SQL                    [ |  | ] - 
    select
        c1_0.id,
        c1_0.created_at,
        c1_0.description,
        c1_0.name,
        c1_0.type,
        c1_0.updated_at 
    from
        channels c1_0
25-04-14 16:39:29.141 [http-nio-8080-exec-10] [32mDEBUG[0;39m c.s.m.d.controller.ChannelController [ |  | ] - 공개 채널 목록 조회 응답: count=0
25-04-14 16:39:32.125 [http-nio-8080-exec-2] [32mINFO [0;39m c.s.m.d.controller.ChannelController [ |  | ] - 공개 채널 목록 조회 요청
25-04-14 16:39:32.127 [http-nio-8080-exec-2] [32mDEBUG[0;39m org.hibernate.SQL                    [ |  | ] - 
    select
        c1_0.id,
        c1_0.created_at,
        c1_0.description,
        c1_0.name,
        c1_0.type,
        c1_0.updated_at 
    from
        channels c1_0
25-04-14 16:39:32.128 [http-nio-8080-exec-2] [32mDEBUG[0;39m c.s.m.d.controller.ChannelController [ |  | ] - 공개 채널 목록 조회 응답: count=0
25-04-14 16:39:35.141 [http-nio-8080-exec-4] [32mINFO [0;39m c.s.m.d.controller.ChannelController [ |  | ] - 공개 채널 목록 조회 요청
25-04-14 16:39:35.145 [http-nio-8080-exec-4] [32mDEBUG[0;39m org.hibernate.SQL                    [ |  | ] - 
    select
        c1_0.id,
        c1_0.created_at,
        c1_0.description,
        c1_0.name,
        c1_0.type,
        c1_0.updated_at 
    from
        channels c1_0
25-04-14 16:39:35.148 [http-nio-8080-exec-4] [32mDEBUG[0;39m c.s.m.d.controller.ChannelController [ |  | ] - 공개 채널 목록 조회 응답: count=0
25-04-14 16:39:38.126 [http-nio-8080-exec-7] [32mINFO [0;39m c.s.m.d.controller.ChannelController [ |  | ] - 공개 채널 목록 조회 요청
25-04-14 16:39:38.128 [http-nio-8080-exec-7] [32mDEBUG[0;39m org.hibernate.SQL                    [ |  | ] - 
    select
        c1_0.id,
        c1_0.created_at,
        c1_0.description,
        c1_0.name,
        c1_0.type,
        c1_0.updated_at 
    from
        channels c1_0
25-04-14 16:39:38.129 [http-nio-8080-exec-7] [32mDEBUG[0;39m c.s.m.d.controller.ChannelController [ |  | ] - 공개 채널 목록 조회 응답: count=0
25-04-14 16:39:41.132 [http-nio-8080-exec-5] [32mINFO [0;39m c.s.m.d.controller.ChannelController [ |  | ] - 공개 채널 목록 조회 요청
25-04-14 16:39:41.133 [http-nio-8080-exec-5] [32mDEBUG[0;39m org.hibernate.SQL                    [ |  | ] - 
    select
        c1_0.id,
        c1_0.created_at,
        c1_0.description,
        c1_0.name,
        c1_0.type,
        c1_0.updated_at 
    from
        channels c1_0
25-04-14 16:39:41.136 [http-nio-8080-exec-5] [32mDEBUG[0;39m c.s.m.d.controller.ChannelController [ |  | ] - 공개 채널 목록 조회 응답: count=0
25-04-14 16:39:44.131 [http-nio-8080-exec-10] [32mINFO [0;39m c.s.m.d.controller.ChannelController [ |  | ] - 공개 채널 목록 조회 요청
25-04-14 16:39:44.135 [http-nio-8080-exec-10] [32mDEBUG[0;39m org.hibernate.SQL                    [ |  | ] - 
    select
        c1_0.id,
        c1_0.created_at,
        c1_0.description,
        c1_0.name,
        c1_0.type,
        c1_0.updated_at 
    from
        channels c1_0
25-04-14 16:39:44.139 [http-nio-8080-exec-10] [32mDEBUG[0;39m c.s.m.d.controller.ChannelController [ |  | ] - 공개 채널 목록 조회 응답: count=0
25-04-14 16:39:47.138 [http-nio-8080-exec-1] [32mINFO [0;39m c.s.m.d.controller.UserController    [ |  | ] - 사용자 목록 조회 요청
25-04-14 16:39:47.140 [http-nio-8080-exec-4] [32mINFO [0;39m c.s.m.d.controller.ChannelController [ |  | ] - 공개 채널 목록 조회 요청
25-04-14 16:39:47.140 [http-nio-8080-exec-1] [32mDEBUG[0;39m org.hibernate.SQL                    [ |  | ] - 
    select
        u1_0.id,
        u1_0.created_at,
        u1_0.email,
        u1_0.password,
        u1_0.profile_id,
        u1_0.updated_at,
        u1_0.username 
    from
        users u1_0
25-04-14 16:39:47.140 [http-nio-8080-exec-4] [32mDEBUG[0;39m org.hibernate.SQL                    [ |  | ] - 
    select
        c1_0.id,
        c1_0.created_at,
        c1_0.description,
        c1_0.name,
        c1_0.type,
        c1_0.updated_at 
    from
        channels c1_0
25-04-14 16:39:47.141 [http-nio-8080-exec-1] [32mDEBUG[0;39m org.hibernate.SQL                    [ |  | ] - 
    select
        us1_0.id,
        us1_0.created_at,
        us1_0.last_active_at,
        us1_0.updated_at,
        us1_0.user_id 
    from
        user_statuses us1_0 
    where
        us1_0.user_id=?
25-04-14 16:39:47.141 [http-nio-8080-exec-1] [32mTRACE[0;39m org.hibernate.orm.jdbc.bind          [ |  | ] - binding parameter (1:UUID) <- [8eda736a-b140-4189-906e-5da4f22f977d]
25-04-14 16:39:47.141 [http-nio-8080-exec-4] [32mDEBUG[0;39m c.s.m.d.controller.ChannelController [ |  | ] - 공개 채널 목록 조회 응답: count=0
25-04-14 16:39:47.143 [http-nio-8080-exec-1] [32mDEBUG[0;39m org.hibernate.SQL                    [ |  | ] - 
    select
        us1_0.id,
        us1_0.created_at,
        us1_0.last_active_at,
        us1_0.updated_at,
        us1_0.user_id 
    from
        user_statuses us1_0 
    where
        us1_0.user_id=?
25-04-14 16:39:47.143 [http-nio-8080-exec-1] [32mTRACE[0;39m org.hibernate.orm.jdbc.bind          [ |  | ] - binding parameter (1:UUID) <- [cb1e48ad-2480-40e8-91b8-f17fb89149ac]
25-04-14 16:39:47.145 [http-nio-8080-exec-1] [32mDEBUG[0;39m org.hibernate.SQL                    [ |  | ] - 
    select
        us1_0.id,
        us1_0.created_at,
        us1_0.last_active_at,
        us1_0.updated_at,
        us1_0.user_id 
    from
        user_statuses us1_0 
    where
        us1_0.user_id=?
25-04-14 16:39:47.145 [http-nio-8080-exec-1] [32mTRACE[0;39m org.hibernate.orm.jdbc.bind          [ |  | ] - binding parameter (1:UUID) <- [e884b46f-a2ab-4996-9a7f-baa7ee41b5fd]
25-04-14 16:39:47.146 [http-nio-8080-exec-1] [32mDEBUG[0;39m org.hibernate.SQL                    [ |  | ] - 
    select
        us1_0.id,
        us1_0.created_at,
        us1_0.last_active_at,
        us1_0.updated_at,
        us1_0.user_id 
    from
        user_statuses us1_0 
    where
        us1_0.user_id=?
25-04-14 16:39:47.146 [http-nio-8080-exec-1] [32mTRACE[0;39m org.hibernate.orm.jdbc.bind          [ |  | ] - binding parameter (1:UUID) <- [6e94cf9c-7085-4e49-9883-260c3c32e68c]
25-04-14 16:39:47.146 [http-nio-8080-exec-1] [32mDEBUG[0;39m org.hibernate.SQL                    [ |  | ] - 
    select
        us1_0.id,
        us1_0.created_at,
        us1_0.last_active_at,
        us1_0.updated_at,
        us1_0.user_id 
    from
        user_statuses us1_0 
    where
        us1_0.user_id=?
25-04-14 16:39:47.146 [http-nio-8080-exec-1] [32mTRACE[0;39m org.hibernate.orm.jdbc.bind          [ |  | ] - binding parameter (1:UUID) <- [d2175aff-c5af-430e-af41-ae472d8642b6]
25-04-14 16:39:47.148 [http-nio-8080-exec-1] [32mDEBUG[0;39m org.hibernate.SQL                    [ |  | ] - 
    select
        us1_0.id,
        us1_0.created_at,
        us1_0.last_active_at,
        us1_0.updated_at,
        us1_0.user_id 
    from
        user_statuses us1_0 
    where
        us1_0.user_id=?
25-04-14 16:39:47.148 [http-nio-8080-exec-1] [32mTRACE[0;39m org.hibernate.orm.jdbc.bind          [ |  | ] - binding parameter (1:UUID) <- [1a064ffe-a25a-4492-9fe0-370528e5279f]
25-04-14 16:39:47.149 [http-nio-8080-exec-1] [32mDEBUG[0;39m org.hibernate.SQL                    [ |  | ] - 
    select
        us1_0.id,
        us1_0.created_at,
        us1_0.last_active_at,
        us1_0.updated_at,
        us1_0.user_id 
    from
        user_statuses us1_0 
    where
        us1_0.user_id=?
25-04-14 16:39:47.149 [http-nio-8080-exec-1] [32mTRACE[0;39m org.hibernate.orm.jdbc.bind          [ |  | ] - binding parameter (1:UUID) <- [962332e6-8cc3-4538-8c64-d2b022e7bf81]
25-04-14 16:39:47.150 [http-nio-8080-exec-1] [32mDEBUG[0;39m org.hibernate.SQL                    [ |  | ] - 
    select
        us1_0.id,
        us1_0.created_at,
        us1_0.last_active_at,
        us1_0.updated_at,
        us1_0.user_id 
    from
        user_statuses us1_0 
    where
        us1_0.user_id=?
25-04-14 16:39:47.151 [http-nio-8080-exec-1] [32mTRACE[0;39m org.hibernate.orm.jdbc.bind          [ |  | ] - binding parameter (1:UUID) <- [1bf3c1d5-ba9e-445c-bb05-e46f4da38b55]
25-04-14 16:39:47.152 [http-nio-8080-exec-1] [32mDEBUG[0;39m org.hibernate.SQL                    [ |  | ] - 
    select
        us1_0.id,
        us1_0.created_at,
        us1_0.last_active_at,
        us1_0.updated_at,
        us1_0.user_id 
    from
        user_statuses us1_0 
    where
        us1_0.user_id=?
25-04-14 16:39:47.152 [http-nio-8080-exec-1] [32mTRACE[0;39m org.hibernate.orm.jdbc.bind          [ |  | ] - binding parameter (1:UUID) <- [406d1ca8-ca14-4cf4-afd7-6d2985bc0d47]
25-04-14 16:39:47.154 [http-nio-8080-exec-1] [32mDEBUG[0;39m org.hibernate.SQL                    [ |  | ] - 
    select
        us1_0.id,
        us1_0.created_at,
        us1_0.last_active_at,
        us1_0.updated_at,
        us1_0.user_id 
    from
        user_statuses us1_0 
    where
        us1_0.user_id=?
25-04-14 16:39:47.154 [http-nio-8080-exec-1] [32mTRACE[0;39m org.hibernate.orm.jdbc.bind          [ |  | ] - binding parameter (1:UUID) <- [b64d0c15-b1fe-46a0-beca-cb61a947228a]
25-04-14 16:39:47.155 [http-nio-8080-exec-1] [32mDEBUG[0;39m org.hibernate.SQL                    [ |  | ] - 
    select
        us1_0.id,
        us1_0.created_at,
        us1_0.last_active_at,
        us1_0.updated_at,
        us1_0.user_id 
    from
        user_statuses us1_0 
    where
        us1_0.user_id=?
25-04-14 16:39:47.156 [http-nio-8080-exec-1] [32mTRACE[0;39m org.hibernate.orm.jdbc.bind          [ |  | ] - binding parameter (1:UUID) <- [48e2f3f6-5bb6-47b6-ad6e-3c1dd8240735]
25-04-14 16:39:47.157 [http-nio-8080-exec-1] [32mDEBUG[0;39m org.hibernate.SQL                    [ |  | ] - 
    select
        us1_0.id,
        us1_0.created_at,
        us1_0.last_active_at,
        us1_0.updated_at,
        us1_0.user_id 
    from
        user_statuses us1_0 
    where
        us1_0.user_id=?
25-04-14 16:39:47.157 [http-nio-8080-exec-1] [32mTRACE[0;39m org.hibernate.orm.jdbc.bind          [ |  | ] - binding parameter (1:UUID) <- [5735c1de-7d10-415d-94fb-b6a471c518a8]
25-04-14 16:39:47.158 [http-nio-8080-exec-1] [32mDEBUG[0;39m org.hibernate.SQL                    [ |  | ] - 
    select
        us1_0.id,
        us1_0.created_at,
        us1_0.last_active_at,
        us1_0.updated_at,
        us1_0.user_id 
    from
        user_statuses us1_0 
    where
        us1_0.user_id=?
25-04-14 16:39:47.158 [http-nio-8080-exec-1] [32mTRACE[0;39m org.hibernate.orm.jdbc.bind          [ |  | ] - binding parameter (1:UUID) <- [d867e1e2-c22c-4201-b137-496edf3adf71]
25-04-14 16:39:47.159 [http-nio-8080-exec-1] [32mDEBUG[0;39m org.hibernate.SQL                    [ |  | ] - 
    select
        us1_0.id,
        us1_0.created_at,
        us1_0.last_active_at,
        us1_0.updated_at,
        us1_0.user_id 
    from
        user_statuses us1_0 
    where
        us1_0.user_id=?
25-04-14 16:39:47.159 [http-nio-8080-exec-1] [32mTRACE[0;39m org.hibernate.orm.jdbc.bind          [ |  | ] - binding parameter (1:UUID) <- [c457048e-c1a2-46c5-8a52-b87738dc89a1]
25-04-14 16:39:47.160 [http-nio-8080-exec-1] [32mDEBUG[0;39m org.hibernate.SQL                    [ |  | ] - 
    select
        us1_0.id,
        us1_0.created_at,
        us1_0.last_active_at,
        us1_0.updated_at,
        us1_0.user_id 
    from
        user_statuses us1_0 
    where
        us1_0.user_id=?
25-04-14 16:39:47.160 [http-nio-8080-exec-1] [32mTRACE[0;39m org.hibernate.orm.jdbc.bind          [ |  | ] - binding parameter (1:UUID) <- [58734365-46e5-427c-aad4-91a591469b01]
25-04-14 16:39:47.161 [http-nio-8080-exec-1] [32mDEBUG[0;39m org.hibernate.SQL                    [ |  | ] - 
    select
        bc1_0.id,
        bc1_0.content_type,
        bc1_0.created_at,
        bc1_0.file_name,
        bc1_0.size 
    from
        binary_contents bc1_0 
    where
        bc1_0.id=?
25-04-14 16:39:47.161 [http-nio-8080-exec-1] [32mTRACE[0;39m org.hibernate.orm.jdbc.bind          [ |  | ] - binding parameter (1:UUID) <- [9b5ab0b4-6f68-45af-a1a3-da8f19b12e75]
25-04-14 16:39:47.162 [http-nio-8080-exec-1] [32mDEBUG[0;39m org.hibernate.SQL                    [ |  | ] - 
    select
        bc1_0.id,
        bc1_0.content_type,
        bc1_0.created_at,
        bc1_0.file_name,
        bc1_0.size 
    from
        binary_contents bc1_0 
    where
        bc1_0.id=?
25-04-14 16:39:47.162 [http-nio-8080-exec-1] [32mTRACE[0;39m org.hibernate.orm.jdbc.bind          [ |  | ] - binding parameter (1:UUID) <- [f0147c4d-99cf-4b99-9a6e-73524ae999f3]
25-04-14 16:39:47.163 [http-nio-8080-exec-1] [32mDEBUG[0;39m org.hibernate.SQL                    [ |  | ] - 
    select
        bc1_0.id,
        bc1_0.content_type,
        bc1_0.created_at,
        bc1_0.file_name,
        bc1_0.size 
    from
        binary_contents bc1_0 
    where
        bc1_0.id=?
25-04-14 16:39:47.163 [http-nio-8080-exec-1] [32mTRACE[0;39m org.hibernate.orm.jdbc.bind          [ |  | ] - binding parameter (1:UUID) <- [3a3474bf-8347-45f1-aaa4-dd38b944a11d]
25-04-14 16:39:47.164 [http-nio-8080-exec-1] [32mDEBUG[0;39m c.s.m.d.controller.UserController    [ |  | ] - 사용자 목록 조회 응답: count=15
25-04-14 16:39:47.169 [http-nio-8080-exec-7] [32mINFO [0;39m c.s.m.d.controller.ChannelController [ |  | ] - 공개 채널 목록 조회 요청
25-04-14 16:39:47.170 [http-nio-8080-exec-7] [32mDEBUG[0;39m org.hibernate.SQL                    [ |  | ] - 
    select
        c1_0.id,
        c1_0.created_at,
        c1_0.description,
        c1_0.name,
        c1_0.type,
        c1_0.updated_at 
    from
        channels c1_0
25-04-14 16:39:47.172 [http-nio-8080-exec-7] [32mDEBUG[0;39m c.s.m.d.controller.ChannelController [ |  | ] - 공개 채널 목록 조회 응답: count=0
25-04-14 16:39:51.122 [http-nio-8080-exec-6] [32mINFO [0;39m c.s.m.d.controller.ChannelController [ |  | ] - 공개 채널 목록 조회 요청
25-04-14 16:39:51.123 [http-nio-8080-exec-6] [32mDEBUG[0;39m org.hibernate.SQL                    [ |  | ] - 
    select
        c1_0.id,
        c1_0.created_at,
        c1_0.description,
        c1_0.name,
        c1_0.type,
        c1_0.updated_at 
    from
        channels c1_0
25-04-14 16:39:51.124 [http-nio-8080-exec-6] [32mDEBUG[0;39m c.s.m.d.controller.ChannelController [ |  | ] - 공개 채널 목록 조회 응답: count=0
25-04-14 16:39:51.868 [SpringApplicationShutdownHook] [32mINFO [0;39m o.s.b.w.e.tomcat.GracefulShutdown    [ |  | ] - Commencing graceful shutdown. Waiting for active requests to complete
25-04-14 16:39:51.971 [tomcat-shutdown] [32mINFO [0;39m o.s.b.w.e.tomcat.GracefulShutdown    [ |  | ] - Graceful shutdown complete
25-04-14 16:39:51.976 [SpringApplicationShutdownHook] [32mINFO [0;39m o.s.o.j.LocalContainerEntityManagerFactoryBean [ |  | ] - Closing JPA EntityManagerFactory for persistence unit 'default'
25-04-14 16:39:51.977 [SpringApplicationShutdownHook] [32mINFO [0;39m com.zaxxer.hikari.HikariDataSource   [ |  | ] - HikariPool-1 - Shutdown initiated...
25-04-14 16:39:51.979 [SpringApplicationShutdownHook] [32mINFO [0;39m com.zaxxer.hikari.HikariDataSource   [ |  | ] - HikariPool-1 - Shutdown completed.
25-04-14 16:44:28.965 [background-preinit] [32mINFO [0;39m o.h.validator.internal.util.Version  [ |  | ] - HV000001: Hibernate Validator 8.0.1.Final
25-04-14 16:44:29.009 [main] [32mINFO [0;39m c.s.m.discodeit.DiscodeitApplication [ |  | ] - Starting DiscodeitApplication using Java 17.0.13 with PID 7264 (C:\Users\leesi\1-sprint-mission\build\classes\java\main started by lee in C:\Users\leesi\1-sprint-mission)
25-04-14 16:44:29.009 [main] [32mDEBUG[0;39m c.s.m.discodeit.DiscodeitApplication [ |  | ] - Running with Spring Boot v3.4.2, Spring v6.2.2
25-04-14 16:44:29.010 [main] [32mINFO [0;39m c.s.m.discodeit.DiscodeitApplication [ |  | ] - The following 1 profile is active: "dev"
25-04-14 16:44:29.783 [main] [32mINFO [0;39m o.s.d.r.c.RepositoryConfigurationDelegate [ |  | ] - Bootstrapping Spring Data JPA repositories in DEFAULT mode.
25-04-14 16:44:29.840 [main] [32mINFO [0;39m o.s.d.r.c.RepositoryConfigurationDelegate [ |  | ] - Finished Spring Data repository scanning in 51 ms. Found 6 JPA repository interfaces.
25-04-14 16:44:30.349 [main] [32mINFO [0;39m o.s.b.w.e.tomcat.TomcatWebServer     [ |  | ] - Tomcat initialized with port 8080 (http)
25-04-14 16:44:30.351 [main] [32mINFO [0;39m o.a.c.core.AprLifecycleListener      [ |  | ] - Loaded Apache Tomcat Native library [2.0.8] using APR version [1.7.4].
25-04-14 16:44:30.354 [main] [32mINFO [0;39m o.a.c.core.AprLifecycleListener      [ |  | ] - OpenSSL successfully initialized [OpenSSL 3.0.14 4 Jun 2024]
25-04-14 16:44:30.362 [main] [32mINFO [0;39m o.a.coyote.http11.Http11NioProtocol  [ |  | ] - Initializing ProtocolHandler ["http-nio-8080"]
25-04-14 16:44:30.364 [main] [32mINFO [0;39m o.a.catalina.core.StandardService    [ |  | ] - Starting service [Tomcat]
25-04-14 16:44:30.364 [main] [32mINFO [0;39m o.a.catalina.core.StandardEngine     [ |  | ] - Starting Servlet engine: [Apache Tomcat/10.1.34]
25-04-14 16:44:30.415 [main] [32mINFO [0;39m o.a.c.c.C.[Tomcat].[localhost].[/]   [ |  | ] - Initializing Spring embedded WebApplicationContext
25-04-14 16:44:30.415 [main] [32mINFO [0;39m o.s.b.w.s.c.ServletWebServerApplicationContext [ |  | ] - Root WebApplicationContext: initialization completed in 1374 ms
25-04-14 16:44:30.572 [main] [32mINFO [0;39m com.zaxxer.hikari.HikariDataSource   [ |  | ] - HikariPool-1 - Starting...
25-04-14 16:44:30.697 [main] [32mINFO [0;39m com.zaxxer.hikari.pool.HikariPool    [ |  | ] - HikariPool-1 - Added connection org.postgresql.jdbc.PgConnection@5788722f
25-04-14 16:44:30.698 [main] [32mINFO [0;39m com.zaxxer.hikari.HikariDataSource   [ |  | ] - HikariPool-1 - Start completed.
25-04-14 16:44:30.762 [main] [32mINFO [0;39m o.h.jpa.internal.util.LogHelper      [ |  | ] - HHH000204: Processing PersistenceUnitInfo [name: default]
25-04-14 16:44:30.808 [main] [32mINFO [0;39m org.hibernate.Version                [ |  | ] - HHH000412: Hibernate ORM core version 6.6.5.Final
25-04-14 16:44:30.836 [main] [32mINFO [0;39m o.h.c.i.RegionFactoryInitiator       [ |  | ] - HHH000026: Second-level cache disabled
25-04-14 16:44:31.072 [main] [32mINFO [0;39m o.s.o.j.p.SpringPersistenceUnitInfo  [ |  | ] - No LoadTimeWeaver setup: ignoring JPA class transformer
25-04-14 16:44:31.149 [main] [32mINFO [0;39m o.hibernate.orm.connections.pooling  [ |  | ] - HHH10001005: Database info:
	Database JDBC URL [Connecting through datasource 'HikariDataSource (HikariPool-1)']
	Database driver: undefined/unknown
	Database version: 17.4
	Autocommit mode: undefined/unknown
	Isolation level: undefined/unknown
	Minimum pool size: undefined/unknown
	Maximum pool size: undefined/unknown
25-04-14 16:44:31.950 [main] [32mINFO [0;39m o.h.e.t.j.p.i.JtaPlatformInitiator   [ |  | ] - HHH000489: No JTA platform available (set 'hibernate.transaction.jta.platform' to enable JTA platform integration)
25-04-14 16:44:31.985 [main] [32mINFO [0;39m o.s.o.j.LocalContainerEntityManagerFactoryBean [ |  | ] - Initialized JPA EntityManagerFactory for persistence unit 'default'
25-04-14 16:44:32.298 [main] [32mINFO [0;39m o.s.d.j.r.query.QueryEnhancerFactory [ |  | ] - Hibernate is in classpath; If applicable, HQL parser will be used.
25-04-14 16:44:32.763 [main] [32mINFO [0;39m o.s.b.a.w.s.WelcomePageHandlerMapping [ |  | ] - Adding welcome page: class path resource [static/index.html]
25-04-14 16:44:33.312 [main] [32mINFO [0;39m o.s.b.a.e.web.EndpointLinksResolver  [ |  | ] - Exposing 4 endpoints beneath base path '/actuator'
25-04-14 16:44:33.358 [main] [32mINFO [0;39m o.a.coyote.http11.Http11NioProtocol  [ |  | ] - Starting ProtocolHandler ["http-nio-8080"]
25-04-14 16:44:33.371 [main] [32mINFO [0;39m o.s.b.w.e.tomcat.TomcatWebServer     [ |  | ] - Tomcat started on port 8080 (http) with context path '/'
25-04-14 16:44:33.381 [main] [32mINFO [0;39m c.s.m.discodeit.DiscodeitApplication [ |  | ] - Started DiscodeitApplication in 4.963 seconds (process running for 5.353)
25-04-14 16:44:33.715 [RMI TCP Connection(2)-172.21.144.1] [32mINFO [0;39m o.a.c.c.C.[Tomcat].[localhost].[/]   [ |  | ] - Initializing Spring DispatcherServlet 'dispatcherServlet'
25-04-14 16:44:33.715 [RMI TCP Connection(2)-172.21.144.1] [32mINFO [0;39m o.s.web.servlet.DispatcherServlet    [ |  | ] - Initializing Servlet 'dispatcherServlet'
25-04-14 16:44:33.716 [RMI TCP Connection(2)-172.21.144.1] [32mINFO [0;39m o.s.web.servlet.DispatcherServlet    [ |  | ] - Completed initialization in 1 ms
25-04-14 16:44:36.275 [http-nio-8080-exec-1] [32mINFO [0;39m c.s.m.d.controller.ChannelController [ |  | ] - 공개 채널 목록 조회 요청
25-04-14 16:44:36.328 [http-nio-8080-exec-1] [32mDEBUG[0;39m org.hibernate.SQL                    [ |  | ] - 
    select
        c1_0.id,
        c1_0.created_at,
        c1_0.description,
        c1_0.name,
        c1_0.type,
        c1_0.updated_at 
    from
        channels c1_0
25-04-14 16:44:36.348 [http-nio-8080-exec-1] [32mDEBUG[0;39m c.s.m.d.controller.ChannelController [ |  | ] - 공개 채널 목록 조회 응답: count=0
25-04-14 16:44:36.385 [http-nio-8080-exec-2] [32mINFO [0;39m c.s.m.d.c.ReadStatusController       [ |  | ] - 사용자별 읽음 상태 목록 조회 요청: userId=b64d0c15-b1fe-46a0-beca-cb61a947228a
25-04-14 16:44:36.404 [http-nio-8080-exec-2] [32mDEBUG[0;39m org.hibernate.SQL                    [ |  | ] - 
    select
        rs1_0.id,
        rs1_0.channel_id,
        rs1_0.created_at,
        rs1_0.last_read_at,
        rs1_0.updated_at,
        rs1_0.user_id 
    from
        read_statuses rs1_0 
    left join
        users u1_0 
            on u1_0.id=rs1_0.user_id 
    where
        u1_0.id=?
25-04-14 16:44:36.405 [http-nio-8080-exec-2] [32mTRACE[0;39m org.hibernate.orm.jdbc.bind          [ |  | ] - binding parameter (1:UUID) <- [b64d0c15-b1fe-46a0-beca-cb61a947228a]
25-04-14 16:44:36.413 [http-nio-8080-exec-2] [32mDEBUG[0;39m c.s.m.d.c.ReadStatusController       [ |  | ] - 사용자별 읽음 상태 목록 조회 응답: count=0
25-04-14 16:44:38.171 [http-nio-8080-exec-3] [32mINFO [0;39m c.s.m.d.controller.ChannelController [ |  | ] - 공개 채널 목록 조회 요청
25-04-14 16:44:38.173 [http-nio-8080-exec-3] [32mDEBUG[0;39m org.hibernate.SQL                    [ |  | ] - 
    select
        c1_0.id,
        c1_0.created_at,
        c1_0.description,
        c1_0.name,
        c1_0.type,
        c1_0.updated_at 
    from
        channels c1_0
25-04-14 16:44:38.174 [http-nio-8080-exec-3] [32mDEBUG[0;39m c.s.m.d.controller.ChannelController [ |  | ] - 공개 채널 목록 조회 응답: count=0
25-04-14 16:44:38.181 [http-nio-8080-exec-5] [32mINFO [0;39m c.s.m.d.c.ReadStatusController       [ |  | ] - 사용자별 읽음 상태 목록 조회 요청: userId=b64d0c15-b1fe-46a0-beca-cb61a947228a
25-04-14 16:44:38.182 [http-nio-8080-exec-5] [32mDEBUG[0;39m org.hibernate.SQL                    [ |  | ] - 
    select
        rs1_0.id,
        rs1_0.channel_id,
        rs1_0.created_at,
        rs1_0.last_read_at,
        rs1_0.updated_at,
        rs1_0.user_id 
    from
        read_statuses rs1_0 
    left join
        users u1_0 
            on u1_0.id=rs1_0.user_id 
    where
        u1_0.id=?
25-04-14 16:44:38.183 [http-nio-8080-exec-5] [32mTRACE[0;39m org.hibernate.orm.jdbc.bind          [ |  | ] - binding parameter (1:UUID) <- [b64d0c15-b1fe-46a0-beca-cb61a947228a]
25-04-14 16:44:38.184 [http-nio-8080-exec-5] [32mDEBUG[0;39m c.s.m.d.c.ReadStatusController       [ |  | ] - 사용자별 읽음 상태 목록 조회 응답: count=0
25-04-14 16:44:38.540 [http-nio-8080-exec-10] [32mINFO [0;39m c.s.m.d.controller.UserController    [ |  | ] - 사용자 목록 조회 요청
25-04-14 16:44:38.543 [http-nio-8080-exec-10] [32mDEBUG[0;39m org.hibernate.SQL                    [ |  | ] - 
    select
        u1_0.id,
        u1_0.created_at,
        u1_0.email,
        u1_0.password,
        u1_0.profile_id,
        u1_0.updated_at,
        u1_0.username 
    from
        users u1_0
25-04-14 16:44:38.555 [http-nio-8080-exec-10] [32mDEBUG[0;39m org.hibernate.SQL                    [ |  | ] - 
    select
        us1_0.id,
        us1_0.created_at,
        us1_0.last_active_at,
        us1_0.updated_at,
        us1_0.user_id 
    from
        user_statuses us1_0 
    where
        us1_0.user_id=?
25-04-14 16:44:38.555 [http-nio-8080-exec-10] [32mTRACE[0;39m org.hibernate.orm.jdbc.bind          [ |  | ] - binding parameter (1:UUID) <- [8eda736a-b140-4189-906e-5da4f22f977d]
25-04-14 16:44:38.564 [http-nio-8080-exec-10] [32mDEBUG[0;39m org.hibernate.SQL                    [ |  | ] - 
    select
        us1_0.id,
        us1_0.created_at,
        us1_0.last_active_at,
        us1_0.updated_at,
        us1_0.user_id 
    from
        user_statuses us1_0 
    where
        us1_0.user_id=?
25-04-14 16:44:38.564 [http-nio-8080-exec-10] [32mTRACE[0;39m org.hibernate.orm.jdbc.bind          [ |  | ] - binding parameter (1:UUID) <- [cb1e48ad-2480-40e8-91b8-f17fb89149ac]
25-04-14 16:44:38.566 [http-nio-8080-exec-10] [32mDEBUG[0;39m org.hibernate.SQL                    [ |  | ] - 
    select
        us1_0.id,
        us1_0.created_at,
        us1_0.last_active_at,
        us1_0.updated_at,
        us1_0.user_id 
    from
        user_statuses us1_0 
    where
        us1_0.user_id=?
25-04-14 16:44:38.566 [http-nio-8080-exec-10] [32mTRACE[0;39m org.hibernate.orm.jdbc.bind          [ |  | ] - binding parameter (1:UUID) <- [e884b46f-a2ab-4996-9a7f-baa7ee41b5fd]
25-04-14 16:44:38.567 [http-nio-8080-exec-10] [32mDEBUG[0;39m org.hibernate.SQL                    [ |  | ] - 
    select
        us1_0.id,
        us1_0.created_at,
        us1_0.last_active_at,
        us1_0.updated_at,
        us1_0.user_id 
    from
        user_statuses us1_0 
    where
        us1_0.user_id=?
25-04-14 16:44:38.568 [http-nio-8080-exec-10] [32mTRACE[0;39m org.hibernate.orm.jdbc.bind          [ |  | ] - binding parameter (1:UUID) <- [6e94cf9c-7085-4e49-9883-260c3c32e68c]
25-04-14 16:44:38.569 [http-nio-8080-exec-10] [32mDEBUG[0;39m org.hibernate.SQL                    [ |  | ] - 
    select
        us1_0.id,
        us1_0.created_at,
        us1_0.last_active_at,
        us1_0.updated_at,
        us1_0.user_id 
    from
        user_statuses us1_0 
    where
        us1_0.user_id=?
25-04-14 16:44:38.569 [http-nio-8080-exec-10] [32mTRACE[0;39m org.hibernate.orm.jdbc.bind          [ |  | ] - binding parameter (1:UUID) <- [d2175aff-c5af-430e-af41-ae472d8642b6]
25-04-14 16:44:38.569 [http-nio-8080-exec-10] [32mDEBUG[0;39m org.hibernate.SQL                    [ |  | ] - 
    select
        us1_0.id,
        us1_0.created_at,
        us1_0.last_active_at,
        us1_0.updated_at,
        us1_0.user_id 
    from
        user_statuses us1_0 
    where
        us1_0.user_id=?
25-04-14 16:44:38.570 [http-nio-8080-exec-10] [32mTRACE[0;39m org.hibernate.orm.jdbc.bind          [ |  | ] - binding parameter (1:UUID) <- [1a064ffe-a25a-4492-9fe0-370528e5279f]
25-04-14 16:44:38.571 [http-nio-8080-exec-10] [32mDEBUG[0;39m org.hibernate.SQL                    [ |  | ] - 
    select
        us1_0.id,
        us1_0.created_at,
        us1_0.last_active_at,
        us1_0.updated_at,
        us1_0.user_id 
    from
        user_statuses us1_0 
    where
        us1_0.user_id=?
25-04-14 16:44:38.571 [http-nio-8080-exec-10] [32mTRACE[0;39m org.hibernate.orm.jdbc.bind          [ |  | ] - binding parameter (1:UUID) <- [962332e6-8cc3-4538-8c64-d2b022e7bf81]
25-04-14 16:44:38.572 [http-nio-8080-exec-10] [32mDEBUG[0;39m org.hibernate.SQL                    [ |  | ] - 
    select
        us1_0.id,
        us1_0.created_at,
        us1_0.last_active_at,
        us1_0.updated_at,
        us1_0.user_id 
    from
        user_statuses us1_0 
    where
        us1_0.user_id=?
25-04-14 16:44:38.572 [http-nio-8080-exec-10] [32mTRACE[0;39m org.hibernate.orm.jdbc.bind          [ |  | ] - binding parameter (1:UUID) <- [1bf3c1d5-ba9e-445c-bb05-e46f4da38b55]
25-04-14 16:44:38.573 [http-nio-8080-exec-10] [32mDEBUG[0;39m org.hibernate.SQL                    [ |  | ] - 
    select
        us1_0.id,
        us1_0.created_at,
        us1_0.last_active_at,
        us1_0.updated_at,
        us1_0.user_id 
    from
        user_statuses us1_0 
    where
        us1_0.user_id=?
25-04-14 16:44:38.573 [http-nio-8080-exec-10] [32mTRACE[0;39m org.hibernate.orm.jdbc.bind          [ |  | ] - binding parameter (1:UUID) <- [406d1ca8-ca14-4cf4-afd7-6d2985bc0d47]
25-04-14 16:44:38.573 [http-nio-8080-exec-10] [32mDEBUG[0;39m org.hibernate.SQL                    [ |  | ] - 
    select
        us1_0.id,
        us1_0.created_at,
        us1_0.last_active_at,
        us1_0.updated_at,
        us1_0.user_id 
    from
        user_statuses us1_0 
    where
        us1_0.user_id=?
25-04-14 16:44:38.574 [http-nio-8080-exec-10] [32mTRACE[0;39m org.hibernate.orm.jdbc.bind          [ |  | ] - binding parameter (1:UUID) <- [b64d0c15-b1fe-46a0-beca-cb61a947228a]
25-04-14 16:44:38.574 [http-nio-8080-exec-10] [32mDEBUG[0;39m org.hibernate.SQL                    [ |  | ] - 
    select
        us1_0.id,
        us1_0.created_at,
        us1_0.last_active_at,
        us1_0.updated_at,
        us1_0.user_id 
    from
        user_statuses us1_0 
    where
        us1_0.user_id=?
25-04-14 16:44:38.574 [http-nio-8080-exec-10] [32mTRACE[0;39m org.hibernate.orm.jdbc.bind          [ |  | ] - binding parameter (1:UUID) <- [48e2f3f6-5bb6-47b6-ad6e-3c1dd8240735]
25-04-14 16:44:38.575 [http-nio-8080-exec-10] [32mDEBUG[0;39m org.hibernate.SQL                    [ |  | ] - 
    select
        us1_0.id,
        us1_0.created_at,
        us1_0.last_active_at,
        us1_0.updated_at,
        us1_0.user_id 
    from
        user_statuses us1_0 
    where
        us1_0.user_id=?
25-04-14 16:44:38.575 [http-nio-8080-exec-10] [32mTRACE[0;39m org.hibernate.orm.jdbc.bind          [ |  | ] - binding parameter (1:UUID) <- [5735c1de-7d10-415d-94fb-b6a471c518a8]
25-04-14 16:44:38.575 [http-nio-8080-exec-10] [32mDEBUG[0;39m org.hibernate.SQL                    [ |  | ] - 
    select
        us1_0.id,
        us1_0.created_at,
        us1_0.last_active_at,
        us1_0.updated_at,
        us1_0.user_id 
    from
        user_statuses us1_0 
    where
        us1_0.user_id=?
25-04-14 16:44:38.575 [http-nio-8080-exec-10] [32mTRACE[0;39m org.hibernate.orm.jdbc.bind          [ |  | ] - binding parameter (1:UUID) <- [d867e1e2-c22c-4201-b137-496edf3adf71]
25-04-14 16:44:38.576 [http-nio-8080-exec-10] [32mDEBUG[0;39m org.hibernate.SQL                    [ |  | ] - 
    select
        us1_0.id,
        us1_0.created_at,
        us1_0.last_active_at,
        us1_0.updated_at,
        us1_0.user_id 
    from
        user_statuses us1_0 
    where
        us1_0.user_id=?
25-04-14 16:44:38.576 [http-nio-8080-exec-10] [32mTRACE[0;39m org.hibernate.orm.jdbc.bind          [ |  | ] - binding parameter (1:UUID) <- [c457048e-c1a2-46c5-8a52-b87738dc89a1]
25-04-14 16:44:38.576 [http-nio-8080-exec-10] [32mDEBUG[0;39m org.hibernate.SQL                    [ |  | ] - 
    select
        us1_0.id,
        us1_0.created_at,
        us1_0.last_active_at,
        us1_0.updated_at,
        us1_0.user_id 
    from
        user_statuses us1_0 
    where
        us1_0.user_id=?
25-04-14 16:44:38.577 [http-nio-8080-exec-10] [32mTRACE[0;39m org.hibernate.orm.jdbc.bind          [ |  | ] - binding parameter (1:UUID) <- [58734365-46e5-427c-aad4-91a591469b01]
25-04-14 16:44:38.580 [http-nio-8080-exec-10] [32mDEBUG[0;39m org.hibernate.SQL                    [ |  | ] - 
    select
        bc1_0.id,
        bc1_0.content_type,
        bc1_0.created_at,
        bc1_0.file_name,
        bc1_0.size 
    from
        binary_contents bc1_0 
    where
        bc1_0.id=?
25-04-14 16:44:38.580 [http-nio-8080-exec-10] [32mTRACE[0;39m org.hibernate.orm.jdbc.bind          [ |  | ] - binding parameter (1:UUID) <- [9b5ab0b4-6f68-45af-a1a3-da8f19b12e75]
25-04-14 16:44:38.583 [http-nio-8080-exec-10] [32mDEBUG[0;39m org.hibernate.SQL                    [ |  | ] - 
    select
        bc1_0.id,
        bc1_0.content_type,
        bc1_0.created_at,
        bc1_0.file_name,
        bc1_0.size 
    from
        binary_contents bc1_0 
    where
        bc1_0.id=?
25-04-14 16:44:38.583 [http-nio-8080-exec-10] [32mTRACE[0;39m org.hibernate.orm.jdbc.bind          [ |  | ] - binding parameter (1:UUID) <- [f0147c4d-99cf-4b99-9a6e-73524ae999f3]
25-04-14 16:44:38.584 [http-nio-8080-exec-10] [32mDEBUG[0;39m org.hibernate.SQL                    [ |  | ] - 
    select
        bc1_0.id,
        bc1_0.content_type,
        bc1_0.created_at,
        bc1_0.file_name,
        bc1_0.size 
    from
        binary_contents bc1_0 
    where
        bc1_0.id=?
25-04-14 16:44:38.584 [http-nio-8080-exec-10] [32mTRACE[0;39m org.hibernate.orm.jdbc.bind          [ |  | ] - binding parameter (1:UUID) <- [3a3474bf-8347-45f1-aaa4-dd38b944a11d]
25-04-14 16:44:38.585 [http-nio-8080-exec-10] [32mDEBUG[0;39m c.s.m.d.controller.UserController    [ |  | ] - 사용자 목록 조회 응답: count=15
25-04-14 16:44:38.604 [http-nio-8080-exec-2] [32mINFO [0;39m c.s.m.d.controller.ChannelController [ |  | ] - 공개 채널 목록 조회 요청
25-04-14 16:44:38.606 [http-nio-8080-exec-2] [32mDEBUG[0;39m org.hibernate.SQL                    [ |  | ] - 
    select
        c1_0.id,
        c1_0.created_at,
        c1_0.description,
        c1_0.name,
        c1_0.type,
        c1_0.updated_at 
    from
        channels c1_0
25-04-14 16:44:38.606 [http-nio-8080-exec-3] [32mINFO [0;39m c.s.m.d.c.ReadStatusController       [ |  | ] - 사용자별 읽음 상태 목록 조회 요청: userId=b64d0c15-b1fe-46a0-beca-cb61a947228a
25-04-14 16:44:38.607 [http-nio-8080-exec-2] [32mDEBUG[0;39m c.s.m.d.controller.ChannelController [ |  | ] - 공개 채널 목록 조회 응답: count=0
25-04-14 16:44:38.609 [http-nio-8080-exec-7] [32mINFO [0;39m c.s.m.d.controller.UserController    [ |  | ] - 사용자 목록 조회 요청
25-04-14 16:44:38.609 [http-nio-8080-exec-3] [32mDEBUG[0;39m org.hibernate.SQL                    [ |  | ] - 
    select
        rs1_0.id,
        rs1_0.channel_id,
        rs1_0.created_at,
        rs1_0.last_read_at,
        rs1_0.updated_at,
        rs1_0.user_id 
    from
        read_statuses rs1_0 
    left join
        users u1_0 
            on u1_0.id=rs1_0.user_id 
    where
        u1_0.id=?
25-04-14 16:44:38.609 [http-nio-8080-exec-3] [32mTRACE[0;39m org.hibernate.orm.jdbc.bind          [ |  | ] - binding parameter (1:UUID) <- [b64d0c15-b1fe-46a0-beca-cb61a947228a]
25-04-14 16:44:38.611 [http-nio-8080-exec-7] [32mDEBUG[0;39m org.hibernate.SQL                    [ |  | ] - 
    select
        u1_0.id,
        u1_0.created_at,
        u1_0.email,
        u1_0.password,
        u1_0.profile_id,
        u1_0.updated_at,
        u1_0.username 
    from
        users u1_0
25-04-14 16:44:38.612 [http-nio-8080-exec-7] [32mDEBUG[0;39m org.hibernate.SQL                    [ |  | ] - 
    select
        us1_0.id,
        us1_0.created_at,
        us1_0.last_active_at,
        us1_0.updated_at,
        us1_0.user_id 
    from
        user_statuses us1_0 
    where
        us1_0.user_id=?
25-04-14 16:44:38.613 [http-nio-8080-exec-7] [32mTRACE[0;39m org.hibernate.orm.jdbc.bind          [ |  | ] - binding parameter (1:UUID) <- [8eda736a-b140-4189-906e-5da4f22f977d]
25-04-14 16:44:38.614 [http-nio-8080-exec-7] [32mDEBUG[0;39m org.hibernate.SQL                    [ |  | ] - 
    select
        us1_0.id,
        us1_0.created_at,
        us1_0.last_active_at,
        us1_0.updated_at,
        us1_0.user_id 
    from
        user_statuses us1_0 
    where
        us1_0.user_id=?
25-04-14 16:44:38.615 [http-nio-8080-exec-7] [32mTRACE[0;39m org.hibernate.orm.jdbc.bind          [ |  | ] - binding parameter (1:UUID) <- [cb1e48ad-2480-40e8-91b8-f17fb89149ac]
25-04-14 16:44:38.615 [http-nio-8080-exec-3] [32mDEBUG[0;39m c.s.m.d.c.ReadStatusController       [ |  | ] - 사용자별 읽음 상태 목록 조회 응답: count=0
25-04-14 16:44:38.615 [http-nio-8080-exec-7] [32mDEBUG[0;39m org.hibernate.SQL                    [ |  | ] - 
    select
        us1_0.id,
        us1_0.created_at,
        us1_0.last_active_at,
        us1_0.updated_at,
        us1_0.user_id 
    from
        user_statuses us1_0 
    where
        us1_0.user_id=?
25-04-14 16:44:38.616 [http-nio-8080-exec-7] [32mTRACE[0;39m org.hibernate.orm.jdbc.bind          [ |  | ] - binding parameter (1:UUID) <- [e884b46f-a2ab-4996-9a7f-baa7ee41b5fd]
25-04-14 16:44:38.616 [http-nio-8080-exec-7] [32mDEBUG[0;39m org.hibernate.SQL                    [ |  | ] - 
    select
        us1_0.id,
        us1_0.created_at,
        us1_0.last_active_at,
        us1_0.updated_at,
        us1_0.user_id 
    from
        user_statuses us1_0 
    where
        us1_0.user_id=?
25-04-14 16:44:38.616 [http-nio-8080-exec-7] [32mTRACE[0;39m org.hibernate.orm.jdbc.bind          [ |  | ] - binding parameter (1:UUID) <- [6e94cf9c-7085-4e49-9883-260c3c32e68c]
25-04-14 16:44:38.617 [http-nio-8080-exec-7] [32mDEBUG[0;39m org.hibernate.SQL                    [ |  | ] - 
    select
        us1_0.id,
        us1_0.created_at,
        us1_0.last_active_at,
        us1_0.updated_at,
        us1_0.user_id 
    from
        user_statuses us1_0 
    where
        us1_0.user_id=?
25-04-14 16:44:38.617 [http-nio-8080-exec-8] [32mINFO [0;39m c.s.m.d.c.ReadStatusController       [ |  | ] - 사용자별 읽음 상태 목록 조회 요청: userId=b64d0c15-b1fe-46a0-beca-cb61a947228a
25-04-14 16:44:38.618 [http-nio-8080-exec-7] [32mTRACE[0;39m org.hibernate.orm.jdbc.bind          [ |  | ] - binding parameter (1:UUID) <- [d2175aff-c5af-430e-af41-ae472d8642b6]
25-04-14 16:44:38.619 [http-nio-8080-exec-7] [32mDEBUG[0;39m org.hibernate.SQL                    [ |  | ] - 
    select
        us1_0.id,
        us1_0.created_at,
        us1_0.last_active_at,
        us1_0.updated_at,
        us1_0.user_id 
    from
        user_statuses us1_0 
    where
        us1_0.user_id=?
25-04-14 16:44:38.619 [http-nio-8080-exec-7] [32mTRACE[0;39m org.hibernate.orm.jdbc.bind          [ |  | ] - binding parameter (1:UUID) <- [1a064ffe-a25a-4492-9fe0-370528e5279f]
25-04-14 16:44:38.619 [http-nio-8080-exec-8] [32mDEBUG[0;39m org.hibernate.SQL                    [ |  | ] - 
    select
        rs1_0.id,
        rs1_0.channel_id,
        rs1_0.created_at,
        rs1_0.last_read_at,
        rs1_0.updated_at,
        rs1_0.user_id 
    from
        read_statuses rs1_0 
    left join
        users u1_0 
            on u1_0.id=rs1_0.user_id 
    where
        u1_0.id=?
25-04-14 16:44:38.619 [http-nio-8080-exec-8] [32mTRACE[0;39m org.hibernate.orm.jdbc.bind          [ |  | ] - binding parameter (1:UUID) <- [b64d0c15-b1fe-46a0-beca-cb61a947228a]
25-04-14 16:44:38.620 [http-nio-8080-exec-7] [32mDEBUG[0;39m org.hibernate.SQL                    [ |  | ] - 
    select
        us1_0.id,
        us1_0.created_at,
        us1_0.last_active_at,
        us1_0.updated_at,
        us1_0.user_id 
    from
        user_statuses us1_0 
    where
        us1_0.user_id=?
25-04-14 16:44:38.620 [http-nio-8080-exec-7] [32mTRACE[0;39m org.hibernate.orm.jdbc.bind          [ |  | ] - binding parameter (1:UUID) <- [962332e6-8cc3-4538-8c64-d2b022e7bf81]
25-04-14 16:44:38.621 [http-nio-8080-exec-8] [32mDEBUG[0;39m c.s.m.d.c.ReadStatusController       [ |  | ] - 사용자별 읽음 상태 목록 조회 응답: count=0
25-04-14 16:44:38.621 [http-nio-8080-exec-7] [32mDEBUG[0;39m org.hibernate.SQL                    [ |  | ] - 
    select
        us1_0.id,
        us1_0.created_at,
        us1_0.last_active_at,
        us1_0.updated_at,
        us1_0.user_id 
    from
        user_statuses us1_0 
    where
        us1_0.user_id=?
25-04-14 16:44:38.621 [http-nio-8080-exec-7] [32mTRACE[0;39m org.hibernate.orm.jdbc.bind          [ |  | ] - binding parameter (1:UUID) <- [1bf3c1d5-ba9e-445c-bb05-e46f4da38b55]
25-04-14 16:44:38.621 [http-nio-8080-exec-7] [32mDEBUG[0;39m org.hibernate.SQL                    [ |  | ] - 
    select
        us1_0.id,
        us1_0.created_at,
        us1_0.last_active_at,
        us1_0.updated_at,
        us1_0.user_id 
    from
        user_statuses us1_0 
    where
        us1_0.user_id=?
25-04-14 16:44:38.622 [http-nio-8080-exec-7] [32mTRACE[0;39m org.hibernate.orm.jdbc.bind          [ |  | ] - binding parameter (1:UUID) <- [406d1ca8-ca14-4cf4-afd7-6d2985bc0d47]
25-04-14 16:44:38.622 [http-nio-8080-exec-7] [32mDEBUG[0;39m org.hibernate.SQL                    [ |  | ] - 
    select
        us1_0.id,
        us1_0.created_at,
        us1_0.last_active_at,
        us1_0.updated_at,
        us1_0.user_id 
    from
        user_statuses us1_0 
    where
        us1_0.user_id=?
25-04-14 16:44:38.622 [http-nio-8080-exec-7] [32mTRACE[0;39m org.hibernate.orm.jdbc.bind          [ |  | ] - binding parameter (1:UUID) <- [b64d0c15-b1fe-46a0-beca-cb61a947228a]
25-04-14 16:44:38.623 [http-nio-8080-exec-7] [32mDEBUG[0;39m org.hibernate.SQL                    [ |  | ] - 
    select
        us1_0.id,
        us1_0.created_at,
        us1_0.last_active_at,
        us1_0.updated_at,
        us1_0.user_id 
    from
        user_statuses us1_0 
    where
        us1_0.user_id=?
25-04-14 16:44:38.623 [http-nio-8080-exec-7] [32mTRACE[0;39m org.hibernate.orm.jdbc.bind          [ |  | ] - binding parameter (1:UUID) <- [48e2f3f6-5bb6-47b6-ad6e-3c1dd8240735]
25-04-14 16:44:38.624 [http-nio-8080-exec-7] [32mDEBUG[0;39m org.hibernate.SQL                    [ |  | ] - 
    select
        us1_0.id,
        us1_0.created_at,
        us1_0.last_active_at,
        us1_0.updated_at,
        us1_0.user_id 
    from
        user_statuses us1_0 
    where
        us1_0.user_id=?
25-04-14 16:44:38.624 [http-nio-8080-exec-7] [32mTRACE[0;39m org.hibernate.orm.jdbc.bind          [ |  | ] - binding parameter (1:UUID) <- [5735c1de-7d10-415d-94fb-b6a471c518a8]
25-04-14 16:44:38.624 [http-nio-8080-exec-7] [32mDEBUG[0;39m org.hibernate.SQL                    [ |  | ] - 
    select
        us1_0.id,
        us1_0.created_at,
        us1_0.last_active_at,
        us1_0.updated_at,
        us1_0.user_id 
    from
        user_statuses us1_0 
    where
        us1_0.user_id=?
25-04-14 16:44:38.624 [http-nio-8080-exec-7] [32mTRACE[0;39m org.hibernate.orm.jdbc.bind          [ |  | ] - binding parameter (1:UUID) <- [d867e1e2-c22c-4201-b137-496edf3adf71]
25-04-14 16:44:38.625 [http-nio-8080-exec-7] [32mDEBUG[0;39m org.hibernate.SQL                    [ |  | ] - 
    select
        us1_0.id,
        us1_0.created_at,
        us1_0.last_active_at,
        us1_0.updated_at,
        us1_0.user_id 
    from
        user_statuses us1_0 
    where
        us1_0.user_id=?
25-04-14 16:44:38.625 [http-nio-8080-exec-7] [32mTRACE[0;39m org.hibernate.orm.jdbc.bind          [ |  | ] - binding parameter (1:UUID) <- [c457048e-c1a2-46c5-8a52-b87738dc89a1]
25-04-14 16:44:38.625 [http-nio-8080-exec-7] [32mDEBUG[0;39m org.hibernate.SQL                    [ |  | ] - 
    select
        us1_0.id,
        us1_0.created_at,
        us1_0.last_active_at,
        us1_0.updated_at,
        us1_0.user_id 
    from
        user_statuses us1_0 
    where
        us1_0.user_id=?
25-04-14 16:44:38.625 [http-nio-8080-exec-7] [32mTRACE[0;39m org.hibernate.orm.jdbc.bind          [ |  | ] - binding parameter (1:UUID) <- [58734365-46e5-427c-aad4-91a591469b01]
25-04-14 16:44:38.626 [http-nio-8080-exec-7] [32mDEBUG[0;39m org.hibernate.SQL                    [ |  | ] - 
    select
        bc1_0.id,
        bc1_0.content_type,
        bc1_0.created_at,
        bc1_0.file_name,
        bc1_0.size 
    from
        binary_contents bc1_0 
    where
        bc1_0.id=?
25-04-14 16:44:38.627 [http-nio-8080-exec-7] [32mTRACE[0;39m org.hibernate.orm.jdbc.bind          [ |  | ] - binding parameter (1:UUID) <- [9b5ab0b4-6f68-45af-a1a3-da8f19b12e75]
25-04-14 16:44:38.627 [http-nio-8080-exec-7] [32mDEBUG[0;39m org.hibernate.SQL                    [ |  | ] - 
    select
        bc1_0.id,
        bc1_0.content_type,
        bc1_0.created_at,
        bc1_0.file_name,
        bc1_0.size 
    from
        binary_contents bc1_0 
    where
        bc1_0.id=?
25-04-14 16:44:38.628 [http-nio-8080-exec-7] [32mTRACE[0;39m org.hibernate.orm.jdbc.bind          [ |  | ] - binding parameter (1:UUID) <- [f0147c4d-99cf-4b99-9a6e-73524ae999f3]
25-04-14 16:44:38.628 [http-nio-8080-exec-7] [32mDEBUG[0;39m org.hibernate.SQL                    [ |  | ] - 
    select
        bc1_0.id,
        bc1_0.content_type,
        bc1_0.created_at,
        bc1_0.file_name,
        bc1_0.size 
    from
        binary_contents bc1_0 
    where
        bc1_0.id=?
25-04-14 16:44:38.628 [http-nio-8080-exec-7] [32mTRACE[0;39m org.hibernate.orm.jdbc.bind          [ |  | ] - binding parameter (1:UUID) <- [3a3474bf-8347-45f1-aaa4-dd38b944a11d]
25-04-14 16:44:38.629 [http-nio-8080-exec-7] [32mDEBUG[0;39m c.s.m.d.controller.UserController    [ |  | ] - 사용자 목록 조회 응답: count=15
25-04-14 16:44:38.635 [http-nio-8080-exec-9] [32mINFO [0;39m c.s.m.d.controller.ChannelController [ |  | ] - 공개 채널 목록 조회 요청
25-04-14 16:44:38.635 [http-nio-8080-exec-1] [32mINFO [0;39m c.s.m.d.c.ReadStatusController       [ |  | ] - 사용자별 읽음 상태 목록 조회 요청: userId=b64d0c15-b1fe-46a0-beca-cb61a947228a
25-04-14 16:44:38.636 [http-nio-8080-exec-1] [32mDEBUG[0;39m org.hibernate.SQL                    [ |  | ] - 
    select
        rs1_0.id,
        rs1_0.channel_id,
        rs1_0.created_at,
        rs1_0.last_read_at,
        rs1_0.updated_at,
        rs1_0.user_id 
    from
        read_statuses rs1_0 
    left join
        users u1_0 
            on u1_0.id=rs1_0.user_id 
    where
        u1_0.id=?
25-04-14 16:44:38.636 [http-nio-8080-exec-9] [32mDEBUG[0;39m org.hibernate.SQL                    [ |  | ] - 
    select
        c1_0.id,
        c1_0.created_at,
        c1_0.description,
        c1_0.name,
        c1_0.type,
        c1_0.updated_at 
    from
        channels c1_0
25-04-14 16:44:38.636 [http-nio-8080-exec-1] [32mTRACE[0;39m org.hibernate.orm.jdbc.bind          [ |  | ] - binding parameter (1:UUID) <- [b64d0c15-b1fe-46a0-beca-cb61a947228a]
25-04-14 16:44:38.637 [http-nio-8080-exec-1] [32mDEBUG[0;39m c.s.m.d.c.ReadStatusController       [ |  | ] - 사용자별 읽음 상태 목록 조회 응답: count=0
25-04-14 16:44:38.638 [http-nio-8080-exec-9] [32mDEBUG[0;39m c.s.m.d.controller.ChannelController [ |  | ] - 공개 채널 목록 조회 응답: count=0
25-04-14 16:44:38.641 [http-nio-8080-exec-10] [32mINFO [0;39m c.s.m.d.c.ReadStatusController       [ |  | ] - 사용자별 읽음 상태 목록 조회 요청: userId=b64d0c15-b1fe-46a0-beca-cb61a947228a
25-04-14 16:44:38.643 [http-nio-8080-exec-10] [32mDEBUG[0;39m org.hibernate.SQL                    [ |  | ] - 
    select
        rs1_0.id,
        rs1_0.channel_id,
        rs1_0.created_at,
        rs1_0.last_read_at,
        rs1_0.updated_at,
        rs1_0.user_id 
    from
        read_statuses rs1_0 
    left join
        users u1_0 
            on u1_0.id=rs1_0.user_id 
    where
        u1_0.id=?
25-04-14 16:44:38.643 [http-nio-8080-exec-10] [32mTRACE[0;39m org.hibernate.orm.jdbc.bind          [ |  | ] - binding parameter (1:UUID) <- [b64d0c15-b1fe-46a0-beca-cb61a947228a]
25-04-14 16:44:38.644 [http-nio-8080-exec-10] [32mDEBUG[0;39m c.s.m.d.c.ReadStatusController       [ |  | ] - 사용자별 읽음 상태 목록 조회 응답: count=0
25-04-14 16:44:49.369 [http-nio-8080-exec-2] [32mINFO [0;39m c.s.m.d.controller.AuthControllerV1  [ |  | ] - 로그인 요청: username=1
25-04-14 16:44:49.370 [http-nio-8080-exec-2] [32mDEBUG[0;39m org.hibernate.SQL                    [ |  | ] - 
    select
        u1_0.id,
        u1_0.created_at,
        u1_0.email,
        u1_0.password,
        u1_0.profile_id,
        u1_0.updated_at,
        u1_0.username 
    from
        users u1_0 
    where
        u1_0.username=?
25-04-14 16:44:49.371 [http-nio-8080-exec-2] [32mTRACE[0;39m org.hibernate.orm.jdbc.bind          [ |  | ] - binding parameter (1:VARCHAR) <- [1]
25-04-14 16:44:49.372 [http-nio-8080-exec-2] [32mDEBUG[0;39m org.hibernate.SQL                    [ |  | ] - 
    select
        us1_0.id,
        us1_0.created_at,
        us1_0.last_active_at,
        us1_0.updated_at,
        us1_0.user_id 
    from
        user_statuses us1_0 
    where
        us1_0.user_id=?
25-04-14 16:44:49.372 [http-nio-8080-exec-2] [32mTRACE[0;39m org.hibernate.orm.jdbc.bind          [ |  | ] - binding parameter (1:UUID) <- [b64d0c15-b1fe-46a0-beca-cb61a947228a]
25-04-14 16:44:49.381 [http-nio-8080-exec-2] [32mDEBUG[0;39m org.hibernate.SQL                    [ |  | ] - 
    select
        us1_0.id,
        us1_0.created_at,
        us1_0.last_active_at,
        us1_0.updated_at,
        us1_0.user_id 
    from
        user_statuses us1_0 
    left join
        users u1_0 
            on u1_0.id=us1_0.user_id 
    where
        u1_0.id=?
25-04-14 16:44:49.381 [http-nio-8080-exec-2] [32mTRACE[0;39m org.hibernate.orm.jdbc.bind          [ |  | ] - binding parameter (1:UUID) <- [b64d0c15-b1fe-46a0-beca-cb61a947228a]
25-04-14 16:44:49.401 [http-nio-8080-exec-2] [32mDEBUG[0;39m org.hibernate.SQL                    [ |  | ] - 
    update
        user_statuses 
    set
        created_at=?,
        last_active_at=?,
        updated_at=?,
        user_id=? 
    where
        id=?
25-04-14 16:44:49.402 [http-nio-8080-exec-2] [32mTRACE[0;39m org.hibernate.orm.jdbc.bind          [ |  | ] - binding parameter (1:TIMESTAMP_UTC) <- [2025-03-16T15:46:50.728321Z]
25-04-14 16:44:49.403 [http-nio-8080-exec-2] [32mTRACE[0;39m org.hibernate.orm.jdbc.bind          [ |  | ] - binding parameter (2:TIMESTAMP_UTC) <- [2025-04-14T07:44:49.373541700Z]
25-04-14 16:44:49.403 [http-nio-8080-exec-2] [32mTRACE[0;39m org.hibernate.orm.jdbc.bind          [ |  | ] - binding parameter (3:TIMESTAMP_UTC) <- [null]
25-04-14 16:44:49.403 [http-nio-8080-exec-2] [32mTRACE[0;39m org.hibernate.orm.jdbc.bind          [ |  | ] - binding parameter (4:UUID) <- [b64d0c15-b1fe-46a0-beca-cb61a947228a]
25-04-14 16:44:49.403 [http-nio-8080-exec-2] [32mTRACE[0;39m org.hibernate.orm.jdbc.bind          [ |  | ] - binding parameter (5:UUID) <- [ca41a864-c8c3-4be6-a5fa-20c6078099db]
25-04-14 16:44:49.406 [http-nio-8080-exec-2] [32mDEBUG[0;39m c.s.m.d.controller.AuthControllerV1  [ |  | ] - 로그인 응답: UserDto[id=b64d0c15-b1fe-46a0-beca-cb61a947228a, username=1, email=1@cod2eit.com, profile=null, isOnline=true]
25-04-14 16:44:49.414 [http-nio-8080-exec-4] [32mINFO [0;39m c.s.m.d.controller.UserController    [ |  | ] - 사용자 목록 조회 요청
25-04-14 16:44:49.415 [http-nio-8080-exec-4] [32mDEBUG[0;39m org.hibernate.SQL                    [ |  | ] - 
    select
        u1_0.id,
        u1_0.created_at,
        u1_0.email,
        u1_0.password,
        u1_0.profile_id,
        u1_0.updated_at,
        u1_0.username 
    from
        users u1_0
25-04-14 16:44:49.416 [http-nio-8080-exec-4] [32mDEBUG[0;39m org.hibernate.SQL                    [ |  | ] - 
    select
        us1_0.id,
        us1_0.created_at,
        us1_0.last_active_at,
        us1_0.updated_at,
        us1_0.user_id 
    from
        user_statuses us1_0 
    where
        us1_0.user_id=?
25-04-14 16:44:49.416 [http-nio-8080-exec-4] [32mTRACE[0;39m org.hibernate.orm.jdbc.bind          [ |  | ] - binding parameter (1:UUID) <- [8eda736a-b140-4189-906e-5da4f22f977d]
25-04-14 16:44:49.416 [http-nio-8080-exec-4] [32mDEBUG[0;39m org.hibernate.SQL                    [ |  | ] - 
    select
        us1_0.id,
        us1_0.created_at,
        us1_0.last_active_at,
        us1_0.updated_at,
        us1_0.user_id 
    from
        user_statuses us1_0 
    where
        us1_0.user_id=?
25-04-14 16:44:49.416 [http-nio-8080-exec-4] [32mTRACE[0;39m org.hibernate.orm.jdbc.bind          [ |  | ] - binding parameter (1:UUID) <- [cb1e48ad-2480-40e8-91b8-f17fb89149ac]
25-04-14 16:44:49.417 [http-nio-8080-exec-4] [32mDEBUG[0;39m org.hibernate.SQL                    [ |  | ] - 
    select
        us1_0.id,
        us1_0.created_at,
        us1_0.last_active_at,
        us1_0.updated_at,
        us1_0.user_id 
    from
        user_statuses us1_0 
    where
        us1_0.user_id=?
25-04-14 16:44:49.417 [http-nio-8080-exec-4] [32mTRACE[0;39m org.hibernate.orm.jdbc.bind          [ |  | ] - binding parameter (1:UUID) <- [e884b46f-a2ab-4996-9a7f-baa7ee41b5fd]
25-04-14 16:44:49.417 [http-nio-8080-exec-4] [32mDEBUG[0;39m org.hibernate.SQL                    [ |  | ] - 
    select
        us1_0.id,
        us1_0.created_at,
        us1_0.last_active_at,
        us1_0.updated_at,
        us1_0.user_id 
    from
        user_statuses us1_0 
    where
        us1_0.user_id=?
25-04-14 16:44:49.417 [http-nio-8080-exec-4] [32mTRACE[0;39m org.hibernate.orm.jdbc.bind          [ |  | ] - binding parameter (1:UUID) <- [6e94cf9c-7085-4e49-9883-260c3c32e68c]
25-04-14 16:44:49.418 [http-nio-8080-exec-4] [32mDEBUG[0;39m org.hibernate.SQL                    [ |  | ] - 
    select
        us1_0.id,
        us1_0.created_at,
        us1_0.last_active_at,
        us1_0.updated_at,
        us1_0.user_id 
    from
        user_statuses us1_0 
    where
        us1_0.user_id=?
25-04-14 16:44:49.418 [http-nio-8080-exec-4] [32mTRACE[0;39m org.hibernate.orm.jdbc.bind          [ |  | ] - binding parameter (1:UUID) <- [d2175aff-c5af-430e-af41-ae472d8642b6]
25-04-14 16:44:49.418 [http-nio-8080-exec-4] [32mDEBUG[0;39m org.hibernate.SQL                    [ |  | ] - 
    select
        us1_0.id,
        us1_0.created_at,
        us1_0.last_active_at,
        us1_0.updated_at,
        us1_0.user_id 
    from
        user_statuses us1_0 
    where
        us1_0.user_id=?
25-04-14 16:44:49.418 [http-nio-8080-exec-4] [32mTRACE[0;39m org.hibernate.orm.jdbc.bind          [ |  | ] - binding parameter (1:UUID) <- [1a064ffe-a25a-4492-9fe0-370528e5279f]
25-04-14 16:44:49.418 [http-nio-8080-exec-4] [32mDEBUG[0;39m org.hibernate.SQL                    [ |  | ] - 
    select
        us1_0.id,
        us1_0.created_at,
        us1_0.last_active_at,
        us1_0.updated_at,
        us1_0.user_id 
    from
        user_statuses us1_0 
    where
        us1_0.user_id=?
25-04-14 16:44:49.418 [http-nio-8080-exec-4] [32mTRACE[0;39m org.hibernate.orm.jdbc.bind          [ |  | ] - binding parameter (1:UUID) <- [962332e6-8cc3-4538-8c64-d2b022e7bf81]
25-04-14 16:44:49.419 [http-nio-8080-exec-4] [32mDEBUG[0;39m org.hibernate.SQL                    [ |  | ] - 
    select
        us1_0.id,
        us1_0.created_at,
        us1_0.last_active_at,
        us1_0.updated_at,
        us1_0.user_id 
    from
        user_statuses us1_0 
    where
        us1_0.user_id=?
25-04-14 16:44:49.419 [http-nio-8080-exec-4] [32mTRACE[0;39m org.hibernate.orm.jdbc.bind          [ |  | ] - binding parameter (1:UUID) <- [1bf3c1d5-ba9e-445c-bb05-e46f4da38b55]
25-04-14 16:44:49.419 [http-nio-8080-exec-4] [32mDEBUG[0;39m org.hibernate.SQL                    [ |  | ] - 
    select
        us1_0.id,
        us1_0.created_at,
        us1_0.last_active_at,
        us1_0.updated_at,
        us1_0.user_id 
    from
        user_statuses us1_0 
    where
        us1_0.user_id=?
25-04-14 16:44:49.419 [http-nio-8080-exec-4] [32mTRACE[0;39m org.hibernate.orm.jdbc.bind          [ |  | ] - binding parameter (1:UUID) <- [406d1ca8-ca14-4cf4-afd7-6d2985bc0d47]
25-04-14 16:44:49.420 [http-nio-8080-exec-4] [32mDEBUG[0;39m org.hibernate.SQL                    [ |  | ] - 
    select
        us1_0.id,
        us1_0.created_at,
        us1_0.last_active_at,
        us1_0.updated_at,
        us1_0.user_id 
    from
        user_statuses us1_0 
    where
        us1_0.user_id=?
25-04-14 16:44:49.420 [http-nio-8080-exec-4] [32mTRACE[0;39m org.hibernate.orm.jdbc.bind          [ |  | ] - binding parameter (1:UUID) <- [b64d0c15-b1fe-46a0-beca-cb61a947228a]
25-04-14 16:44:49.420 [http-nio-8080-exec-4] [32mDEBUG[0;39m org.hibernate.SQL                    [ |  | ] - 
    select
        us1_0.id,
        us1_0.created_at,
        us1_0.last_active_at,
        us1_0.updated_at,
        us1_0.user_id 
    from
        user_statuses us1_0 
    where
        us1_0.user_id=?
25-04-14 16:44:49.420 [http-nio-8080-exec-4] [32mTRACE[0;39m org.hibernate.orm.jdbc.bind          [ |  | ] - binding parameter (1:UUID) <- [48e2f3f6-5bb6-47b6-ad6e-3c1dd8240735]
25-04-14 16:44:49.420 [http-nio-8080-exec-4] [32mDEBUG[0;39m org.hibernate.SQL                    [ |  | ] - 
    select
        us1_0.id,
        us1_0.created_at,
        us1_0.last_active_at,
        us1_0.updated_at,
        us1_0.user_id 
    from
        user_statuses us1_0 
    where
        us1_0.user_id=?
25-04-14 16:44:49.421 [http-nio-8080-exec-4] [32mTRACE[0;39m org.hibernate.orm.jdbc.bind          [ |  | ] - binding parameter (1:UUID) <- [5735c1de-7d10-415d-94fb-b6a471c518a8]
25-04-14 16:44:49.421 [http-nio-8080-exec-4] [32mDEBUG[0;39m org.hibernate.SQL                    [ |  | ] - 
    select
        us1_0.id,
        us1_0.created_at,
        us1_0.last_active_at,
        us1_0.updated_at,
        us1_0.user_id 
    from
        user_statuses us1_0 
    where
        us1_0.user_id=?
25-04-14 16:44:49.421 [http-nio-8080-exec-4] [32mTRACE[0;39m org.hibernate.orm.jdbc.bind          [ |  | ] - binding parameter (1:UUID) <- [d867e1e2-c22c-4201-b137-496edf3adf71]
25-04-14 16:44:49.421 [http-nio-8080-exec-4] [32mDEBUG[0;39m org.hibernate.SQL                    [ |  | ] - 
    select
        us1_0.id,
        us1_0.created_at,
        us1_0.last_active_at,
        us1_0.updated_at,
        us1_0.user_id 
    from
        user_statuses us1_0 
    where
        us1_0.user_id=?
25-04-14 16:44:49.421 [http-nio-8080-exec-4] [32mTRACE[0;39m org.hibernate.orm.jdbc.bind          [ |  | ] - binding parameter (1:UUID) <- [c457048e-c1a2-46c5-8a52-b87738dc89a1]
25-04-14 16:44:49.422 [http-nio-8080-exec-4] [32mDEBUG[0;39m org.hibernate.SQL                    [ |  | ] - 
    select
        us1_0.id,
        us1_0.created_at,
        us1_0.last_active_at,
        us1_0.updated_at,
        us1_0.user_id 
    from
        user_statuses us1_0 
    where
        us1_0.user_id=?
25-04-14 16:44:49.422 [http-nio-8080-exec-4] [32mTRACE[0;39m org.hibernate.orm.jdbc.bind          [ |  | ] - binding parameter (1:UUID) <- [58734365-46e5-427c-aad4-91a591469b01]
25-04-14 16:44:49.422 [http-nio-8080-exec-4] [32mDEBUG[0;39m org.hibernate.SQL                    [ |  | ] - 
    select
        bc1_0.id,
        bc1_0.content_type,
        bc1_0.created_at,
        bc1_0.file_name,
        bc1_0.size 
    from
        binary_contents bc1_0 
    where
        bc1_0.id=?
25-04-14 16:44:49.422 [http-nio-8080-exec-4] [32mTRACE[0;39m org.hibernate.orm.jdbc.bind          [ |  | ] - binding parameter (1:UUID) <- [9b5ab0b4-6f68-45af-a1a3-da8f19b12e75]
25-04-14 16:44:49.423 [http-nio-8080-exec-4] [32mDEBUG[0;39m org.hibernate.SQL                    [ |  | ] - 
    select
        bc1_0.id,
        bc1_0.content_type,
        bc1_0.created_at,
        bc1_0.file_name,
        bc1_0.size 
    from
        binary_contents bc1_0 
    where
        bc1_0.id=?
25-04-14 16:44:49.423 [http-nio-8080-exec-4] [32mTRACE[0;39m org.hibernate.orm.jdbc.bind          [ |  | ] - binding parameter (1:UUID) <- [f0147c4d-99cf-4b99-9a6e-73524ae999f3]
25-04-14 16:44:49.424 [http-nio-8080-exec-4] [32mDEBUG[0;39m org.hibernate.SQL                    [ |  | ] - 
    select
        bc1_0.id,
        bc1_0.content_type,
        bc1_0.created_at,
        bc1_0.file_name,
        bc1_0.size 
    from
        binary_contents bc1_0 
    where
        bc1_0.id=?
25-04-14 16:44:49.424 [http-nio-8080-exec-4] [32mTRACE[0;39m org.hibernate.orm.jdbc.bind          [ |  | ] - binding parameter (1:UUID) <- [3a3474bf-8347-45f1-aaa4-dd38b944a11d]
25-04-14 16:44:49.424 [http-nio-8080-exec-4] [32mDEBUG[0;39m c.s.m.d.controller.UserController    [ |  | ] - 사용자 목록 조회 응답: count=15
25-04-14 16:44:49.438 [http-nio-8080-exec-5] [32mINFO [0;39m c.s.m.d.controller.ChannelController [ |  | ] - 공개 채널 목록 조회 요청
25-04-14 16:44:49.440 [http-nio-8080-exec-6] [32mINFO [0;39m c.s.m.d.c.ReadStatusController       [ |  | ] - 사용자별 읽음 상태 목록 조회 요청: userId=b64d0c15-b1fe-46a0-beca-cb61a947228a
25-04-14 16:44:49.441 [http-nio-8080-exec-5] [32mDEBUG[0;39m org.hibernate.SQL                    [ |  | ] - 
    select
        c1_0.id,
        c1_0.created_at,
        c1_0.description,
        c1_0.name,
        c1_0.type,
        c1_0.updated_at 
    from
        channels c1_0
25-04-14 16:44:49.442 [http-nio-8080-exec-1] [32mINFO [0;39m c.s.m.d.controller.UserController    [ |  | ] - 사용자 목록 조회 요청
25-04-14 16:44:49.442 [http-nio-8080-exec-6] [32mDEBUG[0;39m org.hibernate.SQL                    [ |  | ] - 
    select
        rs1_0.id,
        rs1_0.channel_id,
        rs1_0.created_at,
        rs1_0.last_read_at,
        rs1_0.updated_at,
        rs1_0.user_id 
    from
        read_statuses rs1_0 
    left join
        users u1_0 
            on u1_0.id=rs1_0.user_id 
    where
        u1_0.id=?
25-04-14 16:44:49.443 [http-nio-8080-exec-6] [32mTRACE[0;39m org.hibernate.orm.jdbc.bind          [ |  | ] - binding parameter (1:UUID) <- [b64d0c15-b1fe-46a0-beca-cb61a947228a]
25-04-14 16:44:49.443 [http-nio-8080-exec-5] [32mDEBUG[0;39m c.s.m.d.controller.ChannelController [ |  | ] - 공개 채널 목록 조회 응답: count=0
25-04-14 16:44:49.445 [http-nio-8080-exec-1] [32mDEBUG[0;39m org.hibernate.SQL                    [ |  | ] - 
    select
        u1_0.id,
        u1_0.created_at,
        u1_0.email,
        u1_0.password,
        u1_0.profile_id,
        u1_0.updated_at,
        u1_0.username 
    from
        users u1_0
25-04-14 16:44:49.445 [http-nio-8080-exec-6] [32mDEBUG[0;39m c.s.m.d.c.ReadStatusController       [ |  | ] - 사용자별 읽음 상태 목록 조회 응답: count=0
25-04-14 16:44:49.446 [http-nio-8080-exec-1] [32mDEBUG[0;39m org.hibernate.SQL                    [ |  | ] - 
    select
        us1_0.id,
        us1_0.created_at,
        us1_0.last_active_at,
        us1_0.updated_at,
        us1_0.user_id 
    from
        user_statuses us1_0 
    where
        us1_0.user_id=?
25-04-14 16:44:49.446 [http-nio-8080-exec-1] [32mTRACE[0;39m org.hibernate.orm.jdbc.bind          [ |  | ] - binding parameter (1:UUID) <- [8eda736a-b140-4189-906e-5da4f22f977d]
25-04-14 16:44:49.447 [http-nio-8080-exec-1] [32mDEBUG[0;39m org.hibernate.SQL                    [ |  | ] - 
    select
        us1_0.id,
        us1_0.created_at,
        us1_0.last_active_at,
        us1_0.updated_at,
        us1_0.user_id 
    from
        user_statuses us1_0 
    where
        us1_0.user_id=?
25-04-14 16:44:49.447 [http-nio-8080-exec-1] [32mTRACE[0;39m org.hibernate.orm.jdbc.bind          [ |  | ] - binding parameter (1:UUID) <- [cb1e48ad-2480-40e8-91b8-f17fb89149ac]
25-04-14 16:44:49.448 [http-nio-8080-exec-1] [32mDEBUG[0;39m org.hibernate.SQL                    [ |  | ] - 
    select
        us1_0.id,
        us1_0.created_at,
        us1_0.last_active_at,
        us1_0.updated_at,
        us1_0.user_id 
    from
        user_statuses us1_0 
    where
        us1_0.user_id=?
25-04-14 16:44:49.448 [http-nio-8080-exec-1] [32mTRACE[0;39m org.hibernate.orm.jdbc.bind          [ |  | ] - binding parameter (1:UUID) <- [e884b46f-a2ab-4996-9a7f-baa7ee41b5fd]
25-04-14 16:44:49.448 [http-nio-8080-exec-1] [32mDEBUG[0;39m org.hibernate.SQL                    [ |  | ] - 
    select
        us1_0.id,
        us1_0.created_at,
        us1_0.last_active_at,
        us1_0.updated_at,
        us1_0.user_id 
    from
        user_statuses us1_0 
    where
        us1_0.user_id=?
25-04-14 16:44:49.448 [http-nio-8080-exec-1] [32mTRACE[0;39m org.hibernate.orm.jdbc.bind          [ |  | ] - binding parameter (1:UUID) <- [6e94cf9c-7085-4e49-9883-260c3c32e68c]
25-04-14 16:44:49.449 [http-nio-8080-exec-1] [32mDEBUG[0;39m org.hibernate.SQL                    [ |  | ] - 
    select
        us1_0.id,
        us1_0.created_at,
        us1_0.last_active_at,
        us1_0.updated_at,
        us1_0.user_id 
    from
        user_statuses us1_0 
    where
        us1_0.user_id=?
25-04-14 16:44:49.449 [http-nio-8080-exec-1] [32mTRACE[0;39m org.hibernate.orm.jdbc.bind          [ |  | ] - binding parameter (1:UUID) <- [d2175aff-c5af-430e-af41-ae472d8642b6]
25-04-14 16:44:49.449 [http-nio-8080-exec-1] [32mDEBUG[0;39m org.hibernate.SQL                    [ |  | ] - 
    select
        us1_0.id,
        us1_0.created_at,
        us1_0.last_active_at,
        us1_0.updated_at,
        us1_0.user_id 
    from
        user_statuses us1_0 
    where
        us1_0.user_id=?
25-04-14 16:44:49.450 [http-nio-8080-exec-1] [32mTRACE[0;39m org.hibernate.orm.jdbc.bind          [ |  | ] - binding parameter (1:UUID) <- [1a064ffe-a25a-4492-9fe0-370528e5279f]
25-04-14 16:44:49.450 [http-nio-8080-exec-1] [32mDEBUG[0;39m org.hibernate.SQL                    [ |  | ] - 
    select
        us1_0.id,
        us1_0.created_at,
        us1_0.last_active_at,
        us1_0.updated_at,
        us1_0.user_id 
    from
        user_statuses us1_0 
    where
        us1_0.user_id=?
25-04-14 16:44:49.450 [http-nio-8080-exec-1] [32mTRACE[0;39m org.hibernate.orm.jdbc.bind          [ |  | ] - binding parameter (1:UUID) <- [962332e6-8cc3-4538-8c64-d2b022e7bf81]
25-04-14 16:44:49.451 [http-nio-8080-exec-1] [32mDEBUG[0;39m org.hibernate.SQL                    [ |  | ] - 
    select
        us1_0.id,
        us1_0.created_at,
        us1_0.last_active_at,
        us1_0.updated_at,
        us1_0.user_id 
    from
        user_statuses us1_0 
    where
        us1_0.user_id=?
25-04-14 16:44:49.451 [http-nio-8080-exec-1] [32mTRACE[0;39m org.hibernate.orm.jdbc.bind          [ |  | ] - binding parameter (1:UUID) <- [1bf3c1d5-ba9e-445c-bb05-e46f4da38b55]
25-04-14 16:44:49.452 [http-nio-8080-exec-1] [32mDEBUG[0;39m org.hibernate.SQL                    [ |  | ] - 
    select
        us1_0.id,
        us1_0.created_at,
        us1_0.last_active_at,
        us1_0.updated_at,
        us1_0.user_id 
    from
        user_statuses us1_0 
    where
        us1_0.user_id=?
25-04-14 16:44:49.452 [http-nio-8080-exec-1] [32mTRACE[0;39m org.hibernate.orm.jdbc.bind          [ |  | ] - binding parameter (1:UUID) <- [406d1ca8-ca14-4cf4-afd7-6d2985bc0d47]
25-04-14 16:44:49.453 [http-nio-8080-exec-1] [32mDEBUG[0;39m org.hibernate.SQL                    [ |  | ] - 
    select
        us1_0.id,
        us1_0.created_at,
        us1_0.last_active_at,
        us1_0.updated_at,
        us1_0.user_id 
    from
        user_statuses us1_0 
    where
        us1_0.user_id=?
25-04-14 16:44:49.453 [http-nio-8080-exec-1] [32mTRACE[0;39m org.hibernate.orm.jdbc.bind          [ |  | ] - binding parameter (1:UUID) <- [b64d0c15-b1fe-46a0-beca-cb61a947228a]
25-04-14 16:44:49.453 [http-nio-8080-exec-1] [32mDEBUG[0;39m org.hibernate.SQL                    [ |  | ] - 
    select
        us1_0.id,
        us1_0.created_at,
        us1_0.last_active_at,
        us1_0.updated_at,
        us1_0.user_id 
    from
        user_statuses us1_0 
    where
        us1_0.user_id=?
25-04-14 16:44:49.453 [http-nio-8080-exec-1] [32mTRACE[0;39m org.hibernate.orm.jdbc.bind          [ |  | ] - binding parameter (1:UUID) <- [48e2f3f6-5bb6-47b6-ad6e-3c1dd8240735]
25-04-14 16:44:49.454 [http-nio-8080-exec-1] [32mDEBUG[0;39m org.hibernate.SQL                    [ |  | ] - 
    select
        us1_0.id,
        us1_0.created_at,
        us1_0.last_active_at,
        us1_0.updated_at,
        us1_0.user_id 
    from
        user_statuses us1_0 
    where
        us1_0.user_id=?
25-04-14 16:44:49.454 [http-nio-8080-exec-1] [32mTRACE[0;39m org.hibernate.orm.jdbc.bind          [ |  | ] - binding parameter (1:UUID) <- [5735c1de-7d10-415d-94fb-b6a471c518a8]
25-04-14 16:44:49.454 [http-nio-8080-exec-1] [32mDEBUG[0;39m org.hibernate.SQL                    [ |  | ] - 
    select
        us1_0.id,
        us1_0.created_at,
        us1_0.last_active_at,
        us1_0.updated_at,
        us1_0.user_id 
    from
        user_statuses us1_0 
    where
        us1_0.user_id=?
25-04-14 16:44:49.454 [http-nio-8080-exec-1] [32mTRACE[0;39m org.hibernate.orm.jdbc.bind          [ |  | ] - binding parameter (1:UUID) <- [d867e1e2-c22c-4201-b137-496edf3adf71]
25-04-14 16:44:49.455 [http-nio-8080-exec-1] [32mDEBUG[0;39m org.hibernate.SQL                    [ |  | ] - 
    select
        us1_0.id,
        us1_0.created_at,
        us1_0.last_active_at,
        us1_0.updated_at,
        us1_0.user_id 
    from
        user_statuses us1_0 
    where
        us1_0.user_id=?
25-04-14 16:44:49.455 [http-nio-8080-exec-1] [32mTRACE[0;39m org.hibernate.orm.jdbc.bind          [ |  | ] - binding parameter (1:UUID) <- [c457048e-c1a2-46c5-8a52-b87738dc89a1]
25-04-14 16:44:49.456 [http-nio-8080-exec-1] [32mDEBUG[0;39m org.hibernate.SQL                    [ |  | ] - 
    select
        us1_0.id,
        us1_0.created_at,
        us1_0.last_active_at,
        us1_0.updated_at,
        us1_0.user_id 
    from
        user_statuses us1_0 
    where
        us1_0.user_id=?
25-04-14 16:44:49.456 [http-nio-8080-exec-1] [32mTRACE[0;39m org.hibernate.orm.jdbc.bind          [ |  | ] - binding parameter (1:UUID) <- [58734365-46e5-427c-aad4-91a591469b01]
25-04-14 16:44:49.457 [http-nio-8080-exec-1] [32mDEBUG[0;39m org.hibernate.SQL                    [ |  | ] - 
    select
        bc1_0.id,
        bc1_0.content_type,
        bc1_0.created_at,
        bc1_0.file_name,
        bc1_0.size 
    from
        binary_contents bc1_0 
    where
        bc1_0.id=?
25-04-14 16:44:49.457 [http-nio-8080-exec-1] [32mTRACE[0;39m org.hibernate.orm.jdbc.bind          [ |  | ] - binding parameter (1:UUID) <- [9b5ab0b4-6f68-45af-a1a3-da8f19b12e75]
25-04-14 16:44:49.457 [http-nio-8080-exec-1] [32mDEBUG[0;39m org.hibernate.SQL                    [ |  | ] - 
    select
        bc1_0.id,
        bc1_0.content_type,
        bc1_0.created_at,
        bc1_0.file_name,
        bc1_0.size 
    from
        binary_contents bc1_0 
    where
        bc1_0.id=?
25-04-14 16:44:49.457 [http-nio-8080-exec-1] [32mTRACE[0;39m org.hibernate.orm.jdbc.bind          [ |  | ] - binding parameter (1:UUID) <- [f0147c4d-99cf-4b99-9a6e-73524ae999f3]
25-04-14 16:44:49.458 [http-nio-8080-exec-1] [32mDEBUG[0;39m org.hibernate.SQL                    [ |  | ] - 
    select
        bc1_0.id,
        bc1_0.content_type,
        bc1_0.created_at,
        bc1_0.file_name,
        bc1_0.size 
    from
        binary_contents bc1_0 
    where
        bc1_0.id=?
25-04-14 16:44:49.458 [http-nio-8080-exec-1] [32mTRACE[0;39m org.hibernate.orm.jdbc.bind          [ |  | ] - binding parameter (1:UUID) <- [3a3474bf-8347-45f1-aaa4-dd38b944a11d]
25-04-14 16:44:49.459 [http-nio-8080-exec-1] [32mDEBUG[0;39m c.s.m.d.controller.UserController    [ |  | ] - 사용자 목록 조회 응답: count=15
25-04-14 16:44:49.467 [http-nio-8080-exec-2] [32mINFO [0;39m c.s.m.d.c.ReadStatusController       [ |  | ] - 사용자별 읽음 상태 목록 조회 요청: userId=b64d0c15-b1fe-46a0-beca-cb61a947228a
25-04-14 16:44:49.469 [http-nio-8080-exec-2] [32mDEBUG[0;39m org.hibernate.SQL                    [ |  | ] - 
    select
        rs1_0.id,
        rs1_0.channel_id,
        rs1_0.created_at,
        rs1_0.last_read_at,
        rs1_0.updated_at,
        rs1_0.user_id 
    from
        read_statuses rs1_0 
    left join
        users u1_0 
            on u1_0.id=rs1_0.user_id 
    where
        u1_0.id=?
25-04-14 16:44:49.470 [http-nio-8080-exec-2] [32mTRACE[0;39m org.hibernate.orm.jdbc.bind          [ |  | ] - binding parameter (1:UUID) <- [b64d0c15-b1fe-46a0-beca-cb61a947228a]
25-04-14 16:44:49.471 [http-nio-8080-exec-4] [32mINFO [0;39m c.s.m.d.controller.UserController    [ |  | ] - 사용자 목록 조회 요청
25-04-14 16:44:49.471 [http-nio-8080-exec-2] [32mDEBUG[0;39m c.s.m.d.c.ReadStatusController       [ |  | ] - 사용자별 읽음 상태 목록 조회 응답: count=0
25-04-14 16:44:49.472 [http-nio-8080-exec-4] [32mDEBUG[0;39m org.hibernate.SQL                    [ |  | ] - 
    select
        u1_0.id,
        u1_0.created_at,
        u1_0.email,
        u1_0.password,
        u1_0.profile_id,
        u1_0.updated_at,
        u1_0.username 
    from
        users u1_0
25-04-14 16:44:49.473 [http-nio-8080-exec-4] [32mDEBUG[0;39m org.hibernate.SQL                    [ |  | ] - 
    select
        us1_0.id,
        us1_0.created_at,
        us1_0.last_active_at,
        us1_0.updated_at,
        us1_0.user_id 
    from
        user_statuses us1_0 
    where
        us1_0.user_id=?
25-04-14 16:44:49.473 [http-nio-8080-exec-4] [32mTRACE[0;39m org.hibernate.orm.jdbc.bind          [ |  | ] - binding parameter (1:UUID) <- [8eda736a-b140-4189-906e-5da4f22f977d]
25-04-14 16:44:49.473 [http-nio-8080-exec-3] [32mINFO [0;39m c.s.m.d.controller.ChannelController [ |  | ] - 공개 채널 목록 조회 요청
25-04-14 16:44:49.474 [http-nio-8080-exec-4] [32mDEBUG[0;39m org.hibernate.SQL                    [ |  | ] - 
    select
        us1_0.id,
        us1_0.created_at,
        us1_0.last_active_at,
        us1_0.updated_at,
        us1_0.user_id 
    from
        user_statuses us1_0 
    where
        us1_0.user_id=?
25-04-14 16:44:49.474 [http-nio-8080-exec-5] [32mINFO [0;39m c.s.m.d.c.ReadStatusController       [ |  | ] - 사용자별 읽음 상태 목록 조회 요청: userId=b64d0c15-b1fe-46a0-beca-cb61a947228a
25-04-14 16:44:49.474 [http-nio-8080-exec-4] [32mTRACE[0;39m org.hibernate.orm.jdbc.bind          [ |  | ] - binding parameter (1:UUID) <- [cb1e48ad-2480-40e8-91b8-f17fb89149ac]
25-04-14 16:44:49.475 [http-nio-8080-exec-3] [32mDEBUG[0;39m org.hibernate.SQL                    [ |  | ] - 
    select
        c1_0.id,
        c1_0.created_at,
        c1_0.description,
        c1_0.name,
        c1_0.type,
        c1_0.updated_at 
    from
        channels c1_0
25-04-14 16:44:49.475 [http-nio-8080-exec-4] [32mDEBUG[0;39m org.hibernate.SQL                    [ |  | ] - 
    select
        us1_0.id,
        us1_0.created_at,
        us1_0.last_active_at,
        us1_0.updated_at,
        us1_0.user_id 
    from
        user_statuses us1_0 
    where
        us1_0.user_id=?
25-04-14 16:44:49.475 [http-nio-8080-exec-4] [32mTRACE[0;39m org.hibernate.orm.jdbc.bind          [ |  | ] - binding parameter (1:UUID) <- [e884b46f-a2ab-4996-9a7f-baa7ee41b5fd]
25-04-14 16:44:49.475 [http-nio-8080-exec-3] [32mDEBUG[0;39m c.s.m.d.controller.ChannelController [ |  | ] - 공개 채널 목록 조회 응답: count=0
25-04-14 16:44:49.475 [http-nio-8080-exec-5] [32mDEBUG[0;39m org.hibernate.SQL                    [ |  | ] - 
    select
        rs1_0.id,
        rs1_0.channel_id,
        rs1_0.created_at,
        rs1_0.last_read_at,
        rs1_0.updated_at,
        rs1_0.user_id 
    from
        read_statuses rs1_0 
    left join
        users u1_0 
            on u1_0.id=rs1_0.user_id 
    where
        u1_0.id=?
25-04-14 16:44:49.476 [http-nio-8080-exec-5] [32mTRACE[0;39m org.hibernate.orm.jdbc.bind          [ |  | ] - binding parameter (1:UUID) <- [b64d0c15-b1fe-46a0-beca-cb61a947228a]
25-04-14 16:44:49.476 [http-nio-8080-exec-4] [32mDEBUG[0;39m org.hibernate.SQL                    [ |  | ] - 
    select
        us1_0.id,
        us1_0.created_at,
        us1_0.last_active_at,
        us1_0.updated_at,
        us1_0.user_id 
    from
        user_statuses us1_0 
    where
        us1_0.user_id=?
25-04-14 16:44:49.476 [http-nio-8080-exec-4] [32mTRACE[0;39m org.hibernate.orm.jdbc.bind          [ |  | ] - binding parameter (1:UUID) <- [6e94cf9c-7085-4e49-9883-260c3c32e68c]
25-04-14 16:44:49.476 [http-nio-8080-exec-4] [32mDEBUG[0;39m org.hibernate.SQL                    [ |  | ] - 
    select
        us1_0.id,
        us1_0.created_at,
        us1_0.last_active_at,
        us1_0.updated_at,
        us1_0.user_id 
    from
        user_statuses us1_0 
    where
        us1_0.user_id=?
25-04-14 16:44:49.476 [http-nio-8080-exec-4] [32mTRACE[0;39m org.hibernate.orm.jdbc.bind          [ |  | ] - binding parameter (1:UUID) <- [d2175aff-c5af-430e-af41-ae472d8642b6]
25-04-14 16:44:49.477 [http-nio-8080-exec-4] [32mDEBUG[0;39m org.hibernate.SQL                    [ |  | ] - 
    select
        us1_0.id,
        us1_0.created_at,
        us1_0.last_active_at,
        us1_0.updated_at,
        us1_0.user_id 
    from
        user_statuses us1_0 
    where
        us1_0.user_id=?
25-04-14 16:44:49.477 [http-nio-8080-exec-4] [32mTRACE[0;39m org.hibernate.orm.jdbc.bind          [ |  | ] - binding parameter (1:UUID) <- [1a064ffe-a25a-4492-9fe0-370528e5279f]
25-04-14 16:44:49.477 [http-nio-8080-exec-4] [32mDEBUG[0;39m org.hibernate.SQL                    [ |  | ] - 
    select
        us1_0.id,
        us1_0.created_at,
        us1_0.last_active_at,
        us1_0.updated_at,
        us1_0.user_id 
    from
        user_statuses us1_0 
    where
        us1_0.user_id=?
25-04-14 16:44:49.477 [http-nio-8080-exec-4] [32mTRACE[0;39m org.hibernate.orm.jdbc.bind          [ |  | ] - binding parameter (1:UUID) <- [962332e6-8cc3-4538-8c64-d2b022e7bf81]
25-04-14 16:44:49.478 [http-nio-8080-exec-4] [32mDEBUG[0;39m org.hibernate.SQL                    [ |  | ] - 
    select
        us1_0.id,
        us1_0.created_at,
        us1_0.last_active_at,
        us1_0.updated_at,
        us1_0.user_id 
    from
        user_statuses us1_0 
    where
        us1_0.user_id=?
25-04-14 16:44:49.478 [http-nio-8080-exec-4] [32mTRACE[0;39m org.hibernate.orm.jdbc.bind          [ |  | ] - binding parameter (1:UUID) <- [1bf3c1d5-ba9e-445c-bb05-e46f4da38b55]
25-04-14 16:44:49.479 [http-nio-8080-exec-4] [32mDEBUG[0;39m org.hibernate.SQL                    [ |  | ] - 
    select
        us1_0.id,
        us1_0.created_at,
        us1_0.last_active_at,
        us1_0.updated_at,
        us1_0.user_id 
    from
        user_statuses us1_0 
    where
        us1_0.user_id=?
25-04-14 16:44:49.479 [http-nio-8080-exec-4] [32mTRACE[0;39m org.hibernate.orm.jdbc.bind          [ |  | ] - binding parameter (1:UUID) <- [406d1ca8-ca14-4cf4-afd7-6d2985bc0d47]
25-04-14 16:44:49.479 [http-nio-8080-exec-4] [32mDEBUG[0;39m org.hibernate.SQL                    [ |  | ] - 
    select
        us1_0.id,
        us1_0.created_at,
        us1_0.last_active_at,
        us1_0.updated_at,
        us1_0.user_id 
    from
        user_statuses us1_0 
    where
        us1_0.user_id=?
25-04-14 16:44:49.479 [http-nio-8080-exec-4] [32mTRACE[0;39m org.hibernate.orm.jdbc.bind          [ |  | ] - binding parameter (1:UUID) <- [b64d0c15-b1fe-46a0-beca-cb61a947228a]
25-04-14 16:44:49.479 [http-nio-8080-exec-4] [32mDEBUG[0;39m org.hibernate.SQL                    [ |  | ] - 
    select
        us1_0.id,
        us1_0.created_at,
        us1_0.last_active_at,
        us1_0.updated_at,
        us1_0.user_id 
    from
        user_statuses us1_0 
    where
        us1_0.user_id=?
25-04-14 16:44:49.479 [http-nio-8080-exec-4] [32mTRACE[0;39m org.hibernate.orm.jdbc.bind          [ |  | ] - binding parameter (1:UUID) <- [48e2f3f6-5bb6-47b6-ad6e-3c1dd8240735]
25-04-14 16:44:49.480 [http-nio-8080-exec-4] [32mDEBUG[0;39m org.hibernate.SQL                    [ |  | ] - 
    select
        us1_0.id,
        us1_0.created_at,
        us1_0.last_active_at,
        us1_0.updated_at,
        us1_0.user_id 
    from
        user_statuses us1_0 
    where
        us1_0.user_id=?
25-04-14 16:44:49.480 [http-nio-8080-exec-4] [32mTRACE[0;39m org.hibernate.orm.jdbc.bind          [ |  | ] - binding parameter (1:UUID) <- [5735c1de-7d10-415d-94fb-b6a471c518a8]
25-04-14 16:44:49.480 [http-nio-8080-exec-5] [32mDEBUG[0;39m c.s.m.d.c.ReadStatusController       [ |  | ] - 사용자별 읽음 상태 목록 조회 응답: count=0
25-04-14 16:44:49.480 [http-nio-8080-exec-4] [32mDEBUG[0;39m org.hibernate.SQL                    [ |  | ] - 
    select
        us1_0.id,
        us1_0.created_at,
        us1_0.last_active_at,
        us1_0.updated_at,
        us1_0.user_id 
    from
        user_statuses us1_0 
    where
        us1_0.user_id=?
25-04-14 16:44:49.480 [http-nio-8080-exec-4] [32mTRACE[0;39m org.hibernate.orm.jdbc.bind          [ |  | ] - binding parameter (1:UUID) <- [d867e1e2-c22c-4201-b137-496edf3adf71]
25-04-14 16:44:49.481 [http-nio-8080-exec-4] [32mDEBUG[0;39m org.hibernate.SQL                    [ |  | ] - 
    select
        us1_0.id,
        us1_0.created_at,
        us1_0.last_active_at,
        us1_0.updated_at,
        us1_0.user_id 
    from
        user_statuses us1_0 
    where
        us1_0.user_id=?
25-04-14 16:44:49.481 [http-nio-8080-exec-4] [32mTRACE[0;39m org.hibernate.orm.jdbc.bind          [ |  | ] - binding parameter (1:UUID) <- [c457048e-c1a2-46c5-8a52-b87738dc89a1]
25-04-14 16:44:49.482 [http-nio-8080-exec-4] [32mDEBUG[0;39m org.hibernate.SQL                    [ |  | ] - 
    select
        us1_0.id,
        us1_0.created_at,
        us1_0.last_active_at,
        us1_0.updated_at,
        us1_0.user_id 
    from
        user_statuses us1_0 
    where
        us1_0.user_id=?
25-04-14 16:44:49.482 [http-nio-8080-exec-4] [32mTRACE[0;39m org.hibernate.orm.jdbc.bind          [ |  | ] - binding parameter (1:UUID) <- [58734365-46e5-427c-aad4-91a591469b01]
25-04-14 16:44:49.483 [http-nio-8080-exec-4] [32mDEBUG[0;39m org.hibernate.SQL                    [ |  | ] - 
    select
        bc1_0.id,
        bc1_0.content_type,
        bc1_0.created_at,
        bc1_0.file_name,
        bc1_0.size 
    from
        binary_contents bc1_0 
    where
        bc1_0.id=?
25-04-14 16:44:49.483 [http-nio-8080-exec-4] [32mTRACE[0;39m org.hibernate.orm.jdbc.bind          [ |  | ] - binding parameter (1:UUID) <- [9b5ab0b4-6f68-45af-a1a3-da8f19b12e75]
25-04-14 16:44:49.484 [http-nio-8080-exec-4] [32mDEBUG[0;39m org.hibernate.SQL                    [ |  | ] - 
    select
        bc1_0.id,
        bc1_0.content_type,
        bc1_0.created_at,
        bc1_0.file_name,
        bc1_0.size 
    from
        binary_contents bc1_0 
    where
        bc1_0.id=?
25-04-14 16:44:49.484 [http-nio-8080-exec-4] [32mTRACE[0;39m org.hibernate.orm.jdbc.bind          [ |  | ] - binding parameter (1:UUID) <- [f0147c4d-99cf-4b99-9a6e-73524ae999f3]
25-04-14 16:44:49.484 [http-nio-8080-exec-8] [32mINFO [0;39m c.s.m.d.c.ReadStatusController       [ |  | ] - 사용자별 읽음 상태 목록 조회 요청: userId=b64d0c15-b1fe-46a0-beca-cb61a947228a
25-04-14 16:44:49.484 [http-nio-8080-exec-4] [32mDEBUG[0;39m org.hibernate.SQL                    [ |  | ] - 
    select
        bc1_0.id,
        bc1_0.content_type,
        bc1_0.created_at,
        bc1_0.file_name,
        bc1_0.size 
    from
        binary_contents bc1_0 
    where
        bc1_0.id=?
25-04-14 16:44:49.484 [http-nio-8080-exec-4] [32mTRACE[0;39m org.hibernate.orm.jdbc.bind          [ |  | ] - binding parameter (1:UUID) <- [3a3474bf-8347-45f1-aaa4-dd38b944a11d]
25-04-14 16:44:49.485 [http-nio-8080-exec-8] [32mDEBUG[0;39m org.hibernate.SQL                    [ |  | ] - 
    select
        rs1_0.id,
        rs1_0.channel_id,
        rs1_0.created_at,
        rs1_0.last_read_at,
        rs1_0.updated_at,
        rs1_0.user_id 
    from
        read_statuses rs1_0 
    left join
        users u1_0 
            on u1_0.id=rs1_0.user_id 
    where
        u1_0.id=?
25-04-14 16:44:49.485 [http-nio-8080-exec-8] [32mTRACE[0;39m org.hibernate.orm.jdbc.bind          [ |  | ] - binding parameter (1:UUID) <- [b64d0c15-b1fe-46a0-beca-cb61a947228a]
25-04-14 16:44:49.485 [http-nio-8080-exec-4] [32mDEBUG[0;39m c.s.m.d.controller.UserController    [ |  | ] - 사용자 목록 조회 응답: count=15
25-04-14 16:44:49.486 [http-nio-8080-exec-8] [32mDEBUG[0;39m c.s.m.d.c.ReadStatusController       [ |  | ] - 사용자별 읽음 상태 목록 조회 응답: count=0
25-04-14 16:44:49.490 [http-nio-8080-exec-6] [32mINFO [0;39m c.s.m.d.controller.ChannelController [ |  | ] - 공개 채널 목록 조회 요청
25-04-14 16:44:49.490 [http-nio-8080-exec-7] [32mINFO [0;39m c.s.m.d.c.ReadStatusController       [ |  | ] - 사용자별 읽음 상태 목록 조회 요청: userId=b64d0c15-b1fe-46a0-beca-cb61a947228a
25-04-14 16:44:49.491 [http-nio-8080-exec-6] [32mDEBUG[0;39m org.hibernate.SQL                    [ |  | ] - 
    select
        c1_0.id,
        c1_0.created_at,
        c1_0.description,
        c1_0.name,
        c1_0.type,
        c1_0.updated_at 
    from
        channels c1_0
25-04-14 16:44:49.491 [http-nio-8080-exec-7] [32mDEBUG[0;39m org.hibernate.SQL                    [ |  | ] - 
    select
        rs1_0.id,
        rs1_0.channel_id,
        rs1_0.created_at,
        rs1_0.last_read_at,
        rs1_0.updated_at,
        rs1_0.user_id 
    from
        read_statuses rs1_0 
    left join
        users u1_0 
            on u1_0.id=rs1_0.user_id 
    where
        u1_0.id=?
25-04-14 16:44:49.492 [http-nio-8080-exec-7] [32mTRACE[0;39m org.hibernate.orm.jdbc.bind          [ |  | ] - binding parameter (1:UUID) <- [b64d0c15-b1fe-46a0-beca-cb61a947228a]
25-04-14 16:44:49.492 [http-nio-8080-exec-6] [32mDEBUG[0;39m c.s.m.d.controller.ChannelController [ |  | ] - 공개 채널 목록 조회 응답: count=0
25-04-14 16:44:49.492 [http-nio-8080-exec-7] [32mDEBUG[0;39m c.s.m.d.c.ReadStatusController       [ |  | ] - 사용자별 읽음 상태 목록 조회 응답: count=0
25-04-14 16:44:49.497 [http-nio-8080-exec-9] [32mINFO [0;39m c.s.m.d.c.ReadStatusController       [ |  | ] - 사용자별 읽음 상태 목록 조회 요청: userId=b64d0c15-b1fe-46a0-beca-cb61a947228a
25-04-14 16:44:49.498 [http-nio-8080-exec-9] [32mDEBUG[0;39m org.hibernate.SQL                    [ |  | ] - 
    select
        rs1_0.id,
        rs1_0.channel_id,
        rs1_0.created_at,
        rs1_0.last_read_at,
        rs1_0.updated_at,
        rs1_0.user_id 
    from
        read_statuses rs1_0 
    left join
        users u1_0 
            on u1_0.id=rs1_0.user_id 
    where
        u1_0.id=?
25-04-14 16:44:49.499 [http-nio-8080-exec-9] [32mTRACE[0;39m org.hibernate.orm.jdbc.bind          [ |  | ] - binding parameter (1:UUID) <- [b64d0c15-b1fe-46a0-beca-cb61a947228a]
25-04-14 16:44:49.500 [http-nio-8080-exec-9] [32mDEBUG[0;39m c.s.m.d.c.ReadStatusController       [ |  | ] - 사용자별 읽음 상태 목록 조회 응답: count=0
25-04-14 16:44:52.494 [http-nio-8080-exec-1] [32mINFO [0;39m c.s.m.d.controller.ChannelController [ |  | ] - 공개 채널 목록 조회 요청
25-04-14 16:44:52.499 [http-nio-8080-exec-1] [32mDEBUG[0;39m org.hibernate.SQL                    [ |  | ] - 
    select
        c1_0.id,
        c1_0.created_at,
        c1_0.description,
        c1_0.name,
        c1_0.type,
        c1_0.updated_at 
    from
        channels c1_0
25-04-14 16:44:52.502 [http-nio-8080-exec-1] [32mDEBUG[0;39m c.s.m.d.controller.ChannelController [ |  | ] - 공개 채널 목록 조회 응답: count=0
25-04-14 16:44:52.517 [http-nio-8080-exec-10] [32mINFO [0;39m c.s.m.d.c.ReadStatusController       [ |  | ] - 사용자별 읽음 상태 목록 조회 요청: userId=b64d0c15-b1fe-46a0-beca-cb61a947228a
25-04-14 16:44:52.520 [http-nio-8080-exec-10] [32mDEBUG[0;39m org.hibernate.SQL                    [ |  | ] - 
    select
        rs1_0.id,
        rs1_0.channel_id,
        rs1_0.created_at,
        rs1_0.last_read_at,
        rs1_0.updated_at,
        rs1_0.user_id 
    from
        read_statuses rs1_0 
    left join
        users u1_0 
            on u1_0.id=rs1_0.user_id 
    where
        u1_0.id=?
25-04-14 16:44:52.520 [http-nio-8080-exec-10] [32mTRACE[0;39m org.hibernate.orm.jdbc.bind          [ |  | ] - binding parameter (1:UUID) <- [b64d0c15-b1fe-46a0-beca-cb61a947228a]
25-04-14 16:44:52.521 [http-nio-8080-exec-10] [32mDEBUG[0;39m c.s.m.d.c.ReadStatusController       [ |  | ] - 사용자별 읽음 상태 목록 조회 응답: count=0
25-04-14 16:44:55.494 [http-nio-8080-exec-3] [32mINFO [0;39m c.s.m.d.controller.ChannelController [ |  | ] - 공개 채널 목록 조회 요청
25-04-14 16:44:55.496 [http-nio-8080-exec-3] [32mDEBUG[0;39m org.hibernate.SQL                    [ |  | ] - 
    select
        c1_0.id,
        c1_0.created_at,
        c1_0.description,
        c1_0.name,
        c1_0.type,
        c1_0.updated_at 
    from
        channels c1_0
25-04-14 16:44:55.497 [http-nio-8080-exec-3] [32mDEBUG[0;39m c.s.m.d.controller.ChannelController [ |  | ] - 공개 채널 목록 조회 응답: count=0
25-04-14 16:44:55.502 [http-nio-8080-exec-5] [32mINFO [0;39m c.s.m.d.c.ReadStatusController       [ |  | ] - 사용자별 읽음 상태 목록 조회 요청: userId=b64d0c15-b1fe-46a0-beca-cb61a947228a
25-04-14 16:44:55.504 [http-nio-8080-exec-5] [32mDEBUG[0;39m org.hibernate.SQL                    [ |  | ] - 
    select
        rs1_0.id,
        rs1_0.channel_id,
        rs1_0.created_at,
        rs1_0.last_read_at,
        rs1_0.updated_at,
        rs1_0.user_id 
    from
        read_statuses rs1_0 
    left join
        users u1_0 
            on u1_0.id=rs1_0.user_id 
    where
        u1_0.id=?
25-04-14 16:44:55.504 [http-nio-8080-exec-5] [32mTRACE[0;39m org.hibernate.orm.jdbc.bind          [ |  | ] - binding parameter (1:UUID) <- [b64d0c15-b1fe-46a0-beca-cb61a947228a]
25-04-14 16:44:55.505 [http-nio-8080-exec-5] [32mDEBUG[0;39m c.s.m.d.c.ReadStatusController       [ |  | ] - 사용자별 읽음 상태 목록 조회 응답: count=0
25-04-14 16:44:58.493 [http-nio-8080-exec-4] [32mINFO [0;39m c.s.m.d.controller.ChannelController [ |  | ] - 공개 채널 목록 조회 요청
25-04-14 16:44:58.495 [http-nio-8080-exec-4] [32mDEBUG[0;39m org.hibernate.SQL                    [ |  | ] - 
    select
        c1_0.id,
        c1_0.created_at,
        c1_0.description,
        c1_0.name,
        c1_0.type,
        c1_0.updated_at 
    from
        channels c1_0
25-04-14 16:44:58.496 [http-nio-8080-exec-4] [32mDEBUG[0;39m c.s.m.d.controller.ChannelController [ |  | ] - 공개 채널 목록 조회 응답: count=0
25-04-14 16:44:58.500 [http-nio-8080-exec-8] [32mINFO [0;39m c.s.m.d.c.ReadStatusController       [ |  | ] - 사용자별 읽음 상태 목록 조회 요청: userId=b64d0c15-b1fe-46a0-beca-cb61a947228a
25-04-14 16:44:58.501 [http-nio-8080-exec-8] [32mDEBUG[0;39m org.hibernate.SQL                    [ |  | ] - 
    select
        rs1_0.id,
        rs1_0.channel_id,
        rs1_0.created_at,
        rs1_0.last_read_at,
        rs1_0.updated_at,
        rs1_0.user_id 
    from
        read_statuses rs1_0 
    left join
        users u1_0 
            on u1_0.id=rs1_0.user_id 
    where
        u1_0.id=?
25-04-14 16:44:58.501 [http-nio-8080-exec-8] [32mTRACE[0;39m org.hibernate.orm.jdbc.bind          [ |  | ] - binding parameter (1:UUID) <- [b64d0c15-b1fe-46a0-beca-cb61a947228a]
25-04-14 16:44:58.502 [http-nio-8080-exec-8] [32mDEBUG[0;39m c.s.m.d.c.ReadStatusController       [ |  | ] - 사용자별 읽음 상태 목록 조회 응답: count=0
25-04-14 16:44:58.778 [http-nio-8080-exec-7] [32mINFO [0;39m c.s.m.d.controller.ChannelController [ |  | ] - 공개 채널 목록 조회 요청
25-04-14 16:44:58.779 [http-nio-8080-exec-7] [32mDEBUG[0;39m org.hibernate.SQL                    [ |  | ] - 
    select
        c1_0.id,
        c1_0.created_at,
        c1_0.description,
        c1_0.name,
        c1_0.type,
        c1_0.updated_at 
    from
        channels c1_0
25-04-14 16:44:58.780 [http-nio-8080-exec-7] [32mDEBUG[0;39m c.s.m.d.controller.ChannelController [ |  | ] - 공개 채널 목록 조회 응답: count=0
25-04-14 16:45:01.494 [http-nio-8080-exec-6] [32mINFO [0;39m c.s.m.d.controller.ChannelController [ |  | ] - 공개 채널 목록 조회 요청
25-04-14 16:45:01.496 [http-nio-8080-exec-6] [32mDEBUG[0;39m org.hibernate.SQL                    [ |  | ] - 
    select
        c1_0.id,
        c1_0.created_at,
        c1_0.description,
        c1_0.name,
        c1_0.type,
        c1_0.updated_at 
    from
        channels c1_0
25-04-14 16:45:01.497 [http-nio-8080-exec-6] [32mDEBUG[0;39m c.s.m.d.controller.ChannelController [ |  | ] - 공개 채널 목록 조회 응답: count=0
25-04-14 16:45:01.502 [http-nio-8080-exec-9] [32mINFO [0;39m c.s.m.d.c.ReadStatusController       [ |  | ] - 사용자별 읽음 상태 목록 조회 요청: userId=b64d0c15-b1fe-46a0-beca-cb61a947228a
25-04-14 16:45:01.506 [http-nio-8080-exec-9] [32mDEBUG[0;39m org.hibernate.SQL                    [ |  | ] - 
    select
        rs1_0.id,
        rs1_0.channel_id,
        rs1_0.created_at,
        rs1_0.last_read_at,
        rs1_0.updated_at,
        rs1_0.user_id 
    from
        read_statuses rs1_0 
    left join
        users u1_0 
            on u1_0.id=rs1_0.user_id 
    where
        u1_0.id=?
25-04-14 16:45:01.506 [http-nio-8080-exec-9] [32mTRACE[0;39m org.hibernate.orm.jdbc.bind          [ |  | ] - binding parameter (1:UUID) <- [b64d0c15-b1fe-46a0-beca-cb61a947228a]
25-04-14 16:45:01.508 [http-nio-8080-exec-9] [32mDEBUG[0;39m c.s.m.d.c.ReadStatusController       [ |  | ] - 사용자별 읽음 상태 목록 조회 응답: count=0
25-04-14 16:45:04.493 [http-nio-8080-exec-1] [32mINFO [0;39m c.s.m.d.controller.ChannelController [ |  | ] - 공개 채널 목록 조회 요청
25-04-14 16:45:04.494 [http-nio-8080-exec-1] [32mDEBUG[0;39m org.hibernate.SQL                    [ |  | ] - 
    select
        c1_0.id,
        c1_0.created_at,
        c1_0.description,
        c1_0.name,
        c1_0.type,
        c1_0.updated_at 
    from
        channels c1_0
25-04-14 16:45:04.496 [http-nio-8080-exec-1] [32mDEBUG[0;39m c.s.m.d.controller.ChannelController [ |  | ] - 공개 채널 목록 조회 응답: count=0
25-04-14 16:45:04.499 [http-nio-8080-exec-10] [32mINFO [0;39m c.s.m.d.c.ReadStatusController       [ |  | ] - 사용자별 읽음 상태 목록 조회 요청: userId=b64d0c15-b1fe-46a0-beca-cb61a947228a
25-04-14 16:45:04.501 [http-nio-8080-exec-10] [32mDEBUG[0;39m org.hibernate.SQL                    [ |  | ] - 
    select
        rs1_0.id,
        rs1_0.channel_id,
        rs1_0.created_at,
        rs1_0.last_read_at,
        rs1_0.updated_at,
        rs1_0.user_id 
    from
        read_statuses rs1_0 
    left join
        users u1_0 
            on u1_0.id=rs1_0.user_id 
    where
        u1_0.id=?
25-04-14 16:45:04.501 [http-nio-8080-exec-10] [32mTRACE[0;39m org.hibernate.orm.jdbc.bind          [ |  | ] - binding parameter (1:UUID) <- [b64d0c15-b1fe-46a0-beca-cb61a947228a]
25-04-14 16:45:04.503 [http-nio-8080-exec-10] [32mDEBUG[0;39m c.s.m.d.c.ReadStatusController       [ |  | ] - 사용자별 읽음 상태 목록 조회 응답: count=0
25-04-14 16:45:07.496 [http-nio-8080-exec-2] [32mINFO [0;39m c.s.m.d.controller.ChannelController [ |  | ] - 공개 채널 목록 조회 요청
25-04-14 16:45:07.498 [http-nio-8080-exec-2] [32mDEBUG[0;39m org.hibernate.SQL                    [ |  | ] - 
    select
        c1_0.id,
        c1_0.created_at,
        c1_0.description,
        c1_0.name,
        c1_0.type,
        c1_0.updated_at 
    from
        channels c1_0
25-04-14 16:45:07.500 [http-nio-8080-exec-2] [32mDEBUG[0;39m c.s.m.d.controller.ChannelController [ |  | ] - 공개 채널 목록 조회 응답: count=0
25-04-14 16:45:07.505 [http-nio-8080-exec-3] [32mINFO [0;39m c.s.m.d.c.ReadStatusController       [ |  | ] - 사용자별 읽음 상태 목록 조회 요청: userId=b64d0c15-b1fe-46a0-beca-cb61a947228a
25-04-14 16:45:07.507 [http-nio-8080-exec-3] [32mDEBUG[0;39m org.hibernate.SQL                    [ |  | ] - 
    select
        rs1_0.id,
        rs1_0.channel_id,
        rs1_0.created_at,
        rs1_0.last_read_at,
        rs1_0.updated_at,
        rs1_0.user_id 
    from
        read_statuses rs1_0 
    left join
        users u1_0 
            on u1_0.id=rs1_0.user_id 
    where
        u1_0.id=?
25-04-14 16:45:07.507 [http-nio-8080-exec-3] [32mTRACE[0;39m org.hibernate.orm.jdbc.bind          [ |  | ] - binding parameter (1:UUID) <- [b64d0c15-b1fe-46a0-beca-cb61a947228a]
25-04-14 16:45:07.509 [http-nio-8080-exec-3] [32mDEBUG[0;39m c.s.m.d.c.ReadStatusController       [ |  | ] - 사용자별 읽음 상태 목록 조회 응답: count=0
25-04-14 16:45:10.493 [http-nio-8080-exec-5] [32mINFO [0;39m c.s.m.d.controller.ChannelController [ |  | ] - 공개 채널 목록 조회 요청
25-04-14 16:45:10.494 [http-nio-8080-exec-5] [32mDEBUG[0;39m org.hibernate.SQL                    [ |  | ] - 
    select
        c1_0.id,
        c1_0.created_at,
        c1_0.description,
        c1_0.name,
        c1_0.type,
        c1_0.updated_at 
    from
        channels c1_0
25-04-14 16:45:10.496 [http-nio-8080-exec-5] [32mDEBUG[0;39m c.s.m.d.controller.ChannelController [ |  | ] - 공개 채널 목록 조회 응답: count=0
25-04-14 16:45:10.506 [http-nio-8080-exec-4] [32mINFO [0;39m c.s.m.d.c.ReadStatusController       [ |  | ] - 사용자별 읽음 상태 목록 조회 요청: userId=b64d0c15-b1fe-46a0-beca-cb61a947228a
25-04-14 16:45:10.507 [http-nio-8080-exec-4] [32mDEBUG[0;39m org.hibernate.SQL                    [ |  | ] - 
    select
        rs1_0.id,
        rs1_0.channel_id,
        rs1_0.created_at,
        rs1_0.last_read_at,
        rs1_0.updated_at,
        rs1_0.user_id 
    from
        read_statuses rs1_0 
    left join
        users u1_0 
            on u1_0.id=rs1_0.user_id 
    where
        u1_0.id=?
25-04-14 16:45:10.508 [http-nio-8080-exec-4] [32mTRACE[0;39m org.hibernate.orm.jdbc.bind          [ |  | ] - binding parameter (1:UUID) <- [b64d0c15-b1fe-46a0-beca-cb61a947228a]
25-04-14 16:45:10.508 [http-nio-8080-exec-4] [32mDEBUG[0;39m c.s.m.d.c.ReadStatusController       [ |  | ] - 사용자별 읽음 상태 목록 조회 응답: count=0
25-04-14 16:45:13.496 [http-nio-8080-exec-8] [32mINFO [0;39m c.s.m.d.controller.ChannelController [ |  | ] - 공개 채널 목록 조회 요청
25-04-14 16:45:13.499 [http-nio-8080-exec-8] [32mDEBUG[0;39m org.hibernate.SQL                    [ |  | ] - 
    select
        c1_0.id,
        c1_0.created_at,
        c1_0.description,
        c1_0.name,
        c1_0.type,
        c1_0.updated_at 
    from
        channels c1_0
25-04-14 16:45:13.500 [http-nio-8080-exec-8] [32mDEBUG[0;39m c.s.m.d.controller.ChannelController [ |  | ] - 공개 채널 목록 조회 응답: count=0
25-04-14 16:45:13.508 [http-nio-8080-exec-7] [32mINFO [0;39m c.s.m.d.c.ReadStatusController       [ |  | ] - 사용자별 읽음 상태 목록 조회 요청: userId=b64d0c15-b1fe-46a0-beca-cb61a947228a
25-04-14 16:45:13.509 [http-nio-8080-exec-7] [32mDEBUG[0;39m org.hibernate.SQL                    [ |  | ] - 
    select
        rs1_0.id,
        rs1_0.channel_id,
        rs1_0.created_at,
        rs1_0.last_read_at,
        rs1_0.updated_at,
        rs1_0.user_id 
    from
        read_statuses rs1_0 
    left join
        users u1_0 
            on u1_0.id=rs1_0.user_id 
    where
        u1_0.id=?
25-04-14 16:45:13.509 [http-nio-8080-exec-7] [32mTRACE[0;39m org.hibernate.orm.jdbc.bind          [ |  | ] - binding parameter (1:UUID) <- [b64d0c15-b1fe-46a0-beca-cb61a947228a]
25-04-14 16:45:13.510 [http-nio-8080-exec-7] [32mDEBUG[0;39m c.s.m.d.c.ReadStatusController       [ |  | ] - 사용자별 읽음 상태 목록 조회 응답: count=0
25-04-14 16:45:16.499 [http-nio-8080-exec-6] [32mINFO [0;39m c.s.m.d.controller.ChannelController [ |  | ] - 공개 채널 목록 조회 요청
25-04-14 16:45:16.502 [http-nio-8080-exec-6] [32mDEBUG[0;39m org.hibernate.SQL                    [ |  | ] - 
    select
        c1_0.id,
        c1_0.created_at,
        c1_0.description,
        c1_0.name,
        c1_0.type,
        c1_0.updated_at 
    from
        channels c1_0
25-04-14 16:45:16.503 [http-nio-8080-exec-6] [32mDEBUG[0;39m c.s.m.d.controller.ChannelController [ |  | ] - 공개 채널 목록 조회 응답: count=0
25-04-14 16:45:16.510 [http-nio-8080-exec-9] [32mINFO [0;39m c.s.m.d.c.ReadStatusController       [ |  | ] - 사용자별 읽음 상태 목록 조회 요청: userId=b64d0c15-b1fe-46a0-beca-cb61a947228a
25-04-14 16:45:16.512 [http-nio-8080-exec-9] [32mDEBUG[0;39m org.hibernate.SQL                    [ |  | ] - 
    select
        rs1_0.id,
        rs1_0.channel_id,
        rs1_0.created_at,
        rs1_0.last_read_at,
        rs1_0.updated_at,
        rs1_0.user_id 
    from
        read_statuses rs1_0 
    left join
        users u1_0 
            on u1_0.id=rs1_0.user_id 
    where
        u1_0.id=?
25-04-14 16:45:16.512 [http-nio-8080-exec-9] [32mTRACE[0;39m org.hibernate.orm.jdbc.bind          [ |  | ] - binding parameter (1:UUID) <- [b64d0c15-b1fe-46a0-beca-cb61a947228a]
25-04-14 16:45:16.514 [http-nio-8080-exec-9] [32mDEBUG[0;39m c.s.m.d.c.ReadStatusController       [ |  | ] - 사용자별 읽음 상태 목록 조회 응답: count=0
25-04-14 16:45:19.500 [http-nio-8080-exec-10] [32mINFO [0;39m c.s.m.d.controller.ChannelController [ |  | ] - 공개 채널 목록 조회 요청
25-04-14 16:45:19.503 [http-nio-8080-exec-10] [32mDEBUG[0;39m org.hibernate.SQL                    [ |  | ] - 
    select
        c1_0.id,
        c1_0.created_at,
        c1_0.description,
        c1_0.name,
        c1_0.type,
        c1_0.updated_at 
    from
        channels c1_0
25-04-14 16:45:19.505 [http-nio-8080-exec-10] [32mDEBUG[0;39m c.s.m.d.controller.ChannelController [ |  | ] - 공개 채널 목록 조회 응답: count=0
25-04-14 16:45:19.516 [http-nio-8080-exec-2] [32mINFO [0;39m c.s.m.d.c.ReadStatusController       [ |  | ] - 사용자별 읽음 상태 목록 조회 요청: userId=b64d0c15-b1fe-46a0-beca-cb61a947228a
25-04-14 16:45:19.518 [http-nio-8080-exec-2] [32mDEBUG[0;39m org.hibernate.SQL                    [ |  | ] - 
    select
        rs1_0.id,
        rs1_0.channel_id,
        rs1_0.created_at,
        rs1_0.last_read_at,
        rs1_0.updated_at,
        rs1_0.user_id 
    from
        read_statuses rs1_0 
    left join
        users u1_0 
            on u1_0.id=rs1_0.user_id 
    where
        u1_0.id=?
25-04-14 16:45:19.518 [http-nio-8080-exec-2] [32mTRACE[0;39m org.hibernate.orm.jdbc.bind          [ |  | ] - binding parameter (1:UUID) <- [b64d0c15-b1fe-46a0-beca-cb61a947228a]
25-04-14 16:45:19.520 [http-nio-8080-exec-2] [32mDEBUG[0;39m c.s.m.d.c.ReadStatusController       [ |  | ] - 사용자별 읽음 상태 목록 조회 응답: count=0
25-04-14 16:45:19.982 [SpringApplicationShutdownHook] [32mINFO [0;39m o.s.b.w.e.tomcat.GracefulShutdown    [ |  | ] - Commencing graceful shutdown. Waiting for active requests to complete
25-04-14 16:45:20.074 [tomcat-shutdown] [32mINFO [0;39m o.s.b.w.e.tomcat.GracefulShutdown    [ |  | ] - Graceful shutdown complete
25-04-14 16:45:20.079 [SpringApplicationShutdownHook] [32mINFO [0;39m o.s.o.j.LocalContainerEntityManagerFactoryBean [ |  | ] - Closing JPA EntityManagerFactory for persistence unit 'default'
25-04-14 16:45:20.080 [SpringApplicationShutdownHook] [32mINFO [0;39m com.zaxxer.hikari.HikariDataSource   [ |  | ] - HikariPool-1 - Shutdown initiated...
25-04-14 16:45:20.082 [SpringApplicationShutdownHook] [32mINFO [0;39m com.zaxxer.hikari.HikariDataSource   [ |  | ] - HikariPool-1 - Shutdown completed.
25-04-14 16:46:48.150 [background-preinit] [32mINFO [0;39m o.h.validator.internal.util.Version  [ |  | ] - HV000001: Hibernate Validator 8.0.1.Final
25-04-14 16:46:48.192 [main] [32mINFO [0;39m c.s.m.discodeit.DiscodeitApplication [ |  | ] - Starting DiscodeitApplication using Java 17.0.13 with PID 24336 (C:\Users\leesi\1-sprint-mission\build\classes\java\main started by lee in C:\Users\leesi\1-sprint-mission)
25-04-14 16:46:48.192 [main] [32mDEBUG[0;39m c.s.m.discodeit.DiscodeitApplication [ |  | ] - Running with Spring Boot v3.4.2, Spring v6.2.2
25-04-14 16:46:48.193 [main] [32mINFO [0;39m c.s.m.discodeit.DiscodeitApplication [ |  | ] - The following 1 profile is active: "dev"
25-04-14 16:46:48.997 [main] [32mINFO [0;39m o.s.d.r.c.RepositoryConfigurationDelegate [ |  | ] - Bootstrapping Spring Data JPA repositories in DEFAULT mode.
25-04-14 16:46:49.057 [main] [32mINFO [0;39m o.s.d.r.c.RepositoryConfigurationDelegate [ |  | ] - Finished Spring Data repository scanning in 53 ms. Found 6 JPA repository interfaces.
25-04-14 16:46:49.558 [main] [32mINFO [0;39m o.s.b.w.e.tomcat.TomcatWebServer     [ |  | ] - Tomcat initialized with port 8080 (http)
25-04-14 16:46:49.560 [main] [32mINFO [0;39m o.a.c.core.AprLifecycleListener      [ |  | ] - Loaded Apache Tomcat Native library [2.0.8] using APR version [1.7.4].
25-04-14 16:46:49.563 [main] [32mINFO [0;39m o.a.c.core.AprLifecycleListener      [ |  | ] - OpenSSL successfully initialized [OpenSSL 3.0.14 4 Jun 2024]
25-04-14 16:46:49.570 [main] [32mINFO [0;39m o.a.coyote.http11.Http11NioProtocol  [ |  | ] - Initializing ProtocolHandler ["http-nio-8080"]
25-04-14 16:46:49.572 [main] [32mINFO [0;39m o.a.catalina.core.StandardService    [ |  | ] - Starting service [Tomcat]
25-04-14 16:46:49.572 [main] [32mINFO [0;39m o.a.catalina.core.StandardEngine     [ |  | ] - Starting Servlet engine: [Apache Tomcat/10.1.34]
25-04-14 16:46:49.624 [main] [32mINFO [0;39m o.a.c.c.C.[Tomcat].[localhost].[/]   [ |  | ] - Initializing Spring embedded WebApplicationContext
25-04-14 16:46:49.624 [main] [32mINFO [0;39m o.s.b.w.s.c.ServletWebServerApplicationContext [ |  | ] - Root WebApplicationContext: initialization completed in 1399 ms
25-04-14 16:46:49.786 [main] [32mINFO [0;39m com.zaxxer.hikari.HikariDataSource   [ |  | ] - HikariPool-1 - Starting...
25-04-14 16:46:49.913 [main] [32mINFO [0;39m com.zaxxer.hikari.pool.HikariPool    [ |  | ] - HikariPool-1 - Added connection org.postgresql.jdbc.PgConnection@5c997de8
25-04-14 16:46:49.914 [main] [32mINFO [0;39m com.zaxxer.hikari.HikariDataSource   [ |  | ] - HikariPool-1 - Start completed.
25-04-14 16:46:49.981 [main] [32mINFO [0;39m o.h.jpa.internal.util.LogHelper      [ |  | ] - HHH000204: Processing PersistenceUnitInfo [name: default]
25-04-14 16:46:50.032 [main] [32mINFO [0;39m org.hibernate.Version                [ |  | ] - HHH000412: Hibernate ORM core version 6.6.5.Final
25-04-14 16:46:50.064 [main] [32mINFO [0;39m o.h.c.i.RegionFactoryInitiator       [ |  | ] - HHH000026: Second-level cache disabled
25-04-14 16:46:50.300 [main] [32mINFO [0;39m o.s.o.j.p.SpringPersistenceUnitInfo  [ |  | ] - No LoadTimeWeaver setup: ignoring JPA class transformer
25-04-14 16:46:50.367 [main] [32mINFO [0;39m o.hibernate.orm.connections.pooling  [ |  | ] - HHH10001005: Database info:
	Database JDBC URL [Connecting through datasource 'HikariDataSource (HikariPool-1)']
	Database driver: undefined/unknown
	Database version: 17.4
	Autocommit mode: undefined/unknown
	Isolation level: undefined/unknown
	Minimum pool size: undefined/unknown
	Maximum pool size: undefined/unknown
25-04-14 16:46:51.169 [main] [32mINFO [0;39m o.h.e.t.j.p.i.JtaPlatformInitiator   [ |  | ] - HHH000489: No JTA platform available (set 'hibernate.transaction.jta.platform' to enable JTA platform integration)
25-04-14 16:46:51.206 [main] [32mINFO [0;39m o.s.o.j.LocalContainerEntityManagerFactoryBean [ |  | ] - Initialized JPA EntityManagerFactory for persistence unit 'default'
25-04-14 16:46:51.528 [main] [32mINFO [0;39m o.s.d.j.r.query.QueryEnhancerFactory [ |  | ] - Hibernate is in classpath; If applicable, HQL parser will be used.
25-04-14 16:46:52.018 [main] [32mINFO [0;39m o.s.b.a.w.s.WelcomePageHandlerMapping [ |  | ] - Adding welcome page: class path resource [static/index.html]
25-04-14 16:46:52.573 [main] [32mINFO [0;39m o.s.b.a.e.web.EndpointLinksResolver  [ |  | ] - Exposing 4 endpoints beneath base path '/actuator'
25-04-14 16:46:52.623 [main] [32mINFO [0;39m o.a.coyote.http11.Http11NioProtocol  [ |  | ] - Starting ProtocolHandler ["http-nio-8080"]
25-04-14 16:46:52.636 [main] [32mINFO [0;39m o.s.b.w.e.tomcat.TomcatWebServer     [ |  | ] - Tomcat started on port 8080 (http) with context path '/'
25-04-14 16:46:52.647 [main] [32mINFO [0;39m c.s.m.discodeit.DiscodeitApplication [ |  | ] - Started DiscodeitApplication in 4.94 seconds (process running for 5.335)
25-04-14 16:46:53.003 [RMI TCP Connection(4)-172.21.144.1] [32mINFO [0;39m o.a.c.c.C.[Tomcat].[localhost].[/]   [ |  | ] - Initializing Spring DispatcherServlet 'dispatcherServlet'
25-04-14 16:46:53.003 [RMI TCP Connection(4)-172.21.144.1] [32mINFO [0;39m o.s.web.servlet.DispatcherServlet    [ |  | ] - Initializing Servlet 'dispatcherServlet'
25-04-14 16:46:53.005 [RMI TCP Connection(4)-172.21.144.1] [32mINFO [0;39m o.s.web.servlet.DispatcherServlet    [ |  | ] - Completed initialization in 1 ms
25-04-14 16:47:28.158 [http-nio-8080-exec-2] [32mINFO [0;39m c.s.m.d.controller.ChannelController [ |  | ] - 공개 채널 목록 조회 요청
25-04-14 16:47:28.221 [http-nio-8080-exec-2] [32mDEBUG[0;39m org.hibernate.SQL                    [ |  | ] - 
    select
        c1_0.id,
        c1_0.created_at,
        c1_0.description,
        c1_0.name,
        c1_0.type,
        c1_0.updated_at 
    from
        channels c1_0
25-04-14 16:47:28.242 [http-nio-8080-exec-2] [32mDEBUG[0;39m c.s.m.d.controller.ChannelController [ |  | ] - 공개 채널 목록 조회 응답: count=0
25-04-14 16:47:28.263 [http-nio-8080-exec-4] [32mINFO [0;39m c.s.m.d.c.ReadStatusController       [ |  | ] - 사용자별 읽음 상태 목록 조회 요청: userId=b64d0c15-b1fe-46a0-beca-cb61a947228a
25-04-14 16:47:28.275 [http-nio-8080-exec-4] [32mDEBUG[0;39m org.hibernate.SQL                    [ |  | ] - 
    select
        rs1_0.id,
        rs1_0.channel_id,
        rs1_0.created_at,
        rs1_0.last_read_at,
        rs1_0.updated_at,
        rs1_0.user_id 
    from
        read_statuses rs1_0 
    left join
        users u1_0 
            on u1_0.id=rs1_0.user_id 
    where
        u1_0.id=?
25-04-14 16:47:28.275 [http-nio-8080-exec-4] [32mTRACE[0;39m org.hibernate.orm.jdbc.bind          [ |  | ] - binding parameter (1:UUID) <- [b64d0c15-b1fe-46a0-beca-cb61a947228a]
25-04-14 16:47:28.280 [http-nio-8080-exec-4] [32mDEBUG[0;39m c.s.m.d.c.ReadStatusController       [ |  | ] - 사용자별 읽음 상태 목록 조회 응답: count=0
25-04-14 16:47:44.607 [http-nio-8080-exec-5] [32mINFO [0;39m c.s.m.d.controller.ChannelController [ |  | ] - 공개 채널 목록 조회 요청
25-04-14 16:47:44.609 [http-nio-8080-exec-5] [32mDEBUG[0;39m org.hibernate.SQL                    [ |  | ] - 
    select
        c1_0.id,
        c1_0.created_at,
        c1_0.description,
        c1_0.name,
        c1_0.type,
        c1_0.updated_at 
    from
        channels c1_0
25-04-14 16:47:44.610 [http-nio-8080-exec-5] [32mDEBUG[0;39m c.s.m.d.controller.ChannelController [ |  | ] - 공개 채널 목록 조회 응답: count=0
25-04-14 16:47:44.622 [http-nio-8080-exec-6] [32mINFO [0;39m c.s.m.d.c.ReadStatusController       [ |  | ] - 사용자별 읽음 상태 목록 조회 요청: userId=b64d0c15-b1fe-46a0-beca-cb61a947228a
25-04-14 16:47:44.624 [http-nio-8080-exec-6] [32mDEBUG[0;39m org.hibernate.SQL                    [ |  | ] - 
    select
        rs1_0.id,
        rs1_0.channel_id,
        rs1_0.created_at,
        rs1_0.last_read_at,
        rs1_0.updated_at,
        rs1_0.user_id 
    from
        read_statuses rs1_0 
    left join
        users u1_0 
            on u1_0.id=rs1_0.user_id 
    where
        u1_0.id=?
25-04-14 16:47:44.625 [http-nio-8080-exec-6] [32mTRACE[0;39m org.hibernate.orm.jdbc.bind          [ |  | ] - binding parameter (1:UUID) <- [b64d0c15-b1fe-46a0-beca-cb61a947228a]
25-04-14 16:47:44.626 [http-nio-8080-exec-6] [32mDEBUG[0;39m c.s.m.d.c.ReadStatusController       [ |  | ] - 사용자별 읽음 상태 목록 조회 응답: count=0
25-04-14 16:47:59.897 [http-nio-8080-exec-7] [32mINFO [0;39m o.s.api.AbstractOpenApiResource      [ |  | ] - Init duration for springdoc-openapi is: 241 ms
25-04-14 16:48:25.704 [http-nio-8080-exec-9] [32mINFO [0;39m c.s.m.d.controller.ChannelController [ |  | ] - 공개 채널 생성 요청: PublicChannelCreateRequest[name=테스트채널, description=테스트 공개 채널]
25-04-14 16:48:25.707 [http-nio-8080-exec-9] [32mDEBUG[0;39m org.hibernate.SQL                    [ |  | ] - 
    select
        c1_0.id 
    from
        channels c1_0 
    where
        c1_0.name=? 
    fetch
        first ? rows only
25-04-14 16:48:25.707 [http-nio-8080-exec-9] [32mTRACE[0;39m org.hibernate.orm.jdbc.bind          [ |  | ] - binding parameter (1:VARCHAR) <- [테스트채널]
25-04-14 16:48:25.707 [http-nio-8080-exec-9] [32mTRACE[0;39m org.hibernate.orm.jdbc.bind          [ |  | ] - binding parameter (2:INTEGER) <- [1]
25-04-14 16:48:25.749 [http-nio-8080-exec-9] [32mDEBUG[0;39m org.hibernate.SQL                    [ |  | ] - 
    insert 
    into
        channels
        (created_at, description, name, type, updated_at, id) 
    values
        (?, ?, ?, ?, ?, ?)
25-04-14 16:48:25.751 [http-nio-8080-exec-9] [32mTRACE[0;39m org.hibernate.orm.jdbc.bind          [ |  | ] - binding parameter (1:TIMESTAMP_UTC) <- [2025-04-14T07:48:25.729722400Z]
25-04-14 16:48:25.751 [http-nio-8080-exec-9] [32mTRACE[0;39m org.hibernate.orm.jdbc.bind          [ |  | ] - binding parameter (2:VARCHAR) <- [테스트 공개 채널]
25-04-14 16:48:25.751 [http-nio-8080-exec-9] [32mTRACE[0;39m org.hibernate.orm.jdbc.bind          [ |  | ] - binding parameter (3:VARCHAR) <- [테스트채널]
25-04-14 16:48:25.751 [http-nio-8080-exec-9] [32mTRACE[0;39m org.hibernate.orm.jdbc.bind          [ |  | ] - binding parameter (4:VARCHAR) <- [PUBLIC]
25-04-14 16:48:25.751 [http-nio-8080-exec-9] [32mTRACE[0;39m org.hibernate.orm.jdbc.bind          [ |  | ] - binding parameter (5:TIMESTAMP_UTC) <- [null]
25-04-14 16:48:25.752 [http-nio-8080-exec-9] [32mTRACE[0;39m org.hibernate.orm.jdbc.bind          [ |  | ] - binding parameter (6:UUID) <- [4b649843-a4d7-4205-bdff-196569a80bda]
25-04-14 16:48:25.756 [http-nio-8080-exec-9] [32mDEBUG[0;39m c.s.m.d.controller.ChannelController [ |  | ] - 공개 채널 생성 응답: ChannelDto[id=4b649843-a4d7-4205-bdff-196569a80bda, type=PUBLIC, name=테스트채널, description=테스트 공개 채널, participants=null, lastMessageAt=null]
25-04-14 16:48:41.574 [http-nio-8080-exec-10] [32mINFO [0;39m c.s.m.d.controller.AuthControllerV1  [ |  | ] - 로그인 요청: username=1
25-04-14 16:48:41.576 [http-nio-8080-exec-10] [32mDEBUG[0;39m org.hibernate.SQL                    [ |  | ] - 
    select
        u1_0.id,
        u1_0.created_at,
        u1_0.email,
        u1_0.password,
        u1_0.profile_id,
        u1_0.updated_at,
        u1_0.username 
    from
        users u1_0 
    where
        u1_0.username=?
25-04-14 16:48:41.577 [http-nio-8080-exec-10] [32mTRACE[0;39m org.hibernate.orm.jdbc.bind          [ |  | ] - binding parameter (1:VARCHAR) <- [1]
25-04-14 16:48:41.582 [http-nio-8080-exec-10] [32mDEBUG[0;39m org.hibernate.SQL                    [ |  | ] - 
    select
        us1_0.id,
        us1_0.created_at,
        us1_0.last_active_at,
        us1_0.updated_at,
        us1_0.user_id 
    from
        user_statuses us1_0 
    where
        us1_0.user_id=?
25-04-14 16:48:41.582 [http-nio-8080-exec-10] [32mTRACE[0;39m org.hibernate.orm.jdbc.bind          [ |  | ] - binding parameter (1:UUID) <- [b64d0c15-b1fe-46a0-beca-cb61a947228a]
25-04-14 16:48:41.587 [http-nio-8080-exec-10] [32mDEBUG[0;39m org.hibernate.SQL                    [ |  | ] - 
    select
        us1_0.id,
        us1_0.created_at,
        us1_0.last_active_at,
        us1_0.updated_at,
        us1_0.user_id 
    from
        user_statuses us1_0 
    left join
        users u1_0 
            on u1_0.id=us1_0.user_id 
    where
        u1_0.id=?
25-04-14 16:48:41.587 [http-nio-8080-exec-10] [32mTRACE[0;39m org.hibernate.orm.jdbc.bind          [ |  | ] - binding parameter (1:UUID) <- [b64d0c15-b1fe-46a0-beca-cb61a947228a]
25-04-14 16:48:41.592 [http-nio-8080-exec-10] [32mDEBUG[0;39m org.hibernate.SQL                    [ |  | ] - 
    update
        user_statuses 
    set
        created_at=?,
        last_active_at=?,
        updated_at=?,
        user_id=? 
    where
        id=?
25-04-14 16:48:41.592 [http-nio-8080-exec-10] [32mTRACE[0;39m org.hibernate.orm.jdbc.bind          [ |  | ] - binding parameter (1:TIMESTAMP_UTC) <- [2025-03-16T15:46:50.728321Z]
25-04-14 16:48:41.592 [http-nio-8080-exec-10] [32mTRACE[0;39m org.hibernate.orm.jdbc.bind          [ |  | ] - binding parameter (2:TIMESTAMP_UTC) <- [2025-04-14T07:48:41.585150900Z]
25-04-14 16:48:41.592 [http-nio-8080-exec-10] [32mTRACE[0;39m org.hibernate.orm.jdbc.bind          [ |  | ] - binding parameter (3:TIMESTAMP_UTC) <- [null]
25-04-14 16:48:41.592 [http-nio-8080-exec-10] [32mTRACE[0;39m org.hibernate.orm.jdbc.bind          [ |  | ] - binding parameter (4:UUID) <- [b64d0c15-b1fe-46a0-beca-cb61a947228a]
25-04-14 16:48:41.593 [http-nio-8080-exec-10] [32mTRACE[0;39m org.hibernate.orm.jdbc.bind          [ |  | ] - binding parameter (5:UUID) <- [ca41a864-c8c3-4be6-a5fa-20c6078099db]
25-04-14 16:48:41.597 [http-nio-8080-exec-10] [32mDEBUG[0;39m c.s.m.d.controller.AuthControllerV1  [ |  | ] - 로그인 응답: UserDto[id=b64d0c15-b1fe-46a0-beca-cb61a947228a, username=1, email=1@cod2eit.com, profile=null, isOnline=true]
25-04-14 16:48:41.603 [http-nio-8080-exec-3] [32mINFO [0;39m c.s.m.d.controller.UserController    [ |  | ] - 사용자 목록 조회 요청
25-04-14 16:48:41.604 [http-nio-8080-exec-3] [32mDEBUG[0;39m org.hibernate.SQL                    [ |  | ] - 
    select
        u1_0.id,
        u1_0.created_at,
        u1_0.email,
        u1_0.password,
        u1_0.profile_id,
        u1_0.updated_at,
        u1_0.username 
    from
        users u1_0
25-04-14 16:48:41.607 [http-nio-8080-exec-3] [32mDEBUG[0;39m org.hibernate.SQL                    [ |  | ] - 
    select
        us1_0.id,
        us1_0.created_at,
        us1_0.last_active_at,
        us1_0.updated_at,
        us1_0.user_id 
    from
        user_statuses us1_0 
    where
        us1_0.user_id=?
25-04-14 16:48:41.608 [http-nio-8080-exec-3] [32mTRACE[0;39m org.hibernate.orm.jdbc.bind          [ |  | ] - binding parameter (1:UUID) <- [8eda736a-b140-4189-906e-5da4f22f977d]
25-04-14 16:48:41.608 [http-nio-8080-exec-3] [32mDEBUG[0;39m org.hibernate.SQL                    [ |  | ] - 
    select
        us1_0.id,
        us1_0.created_at,
        us1_0.last_active_at,
        us1_0.updated_at,
        us1_0.user_id 
    from
        user_statuses us1_0 
    where
        us1_0.user_id=?
25-04-14 16:48:41.608 [http-nio-8080-exec-3] [32mTRACE[0;39m org.hibernate.orm.jdbc.bind          [ |  | ] - binding parameter (1:UUID) <- [cb1e48ad-2480-40e8-91b8-f17fb89149ac]
25-04-14 16:48:41.609 [http-nio-8080-exec-3] [32mDEBUG[0;39m org.hibernate.SQL                    [ |  | ] - 
    select
        us1_0.id,
        us1_0.created_at,
        us1_0.last_active_at,
        us1_0.updated_at,
        us1_0.user_id 
    from
        user_statuses us1_0 
    where
        us1_0.user_id=?
25-04-14 16:48:41.609 [http-nio-8080-exec-3] [32mTRACE[0;39m org.hibernate.orm.jdbc.bind          [ |  | ] - binding parameter (1:UUID) <- [e884b46f-a2ab-4996-9a7f-baa7ee41b5fd]
25-04-14 16:48:41.610 [http-nio-8080-exec-3] [32mDEBUG[0;39m org.hibernate.SQL                    [ |  | ] - 
    select
        us1_0.id,
        us1_0.created_at,
        us1_0.last_active_at,
        us1_0.updated_at,
        us1_0.user_id 
    from
        user_statuses us1_0 
    where
        us1_0.user_id=?
25-04-14 16:48:41.610 [http-nio-8080-exec-3] [32mTRACE[0;39m org.hibernate.orm.jdbc.bind          [ |  | ] - binding parameter (1:UUID) <- [6e94cf9c-7085-4e49-9883-260c3c32e68c]
25-04-14 16:48:41.610 [http-nio-8080-exec-3] [32mDEBUG[0;39m org.hibernate.SQL                    [ |  | ] - 
    select
        us1_0.id,
        us1_0.created_at,
        us1_0.last_active_at,
        us1_0.updated_at,
        us1_0.user_id 
    from
        user_statuses us1_0 
    where
        us1_0.user_id=?
25-04-14 16:48:41.610 [http-nio-8080-exec-3] [32mTRACE[0;39m org.hibernate.orm.jdbc.bind          [ |  | ] - binding parameter (1:UUID) <- [d2175aff-c5af-430e-af41-ae472d8642b6]
25-04-14 16:48:41.611 [http-nio-8080-exec-3] [32mDEBUG[0;39m org.hibernate.SQL                    [ |  | ] - 
    select
        us1_0.id,
        us1_0.created_at,
        us1_0.last_active_at,
        us1_0.updated_at,
        us1_0.user_id 
    from
        user_statuses us1_0 
    where
        us1_0.user_id=?
25-04-14 16:48:41.611 [http-nio-8080-exec-3] [32mTRACE[0;39m org.hibernate.orm.jdbc.bind          [ |  | ] - binding parameter (1:UUID) <- [1a064ffe-a25a-4492-9fe0-370528e5279f]
25-04-14 16:48:41.612 [http-nio-8080-exec-3] [32mDEBUG[0;39m org.hibernate.SQL                    [ |  | ] - 
    select
        us1_0.id,
        us1_0.created_at,
        us1_0.last_active_at,
        us1_0.updated_at,
        us1_0.user_id 
    from
        user_statuses us1_0 
    where
        us1_0.user_id=?
25-04-14 16:48:41.612 [http-nio-8080-exec-3] [32mTRACE[0;39m org.hibernate.orm.jdbc.bind          [ |  | ] - binding parameter (1:UUID) <- [962332e6-8cc3-4538-8c64-d2b022e7bf81]
25-04-14 16:48:41.612 [http-nio-8080-exec-3] [32mDEBUG[0;39m org.hibernate.SQL                    [ |  | ] - 
    select
        us1_0.id,
        us1_0.created_at,
        us1_0.last_active_at,
        us1_0.updated_at,
        us1_0.user_id 
    from
        user_statuses us1_0 
    where
        us1_0.user_id=?
25-04-14 16:48:41.612 [http-nio-8080-exec-3] [32mTRACE[0;39m org.hibernate.orm.jdbc.bind          [ |  | ] - binding parameter (1:UUID) <- [1bf3c1d5-ba9e-445c-bb05-e46f4da38b55]
25-04-14 16:48:41.613 [http-nio-8080-exec-3] [32mDEBUG[0;39m org.hibernate.SQL                    [ |  | ] - 
    select
        us1_0.id,
        us1_0.created_at,
        us1_0.last_active_at,
        us1_0.updated_at,
        us1_0.user_id 
    from
        user_statuses us1_0 
    where
        us1_0.user_id=?
25-04-14 16:48:41.613 [http-nio-8080-exec-3] [32mTRACE[0;39m org.hibernate.orm.jdbc.bind          [ |  | ] - binding parameter (1:UUID) <- [406d1ca8-ca14-4cf4-afd7-6d2985bc0d47]
25-04-14 16:48:41.613 [http-nio-8080-exec-3] [32mDEBUG[0;39m org.hibernate.SQL                    [ |  | ] - 
    select
        us1_0.id,
        us1_0.created_at,
        us1_0.last_active_at,
        us1_0.updated_at,
        us1_0.user_id 
    from
        user_statuses us1_0 
    where
        us1_0.user_id=?
25-04-14 16:48:41.613 [http-nio-8080-exec-3] [32mTRACE[0;39m org.hibernate.orm.jdbc.bind          [ |  | ] - binding parameter (1:UUID) <- [b64d0c15-b1fe-46a0-beca-cb61a947228a]
25-04-14 16:48:41.614 [http-nio-8080-exec-3] [32mDEBUG[0;39m org.hibernate.SQL                    [ |  | ] - 
    select
        us1_0.id,
        us1_0.created_at,
        us1_0.last_active_at,
        us1_0.updated_at,
        us1_0.user_id 
    from
        user_statuses us1_0 
    where
        us1_0.user_id=?
25-04-14 16:48:41.614 [http-nio-8080-exec-3] [32mTRACE[0;39m org.hibernate.orm.jdbc.bind          [ |  | ] - binding parameter (1:UUID) <- [48e2f3f6-5bb6-47b6-ad6e-3c1dd8240735]
25-04-14 16:48:41.614 [http-nio-8080-exec-3] [32mDEBUG[0;39m org.hibernate.SQL                    [ |  | ] - 
    select
        us1_0.id,
        us1_0.created_at,
        us1_0.last_active_at,
        us1_0.updated_at,
        us1_0.user_id 
    from
        user_statuses us1_0 
    where
        us1_0.user_id=?
25-04-14 16:48:41.614 [http-nio-8080-exec-3] [32mTRACE[0;39m org.hibernate.orm.jdbc.bind          [ |  | ] - binding parameter (1:UUID) <- [5735c1de-7d10-415d-94fb-b6a471c518a8]
25-04-14 16:48:41.614 [http-nio-8080-exec-3] [32mDEBUG[0;39m org.hibernate.SQL                    [ |  | ] - 
    select
        us1_0.id,
        us1_0.created_at,
        us1_0.last_active_at,
        us1_0.updated_at,
        us1_0.user_id 
    from
        user_statuses us1_0 
    where
        us1_0.user_id=?
25-04-14 16:48:41.614 [http-nio-8080-exec-3] [32mTRACE[0;39m org.hibernate.orm.jdbc.bind          [ |  | ] - binding parameter (1:UUID) <- [d867e1e2-c22c-4201-b137-496edf3adf71]
25-04-14 16:48:41.615 [http-nio-8080-exec-3] [32mDEBUG[0;39m org.hibernate.SQL                    [ |  | ] - 
    select
        us1_0.id,
        us1_0.created_at,
        us1_0.last_active_at,
        us1_0.updated_at,
        us1_0.user_id 
    from
        user_statuses us1_0 
    where
        us1_0.user_id=?
25-04-14 16:48:41.615 [http-nio-8080-exec-3] [32mTRACE[0;39m org.hibernate.orm.jdbc.bind          [ |  | ] - binding parameter (1:UUID) <- [c457048e-c1a2-46c5-8a52-b87738dc89a1]
25-04-14 16:48:41.616 [http-nio-8080-exec-3] [32mDEBUG[0;39m org.hibernate.SQL                    [ |  | ] - 
    select
        us1_0.id,
        us1_0.created_at,
        us1_0.last_active_at,
        us1_0.updated_at,
        us1_0.user_id 
    from
        user_statuses us1_0 
    where
        us1_0.user_id=?
25-04-14 16:48:41.616 [http-nio-8080-exec-3] [32mTRACE[0;39m org.hibernate.orm.jdbc.bind          [ |  | ] - binding parameter (1:UUID) <- [58734365-46e5-427c-aad4-91a591469b01]
25-04-14 16:48:41.619 [http-nio-8080-exec-3] [32mDEBUG[0;39m org.hibernate.SQL                    [ |  | ] - 
    select
        bc1_0.id,
        bc1_0.content_type,
        bc1_0.created_at,
        bc1_0.file_name,
        bc1_0.size 
    from
        binary_contents bc1_0 
    where
        bc1_0.id=?
25-04-14 16:48:41.619 [http-nio-8080-exec-3] [32mTRACE[0;39m org.hibernate.orm.jdbc.bind          [ |  | ] - binding parameter (1:UUID) <- [9b5ab0b4-6f68-45af-a1a3-da8f19b12e75]
25-04-14 16:48:41.621 [http-nio-8080-exec-3] [32mDEBUG[0;39m org.hibernate.SQL                    [ |  | ] - 
    select
        bc1_0.id,
        bc1_0.content_type,
        bc1_0.created_at,
        bc1_0.file_name,
        bc1_0.size 
    from
        binary_contents bc1_0 
    where
        bc1_0.id=?
25-04-14 16:48:41.621 [http-nio-8080-exec-3] [32mTRACE[0;39m org.hibernate.orm.jdbc.bind          [ |  | ] - binding parameter (1:UUID) <- [f0147c4d-99cf-4b99-9a6e-73524ae999f3]
25-04-14 16:48:41.621 [http-nio-8080-exec-3] [32mDEBUG[0;39m org.hibernate.SQL                    [ |  | ] - 
    select
        bc1_0.id,
        bc1_0.content_type,
        bc1_0.created_at,
        bc1_0.file_name,
        bc1_0.size 
    from
        binary_contents bc1_0 
    where
        bc1_0.id=?
25-04-14 16:48:41.621 [http-nio-8080-exec-3] [32mTRACE[0;39m org.hibernate.orm.jdbc.bind          [ |  | ] - binding parameter (1:UUID) <- [3a3474bf-8347-45f1-aaa4-dd38b944a11d]
25-04-14 16:48:41.622 [http-nio-8080-exec-3] [32mDEBUG[0;39m c.s.m.d.controller.UserController    [ |  | ] - 사용자 목록 조회 응답: count=15
25-04-14 16:48:41.637 [http-nio-8080-exec-1] [32mINFO [0;39m c.s.m.d.controller.ChannelController [ |  | ] - 공개 채널 목록 조회 요청
25-04-14 16:48:41.638 [http-nio-8080-exec-4] [32mINFO [0;39m c.s.m.d.c.ReadStatusController       [ |  | ] - 사용자별 읽음 상태 목록 조회 요청: userId=b64d0c15-b1fe-46a0-beca-cb61a947228a
25-04-14 16:48:41.639 [http-nio-8080-exec-1] [32mDEBUG[0;39m org.hibernate.SQL                    [ |  | ] - 
    select
        c1_0.id,
        c1_0.created_at,
        c1_0.description,
        c1_0.name,
        c1_0.type,
        c1_0.updated_at 
    from
        channels c1_0
25-04-14 16:48:41.640 [http-nio-8080-exec-4] [32mDEBUG[0;39m org.hibernate.SQL                    [ |  | ] - 
    select
        rs1_0.id,
        rs1_0.channel_id,
        rs1_0.created_at,
        rs1_0.last_read_at,
        rs1_0.updated_at,
        rs1_0.user_id 
    from
        read_statuses rs1_0 
    left join
        users u1_0 
            on u1_0.id=rs1_0.user_id 
    where
        u1_0.id=?
25-04-14 16:48:41.640 [http-nio-8080-exec-8] [32mINFO [0;39m c.s.m.d.controller.UserController    [ |  | ] - 사용자 목록 조회 요청
25-04-14 16:48:41.641 [http-nio-8080-exec-4] [32mTRACE[0;39m org.hibernate.orm.jdbc.bind          [ |  | ] - binding parameter (1:UUID) <- [b64d0c15-b1fe-46a0-beca-cb61a947228a]
25-04-14 16:48:41.641 [http-nio-8080-exec-1] [32mDEBUG[0;39m c.s.m.d.controller.ChannelController [ |  | ] - 공개 채널 목록 조회 응답: count=1
25-04-14 16:48:41.643 [http-nio-8080-exec-8] [32mDEBUG[0;39m org.hibernate.SQL                    [ |  | ] - 
    select
        u1_0.id,
        u1_0.created_at,
        u1_0.email,
        u1_0.password,
        u1_0.profile_id,
        u1_0.updated_at,
        u1_0.username 
    from
        users u1_0
25-04-14 16:48:41.646 [http-nio-8080-exec-8] [32mDEBUG[0;39m org.hibernate.SQL                    [ |  | ] - 
    select
        us1_0.id,
        us1_0.created_at,
        us1_0.last_active_at,
        us1_0.updated_at,
        us1_0.user_id 
    from
        user_statuses us1_0 
    where
        us1_0.user_id=?
25-04-14 16:48:41.646 [http-nio-8080-exec-4] [32mDEBUG[0;39m c.s.m.d.c.ReadStatusController       [ |  | ] - 사용자별 읽음 상태 목록 조회 응답: count=0
25-04-14 16:48:41.647 [http-nio-8080-exec-8] [32mTRACE[0;39m org.hibernate.orm.jdbc.bind          [ |  | ] - binding parameter (1:UUID) <- [8eda736a-b140-4189-906e-5da4f22f977d]
25-04-14 16:48:41.649 [http-nio-8080-exec-8] [32mDEBUG[0;39m org.hibernate.SQL                    [ |  | ] - 
    select
        us1_0.id,
        us1_0.created_at,
        us1_0.last_active_at,
        us1_0.updated_at,
        us1_0.user_id 
    from
        user_statuses us1_0 
    where
        us1_0.user_id=?
25-04-14 16:48:41.649 [http-nio-8080-exec-8] [32mTRACE[0;39m org.hibernate.orm.jdbc.bind          [ |  | ] - binding parameter (1:UUID) <- [cb1e48ad-2480-40e8-91b8-f17fb89149ac]
25-04-14 16:48:41.650 [http-nio-8080-exec-8] [32mDEBUG[0;39m org.hibernate.SQL                    [ |  | ] - 
    select
        us1_0.id,
        us1_0.created_at,
        us1_0.last_active_at,
        us1_0.updated_at,
        us1_0.user_id 
    from
        user_statuses us1_0 
    where
        us1_0.user_id=?
25-04-14 16:48:41.650 [http-nio-8080-exec-8] [32mTRACE[0;39m org.hibernate.orm.jdbc.bind          [ |  | ] - binding parameter (1:UUID) <- [e884b46f-a2ab-4996-9a7f-baa7ee41b5fd]
25-04-14 16:48:41.651 [http-nio-8080-exec-8] [32mDEBUG[0;39m org.hibernate.SQL                    [ |  | ] - 
    select
        us1_0.id,
        us1_0.created_at,
        us1_0.last_active_at,
        us1_0.updated_at,
        us1_0.user_id 
    from
        user_statuses us1_0 
    where
        us1_0.user_id=?
25-04-14 16:48:41.651 [http-nio-8080-exec-8] [32mTRACE[0;39m org.hibernate.orm.jdbc.bind          [ |  | ] - binding parameter (1:UUID) <- [6e94cf9c-7085-4e49-9883-260c3c32e68c]
25-04-14 16:48:41.652 [http-nio-8080-exec-8] [32mDEBUG[0;39m org.hibernate.SQL                    [ |  | ] - 
    select
        us1_0.id,
        us1_0.created_at,
        us1_0.last_active_at,
        us1_0.updated_at,
        us1_0.user_id 
    from
        user_statuses us1_0 
    where
        us1_0.user_id=?
25-04-14 16:48:41.652 [http-nio-8080-exec-8] [32mTRACE[0;39m org.hibernate.orm.jdbc.bind          [ |  | ] - binding parameter (1:UUID) <- [d2175aff-c5af-430e-af41-ae472d8642b6]
25-04-14 16:48:41.653 [http-nio-8080-exec-8] [32mDEBUG[0;39m org.hibernate.SQL                    [ |  | ] - 
    select
        us1_0.id,
        us1_0.created_at,
        us1_0.last_active_at,
        us1_0.updated_at,
        us1_0.user_id 
    from
        user_statuses us1_0 
    where
        us1_0.user_id=?
25-04-14 16:48:41.653 [http-nio-8080-exec-8] [32mTRACE[0;39m org.hibernate.orm.jdbc.bind          [ |  | ] - binding parameter (1:UUID) <- [1a064ffe-a25a-4492-9fe0-370528e5279f]
25-04-14 16:48:41.654 [http-nio-8080-exec-8] [32mDEBUG[0;39m org.hibernate.SQL                    [ |  | ] - 
    select
        us1_0.id,
        us1_0.created_at,
        us1_0.last_active_at,
        us1_0.updated_at,
        us1_0.user_id 
    from
        user_statuses us1_0 
    where
        us1_0.user_id=?
25-04-14 16:48:41.654 [http-nio-8080-exec-8] [32mTRACE[0;39m org.hibernate.orm.jdbc.bind          [ |  | ] - binding parameter (1:UUID) <- [962332e6-8cc3-4538-8c64-d2b022e7bf81]
25-04-14 16:48:41.655 [http-nio-8080-exec-8] [32mDEBUG[0;39m org.hibernate.SQL                    [ |  | ] - 
    select
        us1_0.id,
        us1_0.created_at,
        us1_0.last_active_at,
        us1_0.updated_at,
        us1_0.user_id 
    from
        user_statuses us1_0 
    where
        us1_0.user_id=?
25-04-14 16:48:41.655 [http-nio-8080-exec-8] [32mTRACE[0;39m org.hibernate.orm.jdbc.bind          [ |  | ] - binding parameter (1:UUID) <- [1bf3c1d5-ba9e-445c-bb05-e46f4da38b55]
25-04-14 16:48:41.655 [http-nio-8080-exec-8] [32mDEBUG[0;39m org.hibernate.SQL                    [ |  | ] - 
    select
        us1_0.id,
        us1_0.created_at,
        us1_0.last_active_at,
        us1_0.updated_at,
        us1_0.user_id 
    from
        user_statuses us1_0 
    where
        us1_0.user_id=?
25-04-14 16:48:41.655 [http-nio-8080-exec-8] [32mTRACE[0;39m org.hibernate.orm.jdbc.bind          [ |  | ] - binding parameter (1:UUID) <- [406d1ca8-ca14-4cf4-afd7-6d2985bc0d47]
25-04-14 16:48:41.656 [http-nio-8080-exec-8] [32mDEBUG[0;39m org.hibernate.SQL                    [ |  | ] - 
    select
        us1_0.id,
        us1_0.created_at,
        us1_0.last_active_at,
        us1_0.updated_at,
        us1_0.user_id 
    from
        user_statuses us1_0 
    where
        us1_0.user_id=?
25-04-14 16:48:41.656 [http-nio-8080-exec-8] [32mTRACE[0;39m org.hibernate.orm.jdbc.bind          [ |  | ] - binding parameter (1:UUID) <- [b64d0c15-b1fe-46a0-beca-cb61a947228a]
25-04-14 16:48:41.656 [http-nio-8080-exec-8] [32mDEBUG[0;39m org.hibernate.SQL                    [ |  | ] - 
    select
        us1_0.id,
        us1_0.created_at,
        us1_0.last_active_at,
        us1_0.updated_at,
        us1_0.user_id 
    from
        user_statuses us1_0 
    where
        us1_0.user_id=?
25-04-14 16:48:41.656 [http-nio-8080-exec-8] [32mTRACE[0;39m org.hibernate.orm.jdbc.bind          [ |  | ] - binding parameter (1:UUID) <- [48e2f3f6-5bb6-47b6-ad6e-3c1dd8240735]
25-04-14 16:48:41.657 [http-nio-8080-exec-8] [32mDEBUG[0;39m org.hibernate.SQL                    [ |  | ] - 
    select
        us1_0.id,
        us1_0.created_at,
        us1_0.last_active_at,
        us1_0.updated_at,
        us1_0.user_id 
    from
        user_statuses us1_0 
    where
        us1_0.user_id=?
25-04-14 16:48:41.657 [http-nio-8080-exec-8] [32mTRACE[0;39m org.hibernate.orm.jdbc.bind          [ |  | ] - binding parameter (1:UUID) <- [5735c1de-7d10-415d-94fb-b6a471c518a8]
25-04-14 16:48:41.657 [http-nio-8080-exec-8] [32mDEBUG[0;39m org.hibernate.SQL                    [ |  | ] - 
    select
        us1_0.id,
        us1_0.created_at,
        us1_0.last_active_at,
        us1_0.updated_at,
        us1_0.user_id 
    from
        user_statuses us1_0 
    where
        us1_0.user_id=?
25-04-14 16:48:41.657 [http-nio-8080-exec-8] [32mTRACE[0;39m org.hibernate.orm.jdbc.bind          [ |  | ] - binding parameter (1:UUID) <- [d867e1e2-c22c-4201-b137-496edf3adf71]
25-04-14 16:48:41.658 [http-nio-8080-exec-8] [32mDEBUG[0;39m org.hibernate.SQL                    [ |  | ] - 
    select
        us1_0.id,
        us1_0.created_at,
        us1_0.last_active_at,
        us1_0.updated_at,
        us1_0.user_id 
    from
        user_statuses us1_0 
    where
        us1_0.user_id=?
25-04-14 16:48:41.658 [http-nio-8080-exec-8] [32mTRACE[0;39m org.hibernate.orm.jdbc.bind          [ |  | ] - binding parameter (1:UUID) <- [c457048e-c1a2-46c5-8a52-b87738dc89a1]
25-04-14 16:48:41.658 [http-nio-8080-exec-8] [32mDEBUG[0;39m org.hibernate.SQL                    [ |  | ] - 
    select
        us1_0.id,
        us1_0.created_at,
        us1_0.last_active_at,
        us1_0.updated_at,
        us1_0.user_id 
    from
        user_statuses us1_0 
    where
        us1_0.user_id=?
25-04-14 16:48:41.658 [http-nio-8080-exec-8] [32mTRACE[0;39m org.hibernate.orm.jdbc.bind          [ |  | ] - binding parameter (1:UUID) <- [58734365-46e5-427c-aad4-91a591469b01]
25-04-14 16:48:41.659 [http-nio-8080-exec-8] [32mDEBUG[0;39m org.hibernate.SQL                    [ |  | ] - 
    select
        bc1_0.id,
        bc1_0.content_type,
        bc1_0.created_at,
        bc1_0.file_name,
        bc1_0.size 
    from
        binary_contents bc1_0 
    where
        bc1_0.id=?
25-04-14 16:48:41.659 [http-nio-8080-exec-8] [32mTRACE[0;39m org.hibernate.orm.jdbc.bind          [ |  | ] - binding parameter (1:UUID) <- [9b5ab0b4-6f68-45af-a1a3-da8f19b12e75]
25-04-14 16:48:41.661 [http-nio-8080-exec-8] [32mDEBUG[0;39m org.hibernate.SQL                    [ |  | ] - 
    select
        bc1_0.id,
        bc1_0.content_type,
        bc1_0.created_at,
        bc1_0.file_name,
        bc1_0.size 
    from
        binary_contents bc1_0 
    where
        bc1_0.id=?
25-04-14 16:48:41.661 [http-nio-8080-exec-8] [32mTRACE[0;39m org.hibernate.orm.jdbc.bind          [ |  | ] - binding parameter (1:UUID) <- [f0147c4d-99cf-4b99-9a6e-73524ae999f3]
25-04-14 16:48:41.661 [http-nio-8080-exec-8] [32mDEBUG[0;39m org.hibernate.SQL                    [ |  | ] - 
    select
        bc1_0.id,
        bc1_0.content_type,
        bc1_0.created_at,
        bc1_0.file_name,
        bc1_0.size 
    from
        binary_contents bc1_0 
    where
        bc1_0.id=?
25-04-14 16:48:41.662 [http-nio-8080-exec-8] [32mTRACE[0;39m org.hibernate.orm.jdbc.bind          [ |  | ] - binding parameter (1:UUID) <- [3a3474bf-8347-45f1-aaa4-dd38b944a11d]
25-04-14 16:48:41.662 [http-nio-8080-exec-8] [32mDEBUG[0;39m c.s.m.d.controller.UserController    [ |  | ] - 사용자 목록 조회 응답: count=15
25-04-14 16:48:41.665 [http-nio-8080-exec-3] [32mINFO [0;39m c.s.m.d.controller.UserController    [ |  | ] - 사용자 목록 조회 요청
25-04-14 16:48:41.666 [http-nio-8080-exec-10] [32mINFO [0;39m c.s.m.d.c.ReadStatusController       [ |  | ] - 사용자별 읽음 상태 목록 조회 요청: userId=b64d0c15-b1fe-46a0-beca-cb61a947228a
25-04-14 16:48:41.667 [http-nio-8080-exec-3] [32mDEBUG[0;39m org.hibernate.SQL                    [ |  | ] - 
    select
        u1_0.id,
        u1_0.created_at,
        u1_0.email,
        u1_0.password,
        u1_0.profile_id,
        u1_0.updated_at,
        u1_0.username 
    from
        users u1_0
25-04-14 16:48:41.667 [http-nio-8080-exec-10] [32mDEBUG[0;39m org.hibernate.SQL                    [ |  | ] - 
    select
        rs1_0.id,
        rs1_0.channel_id,
        rs1_0.created_at,
        rs1_0.last_read_at,
        rs1_0.updated_at,
        rs1_0.user_id 
    from
        read_statuses rs1_0 
    left join
        users u1_0 
            on u1_0.id=rs1_0.user_id 
    where
        u1_0.id=?
25-04-14 16:48:41.667 [http-nio-8080-exec-10] [32mTRACE[0;39m org.hibernate.orm.jdbc.bind          [ |  | ] - binding parameter (1:UUID) <- [b64d0c15-b1fe-46a0-beca-cb61a947228a]
25-04-14 16:48:41.667 [http-nio-8080-exec-3] [32mDEBUG[0;39m org.hibernate.SQL                    [ |  | ] - 
    select
        us1_0.id,
        us1_0.created_at,
        us1_0.last_active_at,
        us1_0.updated_at,
        us1_0.user_id 
    from
        user_statuses us1_0 
    where
        us1_0.user_id=?
25-04-14 16:48:41.667 [http-nio-8080-exec-3] [32mTRACE[0;39m org.hibernate.orm.jdbc.bind          [ |  | ] - binding parameter (1:UUID) <- [8eda736a-b140-4189-906e-5da4f22f977d]
25-04-14 16:48:41.668 [http-nio-8080-exec-10] [32mDEBUG[0;39m c.s.m.d.c.ReadStatusController       [ |  | ] - 사용자별 읽음 상태 목록 조회 응답: count=0
25-04-14 16:48:41.668 [http-nio-8080-exec-3] [32mDEBUG[0;39m org.hibernate.SQL                    [ |  | ] - 
    select
        us1_0.id,
        us1_0.created_at,
        us1_0.last_active_at,
        us1_0.updated_at,
        us1_0.user_id 
    from
        user_statuses us1_0 
    where
        us1_0.user_id=?
25-04-14 16:48:41.668 [http-nio-8080-exec-3] [32mTRACE[0;39m org.hibernate.orm.jdbc.bind          [ |  | ] - binding parameter (1:UUID) <- [cb1e48ad-2480-40e8-91b8-f17fb89149ac]
25-04-14 16:48:41.669 [http-nio-8080-exec-3] [32mDEBUG[0;39m org.hibernate.SQL                    [ |  | ] - 
    select
        us1_0.id,
        us1_0.created_at,
        us1_0.last_active_at,
        us1_0.updated_at,
        us1_0.user_id 
    from
        user_statuses us1_0 
    where
        us1_0.user_id=?
25-04-14 16:48:41.669 [http-nio-8080-exec-3] [32mTRACE[0;39m org.hibernate.orm.jdbc.bind          [ |  | ] - binding parameter (1:UUID) <- [e884b46f-a2ab-4996-9a7f-baa7ee41b5fd]
25-04-14 16:48:41.669 [http-nio-8080-exec-3] [32mDEBUG[0;39m org.hibernate.SQL                    [ |  | ] - 
    select
        us1_0.id,
        us1_0.created_at,
        us1_0.last_active_at,
        us1_0.updated_at,
        us1_0.user_id 
    from
        user_statuses us1_0 
    where
        us1_0.user_id=?
25-04-14 16:48:41.669 [http-nio-8080-exec-3] [32mTRACE[0;39m org.hibernate.orm.jdbc.bind          [ |  | ] - binding parameter (1:UUID) <- [6e94cf9c-7085-4e49-9883-260c3c32e68c]
25-04-14 16:48:41.670 [http-nio-8080-exec-3] [32mDEBUG[0;39m org.hibernate.SQL                    [ |  | ] - 
    select
        us1_0.id,
        us1_0.created_at,
        us1_0.last_active_at,
        us1_0.updated_at,
        us1_0.user_id 
    from
        user_statuses us1_0 
    where
        us1_0.user_id=?
25-04-14 16:48:41.670 [http-nio-8080-exec-3] [32mTRACE[0;39m org.hibernate.orm.jdbc.bind          [ |  | ] - binding parameter (1:UUID) <- [d2175aff-c5af-430e-af41-ae472d8642b6]
25-04-14 16:48:41.670 [http-nio-8080-exec-3] [32mDEBUG[0;39m org.hibernate.SQL                    [ |  | ] - 
    select
        us1_0.id,
        us1_0.created_at,
        us1_0.last_active_at,
        us1_0.updated_at,
        us1_0.user_id 
    from
        user_statuses us1_0 
    where
        us1_0.user_id=?
25-04-14 16:48:41.670 [http-nio-8080-exec-3] [32mTRACE[0;39m org.hibernate.orm.jdbc.bind          [ |  | ] - binding parameter (1:UUID) <- [1a064ffe-a25a-4492-9fe0-370528e5279f]
25-04-14 16:48:41.671 [http-nio-8080-exec-3] [32mDEBUG[0;39m org.hibernate.SQL                    [ |  | ] - 
    select
        us1_0.id,
        us1_0.created_at,
        us1_0.last_active_at,
        us1_0.updated_at,
        us1_0.user_id 
    from
        user_statuses us1_0 
    where
        us1_0.user_id=?
25-04-14 16:48:41.671 [http-nio-8080-exec-3] [32mTRACE[0;39m org.hibernate.orm.jdbc.bind          [ |  | ] - binding parameter (1:UUID) <- [962332e6-8cc3-4538-8c64-d2b022e7bf81]
25-04-14 16:48:41.671 [http-nio-8080-exec-3] [32mDEBUG[0;39m org.hibernate.SQL                    [ |  | ] - 
    select
        us1_0.id,
        us1_0.created_at,
        us1_0.last_active_at,
        us1_0.updated_at,
        us1_0.user_id 
    from
        user_statuses us1_0 
    where
        us1_0.user_id=?
25-04-14 16:48:41.671 [http-nio-8080-exec-3] [32mTRACE[0;39m org.hibernate.orm.jdbc.bind          [ |  | ] - binding parameter (1:UUID) <- [1bf3c1d5-ba9e-445c-bb05-e46f4da38b55]
25-04-14 16:48:41.672 [http-nio-8080-exec-1] [32mINFO [0;39m c.s.m.d.controller.ChannelController [ |  | ] - 공개 채널 목록 조회 요청
25-04-14 16:48:41.672 [http-nio-8080-exec-3] [32mDEBUG[0;39m org.hibernate.SQL                    [ |  | ] - 
    select
        us1_0.id,
        us1_0.created_at,
        us1_0.last_active_at,
        us1_0.updated_at,
        us1_0.user_id 
    from
        user_statuses us1_0 
    where
        us1_0.user_id=?
25-04-14 16:48:41.672 [http-nio-8080-exec-3] [32mTRACE[0;39m org.hibernate.orm.jdbc.bind          [ |  | ] - binding parameter (1:UUID) <- [406d1ca8-ca14-4cf4-afd7-6d2985bc0d47]
25-04-14 16:48:41.672 [http-nio-8080-exec-6] [32mINFO [0;39m c.s.m.d.c.ReadStatusController       [ |  | ] - 사용자별 읽음 상태 목록 조회 요청: userId=b64d0c15-b1fe-46a0-beca-cb61a947228a
25-04-14 16:48:41.672 [http-nio-8080-exec-3] [32mDEBUG[0;39m org.hibernate.SQL                    [ |  | ] - 
    select
        us1_0.id,
        us1_0.created_at,
        us1_0.last_active_at,
        us1_0.updated_at,
        us1_0.user_id 
    from
        user_statuses us1_0 
    where
        us1_0.user_id=?
25-04-14 16:48:41.672 [http-nio-8080-exec-3] [32mTRACE[0;39m org.hibernate.orm.jdbc.bind          [ |  | ] - binding parameter (1:UUID) <- [b64d0c15-b1fe-46a0-beca-cb61a947228a]
25-04-14 16:48:41.673 [http-nio-8080-exec-1] [32mDEBUG[0;39m org.hibernate.SQL                    [ |  | ] - 
    select
        c1_0.id,
        c1_0.created_at,
        c1_0.description,
        c1_0.name,
        c1_0.type,
        c1_0.updated_at 
    from
        channels c1_0
25-04-14 16:48:41.673 [http-nio-8080-exec-3] [32mDEBUG[0;39m org.hibernate.SQL                    [ |  | ] - 
    select
        us1_0.id,
        us1_0.created_at,
        us1_0.last_active_at,
        us1_0.updated_at,
        us1_0.user_id 
    from
        user_statuses us1_0 
    where
        us1_0.user_id=?
25-04-14 16:48:41.673 [http-nio-8080-exec-3] [32mTRACE[0;39m org.hibernate.orm.jdbc.bind          [ |  | ] - binding parameter (1:UUID) <- [48e2f3f6-5bb6-47b6-ad6e-3c1dd8240735]
25-04-14 16:48:41.673 [http-nio-8080-exec-6] [32mDEBUG[0;39m org.hibernate.SQL                    [ |  | ] - 
    select
        rs1_0.id,
        rs1_0.channel_id,
        rs1_0.created_at,
        rs1_0.last_read_at,
        rs1_0.updated_at,
        rs1_0.user_id 
    from
        read_statuses rs1_0 
    left join
        users u1_0 
            on u1_0.id=rs1_0.user_id 
    where
        u1_0.id=?
25-04-14 16:48:41.673 [http-nio-8080-exec-3] [32mDEBUG[0;39m org.hibernate.SQL                    [ |  | ] - 
    select
        us1_0.id,
        us1_0.created_at,
        us1_0.last_active_at,
        us1_0.updated_at,
        us1_0.user_id 
    from
        user_statuses us1_0 
    where
        us1_0.user_id=?
25-04-14 16:48:41.673 [http-nio-8080-exec-6] [32mTRACE[0;39m org.hibernate.orm.jdbc.bind          [ |  | ] - binding parameter (1:UUID) <- [b64d0c15-b1fe-46a0-beca-cb61a947228a]
25-04-14 16:48:41.673 [http-nio-8080-exec-3] [32mTRACE[0;39m org.hibernate.orm.jdbc.bind          [ |  | ] - binding parameter (1:UUID) <- [5735c1de-7d10-415d-94fb-b6a471c518a8]
25-04-14 16:48:41.674 [http-nio-8080-exec-3] [32mDEBUG[0;39m org.hibernate.SQL                    [ |  | ] - 
    select
        us1_0.id,
        us1_0.created_at,
        us1_0.last_active_at,
        us1_0.updated_at,
        us1_0.user_id 
    from
        user_statuses us1_0 
    where
        us1_0.user_id=?
25-04-14 16:48:41.674 [http-nio-8080-exec-3] [32mTRACE[0;39m org.hibernate.orm.jdbc.bind          [ |  | ] - binding parameter (1:UUID) <- [d867e1e2-c22c-4201-b137-496edf3adf71]
25-04-14 16:48:41.675 [http-nio-8080-exec-1] [32mDEBUG[0;39m c.s.m.d.controller.ChannelController [ |  | ] - 공개 채널 목록 조회 응답: count=1
25-04-14 16:48:41.675 [http-nio-8080-exec-3] [32mDEBUG[0;39m org.hibernate.SQL                    [ |  | ] - 
    select
        us1_0.id,
        us1_0.created_at,
        us1_0.last_active_at,
        us1_0.updated_at,
        us1_0.user_id 
    from
        user_statuses us1_0 
    where
        us1_0.user_id=?
25-04-14 16:48:41.675 [http-nio-8080-exec-3] [32mTRACE[0;39m org.hibernate.orm.jdbc.bind          [ |  | ] - binding parameter (1:UUID) <- [c457048e-c1a2-46c5-8a52-b87738dc89a1]
25-04-14 16:48:41.675 [http-nio-8080-exec-3] [32mDEBUG[0;39m org.hibernate.SQL                    [ |  | ] - 
    select
        us1_0.id,
        us1_0.created_at,
        us1_0.last_active_at,
        us1_0.updated_at,
        us1_0.user_id 
    from
        user_statuses us1_0 
    where
        us1_0.user_id=?
25-04-14 16:48:41.675 [http-nio-8080-exec-3] [32mTRACE[0;39m org.hibernate.orm.jdbc.bind          [ |  | ] - binding parameter (1:UUID) <- [58734365-46e5-427c-aad4-91a591469b01]
25-04-14 16:48:41.676 [http-nio-8080-exec-6] [32mDEBUG[0;39m c.s.m.d.c.ReadStatusController       [ |  | ] - 사용자별 읽음 상태 목록 조회 응답: count=0
25-04-14 16:48:41.676 [http-nio-8080-exec-3] [32mDEBUG[0;39m org.hibernate.SQL                    [ |  | ] - 
    select
        bc1_0.id,
        bc1_0.content_type,
        bc1_0.created_at,
        bc1_0.file_name,
        bc1_0.size 
    from
        binary_contents bc1_0 
    where
        bc1_0.id=?
25-04-14 16:48:41.676 [http-nio-8080-exec-3] [32mTRACE[0;39m org.hibernate.orm.jdbc.bind          [ |  | ] - binding parameter (1:UUID) <- [9b5ab0b4-6f68-45af-a1a3-da8f19b12e75]
25-04-14 16:48:41.677 [http-nio-8080-exec-3] [32mDEBUG[0;39m org.hibernate.SQL                    [ |  | ] - 
    select
        bc1_0.id,
        bc1_0.content_type,
        bc1_0.created_at,
        bc1_0.file_name,
        bc1_0.size 
    from
        binary_contents bc1_0 
    where
        bc1_0.id=?
25-04-14 16:48:41.677 [http-nio-8080-exec-3] [32mTRACE[0;39m org.hibernate.orm.jdbc.bind          [ |  | ] - binding parameter (1:UUID) <- [f0147c4d-99cf-4b99-9a6e-73524ae999f3]
25-04-14 16:48:41.678 [http-nio-8080-exec-3] [32mDEBUG[0;39m org.hibernate.SQL                    [ |  | ] - 
    select
        bc1_0.id,
        bc1_0.content_type,
        bc1_0.created_at,
        bc1_0.file_name,
        bc1_0.size 
    from
        binary_contents bc1_0 
    where
        bc1_0.id=?
25-04-14 16:48:41.678 [http-nio-8080-exec-3] [32mTRACE[0;39m org.hibernate.orm.jdbc.bind          [ |  | ] - binding parameter (1:UUID) <- [3a3474bf-8347-45f1-aaa4-dd38b944a11d]
25-04-14 16:48:41.679 [http-nio-8080-exec-3] [32mDEBUG[0;39m c.s.m.d.controller.UserController    [ |  | ] - 사용자 목록 조회 응답: count=15
25-04-14 16:48:41.679 [http-nio-8080-exec-2] [32mINFO [0;39m c.s.m.d.c.ReadStatusController       [ |  | ] - 사용자별 읽음 상태 목록 조회 요청: userId=b64d0c15-b1fe-46a0-beca-cb61a947228a
25-04-14 16:48:41.680 [http-nio-8080-exec-2] [32mDEBUG[0;39m org.hibernate.SQL                    [ |  | ] - 
    select
        rs1_0.id,
        rs1_0.channel_id,
        rs1_0.created_at,
        rs1_0.last_read_at,
        rs1_0.updated_at,
        rs1_0.user_id 
    from
        read_statuses rs1_0 
    left join
        users u1_0 
            on u1_0.id=rs1_0.user_id 
    where
        u1_0.id=?
25-04-14 16:48:41.680 [http-nio-8080-exec-2] [32mTRACE[0;39m org.hibernate.orm.jdbc.bind          [ |  | ] - binding parameter (1:UUID) <- [b64d0c15-b1fe-46a0-beca-cb61a947228a]
25-04-14 16:48:41.681 [http-nio-8080-exec-2] [32mDEBUG[0;39m c.s.m.d.c.ReadStatusController       [ |  | ] - 사용자별 읽음 상태 목록 조회 응답: count=0
25-04-14 16:48:41.682 [http-nio-8080-exec-5] [32mINFO [0;39m c.s.m.d.controller.ChannelController [ |  | ] - 공개 채널 목록 조회 요청
25-04-14 16:48:41.682 [http-nio-8080-exec-4] [32mINFO [0;39m c.s.m.d.c.ReadStatusController       [ |  | ] - 사용자별 읽음 상태 목록 조회 요청: userId=b64d0c15-b1fe-46a0-beca-cb61a947228a
25-04-14 16:48:41.683 [http-nio-8080-exec-5] [32mDEBUG[0;39m org.hibernate.SQL                    [ |  | ] - 
    select
        c1_0.id,
        c1_0.created_at,
        c1_0.description,
        c1_0.name,
        c1_0.type,
        c1_0.updated_at 
    from
        channels c1_0
25-04-14 16:48:41.683 [http-nio-8080-exec-4] [32mDEBUG[0;39m org.hibernate.SQL                    [ |  | ] - 
    select
        rs1_0.id,
        rs1_0.channel_id,
        rs1_0.created_at,
        rs1_0.last_read_at,
        rs1_0.updated_at,
        rs1_0.user_id 
    from
        read_statuses rs1_0 
    left join
        users u1_0 
            on u1_0.id=rs1_0.user_id 
    where
        u1_0.id=?
25-04-14 16:48:41.683 [http-nio-8080-exec-4] [32mTRACE[0;39m org.hibernate.orm.jdbc.bind          [ |  | ] - binding parameter (1:UUID) <- [b64d0c15-b1fe-46a0-beca-cb61a947228a]
25-04-14 16:48:41.684 [http-nio-8080-exec-5] [32mDEBUG[0;39m c.s.m.d.controller.ChannelController [ |  | ] - 공개 채널 목록 조회 응답: count=1
25-04-14 16:48:41.684 [http-nio-8080-exec-4] [32mDEBUG[0;39m c.s.m.d.c.ReadStatusController       [ |  | ] - 사용자별 읽음 상태 목록 조회 응답: count=0
25-04-14 16:48:41.687 [http-nio-8080-exec-7] [32mINFO [0;39m c.s.m.d.c.ReadStatusController       [ |  | ] - 사용자별 읽음 상태 목록 조회 요청: userId=b64d0c15-b1fe-46a0-beca-cb61a947228a
25-04-14 16:48:41.689 [http-nio-8080-exec-7] [32mDEBUG[0;39m org.hibernate.SQL                    [ |  | ] - 
    select
        rs1_0.id,
        rs1_0.channel_id,
        rs1_0.created_at,
        rs1_0.last_read_at,
        rs1_0.updated_at,
        rs1_0.user_id 
    from
        read_statuses rs1_0 
    left join
        users u1_0 
            on u1_0.id=rs1_0.user_id 
    where
        u1_0.id=?
25-04-14 16:48:41.689 [http-nio-8080-exec-7] [32mTRACE[0;39m org.hibernate.orm.jdbc.bind          [ |  | ] - binding parameter (1:UUID) <- [b64d0c15-b1fe-46a0-beca-cb61a947228a]
25-04-14 16:48:41.690 [http-nio-8080-exec-7] [32mDEBUG[0;39m c.s.m.d.c.ReadStatusController       [ |  | ] - 사용자별 읽음 상태 목록 조회 응답: count=0
25-04-14 16:48:44.684 [http-nio-8080-exec-9] [32mINFO [0;39m c.s.m.d.controller.ChannelController [ |  | ] - 공개 채널 목록 조회 요청
25-04-14 16:48:44.685 [http-nio-8080-exec-9] [32mDEBUG[0;39m org.hibernate.SQL                    [ |  | ] - 
    select
        c1_0.id,
        c1_0.created_at,
        c1_0.description,
        c1_0.name,
        c1_0.type,
        c1_0.updated_at 
    from
        channels c1_0
25-04-14 16:48:44.687 [http-nio-8080-exec-9] [32mDEBUG[0;39m c.s.m.d.controller.ChannelController [ |  | ] - 공개 채널 목록 조회 응답: count=1
25-04-14 16:48:44.693 [http-nio-8080-exec-8] [32mINFO [0;39m c.s.m.d.c.ReadStatusController       [ |  | ] - 사용자별 읽음 상태 목록 조회 요청: userId=b64d0c15-b1fe-46a0-beca-cb61a947228a
25-04-14 16:48:44.694 [http-nio-8080-exec-8] [32mDEBUG[0;39m org.hibernate.SQL                    [ |  | ] - 
    select
        rs1_0.id,
        rs1_0.channel_id,
        rs1_0.created_at,
        rs1_0.last_read_at,
        rs1_0.updated_at,
        rs1_0.user_id 
    from
        read_statuses rs1_0 
    left join
        users u1_0 
            on u1_0.id=rs1_0.user_id 
    where
        u1_0.id=?
25-04-14 16:48:44.694 [http-nio-8080-exec-8] [32mTRACE[0;39m org.hibernate.orm.jdbc.bind          [ |  | ] - binding parameter (1:UUID) <- [b64d0c15-b1fe-46a0-beca-cb61a947228a]
25-04-14 16:48:44.697 [http-nio-8080-exec-8] [32mDEBUG[0;39m c.s.m.d.c.ReadStatusController       [ |  | ] - 사용자별 읽음 상태 목록 조회 응답: count=0
25-04-14 16:48:45.955 [http-nio-8080-exec-10] [32mINFO [0;39m c.s.m.d.c.ReadStatusController       [ |  | ] - 읽음 상태 생성 요청: ReadStatusCreateRequest[userId=b64d0c15-b1fe-46a0-beca-cb61a947228a, channelId=4b649843-a4d7-4205-bdff-196569a80bda, lastReadAt=2025-04-14T07:48:45.947Z]
25-04-14 16:48:45.956 [http-nio-8080-exec-1] [32mINFO [0;39m c.s.m.d.controller.MessageController [ |  | ] - 채널별 메시지 목록 조회 요청: channelId=4b649843-a4d7-4205-bdff-196569a80bda, cursor=null, pageable=Page request [number: 0, size 50, sort: createdAt: DESC]
25-04-14 16:48:45.960 [http-nio-8080-exec-10] [32mDEBUG[0;39m org.hibernate.SQL                    [ |  | ] - 
    select
        u1_0.id,
        u1_0.created_at,
        u1_0.email,
        u1_0.password,
        u1_0.profile_id,
        u1_0.updated_at,
        us1_0.id,
        us1_0.created_at,
        us1_0.last_active_at,
        us1_0.updated_at,
        us1_0.user_id,
        u1_0.username 
    from
        users u1_0 
    left join
        user_statuses us1_0 
            on u1_0.id=us1_0.user_id 
    where
        u1_0.id=?
25-04-14 16:48:45.960 [http-nio-8080-exec-10] [32mTRACE[0;39m org.hibernate.orm.jdbc.bind          [ |  | ] - binding parameter (1:UUID) <- [b64d0c15-b1fe-46a0-beca-cb61a947228a]
25-04-14 16:48:45.965 [http-nio-8080-exec-10] [32mDEBUG[0;39m org.hibernate.SQL                    [ |  | ] - 
    select
        c1_0.id,
        c1_0.created_at,
        c1_0.description,
        c1_0.name,
        c1_0.type,
        c1_0.updated_at 
    from
        channels c1_0 
    where
        c1_0.id=?
25-04-14 16:48:45.965 [http-nio-8080-exec-10] [32mTRACE[0;39m org.hibernate.orm.jdbc.bind          [ |  | ] - binding parameter (1:UUID) <- [4b649843-a4d7-4205-bdff-196569a80bda]
25-04-14 16:48:45.968 [http-nio-8080-exec-10] [32mDEBUG[0;39m org.hibernate.SQL                    [ |  | ] - 
    select
        rs1_0.id,
        rs1_0.channel_id,
        rs1_0.created_at,
        rs1_0.last_read_at,
        rs1_0.updated_at,
        rs1_0.user_id 
    from
        read_statuses rs1_0 
    left join
        users u1_0 
            on u1_0.id=rs1_0.user_id 
    where
        u1_0.id=?
25-04-14 16:48:45.968 [http-nio-8080-exec-10] [32mTRACE[0;39m org.hibernate.orm.jdbc.bind          [ |  | ] - binding parameter (1:UUID) <- [b64d0c15-b1fe-46a0-beca-cb61a947228a]
25-04-14 16:48:45.970 [http-nio-8080-exec-1] [32mDEBUG[0;39m org.hibernate.SQL                    [ |  | ] - 
    select
        m1_0.id,
        m1_0.channel_id,
        m1_0.content,
        m1_0.created_at,
        m1_0.updated_at,
        m1_0.author_id,
        w1_0.id,
        w1_0.created_at,
        w1_0.email,
        w1_0.password,
        p1_0.id,
        p1_0.content_type,
        p1_0.created_at,
        p1_0.file_name,
        p1_0.size,
        w1_0.updated_at,
        us1_0.id,
        us1_0.created_at,
        us1_0.last_active_at,
        us1_0.updated_at,
        us1_0.user_id,
        w1_0.username 
    from
        messages m1_0 
    left join
        users w1_0 
            on w1_0.id=m1_0.author_id 
    join
        user_statuses us1_0 
            on w1_0.id=us1_0.user_id 
    left join
        binary_contents p1_0 
            on p1_0.id=w1_0.profile_id 
    where
        m1_0.channel_id=? 
        and m1_0.created_at<? 
    order by
        m1_0.created_at desc 
    fetch
        first ? rows only
25-04-14 16:48:45.970 [http-nio-8080-exec-1] [32mTRACE[0;39m org.hibernate.orm.jdbc.bind          [ |  | ] - binding parameter (1:UUID) <- [4b649843-a4d7-4205-bdff-196569a80bda]
25-04-14 16:48:45.970 [http-nio-8080-exec-1] [32mTRACE[0;39m org.hibernate.orm.jdbc.bind          [ |  | ] - binding parameter (2:TIMESTAMP_UTC) <- [2025-04-14T07:48:45.957733900Z]
25-04-14 16:48:45.970 [http-nio-8080-exec-1] [32mTRACE[0;39m org.hibernate.orm.jdbc.bind          [ |  | ] - binding parameter (3:INTEGER) <- [51]
25-04-14 16:48:45.976 [http-nio-8080-exec-10] [32mDEBUG[0;39m org.hibernate.SQL                    [ |  | ] - 
    insert 
    into
        read_statuses
        (channel_id, created_at, last_read_at, updated_at, user_id, id) 
    values
        (?, ?, ?, ?, ?, ?)
25-04-14 16:48:45.976 [http-nio-8080-exec-10] [32mTRACE[0;39m org.hibernate.orm.jdbc.bind          [ |  | ] - binding parameter (1:UUID) <- [4b649843-a4d7-4205-bdff-196569a80bda]
25-04-14 16:48:45.976 [http-nio-8080-exec-10] [32mTRACE[0;39m org.hibernate.orm.jdbc.bind          [ |  | ] - binding parameter (2:TIMESTAMP_UTC) <- [2025-04-14T07:48:45.975735100Z]
25-04-14 16:48:45.976 [http-nio-8080-exec-10] [32mTRACE[0;39m org.hibernate.orm.jdbc.bind          [ |  | ] - binding parameter (3:TIMESTAMP_UTC) <- [null]
25-04-14 16:48:45.976 [http-nio-8080-exec-10] [32mTRACE[0;39m org.hibernate.orm.jdbc.bind          [ |  | ] - binding parameter (4:TIMESTAMP_UTC) <- [null]
25-04-14 16:48:45.976 [http-nio-8080-exec-10] [32mTRACE[0;39m org.hibernate.orm.jdbc.bind          [ |  | ] - binding parameter (5:UUID) <- [b64d0c15-b1fe-46a0-beca-cb61a947228a]
25-04-14 16:48:45.976 [http-nio-8080-exec-10] [32mTRACE[0;39m org.hibernate.orm.jdbc.bind          [ |  | ] - binding parameter (6:UUID) <- [8b501281-12b7-423d-aedc-eb421ab946b7]
25-04-14 16:48:45.980 [http-nio-8080-exec-1] [32mDEBUG[0;39m c.s.m.d.controller.MessageController [ |  | ] - 채널별 메시지 목록 조회 응답: totalElements=null
25-04-14 16:48:45.980 [http-nio-8080-exec-10] [32mDEBUG[0;39m c.s.m.d.c.ReadStatusController       [ |  | ] - 읽음 상태 생성 응답: ReadStatusDto[id=8b501281-12b7-423d-aedc-eb421ab946b7, userId=b64d0c15-b1fe-46a0-beca-cb61a947228a, channelId=4b649843-a4d7-4205-bdff-196569a80bda, lastReadAt=null]
25-04-14 16:48:45.983 [http-nio-8080-exec-6] [32mINFO [0;39m c.s.m.d.controller.MessageController [ |  | ] - 채널별 메시지 목록 조회 요청: channelId=4b649843-a4d7-4205-bdff-196569a80bda, cursor=null, pageable=Page request [number: 0, size 50, sort: createdAt: DESC]
25-04-14 16:48:45.985 [http-nio-8080-exec-6] [32mDEBUG[0;39m org.hibernate.SQL                    [ |  | ] - 
    select
        m1_0.id,
        m1_0.channel_id,
        m1_0.content,
        m1_0.created_at,
        m1_0.updated_at,
        m1_0.author_id,
        w1_0.id,
        w1_0.created_at,
        w1_0.email,
        w1_0.password,
        p1_0.id,
        p1_0.content_type,
        p1_0.created_at,
        p1_0.file_name,
        p1_0.size,
        w1_0.updated_at,
        us1_0.id,
        us1_0.created_at,
        us1_0.last_active_at,
        us1_0.updated_at,
        us1_0.user_id,
        w1_0.username 
    from
        messages m1_0 
    left join
        users w1_0 
            on w1_0.id=m1_0.author_id 
    join
        user_statuses us1_0 
            on w1_0.id=us1_0.user_id 
    left join
        binary_contents p1_0 
            on p1_0.id=w1_0.profile_id 
    where
        m1_0.channel_id=? 
        and m1_0.created_at<? 
    order by
        m1_0.created_at desc 
    fetch
        first ? rows only
25-04-14 16:48:45.985 [http-nio-8080-exec-6] [32mTRACE[0;39m org.hibernate.orm.jdbc.bind          [ |  | ] - binding parameter (1:UUID) <- [4b649843-a4d7-4205-bdff-196569a80bda]
25-04-14 16:48:45.985 [http-nio-8080-exec-6] [32mTRACE[0;39m org.hibernate.orm.jdbc.bind          [ |  | ] - binding parameter (2:TIMESTAMP_UTC) <- [2025-04-14T07:48:45.984734400Z]
25-04-14 16:48:45.985 [http-nio-8080-exec-6] [32mTRACE[0;39m org.hibernate.orm.jdbc.bind          [ |  | ] - binding parameter (3:INTEGER) <- [51]
25-04-14 16:48:45.988 [http-nio-8080-exec-6] [32mDEBUG[0;39m c.s.m.d.controller.MessageController [ |  | ] - 채널별 메시지 목록 조회 응답: totalElements=null
25-04-14 16:48:46.294 [http-nio-8080-exec-3] [32mINFO [0;39m c.s.m.d.controller.MessageController [ |  | ] - 채널별 메시지 목록 조회 요청: channelId=4b649843-a4d7-4205-bdff-196569a80bda, cursor=null, pageable=Page request [number: 0, size 50, sort: createdAt: DESC]
25-04-14 16:48:46.296 [http-nio-8080-exec-3] [32mDEBUG[0;39m org.hibernate.SQL                    [ |  | ] - 
    select
        m1_0.id,
        m1_0.channel_id,
        m1_0.content,
        m1_0.created_at,
        m1_0.updated_at,
        m1_0.author_id,
        w1_0.id,
        w1_0.created_at,
        w1_0.email,
        w1_0.password,
        p1_0.id,
        p1_0.content_type,
        p1_0.created_at,
        p1_0.file_name,
        p1_0.size,
        w1_0.updated_at,
        us1_0.id,
        us1_0.created_at,
        us1_0.last_active_at,
        us1_0.updated_at,
        us1_0.user_id,
        w1_0.username 
    from
        messages m1_0 
    left join
        users w1_0 
            on w1_0.id=m1_0.author_id 
    join
        user_statuses us1_0 
            on w1_0.id=us1_0.user_id 
    left join
        binary_contents p1_0 
            on p1_0.id=w1_0.profile_id 
    where
        m1_0.channel_id=? 
        and m1_0.created_at<? 
    order by
        m1_0.created_at desc 
    fetch
        first ? rows only
25-04-14 16:48:46.297 [http-nio-8080-exec-3] [32mTRACE[0;39m org.hibernate.orm.jdbc.bind          [ |  | ] - binding parameter (1:UUID) <- [4b649843-a4d7-4205-bdff-196569a80bda]
25-04-14 16:48:46.297 [http-nio-8080-exec-3] [32mTRACE[0;39m org.hibernate.orm.jdbc.bind          [ |  | ] - binding parameter (2:TIMESTAMP_UTC) <- [2025-04-14T07:48:46.295170100Z]
25-04-14 16:48:46.297 [http-nio-8080-exec-3] [32mTRACE[0;39m org.hibernate.orm.jdbc.bind          [ |  | ] - binding parameter (3:INTEGER) <- [51]
25-04-14 16:48:46.299 [http-nio-8080-exec-3] [32mDEBUG[0;39m c.s.m.d.controller.MessageController [ |  | ] - 채널별 메시지 목록 조회 응답: totalElements=null
25-04-14 16:48:46.606 [http-nio-8080-exec-2] [32mINFO [0;39m c.s.m.d.controller.MessageController [ |  | ] - 채널별 메시지 목록 조회 요청: channelId=4b649843-a4d7-4205-bdff-196569a80bda, cursor=null, pageable=Page request [number: 0, size 50, sort: createdAt: DESC]
25-04-14 16:48:46.607 [http-nio-8080-exec-2] [32mDEBUG[0;39m org.hibernate.SQL                    [ |  | ] - 
    select
        m1_0.id,
        m1_0.channel_id,
        m1_0.content,
        m1_0.created_at,
        m1_0.updated_at,
        m1_0.author_id,
        w1_0.id,
        w1_0.created_at,
        w1_0.email,
        w1_0.password,
        p1_0.id,
        p1_0.content_type,
        p1_0.created_at,
        p1_0.file_name,
        p1_0.size,
        w1_0.updated_at,
        us1_0.id,
        us1_0.created_at,
        us1_0.last_active_at,
        us1_0.updated_at,
        us1_0.user_id,
        w1_0.username 
    from
        messages m1_0 
    left join
        users w1_0 
            on w1_0.id=m1_0.author_id 
    join
        user_statuses us1_0 
            on w1_0.id=us1_0.user_id 
    left join
        binary_contents p1_0 
            on p1_0.id=w1_0.profile_id 
    where
        m1_0.channel_id=? 
        and m1_0.created_at<? 
    order by
        m1_0.created_at desc 
    fetch
        first ? rows only
25-04-14 16:48:46.607 [http-nio-8080-exec-2] [32mTRACE[0;39m org.hibernate.orm.jdbc.bind          [ |  | ] - binding parameter (1:UUID) <- [4b649843-a4d7-4205-bdff-196569a80bda]
25-04-14 16:48:46.607 [http-nio-8080-exec-2] [32mTRACE[0;39m org.hibernate.orm.jdbc.bind          [ |  | ] - binding parameter (2:TIMESTAMP_UTC) <- [2025-04-14T07:48:46.607846100Z]
25-04-14 16:48:46.608 [http-nio-8080-exec-2] [32mTRACE[0;39m org.hibernate.orm.jdbc.bind          [ |  | ] - binding parameter (3:INTEGER) <- [51]
25-04-14 16:48:46.609 [http-nio-8080-exec-2] [32mDEBUG[0;39m c.s.m.d.controller.MessageController [ |  | ] - 채널별 메시지 목록 조회 응답: totalElements=null
25-04-14 16:48:46.913 [http-nio-8080-exec-5] [32mINFO [0;39m c.s.m.d.controller.MessageController [ |  | ] - 채널별 메시지 목록 조회 요청: channelId=4b649843-a4d7-4205-bdff-196569a80bda, cursor=null, pageable=Page request [number: 0, size 50, sort: createdAt: DESC]
25-04-14 16:48:46.914 [http-nio-8080-exec-5] [32mDEBUG[0;39m org.hibernate.SQL                    [ |  | ] - 
    select
        m1_0.id,
        m1_0.channel_id,
        m1_0.content,
        m1_0.created_at,
        m1_0.updated_at,
        m1_0.author_id,
        w1_0.id,
        w1_0.created_at,
        w1_0.email,
        w1_0.password,
        p1_0.id,
        p1_0.content_type,
        p1_0.created_at,
        p1_0.file_name,
        p1_0.size,
        w1_0.updated_at,
        us1_0.id,
        us1_0.created_at,
        us1_0.last_active_at,
        us1_0.updated_at,
        us1_0.user_id,
        w1_0.username 
    from
        messages m1_0 
    left join
        users w1_0 
            on w1_0.id=m1_0.author_id 
    join
        user_statuses us1_0 
            on w1_0.id=us1_0.user_id 
    left join
        binary_contents p1_0 
            on p1_0.id=w1_0.profile_id 
    where
        m1_0.channel_id=? 
        and m1_0.created_at<? 
    order by
        m1_0.created_at desc 
    fetch
        first ? rows only
25-04-14 16:48:46.914 [http-nio-8080-exec-5] [32mTRACE[0;39m org.hibernate.orm.jdbc.bind          [ |  | ] - binding parameter (1:UUID) <- [4b649843-a4d7-4205-bdff-196569a80bda]
25-04-14 16:48:46.914 [http-nio-8080-exec-5] [32mTRACE[0;39m org.hibernate.orm.jdbc.bind          [ |  | ] - binding parameter (2:TIMESTAMP_UTC) <- [2025-04-14T07:48:46.913769500Z]
25-04-14 16:48:46.914 [http-nio-8080-exec-5] [32mTRACE[0;39m org.hibernate.orm.jdbc.bind          [ |  | ] - binding parameter (3:INTEGER) <- [51]
25-04-14 16:48:46.916 [http-nio-8080-exec-5] [32mDEBUG[0;39m c.s.m.d.controller.MessageController [ |  | ] - 채널별 메시지 목록 조회 응답: totalElements=null
25-04-14 16:48:47.224 [http-nio-8080-exec-4] [32mINFO [0;39m c.s.m.d.controller.MessageController [ |  | ] - 채널별 메시지 목록 조회 요청: channelId=4b649843-a4d7-4205-bdff-196569a80bda, cursor=null, pageable=Page request [number: 0, size 50, sort: createdAt: DESC]
25-04-14 16:48:47.226 [http-nio-8080-exec-4] [32mDEBUG[0;39m org.hibernate.SQL                    [ |  | ] - 
    select
        m1_0.id,
        m1_0.channel_id,
        m1_0.content,
        m1_0.created_at,
        m1_0.updated_at,
        m1_0.author_id,
        w1_0.id,
        w1_0.created_at,
        w1_0.email,
        w1_0.password,
        p1_0.id,
        p1_0.content_type,
        p1_0.created_at,
        p1_0.file_name,
        p1_0.size,
        w1_0.updated_at,
        us1_0.id,
        us1_0.created_at,
        us1_0.last_active_at,
        us1_0.updated_at,
        us1_0.user_id,
        w1_0.username 
    from
        messages m1_0 
    left join
        users w1_0 
            on w1_0.id=m1_0.author_id 
    join
        user_statuses us1_0 
            on w1_0.id=us1_0.user_id 
    left join
        binary_contents p1_0 
            on p1_0.id=w1_0.profile_id 
    where
        m1_0.channel_id=? 
        and m1_0.created_at<? 
    order by
        m1_0.created_at desc 
    fetch
        first ? rows only
25-04-14 16:48:47.227 [http-nio-8080-exec-4] [32mTRACE[0;39m org.hibernate.orm.jdbc.bind          [ |  | ] - binding parameter (1:UUID) <- [4b649843-a4d7-4205-bdff-196569a80bda]
25-04-14 16:48:47.227 [http-nio-8080-exec-4] [32mTRACE[0;39m org.hibernate.orm.jdbc.bind          [ |  | ] - binding parameter (2:TIMESTAMP_UTC) <- [2025-04-14T07:48:47.226350600Z]
25-04-14 16:48:47.227 [http-nio-8080-exec-4] [32mTRACE[0;39m org.hibernate.orm.jdbc.bind          [ |  | ] - binding parameter (3:INTEGER) <- [51]
25-04-14 16:48:47.231 [http-nio-8080-exec-4] [32mDEBUG[0;39m c.s.m.d.controller.MessageController [ |  | ] - 채널별 메시지 목록 조회 응답: totalElements=null
25-04-14 16:48:47.540 [http-nio-8080-exec-7] [32mINFO [0;39m c.s.m.d.controller.MessageController [ |  | ] - 채널별 메시지 목록 조회 요청: channelId=4b649843-a4d7-4205-bdff-196569a80bda, cursor=null, pageable=Page request [number: 0, size 50, sort: createdAt: DESC]
25-04-14 16:48:47.541 [http-nio-8080-exec-7] [32mDEBUG[0;39m org.hibernate.SQL                    [ |  | ] - 
    select
        m1_0.id,
        m1_0.channel_id,
        m1_0.content,
        m1_0.created_at,
        m1_0.updated_at,
        m1_0.author_id,
        w1_0.id,
        w1_0.created_at,
        w1_0.email,
        w1_0.password,
        p1_0.id,
        p1_0.content_type,
        p1_0.created_at,
        p1_0.file_name,
        p1_0.size,
        w1_0.updated_at,
        us1_0.id,
        us1_0.created_at,
        us1_0.last_active_at,
        us1_0.updated_at,
        us1_0.user_id,
        w1_0.username 
    from
        messages m1_0 
    left join
        users w1_0 
            on w1_0.id=m1_0.author_id 
    join
        user_statuses us1_0 
            on w1_0.id=us1_0.user_id 
    left join
        binary_contents p1_0 
            on p1_0.id=w1_0.profile_id 
    where
        m1_0.channel_id=? 
        and m1_0.created_at<? 
    order by
        m1_0.created_at desc 
    fetch
        first ? rows only
25-04-14 16:48:47.541 [http-nio-8080-exec-7] [32mTRACE[0;39m org.hibernate.orm.jdbc.bind          [ |  | ] - binding parameter (1:UUID) <- [4b649843-a4d7-4205-bdff-196569a80bda]
25-04-14 16:48:47.541 [http-nio-8080-exec-7] [32mTRACE[0;39m org.hibernate.orm.jdbc.bind          [ |  | ] - binding parameter (2:TIMESTAMP_UTC) <- [2025-04-14T07:48:47.540087600Z]
25-04-14 16:48:47.541 [http-nio-8080-exec-7] [32mTRACE[0;39m org.hibernate.orm.jdbc.bind          [ |  | ] - binding parameter (3:INTEGER) <- [51]
25-04-14 16:48:47.542 [http-nio-8080-exec-7] [32mDEBUG[0;39m c.s.m.d.controller.MessageController [ |  | ] - 채널별 메시지 목록 조회 응답: totalElements=null
25-04-14 16:48:47.685 [http-nio-8080-exec-9] [32mINFO [0;39m c.s.m.d.controller.ChannelController [ |  | ] - 공개 채널 목록 조회 요청
25-04-14 16:48:47.686 [http-nio-8080-exec-9] [32mDEBUG[0;39m org.hibernate.SQL                    [ |  | ] - 
    select
        c1_0.id,
        c1_0.created_at,
        c1_0.description,
        c1_0.name,
        c1_0.type,
        c1_0.updated_at 
    from
        channels c1_0
25-04-14 16:48:47.687 [http-nio-8080-exec-9] [32mDEBUG[0;39m c.s.m.d.controller.ChannelController [ |  | ] - 공개 채널 목록 조회 응답: count=1
25-04-14 16:48:47.690 [http-nio-8080-exec-8] [32mINFO [0;39m c.s.m.d.c.ReadStatusController       [ |  | ] - 사용자별 읽음 상태 목록 조회 요청: userId=b64d0c15-b1fe-46a0-beca-cb61a947228a
25-04-14 16:48:47.692 [http-nio-8080-exec-8] [32mDEBUG[0;39m org.hibernate.SQL                    [ |  | ] - 
    select
        rs1_0.id,
        rs1_0.channel_id,
        rs1_0.created_at,
        rs1_0.last_read_at,
        rs1_0.updated_at,
        rs1_0.user_id 
    from
        read_statuses rs1_0 
    left join
        users u1_0 
            on u1_0.id=rs1_0.user_id 
    where
        u1_0.id=?
25-04-14 16:48:47.692 [http-nio-8080-exec-8] [32mTRACE[0;39m org.hibernate.orm.jdbc.bind          [ |  | ] - binding parameter (1:UUID) <- [b64d0c15-b1fe-46a0-beca-cb61a947228a]
25-04-14 16:48:47.693 [http-nio-8080-exec-8] [32mDEBUG[0;39m c.s.m.d.c.ReadStatusController       [ |  | ] - 사용자별 읽음 상태 목록 조회 응답: count=1
25-04-14 16:48:47.848 [http-nio-8080-exec-1] [32mINFO [0;39m c.s.m.d.controller.MessageController [ |  | ] - 채널별 메시지 목록 조회 요청: channelId=4b649843-a4d7-4205-bdff-196569a80bda, cursor=null, pageable=Page request [number: 0, size 50, sort: createdAt: DESC]
25-04-14 16:48:47.848 [http-nio-8080-exec-1] [32mDEBUG[0;39m org.hibernate.SQL                    [ |  | ] - 
    select
        m1_0.id,
        m1_0.channel_id,
        m1_0.content,
        m1_0.created_at,
        m1_0.updated_at,
        m1_0.author_id,
        w1_0.id,
        w1_0.created_at,
        w1_0.email,
        w1_0.password,
        p1_0.id,
        p1_0.content_type,
        p1_0.created_at,
        p1_0.file_name,
        p1_0.size,
        w1_0.updated_at,
        us1_0.id,
        us1_0.created_at,
        us1_0.last_active_at,
        us1_0.updated_at,
        us1_0.user_id,
        w1_0.username 
    from
        messages m1_0 
    left join
        users w1_0 
            on w1_0.id=m1_0.author_id 
    join
        user_statuses us1_0 
            on w1_0.id=us1_0.user_id 
    left join
        binary_contents p1_0 
            on p1_0.id=w1_0.profile_id 
    where
        m1_0.channel_id=? 
        and m1_0.created_at<? 
    order by
        m1_0.created_at desc 
    fetch
        first ? rows only
25-04-14 16:48:47.849 [http-nio-8080-exec-1] [32mTRACE[0;39m org.hibernate.orm.jdbc.bind          [ |  | ] - binding parameter (1:UUID) <- [4b649843-a4d7-4205-bdff-196569a80bda]
25-04-14 16:48:47.849 [http-nio-8080-exec-1] [32mTRACE[0;39m org.hibernate.orm.jdbc.bind          [ |  | ] - binding parameter (2:TIMESTAMP_UTC) <- [2025-04-14T07:48:47.848142800Z]
25-04-14 16:48:47.849 [http-nio-8080-exec-1] [32mTRACE[0;39m org.hibernate.orm.jdbc.bind          [ |  | ] - binding parameter (3:INTEGER) <- [51]
25-04-14 16:48:47.850 [http-nio-8080-exec-1] [32mDEBUG[0;39m c.s.m.d.controller.MessageController [ |  | ] - 채널별 메시지 목록 조회 응답: totalElements=null
25-04-14 16:48:48.173 [http-nio-8080-exec-6] [32mINFO [0;39m c.s.m.d.controller.MessageController [ |  | ] - 채널별 메시지 목록 조회 요청: channelId=4b649843-a4d7-4205-bdff-196569a80bda, cursor=null, pageable=Page request [number: 0, size 50, sort: createdAt: DESC]
25-04-14 16:48:48.174 [http-nio-8080-exec-6] [32mDEBUG[0;39m org.hibernate.SQL                    [ |  | ] - 
    select
        m1_0.id,
        m1_0.channel_id,
        m1_0.content,
        m1_0.created_at,
        m1_0.updated_at,
        m1_0.author_id,
        w1_0.id,
        w1_0.created_at,
        w1_0.email,
        w1_0.password,
        p1_0.id,
        p1_0.content_type,
        p1_0.created_at,
        p1_0.file_name,
        p1_0.size,
        w1_0.updated_at,
        us1_0.id,
        us1_0.created_at,
        us1_0.last_active_at,
        us1_0.updated_at,
        us1_0.user_id,
        w1_0.username 
    from
        messages m1_0 
    left join
        users w1_0 
            on w1_0.id=m1_0.author_id 
    join
        user_statuses us1_0 
            on w1_0.id=us1_0.user_id 
    left join
        binary_contents p1_0 
            on p1_0.id=w1_0.profile_id 
    where
        m1_0.channel_id=? 
        and m1_0.created_at<? 
    order by
        m1_0.created_at desc 
    fetch
        first ? rows only
25-04-14 16:48:48.174 [http-nio-8080-exec-6] [32mTRACE[0;39m org.hibernate.orm.jdbc.bind          [ |  | ] - binding parameter (1:UUID) <- [4b649843-a4d7-4205-bdff-196569a80bda]
25-04-14 16:48:48.174 [http-nio-8080-exec-6] [32mTRACE[0;39m org.hibernate.orm.jdbc.bind          [ |  | ] - binding parameter (2:TIMESTAMP_UTC) <- [2025-04-14T07:48:48.174217300Z]
25-04-14 16:48:48.174 [http-nio-8080-exec-6] [32mTRACE[0;39m org.hibernate.orm.jdbc.bind          [ |  | ] - binding parameter (3:INTEGER) <- [51]
25-04-14 16:48:48.176 [http-nio-8080-exec-6] [32mDEBUG[0;39m c.s.m.d.controller.MessageController [ |  | ] - 채널별 메시지 목록 조회 응답: totalElements=null
25-04-14 16:48:48.487 [http-nio-8080-exec-3] [32mINFO [0;39m c.s.m.d.controller.MessageController [ |  | ] - 채널별 메시지 목록 조회 요청: channelId=4b649843-a4d7-4205-bdff-196569a80bda, cursor=null, pageable=Page request [number: 0, size 50, sort: createdAt: DESC]
25-04-14 16:48:48.489 [http-nio-8080-exec-3] [32mDEBUG[0;39m org.hibernate.SQL                    [ |  | ] - 
    select
        m1_0.id,
        m1_0.channel_id,
        m1_0.content,
        m1_0.created_at,
        m1_0.updated_at,
        m1_0.author_id,
        w1_0.id,
        w1_0.created_at,
        w1_0.email,
        w1_0.password,
        p1_0.id,
        p1_0.content_type,
        p1_0.created_at,
        p1_0.file_name,
        p1_0.size,
        w1_0.updated_at,
        us1_0.id,
        us1_0.created_at,
        us1_0.last_active_at,
        us1_0.updated_at,
        us1_0.user_id,
        w1_0.username 
    from
        messages m1_0 
    left join
        users w1_0 
            on w1_0.id=m1_0.author_id 
    join
        user_statuses us1_0 
            on w1_0.id=us1_0.user_id 
    left join
        binary_contents p1_0 
            on p1_0.id=w1_0.profile_id 
    where
        m1_0.channel_id=? 
        and m1_0.created_at<? 
    order by
        m1_0.created_at desc 
    fetch
        first ? rows only
25-04-14 16:48:48.489 [http-nio-8080-exec-3] [32mTRACE[0;39m org.hibernate.orm.jdbc.bind          [ |  | ] - binding parameter (1:UUID) <- [4b649843-a4d7-4205-bdff-196569a80bda]
25-04-14 16:48:48.489 [http-nio-8080-exec-3] [32mTRACE[0;39m org.hibernate.orm.jdbc.bind          [ |  | ] - binding parameter (2:TIMESTAMP_UTC) <- [2025-04-14T07:48:48.488433900Z]
25-04-14 16:48:48.489 [http-nio-8080-exec-3] [32mTRACE[0;39m org.hibernate.orm.jdbc.bind          [ |  | ] - binding parameter (3:INTEGER) <- [51]
25-04-14 16:48:48.491 [http-nio-8080-exec-3] [32mDEBUG[0;39m c.s.m.d.controller.MessageController [ |  | ] - 채널별 메시지 목록 조회 응답: totalElements=null
25-04-14 16:48:48.798 [http-nio-8080-exec-2] [32mINFO [0;39m c.s.m.d.controller.MessageController [ |  | ] - 채널별 메시지 목록 조회 요청: channelId=4b649843-a4d7-4205-bdff-196569a80bda, cursor=null, pageable=Page request [number: 0, size 50, sort: createdAt: DESC]
25-04-14 16:48:48.800 [http-nio-8080-exec-2] [32mDEBUG[0;39m org.hibernate.SQL                    [ |  | ] - 
    select
        m1_0.id,
        m1_0.channel_id,
        m1_0.content,
        m1_0.created_at,
        m1_0.updated_at,
        m1_0.author_id,
        w1_0.id,
        w1_0.created_at,
        w1_0.email,
        w1_0.password,
        p1_0.id,
        p1_0.content_type,
        p1_0.created_at,
        p1_0.file_name,
        p1_0.size,
        w1_0.updated_at,
        us1_0.id,
        us1_0.created_at,
        us1_0.last_active_at,
        us1_0.updated_at,
        us1_0.user_id,
        w1_0.username 
    from
        messages m1_0 
    left join
        users w1_0 
            on w1_0.id=m1_0.author_id 
    join
        user_statuses us1_0 
            on w1_0.id=us1_0.user_id 
    left join
        binary_contents p1_0 
            on p1_0.id=w1_0.profile_id 
    where
        m1_0.channel_id=? 
        and m1_0.created_at<? 
    order by
        m1_0.created_at desc 
    fetch
        first ? rows only
25-04-14 16:48:48.800 [http-nio-8080-exec-2] [32mTRACE[0;39m org.hibernate.orm.jdbc.bind          [ |  | ] - binding parameter (1:UUID) <- [4b649843-a4d7-4205-bdff-196569a80bda]
25-04-14 16:48:48.800 [http-nio-8080-exec-2] [32mTRACE[0;39m org.hibernate.orm.jdbc.bind          [ |  | ] - binding parameter (2:TIMESTAMP_UTC) <- [2025-04-14T07:48:48.799671400Z]
25-04-14 16:48:48.801 [http-nio-8080-exec-2] [32mTRACE[0;39m org.hibernate.orm.jdbc.bind          [ |  | ] - binding parameter (3:INTEGER) <- [51]
25-04-14 16:48:48.802 [http-nio-8080-exec-2] [32mDEBUG[0;39m c.s.m.d.controller.MessageController [ |  | ] - 채널별 메시지 목록 조회 응답: totalElements=null
25-04-14 16:48:49.110 [http-nio-8080-exec-5] [32mINFO [0;39m c.s.m.d.controller.MessageController [ |  | ] - 채널별 메시지 목록 조회 요청: channelId=4b649843-a4d7-4205-bdff-196569a80bda, cursor=null, pageable=Page request [number: 0, size 50, sort: createdAt: DESC]
25-04-14 16:48:49.111 [http-nio-8080-exec-5] [32mDEBUG[0;39m org.hibernate.SQL                    [ |  | ] - 
    select
        m1_0.id,
        m1_0.channel_id,
        m1_0.content,
        m1_0.created_at,
        m1_0.updated_at,
        m1_0.author_id,
        w1_0.id,
        w1_0.created_at,
        w1_0.email,
        w1_0.password,
        p1_0.id,
        p1_0.content_type,
        p1_0.created_at,
        p1_0.file_name,
        p1_0.size,
        w1_0.updated_at,
        us1_0.id,
        us1_0.created_at,
        us1_0.last_active_at,
        us1_0.updated_at,
        us1_0.user_id,
        w1_0.username 
    from
        messages m1_0 
    left join
        users w1_0 
            on w1_0.id=m1_0.author_id 
    join
        user_statuses us1_0 
            on w1_0.id=us1_0.user_id 
    left join
        binary_contents p1_0 
            on p1_0.id=w1_0.profile_id 
    where
        m1_0.channel_id=? 
        and m1_0.created_at<? 
    order by
        m1_0.created_at desc 
    fetch
        first ? rows only
25-04-14 16:48:49.111 [http-nio-8080-exec-5] [32mTRACE[0;39m org.hibernate.orm.jdbc.bind          [ |  | ] - binding parameter (1:UUID) <- [4b649843-a4d7-4205-bdff-196569a80bda]
25-04-14 16:48:49.111 [http-nio-8080-exec-5] [32mTRACE[0;39m org.hibernate.orm.jdbc.bind          [ |  | ] - binding parameter (2:TIMESTAMP_UTC) <- [2025-04-14T07:48:49.111496600Z]
25-04-14 16:48:49.111 [http-nio-8080-exec-5] [32mTRACE[0;39m org.hibernate.orm.jdbc.bind          [ |  | ] - binding parameter (3:INTEGER) <- [51]
25-04-14 16:48:49.113 [http-nio-8080-exec-5] [32mDEBUG[0;39m c.s.m.d.controller.MessageController [ |  | ] - 채널별 메시지 목록 조회 응답: totalElements=null
25-04-14 16:48:49.420 [http-nio-8080-exec-4] [32mINFO [0;39m c.s.m.d.controller.MessageController [ |  | ] - 채널별 메시지 목록 조회 요청: channelId=4b649843-a4d7-4205-bdff-196569a80bda, cursor=null, pageable=Page request [number: 0, size 50, sort: createdAt: DESC]
25-04-14 16:48:49.421 [http-nio-8080-exec-4] [32mDEBUG[0;39m org.hibernate.SQL                    [ |  | ] - 
    select
        m1_0.id,
        m1_0.channel_id,
        m1_0.content,
        m1_0.created_at,
        m1_0.updated_at,
        m1_0.author_id,
        w1_0.id,
        w1_0.created_at,
        w1_0.email,
        w1_0.password,
        p1_0.id,
        p1_0.content_type,
        p1_0.created_at,
        p1_0.file_name,
        p1_0.size,
        w1_0.updated_at,
        us1_0.id,
        us1_0.created_at,
        us1_0.last_active_at,
        us1_0.updated_at,
        us1_0.user_id,
        w1_0.username 
    from
        messages m1_0 
    left join
        users w1_0 
            on w1_0.id=m1_0.author_id 
    join
        user_statuses us1_0 
            on w1_0.id=us1_0.user_id 
    left join
        binary_contents p1_0 
            on p1_0.id=w1_0.profile_id 
    where
        m1_0.channel_id=? 
        and m1_0.created_at<? 
    order by
        m1_0.created_at desc 
    fetch
        first ? rows only
25-04-14 16:48:49.421 [http-nio-8080-exec-4] [32mTRACE[0;39m org.hibernate.orm.jdbc.bind          [ |  | ] - binding parameter (1:UUID) <- [4b649843-a4d7-4205-bdff-196569a80bda]
25-04-14 16:48:49.421 [http-nio-8080-exec-4] [32mTRACE[0;39m org.hibernate.orm.jdbc.bind          [ |  | ] - binding parameter (2:TIMESTAMP_UTC) <- [2025-04-14T07:48:49.421834300Z]
25-04-14 16:48:49.421 [http-nio-8080-exec-4] [32mTRACE[0;39m org.hibernate.orm.jdbc.bind          [ |  | ] - binding parameter (3:INTEGER) <- [51]
25-04-14 16:48:49.423 [http-nio-8080-exec-4] [32mDEBUG[0;39m c.s.m.d.controller.MessageController [ |  | ] - 채널별 메시지 목록 조회 응답: totalElements=null
25-04-14 16:48:49.734 [http-nio-8080-exec-7] [32mINFO [0;39m c.s.m.d.controller.MessageController [ |  | ] - 채널별 메시지 목록 조회 요청: channelId=4b649843-a4d7-4205-bdff-196569a80bda, cursor=null, pageable=Page request [number: 0, size 50, sort: createdAt: DESC]
25-04-14 16:48:49.736 [http-nio-8080-exec-7] [32mDEBUG[0;39m org.hibernate.SQL                    [ |  | ] - 
    select
        m1_0.id,
        m1_0.channel_id,
        m1_0.content,
        m1_0.created_at,
        m1_0.updated_at,
        m1_0.author_id,
        w1_0.id,
        w1_0.created_at,
        w1_0.email,
        w1_0.password,
        p1_0.id,
        p1_0.content_type,
        p1_0.created_at,
        p1_0.file_name,
        p1_0.size,
        w1_0.updated_at,
        us1_0.id,
        us1_0.created_at,
        us1_0.last_active_at,
        us1_0.updated_at,
        us1_0.user_id,
        w1_0.username 
    from
        messages m1_0 
    left join
        users w1_0 
            on w1_0.id=m1_0.author_id 
    join
        user_statuses us1_0 
            on w1_0.id=us1_0.user_id 
    left join
        binary_contents p1_0 
            on p1_0.id=w1_0.profile_id 
    where
        m1_0.channel_id=? 
        and m1_0.created_at<? 
    order by
        m1_0.created_at desc 
    fetch
        first ? rows only
25-04-14 16:48:49.736 [http-nio-8080-exec-7] [32mTRACE[0;39m org.hibernate.orm.jdbc.bind          [ |  | ] - binding parameter (1:UUID) <- [4b649843-a4d7-4205-bdff-196569a80bda]
25-04-14 16:48:49.736 [http-nio-8080-exec-7] [32mTRACE[0;39m org.hibernate.orm.jdbc.bind          [ |  | ] - binding parameter (2:TIMESTAMP_UTC) <- [2025-04-14T07:48:49.735719100Z]
25-04-14 16:48:49.736 [http-nio-8080-exec-7] [32mTRACE[0;39m org.hibernate.orm.jdbc.bind          [ |  | ] - binding parameter (3:INTEGER) <- [51]
25-04-14 16:48:49.737 [http-nio-8080-exec-7] [32mDEBUG[0;39m c.s.m.d.controller.MessageController [ |  | ] - 채널별 메시지 목록 조회 응답: totalElements=null
25-04-14 16:48:50.046 [http-nio-8080-exec-9] [32mINFO [0;39m c.s.m.d.controller.MessageController [ |  | ] - 채널별 메시지 목록 조회 요청: channelId=4b649843-a4d7-4205-bdff-196569a80bda, cursor=null, pageable=Page request [number: 0, size 50, sort: createdAt: DESC]
25-04-14 16:48:50.047 [http-nio-8080-exec-9] [32mDEBUG[0;39m org.hibernate.SQL                    [ |  | ] - 
    select
        m1_0.id,
        m1_0.channel_id,
        m1_0.content,
        m1_0.created_at,
        m1_0.updated_at,
        m1_0.author_id,
        w1_0.id,
        w1_0.created_at,
        w1_0.email,
        w1_0.password,
        p1_0.id,
        p1_0.content_type,
        p1_0.created_at,
        p1_0.file_name,
        p1_0.size,
        w1_0.updated_at,
        us1_0.id,
        us1_0.created_at,
        us1_0.last_active_at,
        us1_0.updated_at,
        us1_0.user_id,
        w1_0.username 
    from
        messages m1_0 
    left join
        users w1_0 
            on w1_0.id=m1_0.author_id 
    join
        user_statuses us1_0 
            on w1_0.id=us1_0.user_id 
    left join
        binary_contents p1_0 
            on p1_0.id=w1_0.profile_id 
    where
        m1_0.channel_id=? 
        and m1_0.created_at<? 
    order by
        m1_0.created_at desc 
    fetch
        first ? rows only
25-04-14 16:48:50.047 [http-nio-8080-exec-9] [32mTRACE[0;39m org.hibernate.orm.jdbc.bind          [ |  | ] - binding parameter (1:UUID) <- [4b649843-a4d7-4205-bdff-196569a80bda]
25-04-14 16:48:50.047 [http-nio-8080-exec-9] [32mTRACE[0;39m org.hibernate.orm.jdbc.bind          [ |  | ] - binding parameter (2:TIMESTAMP_UTC) <- [2025-04-14T07:48:50.046037900Z]
25-04-14 16:48:50.047 [http-nio-8080-exec-9] [32mTRACE[0;39m org.hibernate.orm.jdbc.bind          [ |  | ] - binding parameter (3:INTEGER) <- [51]
25-04-14 16:48:50.049 [http-nio-8080-exec-9] [32mDEBUG[0;39m c.s.m.d.controller.MessageController [ |  | ] - 채널별 메시지 목록 조회 응답: totalElements=null
25-04-14 16:48:50.360 [http-nio-8080-exec-8] [32mINFO [0;39m c.s.m.d.controller.MessageController [ |  | ] - 채널별 메시지 목록 조회 요청: channelId=4b649843-a4d7-4205-bdff-196569a80bda, cursor=null, pageable=Page request [number: 0, size 50, sort: createdAt: DESC]
25-04-14 16:48:50.361 [http-nio-8080-exec-8] [32mDEBUG[0;39m org.hibernate.SQL                    [ |  | ] - 
    select
        m1_0.id,
        m1_0.channel_id,
        m1_0.content,
        m1_0.created_at,
        m1_0.updated_at,
        m1_0.author_id,
        w1_0.id,
        w1_0.created_at,
        w1_0.email,
        w1_0.password,
        p1_0.id,
        p1_0.content_type,
        p1_0.created_at,
        p1_0.file_name,
        p1_0.size,
        w1_0.updated_at,
        us1_0.id,
        us1_0.created_at,
        us1_0.last_active_at,
        us1_0.updated_at,
        us1_0.user_id,
        w1_0.username 
    from
        messages m1_0 
    left join
        users w1_0 
            on w1_0.id=m1_0.author_id 
    join
        user_statuses us1_0 
            on w1_0.id=us1_0.user_id 
    left join
        binary_contents p1_0 
            on p1_0.id=w1_0.profile_id 
    where
        m1_0.channel_id=? 
        and m1_0.created_at<? 
    order by
        m1_0.created_at desc 
    fetch
        first ? rows only
25-04-14 16:48:50.361 [http-nio-8080-exec-8] [32mTRACE[0;39m org.hibernate.orm.jdbc.bind          [ |  | ] - binding parameter (1:UUID) <- [4b649843-a4d7-4205-bdff-196569a80bda]
25-04-14 16:48:50.361 [http-nio-8080-exec-8] [32mTRACE[0;39m org.hibernate.orm.jdbc.bind          [ |  | ] - binding parameter (2:TIMESTAMP_UTC) <- [2025-04-14T07:48:50.360021300Z]
25-04-14 16:48:50.361 [http-nio-8080-exec-8] [32mTRACE[0;39m org.hibernate.orm.jdbc.bind          [ |  | ] - binding parameter (3:INTEGER) <- [51]
25-04-14 16:48:50.362 [http-nio-8080-exec-8] [32mDEBUG[0;39m c.s.m.d.controller.MessageController [ |  | ] - 채널별 메시지 목록 조회 응답: totalElements=null
25-04-14 16:48:50.671 [http-nio-8080-exec-1] [32mINFO [0;39m c.s.m.d.controller.MessageController [ |  | ] - 채널별 메시지 목록 조회 요청: channelId=4b649843-a4d7-4205-bdff-196569a80bda, cursor=null, pageable=Page request [number: 0, size 50, sort: createdAt: DESC]
25-04-14 16:48:50.673 [http-nio-8080-exec-1] [32mDEBUG[0;39m org.hibernate.SQL                    [ |  | ] - 
    select
        m1_0.id,
        m1_0.channel_id,
        m1_0.content,
        m1_0.created_at,
        m1_0.updated_at,
        m1_0.author_id,
        w1_0.id,
        w1_0.created_at,
        w1_0.email,
        w1_0.password,
        p1_0.id,
        p1_0.content_type,
        p1_0.created_at,
        p1_0.file_name,
        p1_0.size,
        w1_0.updated_at,
        us1_0.id,
        us1_0.created_at,
        us1_0.last_active_at,
        us1_0.updated_at,
        us1_0.user_id,
        w1_0.username 
    from
        messages m1_0 
    left join
        users w1_0 
            on w1_0.id=m1_0.author_id 
    join
        user_statuses us1_0 
            on w1_0.id=us1_0.user_id 
    left join
        binary_contents p1_0 
            on p1_0.id=w1_0.profile_id 
    where
        m1_0.channel_id=? 
        and m1_0.created_at<? 
    order by
        m1_0.created_at desc 
    fetch
        first ? rows only
25-04-14 16:48:50.673 [http-nio-8080-exec-1] [32mTRACE[0;39m org.hibernate.orm.jdbc.bind          [ |  | ] - binding parameter (1:UUID) <- [4b649843-a4d7-4205-bdff-196569a80bda]
25-04-14 16:48:50.673 [http-nio-8080-exec-1] [32mTRACE[0;39m org.hibernate.orm.jdbc.bind          [ |  | ] - binding parameter (2:TIMESTAMP_UTC) <- [2025-04-14T07:48:50.672240900Z]
25-04-14 16:48:50.673 [http-nio-8080-exec-1] [32mTRACE[0;39m org.hibernate.orm.jdbc.bind          [ |  | ] - binding parameter (3:INTEGER) <- [51]
25-04-14 16:48:50.674 [http-nio-8080-exec-1] [32mDEBUG[0;39m c.s.m.d.controller.MessageController [ |  | ] - 채널별 메시지 목록 조회 응답: totalElements=null
25-04-14 16:48:50.686 [http-nio-8080-exec-10] [32mINFO [0;39m c.s.m.d.controller.ChannelController [ |  | ] - 공개 채널 목록 조회 요청
25-04-14 16:48:50.687 [http-nio-8080-exec-10] [32mDEBUG[0;39m org.hibernate.SQL                    [ |  | ] - 
    select
        c1_0.id,
        c1_0.created_at,
        c1_0.description,
        c1_0.name,
        c1_0.type,
        c1_0.updated_at 
    from
        channels c1_0
25-04-14 16:48:50.688 [http-nio-8080-exec-10] [32mDEBUG[0;39m c.s.m.d.controller.ChannelController [ |  | ] - 공개 채널 목록 조회 응답: count=1
25-04-14 16:48:50.691 [http-nio-8080-exec-6] [32mINFO [0;39m c.s.m.d.c.ReadStatusController       [ |  | ] - 사용자별 읽음 상태 목록 조회 요청: userId=b64d0c15-b1fe-46a0-beca-cb61a947228a
25-04-14 16:48:50.692 [http-nio-8080-exec-6] [32mDEBUG[0;39m org.hibernate.SQL                    [ |  | ] - 
    select
        rs1_0.id,
        rs1_0.channel_id,
        rs1_0.created_at,
        rs1_0.last_read_at,
        rs1_0.updated_at,
        rs1_0.user_id 
    from
        read_statuses rs1_0 
    left join
        users u1_0 
            on u1_0.id=rs1_0.user_id 
    where
        u1_0.id=?
25-04-14 16:48:50.693 [http-nio-8080-exec-6] [32mTRACE[0;39m org.hibernate.orm.jdbc.bind          [ |  | ] - binding parameter (1:UUID) <- [b64d0c15-b1fe-46a0-beca-cb61a947228a]
25-04-14 16:48:50.694 [http-nio-8080-exec-6] [32mDEBUG[0;39m c.s.m.d.c.ReadStatusController       [ |  | ] - 사용자별 읽음 상태 목록 조회 응답: count=1
25-04-14 16:48:50.982 [http-nio-8080-exec-3] [32mINFO [0;39m c.s.m.d.controller.MessageController [ |  | ] - 채널별 메시지 목록 조회 요청: channelId=4b649843-a4d7-4205-bdff-196569a80bda, cursor=null, pageable=Page request [number: 0, size 50, sort: createdAt: DESC]
25-04-14 16:48:50.983 [http-nio-8080-exec-3] [32mDEBUG[0;39m org.hibernate.SQL                    [ |  | ] - 
    select
        m1_0.id,
        m1_0.channel_id,
        m1_0.content,
        m1_0.created_at,
        m1_0.updated_at,
        m1_0.author_id,
        w1_0.id,
        w1_0.created_at,
        w1_0.email,
        w1_0.password,
        p1_0.id,
        p1_0.content_type,
        p1_0.created_at,
        p1_0.file_name,
        p1_0.size,
        w1_0.updated_at,
        us1_0.id,
        us1_0.created_at,
        us1_0.last_active_at,
        us1_0.updated_at,
        us1_0.user_id,
        w1_0.username 
    from
        messages m1_0 
    left join
        users w1_0 
            on w1_0.id=m1_0.author_id 
    join
        user_statuses us1_0 
            on w1_0.id=us1_0.user_id 
    left join
        binary_contents p1_0 
            on p1_0.id=w1_0.profile_id 
    where
        m1_0.channel_id=? 
        and m1_0.created_at<? 
    order by
        m1_0.created_at desc 
    fetch
        first ? rows only
25-04-14 16:48:50.983 [http-nio-8080-exec-3] [32mTRACE[0;39m org.hibernate.orm.jdbc.bind          [ |  | ] - binding parameter (1:UUID) <- [4b649843-a4d7-4205-bdff-196569a80bda]
25-04-14 16:48:50.984 [http-nio-8080-exec-3] [32mTRACE[0;39m org.hibernate.orm.jdbc.bind          [ |  | ] - binding parameter (2:TIMESTAMP_UTC) <- [2025-04-14T07:48:50.983730200Z]
25-04-14 16:48:50.984 [http-nio-8080-exec-3] [32mTRACE[0;39m org.hibernate.orm.jdbc.bind          [ |  | ] - binding parameter (3:INTEGER) <- [51]
25-04-14 16:48:50.984 [http-nio-8080-exec-3] [32mDEBUG[0;39m c.s.m.d.controller.MessageController [ |  | ] - 채널별 메시지 목록 조회 응답: totalElements=null
25-04-14 16:48:51.299 [http-nio-8080-exec-2] [32mINFO [0;39m c.s.m.d.controller.MessageController [ |  | ] - 채널별 메시지 목록 조회 요청: channelId=4b649843-a4d7-4205-bdff-196569a80bda, cursor=null, pageable=Page request [number: 0, size 50, sort: createdAt: DESC]
25-04-14 16:48:51.300 [http-nio-8080-exec-2] [32mDEBUG[0;39m org.hibernate.SQL                    [ |  | ] - 
    select
        m1_0.id,
        m1_0.channel_id,
        m1_0.content,
        m1_0.created_at,
        m1_0.updated_at,
        m1_0.author_id,
        w1_0.id,
        w1_0.created_at,
        w1_0.email,
        w1_0.password,
        p1_0.id,
        p1_0.content_type,
        p1_0.created_at,
        p1_0.file_name,
        p1_0.size,
        w1_0.updated_at,
        us1_0.id,
        us1_0.created_at,
        us1_0.last_active_at,
        us1_0.updated_at,
        us1_0.user_id,
        w1_0.username 
    from
        messages m1_0 
    left join
        users w1_0 
            on w1_0.id=m1_0.author_id 
    join
        user_statuses us1_0 
            on w1_0.id=us1_0.user_id 
    left join
        binary_contents p1_0 
            on p1_0.id=w1_0.profile_id 
    where
        m1_0.channel_id=? 
        and m1_0.created_at<? 
    order by
        m1_0.created_at desc 
    fetch
        first ? rows only
25-04-14 16:48:51.300 [http-nio-8080-exec-2] [32mTRACE[0;39m org.hibernate.orm.jdbc.bind          [ |  | ] - binding parameter (1:UUID) <- [4b649843-a4d7-4205-bdff-196569a80bda]
25-04-14 16:48:51.300 [http-nio-8080-exec-2] [32mTRACE[0;39m org.hibernate.orm.jdbc.bind          [ |  | ] - binding parameter (2:TIMESTAMP_UTC) <- [2025-04-14T07:48:51.299991500Z]
25-04-14 16:48:51.300 [http-nio-8080-exec-2] [32mTRACE[0;39m org.hibernate.orm.jdbc.bind          [ |  | ] - binding parameter (3:INTEGER) <- [51]
25-04-14 16:48:51.302 [http-nio-8080-exec-2] [32mDEBUG[0;39m c.s.m.d.controller.MessageController [ |  | ] - 채널별 메시지 목록 조회 응답: totalElements=null
25-04-14 16:48:51.620 [http-nio-8080-exec-5] [32mINFO [0;39m c.s.m.d.controller.MessageController [ |  | ] - 채널별 메시지 목록 조회 요청: channelId=4b649843-a4d7-4205-bdff-196569a80bda, cursor=null, pageable=Page request [number: 0, size 50, sort: createdAt: DESC]
25-04-14 16:48:51.621 [http-nio-8080-exec-5] [32mDEBUG[0;39m org.hibernate.SQL                    [ |  | ] - 
    select
        m1_0.id,
        m1_0.channel_id,
        m1_0.content,
        m1_0.created_at,
        m1_0.updated_at,
        m1_0.author_id,
        w1_0.id,
        w1_0.created_at,
        w1_0.email,
        w1_0.password,
        p1_0.id,
        p1_0.content_type,
        p1_0.created_at,
        p1_0.file_name,
        p1_0.size,
        w1_0.updated_at,
        us1_0.id,
        us1_0.created_at,
        us1_0.last_active_at,
        us1_0.updated_at,
        us1_0.user_id,
        w1_0.username 
    from
        messages m1_0 
    left join
        users w1_0 
            on w1_0.id=m1_0.author_id 
    join
        user_statuses us1_0 
            on w1_0.id=us1_0.user_id 
    left join
        binary_contents p1_0 
            on p1_0.id=w1_0.profile_id 
    where
        m1_0.channel_id=? 
        and m1_0.created_at<? 
    order by
        m1_0.created_at desc 
    fetch
        first ? rows only
25-04-14 16:48:51.621 [http-nio-8080-exec-5] [32mTRACE[0;39m org.hibernate.orm.jdbc.bind          [ |  | ] - binding parameter (1:UUID) <- [4b649843-a4d7-4205-bdff-196569a80bda]
25-04-14 16:48:51.621 [http-nio-8080-exec-5] [32mTRACE[0;39m org.hibernate.orm.jdbc.bind          [ |  | ] - binding parameter (2:TIMESTAMP_UTC) <- [2025-04-14T07:48:51.620701Z]
25-04-14 16:48:51.621 [http-nio-8080-exec-5] [32mTRACE[0;39m org.hibernate.orm.jdbc.bind          [ |  | ] - binding parameter (3:INTEGER) <- [51]
25-04-14 16:48:51.622 [http-nio-8080-exec-5] [32mDEBUG[0;39m c.s.m.d.controller.MessageController [ |  | ] - 채널별 메시지 목록 조회 응답: totalElements=null
25-04-14 16:48:51.933 [http-nio-8080-exec-4] [32mINFO [0;39m c.s.m.d.controller.MessageController [ |  | ] - 채널별 메시지 목록 조회 요청: channelId=4b649843-a4d7-4205-bdff-196569a80bda, cursor=null, pageable=Page request [number: 0, size 50, sort: createdAt: DESC]
25-04-14 16:48:51.934 [http-nio-8080-exec-4] [32mDEBUG[0;39m org.hibernate.SQL                    [ |  | ] - 
    select
        m1_0.id,
        m1_0.channel_id,
        m1_0.content,
        m1_0.created_at,
        m1_0.updated_at,
        m1_0.author_id,
        w1_0.id,
        w1_0.created_at,
        w1_0.email,
        w1_0.password,
        p1_0.id,
        p1_0.content_type,
        p1_0.created_at,
        p1_0.file_name,
        p1_0.size,
        w1_0.updated_at,
        us1_0.id,
        us1_0.created_at,
        us1_0.last_active_at,
        us1_0.updated_at,
        us1_0.user_id,
        w1_0.username 
    from
        messages m1_0 
    left join
        users w1_0 
            on w1_0.id=m1_0.author_id 
    join
        user_statuses us1_0 
            on w1_0.id=us1_0.user_id 
    left join
        binary_contents p1_0 
            on p1_0.id=w1_0.profile_id 
    where
        m1_0.channel_id=? 
        and m1_0.created_at<? 
    order by
        m1_0.created_at desc 
    fetch
        first ? rows only
25-04-14 16:48:51.934 [http-nio-8080-exec-4] [32mTRACE[0;39m org.hibernate.orm.jdbc.bind          [ |  | ] - binding parameter (1:UUID) <- [4b649843-a4d7-4205-bdff-196569a80bda]
25-04-14 16:48:51.934 [http-nio-8080-exec-4] [32mTRACE[0;39m org.hibernate.orm.jdbc.bind          [ |  | ] - binding parameter (2:TIMESTAMP_UTC) <- [2025-04-14T07:48:51.934574800Z]
25-04-14 16:48:51.934 [http-nio-8080-exec-4] [32mTRACE[0;39m org.hibernate.orm.jdbc.bind          [ |  | ] - binding parameter (3:INTEGER) <- [51]
25-04-14 16:48:51.936 [http-nio-8080-exec-4] [32mDEBUG[0;39m c.s.m.d.controller.MessageController [ |  | ] - 채널별 메시지 목록 조회 응답: totalElements=null
25-04-14 16:48:52.245 [http-nio-8080-exec-7] [32mINFO [0;39m c.s.m.d.controller.MessageController [ |  | ] - 채널별 메시지 목록 조회 요청: channelId=4b649843-a4d7-4205-bdff-196569a80bda, cursor=null, pageable=Page request [number: 0, size 50, sort: createdAt: DESC]
25-04-14 16:48:52.246 [http-nio-8080-exec-7] [32mDEBUG[0;39m org.hibernate.SQL                    [ |  | ] - 
    select
        m1_0.id,
        m1_0.channel_id,
        m1_0.content,
        m1_0.created_at,
        m1_0.updated_at,
        m1_0.author_id,
        w1_0.id,
        w1_0.created_at,
        w1_0.email,
        w1_0.password,
        p1_0.id,
        p1_0.content_type,
        p1_0.created_at,
        p1_0.file_name,
        p1_0.size,
        w1_0.updated_at,
        us1_0.id,
        us1_0.created_at,
        us1_0.last_active_at,
        us1_0.updated_at,
        us1_0.user_id,
        w1_0.username 
    from
        messages m1_0 
    left join
        users w1_0 
            on w1_0.id=m1_0.author_id 
    join
        user_statuses us1_0 
            on w1_0.id=us1_0.user_id 
    left join
        binary_contents p1_0 
            on p1_0.id=w1_0.profile_id 
    where
        m1_0.channel_id=? 
        and m1_0.created_at<? 
    order by
        m1_0.created_at desc 
    fetch
        first ? rows only
25-04-14 16:48:52.246 [http-nio-8080-exec-7] [32mTRACE[0;39m org.hibernate.orm.jdbc.bind          [ |  | ] - binding parameter (1:UUID) <- [4b649843-a4d7-4205-bdff-196569a80bda]
25-04-14 16:48:52.246 [http-nio-8080-exec-7] [32mTRACE[0;39m org.hibernate.orm.jdbc.bind          [ |  | ] - binding parameter (2:TIMESTAMP_UTC) <- [2025-04-14T07:48:52.246144400Z]
25-04-14 16:48:52.246 [http-nio-8080-exec-7] [32mTRACE[0;39m org.hibernate.orm.jdbc.bind          [ |  | ] - binding parameter (3:INTEGER) <- [51]
25-04-14 16:48:52.247 [http-nio-8080-exec-7] [32mDEBUG[0;39m c.s.m.d.controller.MessageController [ |  | ] - 채널별 메시지 목록 조회 응답: totalElements=null
25-04-14 16:48:52.556 [http-nio-8080-exec-9] [32mINFO [0;39m c.s.m.d.controller.MessageController [ |  | ] - 채널별 메시지 목록 조회 요청: channelId=4b649843-a4d7-4205-bdff-196569a80bda, cursor=null, pageable=Page request [number: 0, size 50, sort: createdAt: DESC]
25-04-14 16:48:52.557 [http-nio-8080-exec-9] [32mDEBUG[0;39m org.hibernate.SQL                    [ |  | ] - 
    select
        m1_0.id,
        m1_0.channel_id,
        m1_0.content,
        m1_0.created_at,
        m1_0.updated_at,
        m1_0.author_id,
        w1_0.id,
        w1_0.created_at,
        w1_0.email,
        w1_0.password,
        p1_0.id,
        p1_0.content_type,
        p1_0.created_at,
        p1_0.file_name,
        p1_0.size,
        w1_0.updated_at,
        us1_0.id,
        us1_0.created_at,
        us1_0.last_active_at,
        us1_0.updated_at,
        us1_0.user_id,
        w1_0.username 
    from
        messages m1_0 
    left join
        users w1_0 
            on w1_0.id=m1_0.author_id 
    join
        user_statuses us1_0 
            on w1_0.id=us1_0.user_id 
    left join
        binary_contents p1_0 
            on p1_0.id=w1_0.profile_id 
    where
        m1_0.channel_id=? 
        and m1_0.created_at<? 
    order by
        m1_0.created_at desc 
    fetch
        first ? rows only
25-04-14 16:48:52.557 [http-nio-8080-exec-9] [32mTRACE[0;39m org.hibernate.orm.jdbc.bind          [ |  | ] - binding parameter (1:UUID) <- [4b649843-a4d7-4205-bdff-196569a80bda]
25-04-14 16:48:52.557 [http-nio-8080-exec-9] [32mTRACE[0;39m org.hibernate.orm.jdbc.bind          [ |  | ] - binding parameter (2:TIMESTAMP_UTC) <- [2025-04-14T07:48:52.556782700Z]
25-04-14 16:48:52.557 [http-nio-8080-exec-9] [32mTRACE[0;39m org.hibernate.orm.jdbc.bind          [ |  | ] - binding parameter (3:INTEGER) <- [51]
25-04-14 16:48:52.558 [http-nio-8080-exec-9] [32mDEBUG[0;39m c.s.m.d.controller.MessageController [ |  | ] - 채널별 메시지 목록 조회 응답: totalElements=null
25-04-14 16:48:52.677 [SpringApplicationShutdownHook] [32mINFO [0;39m o.s.b.w.e.tomcat.GracefulShutdown    [ |  | ] - Commencing graceful shutdown. Waiting for active requests to complete
25-04-14 16:48:52.769 [tomcat-shutdown] [32mINFO [0;39m o.s.b.w.e.tomcat.GracefulShutdown    [ |  | ] - Graceful shutdown complete
25-04-14 16:48:52.773 [SpringApplicationShutdownHook] [32mINFO [0;39m o.s.o.j.LocalContainerEntityManagerFactoryBean [ |  | ] - Closing JPA EntityManagerFactory for persistence unit 'default'
25-04-14 16:48:52.774 [SpringApplicationShutdownHook] [32mINFO [0;39m com.zaxxer.hikari.HikariDataSource   [ |  | ] - HikariPool-1 - Shutdown initiated...
25-04-14 16:48:52.777 [SpringApplicationShutdownHook] [32mINFO [0;39m com.zaxxer.hikari.HikariDataSource   [ |  | ] - HikariPool-1 - Shutdown completed.
