25-04-01 13:55:38.586 [background-preinit] INFO  o.h.validator.internal.util.Version - HV000001: Hibernate Validator 8.0.1.Final
25-04-01 13:55:38.601 [main] INFO  c.s.m.discodeit.DiscodeitApplication - Starting DiscodeitApplication using Java 17.0.13 with PID 31530 (/Users/taesikpark/Documents/CodeIT/_1-sprint-mission/build/classes/java/main started by taesikpark in /Users/taesikpark/Documents/CodeIT/_1-sprint-mission)
25-04-01 13:55:38.601 [main] DEBUG c.s.m.discodeit.DiscodeitApplication - Running with Spring Boot v3.4.0, Spring v6.2.0
25-04-01 13:55:38.601 [main] INFO  c.s.m.discodeit.DiscodeitApplication - The following 1 profile is active: "dev"
25-04-01 13:55:38.846 [main] INFO  o.s.d.r.c.RepositoryConfigurationDelegate - Bootstrapping Spring Data JPA repositories in DEFAULT mode.
25-04-01 13:55:38.870 [main] INFO  o.s.d.r.c.RepositoryConfigurationDelegate - Finished Spring Data repository scanning in 20 ms. Found 6 JPA repository interfaces.
25-04-01 13:55:39.015 [main] INFO  o.s.b.w.e.tomcat.TomcatWebServer - Tomcat initialized with port 8080 (http)
25-04-01 13:55:39.019 [main] INFO  o.a.coyote.http11.Http11NioProtocol - Initializing ProtocolHandler ["http-nio-8080"]
25-04-01 13:55:39.019 [main] INFO  o.a.catalina.core.StandardService - Starting service [Tomcat]
25-04-01 13:55:39.019 [main] INFO  o.a.catalina.core.StandardEngine - Starting Servlet engine: [Apache Tomcat/10.1.33]
25-04-01 13:55:39.036 [main] INFO  o.a.c.c.C.[Tomcat].[localhost].[/] - Initializing Spring embedded WebApplicationContext
25-04-01 13:55:39.036 [main] INFO  o.s.b.w.s.c.ServletWebServerApplicationContext - Root WebApplicationContext: initialization completed in 424 ms
25-04-01 13:55:39.067 [main] INFO  com.zaxxer.hikari.HikariDataSource - HikariPool-1 - Starting...
25-04-01 13:55:39.130 [main] INFO  com.zaxxer.hikari.pool.HikariPool - HikariPool-1 - Added connection org.postgresql.jdbc.PgConnection@4f2ac7e0
25-04-01 13:55:39.131 [main] INFO  com.zaxxer.hikari.HikariDataSource - HikariPool-1 - Start completed.
25-04-01 13:55:39.153 [main] INFO  o.h.jpa.internal.util.LogHelper - HHH000204: Processing PersistenceUnitInfo [name: default]
25-04-01 13:55:39.167 [main] INFO  org.hibernate.Version - HHH000412: Hibernate ORM core version 6.6.2.Final
25-04-01 13:55:39.176 [main] INFO  o.h.c.i.RegionFactoryInitiator - HHH000026: Second-level cache disabled
25-04-01 13:55:39.248 [main] INFO  o.s.o.j.p.SpringPersistenceUnitInfo - No LoadTimeWeaver setup: ignoring JPA class transformer
25-04-01 13:55:39.268 [main] WARN  org.hibernate.orm.deprecation - HHH90000025: PostgreSQLDialect does not need to be specified explicitly using 'hibernate.dialect' (remove the property setting and it will be selected by default)
25-04-01 13:55:39.272 [main] INFO  o.hibernate.orm.connections.pooling - HHH10001005: Database info:
	Database JDBC URL [Connecting through datasource 'HikariDataSource (HikariPool-1)']
	Database driver: undefined/unknown
	Database version: 14.17
	Autocommit mode: undefined/unknown
	Isolation level: undefined/unknown
	Minimum pool size: undefined/unknown
	Maximum pool size: undefined/unknown
25-04-01 13:55:39.554 [main] INFO  o.h.e.t.j.p.i.JtaPlatformInitiator - HHH000489: No JTA platform available (set 'hibernate.transaction.jta.platform' to enable JTA platform integration)
25-04-01 13:55:39.579 [main] INFO  o.s.o.j.LocalContainerEntityManagerFactoryBean - Initialized JPA EntityManagerFactory for persistence unit 'default'
25-04-01 13:55:39.769 [main] INFO  o.s.b.a.w.s.WelcomePageHandlerMapping - Adding welcome page: class path resource [static/index.html]
25-04-01 13:55:39.888 [main] INFO  o.a.coyote.http11.Http11NioProtocol - Starting ProtocolHandler ["http-nio-8080"]
25-04-01 13:55:39.897 [main] INFO  o.s.b.w.e.tomcat.TomcatWebServer - Tomcat started on port 8080 (http) with context path '/'
25-04-01 13:55:39.902 [main] INFO  c.s.m.discodeit.DiscodeitApplication - Started DiscodeitApplication in 1.465 seconds (process running for 1.628)
25-04-01 13:55:44.318 [http-nio-8080-exec-1] INFO  o.a.c.c.C.[Tomcat].[localhost].[/] - Initializing Spring DispatcherServlet 'dispatcherServlet'
25-04-01 13:55:44.318 [http-nio-8080-exec-1] INFO  o.s.web.servlet.DispatcherServlet - Initializing Servlet 'dispatcherServlet'
25-04-01 13:55:44.319 [http-nio-8080-exec-1] INFO  o.s.web.servlet.DispatcherServlet - Completed initialization in 1 ms
25-04-01 13:55:44.354 [http-nio-8080-exec-1] INFO  c.s.m.d.c.AuthRestController - login request : UserRequest[username=martin@google.com, password=asdf1234, email=null, phoneNumber=null, profileImageId=null]
25-04-01 13:55:44.383 [http-nio-8080-exec-1] DEBUG org.hibernate.SQL - select u1_0.id,u1_0.created_at,u1_0.email,u1_0.password,u1_0.phone_number,u1_0.profile_image_id,u1_0.updated_at,u1_0.username from users u1_0
25-04-01 13:55:44.403 [http-nio-8080-exec-2] DEBUG org.hibernate.SQL - select u1_0.id,u1_0.created_at,u1_0.email,u1_0.password,u1_0.phone_number,u1_0.profile_image_id,u1_0.updated_at,u1_0.username from users u1_0
25-04-01 13:55:44.419 [http-nio-8080-exec-2] DEBUG org.hibernate.SQL - select us1_0.id,us1_0.created_at,us1_0.last_seen_at,us1_0.updated_at,us1_0.user_id from user_statuses us1_0 where us1_0.user_id=?
25-04-01 13:55:44.419 [http-nio-8080-exec-2] TRACE org.hibernate.orm.jdbc.bind - binding parameter (1:UUID) <- [b803386e-24ff-40df-99fa-684784d1a15c]
25-04-01 13:55:44.421 [http-nio-8080-exec-2] DEBUG org.hibernate.SQL - select us1_0.id,us1_0.created_at,us1_0.last_seen_at,us1_0.updated_at,us1_0.user_id from user_statuses us1_0 where us1_0.user_id=?
25-04-01 13:55:44.421 [http-nio-8080-exec-2] TRACE org.hibernate.orm.jdbc.bind - binding parameter (1:UUID) <- [8841b0ec-d14f-4f2e-9dc3-a42b7fe28a0a]
25-04-01 13:55:44.422 [http-nio-8080-exec-2] DEBUG org.hibernate.SQL - select us1_0.id,us1_0.created_at,us1_0.last_seen_at,us1_0.updated_at,us1_0.user_id from user_statuses us1_0 where us1_0.user_id=?
25-04-01 13:55:44.422 [http-nio-8080-exec-2] TRACE org.hibernate.orm.jdbc.bind - binding parameter (1:UUID) <- [cba9e2aa-94c9-4c21-851e-b2b235b3164f]
25-04-01 13:55:44.423 [http-nio-8080-exec-2] DEBUG org.hibernate.SQL - select us1_0.id,us1_0.created_at,us1_0.last_seen_at,us1_0.updated_at,us1_0.user_id from user_statuses us1_0 where us1_0.user_id=?
25-04-01 13:55:44.423 [http-nio-8080-exec-2] TRACE org.hibernate.orm.jdbc.bind - binding parameter (1:UUID) <- [cb14bf60-4cda-41a6-996b-489975241041]
25-04-01 13:55:44.423 [http-nio-8080-exec-2] DEBUG org.hibernate.SQL - select us1_0.id,us1_0.created_at,us1_0.last_seen_at,us1_0.updated_at,us1_0.user_id from user_statuses us1_0 where us1_0.user_id=?
25-04-01 13:55:44.423 [http-nio-8080-exec-2] TRACE org.hibernate.orm.jdbc.bind - binding parameter (1:UUID) <- [74a507ee-ffb6-4c00-b853-7d9f28c9d870]
25-04-01 13:55:44.424 [http-nio-8080-exec-2] DEBUG org.hibernate.SQL - select us1_0.id,us1_0.created_at,us1_0.last_seen_at,us1_0.updated_at,us1_0.user_id from user_statuses us1_0 where us1_0.user_id=?
25-04-01 13:55:44.424 [http-nio-8080-exec-2] TRACE org.hibernate.orm.jdbc.bind - binding parameter (1:UUID) <- [a38cf3bb-8e0c-4abd-8f4a-a4e1fa8a9a50]
25-04-01 13:55:44.425 [http-nio-8080-exec-2] DEBUG org.hibernate.SQL - select us1_0.id,us1_0.created_at,us1_0.last_seen_at,us1_0.updated_at,us1_0.user_id from user_statuses us1_0 where us1_0.user_id=?
25-04-01 13:55:44.425 [http-nio-8080-exec-2] TRACE org.hibernate.orm.jdbc.bind - binding parameter (1:UUID) <- [70005511-e253-4971-a895-222a7aacbcc0]
25-04-01 13:55:44.426 [http-nio-8080-exec-2] DEBUG org.hibernate.SQL - select us1_0.id,us1_0.created_at,us1_0.last_seen_at,us1_0.updated_at,us1_0.user_id from user_statuses us1_0 where us1_0.user_id=?
25-04-01 13:55:44.426 [http-nio-8080-exec-2] TRACE org.hibernate.orm.jdbc.bind - binding parameter (1:UUID) <- [7fe4cf30-8de7-4ecc-8f76-ad08aad9ed53]
25-04-01 13:56:58.021 [SpringApplicationShutdownHook] INFO  o.s.b.w.e.tomcat.GracefulShutdown - Commencing graceful shutdown. Waiting for active requests to complete
25-04-01 13:56:58.024 [tomcat-shutdown] INFO  o.s.b.w.e.tomcat.GracefulShutdown - Graceful shutdown complete
25-04-01 13:56:58.026 [SpringApplicationShutdownHook] INFO  o.s.o.j.LocalContainerEntityManagerFactoryBean - Closing JPA EntityManagerFactory for persistence unit 'default'
25-04-01 13:56:58.026 [SpringApplicationShutdownHook] INFO  com.zaxxer.hikari.HikariDataSource - HikariPool-1 - Shutdown initiated...
25-04-01 13:56:58.027 [SpringApplicationShutdownHook] INFO  com.zaxxer.hikari.HikariDataSource - HikariPool-1 - Shutdown completed.
25-04-01 13:56:58.984 [background-preinit] INFO  o.h.validator.internal.util.Version - HV000001: Hibernate Validator 8.0.1.Final
25-04-01 13:56:58.999 [main] INFO  c.s.m.discodeit.DiscodeitApplication - Starting DiscodeitApplication using Java 17.0.13 with PID 31751 (/Users/taesikpark/Documents/CodeIT/_1-sprint-mission/build/classes/java/main started by taesikpark in /Users/taesikpark/Documents/CodeIT/_1-sprint-mission)
25-04-01 13:56:58.999 [main] DEBUG c.s.m.discodeit.DiscodeitApplication - Running with Spring Boot v3.4.0, Spring v6.2.0
25-04-01 13:56:58.999 [main] INFO  c.s.m.discodeit.DiscodeitApplication - The following 1 profile is active: "dev"
25-04-01 13:56:59.215 [main] INFO  o.s.d.r.c.RepositoryConfigurationDelegate - Bootstrapping Spring Data JPA repositories in DEFAULT mode.
25-04-01 13:56:59.238 [main] INFO  o.s.d.r.c.RepositoryConfigurationDelegate - Finished Spring Data repository scanning in 20 ms. Found 6 JPA repository interfaces.
25-04-01 13:56:59.372 [main] INFO  o.s.b.w.e.tomcat.TomcatWebServer - Tomcat initialized with port 8080 (http)
25-04-01 13:56:59.376 [main] INFO  o.a.coyote.http11.Http11NioProtocol - Initializing ProtocolHandler ["http-nio-8080"]
25-04-01 13:56:59.376 [main] INFO  o.a.catalina.core.StandardService - Starting service [Tomcat]
25-04-01 13:56:59.376 [main] INFO  o.a.catalina.core.StandardEngine - Starting Servlet engine: [Apache Tomcat/10.1.33]
25-04-01 13:56:59.391 [main] INFO  o.a.c.c.C.[Tomcat].[localhost].[/] - Initializing Spring embedded WebApplicationContext
25-04-01 13:56:59.391 [main] INFO  o.s.b.w.s.c.ServletWebServerApplicationContext - Root WebApplicationContext: initialization completed in 381 ms
25-04-01 13:56:59.418 [main] INFO  com.zaxxer.hikari.HikariDataSource - HikariPool-1 - Starting...
25-04-01 13:56:59.455 [main] INFO  com.zaxxer.hikari.pool.HikariPool - HikariPool-1 - Added connection org.postgresql.jdbc.PgConnection@c568f91
25-04-01 13:56:59.456 [main] INFO  com.zaxxer.hikari.HikariDataSource - HikariPool-1 - Start completed.
25-04-01 13:56:59.483 [main] INFO  o.h.jpa.internal.util.LogHelper - HHH000204: Processing PersistenceUnitInfo [name: default]
25-04-01 13:56:59.497 [main] INFO  org.hibernate.Version - HHH000412: Hibernate ORM core version 6.6.2.Final
25-04-01 13:56:59.505 [main] INFO  o.h.c.i.RegionFactoryInitiator - HHH000026: Second-level cache disabled
25-04-01 13:56:59.575 [main] INFO  o.s.o.j.p.SpringPersistenceUnitInfo - No LoadTimeWeaver setup: ignoring JPA class transformer
25-04-01 13:56:59.593 [main] WARN  org.hibernate.orm.deprecation - HHH90000025: PostgreSQLDialect does not need to be specified explicitly using 'hibernate.dialect' (remove the property setting and it will be selected by default)
25-04-01 13:56:59.598 [main] INFO  o.hibernate.orm.connections.pooling - HHH10001005: Database info:
	Database JDBC URL [Connecting through datasource 'HikariDataSource (HikariPool-1)']
	Database driver: undefined/unknown
	Database version: 14.17
	Autocommit mode: undefined/unknown
	Isolation level: undefined/unknown
	Minimum pool size: undefined/unknown
	Maximum pool size: undefined/unknown
25-04-01 13:56:59.880 [main] INFO  o.h.e.t.j.p.i.JtaPlatformInitiator - HHH000489: No JTA platform available (set 'hibernate.transaction.jta.platform' to enable JTA platform integration)
25-04-01 13:56:59.905 [main] INFO  o.s.o.j.LocalContainerEntityManagerFactoryBean - Initialized JPA EntityManagerFactory for persistence unit 'default'
25-04-01 13:57:00.073 [main] INFO  o.s.b.a.w.s.WelcomePageHandlerMapping - Adding welcome page: class path resource [static/index.html]
25-04-01 13:57:00.183 [main] INFO  o.a.coyote.http11.Http11NioProtocol - Starting ProtocolHandler ["http-nio-8080"]
25-04-01 13:57:00.189 [main] INFO  o.s.b.w.e.tomcat.TomcatWebServer - Tomcat started on port 8080 (http) with context path '/'
25-04-01 13:57:00.193 [main] INFO  c.s.m.discodeit.DiscodeitApplication - Started DiscodeitApplication in 1.348 seconds (process running for 1.503)
25-04-01 13:57:07.850 [http-nio-8080-exec-1] INFO  o.a.c.c.C.[Tomcat].[localhost].[/] - Initializing Spring DispatcherServlet 'dispatcherServlet'
25-04-01 13:57:07.850 [http-nio-8080-exec-1] INFO  o.s.web.servlet.DispatcherServlet - Initializing Servlet 'dispatcherServlet'
25-04-01 13:57:07.851 [http-nio-8080-exec-1] INFO  o.s.web.servlet.DispatcherServlet - Completed initialization in 1 ms
25-04-01 13:57:07.886 [http-nio-8080-exec-1] INFO  c.s.m.d.c.AuthRestController - login request : UserRequest[username=martin@google.com, password=asdf1234, email=null, phoneNumber=null, profileImageId=null]
25-04-01 13:57:07.916 [http-nio-8080-exec-1] DEBUG org.hibernate.SQL - select u1_0.id,u1_0.created_at,u1_0.email,u1_0.password,u1_0.phone_number,u1_0.profile_image_id,u1_0.updated_at,u1_0.username from users u1_0
25-04-01 13:57:07.935 [http-nio-8080-exec-2] DEBUG org.hibernate.SQL - select u1_0.id,u1_0.created_at,u1_0.email,u1_0.password,u1_0.phone_number,u1_0.profile_image_id,u1_0.updated_at,u1_0.username from users u1_0
25-04-01 13:57:07.951 [http-nio-8080-exec-2] DEBUG org.hibernate.SQL - select us1_0.id,us1_0.created_at,us1_0.last_seen_at,us1_0.updated_at,us1_0.user_id from user_statuses us1_0 where us1_0.user_id=?
25-04-01 13:57:07.951 [http-nio-8080-exec-2] TRACE org.hibernate.orm.jdbc.bind - binding parameter (1:UUID) <- [b803386e-24ff-40df-99fa-684784d1a15c]
25-04-01 13:57:07.954 [http-nio-8080-exec-2] DEBUG org.hibernate.SQL - select us1_0.id,us1_0.created_at,us1_0.last_seen_at,us1_0.updated_at,us1_0.user_id from user_statuses us1_0 where us1_0.user_id=?
25-04-01 13:57:07.954 [http-nio-8080-exec-2] TRACE org.hibernate.orm.jdbc.bind - binding parameter (1:UUID) <- [8841b0ec-d14f-4f2e-9dc3-a42b7fe28a0a]
25-04-01 13:57:07.954 [http-nio-8080-exec-2] DEBUG org.hibernate.SQL - select us1_0.id,us1_0.created_at,us1_0.last_seen_at,us1_0.updated_at,us1_0.user_id from user_statuses us1_0 where us1_0.user_id=?
25-04-01 13:57:07.954 [http-nio-8080-exec-2] TRACE org.hibernate.orm.jdbc.bind - binding parameter (1:UUID) <- [cba9e2aa-94c9-4c21-851e-b2b235b3164f]
25-04-01 13:57:07.955 [http-nio-8080-exec-2] DEBUG org.hibernate.SQL - select us1_0.id,us1_0.created_at,us1_0.last_seen_at,us1_0.updated_at,us1_0.user_id from user_statuses us1_0 where us1_0.user_id=?
25-04-01 13:57:07.955 [http-nio-8080-exec-2] TRACE org.hibernate.orm.jdbc.bind - binding parameter (1:UUID) <- [cb14bf60-4cda-41a6-996b-489975241041]
25-04-01 13:57:07.956 [http-nio-8080-exec-2] DEBUG org.hibernate.SQL - select us1_0.id,us1_0.created_at,us1_0.last_seen_at,us1_0.updated_at,us1_0.user_id from user_statuses us1_0 where us1_0.user_id=?
25-04-01 13:57:07.956 [http-nio-8080-exec-2] TRACE org.hibernate.orm.jdbc.bind - binding parameter (1:UUID) <- [74a507ee-ffb6-4c00-b853-7d9f28c9d870]
25-04-01 13:57:07.957 [http-nio-8080-exec-2] DEBUG org.hibernate.SQL - select us1_0.id,us1_0.created_at,us1_0.last_seen_at,us1_0.updated_at,us1_0.user_id from user_statuses us1_0 where us1_0.user_id=?
25-04-01 13:57:07.957 [http-nio-8080-exec-2] TRACE org.hibernate.orm.jdbc.bind - binding parameter (1:UUID) <- [a38cf3bb-8e0c-4abd-8f4a-a4e1fa8a9a50]
25-04-01 13:57:07.957 [http-nio-8080-exec-2] DEBUG org.hibernate.SQL - select us1_0.id,us1_0.created_at,us1_0.last_seen_at,us1_0.updated_at,us1_0.user_id from user_statuses us1_0 where us1_0.user_id=?
25-04-01 13:57:07.957 [http-nio-8080-exec-2] TRACE org.hibernate.orm.jdbc.bind - binding parameter (1:UUID) <- [70005511-e253-4971-a895-222a7aacbcc0]
25-04-01 13:57:07.958 [http-nio-8080-exec-2] DEBUG org.hibernate.SQL - select us1_0.id,us1_0.created_at,us1_0.last_seen_at,us1_0.updated_at,us1_0.user_id from user_statuses us1_0 where us1_0.user_id=?
25-04-01 13:57:07.958 [http-nio-8080-exec-2] TRACE org.hibernate.orm.jdbc.bind - binding parameter (1:UUID) <- [7fe4cf30-8de7-4ecc-8f76-ad08aad9ed53]
25-04-01 13:57:07.997 [http-nio-8080-exec-3] INFO  c.s.m.d.c.AuthRestController - login request : UserRequest[username=martin@google.com, password=asdf1234, email=null, phoneNumber=null, profileImageId=null]
25-04-01 13:57:07.998 [http-nio-8080-exec-3] DEBUG org.hibernate.SQL - select u1_0.id,u1_0.created_at,u1_0.email,u1_0.password,u1_0.phone_number,u1_0.profile_image_id,u1_0.updated_at,u1_0.username from users u1_0
25-04-01 13:57:08.002 [http-nio-8080-exec-4] DEBUG org.hibernate.SQL - select u1_0.id,u1_0.created_at,u1_0.email,u1_0.password,u1_0.phone_number,u1_0.profile_image_id,u1_0.updated_at,u1_0.username from users u1_0
25-04-01 13:57:08.004 [http-nio-8080-exec-4] DEBUG org.hibernate.SQL - select us1_0.id,us1_0.created_at,us1_0.last_seen_at,us1_0.updated_at,us1_0.user_id from user_statuses us1_0 where us1_0.user_id=?
25-04-01 13:57:08.004 [http-nio-8080-exec-4] TRACE org.hibernate.orm.jdbc.bind - binding parameter (1:UUID) <- [b803386e-24ff-40df-99fa-684784d1a15c]
25-04-01 13:57:08.004 [http-nio-8080-exec-4] DEBUG org.hibernate.SQL - select us1_0.id,us1_0.created_at,us1_0.last_seen_at,us1_0.updated_at,us1_0.user_id from user_statuses us1_0 where us1_0.user_id=?
25-04-01 13:57:08.005 [http-nio-8080-exec-4] TRACE org.hibernate.orm.jdbc.bind - binding parameter (1:UUID) <- [8841b0ec-d14f-4f2e-9dc3-a42b7fe28a0a]
25-04-01 13:57:08.005 [http-nio-8080-exec-4] DEBUG org.hibernate.SQL - select us1_0.id,us1_0.created_at,us1_0.last_seen_at,us1_0.updated_at,us1_0.user_id from user_statuses us1_0 where us1_0.user_id=?
25-04-01 13:57:08.005 [http-nio-8080-exec-4] TRACE org.hibernate.orm.jdbc.bind - binding parameter (1:UUID) <- [cba9e2aa-94c9-4c21-851e-b2b235b3164f]
25-04-01 13:57:08.006 [http-nio-8080-exec-4] DEBUG org.hibernate.SQL - select us1_0.id,us1_0.created_at,us1_0.last_seen_at,us1_0.updated_at,us1_0.user_id from user_statuses us1_0 where us1_0.user_id=?
25-04-01 13:57:08.006 [http-nio-8080-exec-4] TRACE org.hibernate.orm.jdbc.bind - binding parameter (1:UUID) <- [cb14bf60-4cda-41a6-996b-489975241041]
25-04-01 13:57:08.006 [http-nio-8080-exec-4] DEBUG org.hibernate.SQL - select us1_0.id,us1_0.created_at,us1_0.last_seen_at,us1_0.updated_at,us1_0.user_id from user_statuses us1_0 where us1_0.user_id=?
25-04-01 13:57:08.007 [http-nio-8080-exec-4] TRACE org.hibernate.orm.jdbc.bind - binding parameter (1:UUID) <- [74a507ee-ffb6-4c00-b853-7d9f28c9d870]
25-04-01 13:57:08.007 [http-nio-8080-exec-4] DEBUG org.hibernate.SQL - select us1_0.id,us1_0.created_at,us1_0.last_seen_at,us1_0.updated_at,us1_0.user_id from user_statuses us1_0 where us1_0.user_id=?
25-04-01 13:57:08.007 [http-nio-8080-exec-4] TRACE org.hibernate.orm.jdbc.bind - binding parameter (1:UUID) <- [a38cf3bb-8e0c-4abd-8f4a-a4e1fa8a9a50]
25-04-01 13:57:08.008 [http-nio-8080-exec-4] DEBUG org.hibernate.SQL - select us1_0.id,us1_0.created_at,us1_0.last_seen_at,us1_0.updated_at,us1_0.user_id from user_statuses us1_0 where us1_0.user_id=?
25-04-01 13:57:08.008 [http-nio-8080-exec-4] TRACE org.hibernate.orm.jdbc.bind - binding parameter (1:UUID) <- [70005511-e253-4971-a895-222a7aacbcc0]
25-04-01 13:57:08.009 [http-nio-8080-exec-4] DEBUG org.hibernate.SQL - select us1_0.id,us1_0.created_at,us1_0.last_seen_at,us1_0.updated_at,us1_0.user_id from user_statuses us1_0 where us1_0.user_id=?
25-04-01 13:57:08.009 [http-nio-8080-exec-4] TRACE org.hibernate.orm.jdbc.bind - binding parameter (1:UUID) <- [7fe4cf30-8de7-4ecc-8f76-ad08aad9ed53]
25-04-01 13:57:15.831 [SpringApplicationShutdownHook] INFO  o.s.b.w.e.tomcat.GracefulShutdown - Commencing graceful shutdown. Waiting for active requests to complete
25-04-01 13:57:15.836 [tomcat-shutdown] INFO  o.s.b.w.e.tomcat.GracefulShutdown - Graceful shutdown complete
25-04-01 13:57:15.838 [SpringApplicationShutdownHook] INFO  o.s.o.j.LocalContainerEntityManagerFactoryBean - Closing JPA EntityManagerFactory for persistence unit 'default'
25-04-01 13:57:15.839 [SpringApplicationShutdownHook] INFO  com.zaxxer.hikari.HikariDataSource - HikariPool-1 - Shutdown initiated...
25-04-01 13:57:15.840 [SpringApplicationShutdownHook] INFO  com.zaxxer.hikari.HikariDataSource - HikariPool-1 - Shutdown completed.
25-04-01 14:00:20.457 [background-preinit] INFO  o.h.validator.internal.util.Version - HV000001: Hibernate Validator 8.0.1.Final
25-04-01 14:00:20.471 [main] INFO  c.s.m.discodeit.DiscodeitApplication - Starting DiscodeitApplication using Java 17.0.13 with PID 32277 (/Users/taesikpark/Documents/CodeIT/_1-sprint-mission/build/classes/java/main started by taesikpark in /Users/taesikpark/Documents/CodeIT/_1-sprint-mission)
25-04-01 14:00:20.472 [main] DEBUG c.s.m.discodeit.DiscodeitApplication - Running with Spring Boot v3.4.0, Spring v6.2.0
25-04-01 14:00:20.472 [main] INFO  c.s.m.discodeit.DiscodeitApplication - The following 1 profile is active: "dev"
25-04-01 14:00:20.705 [main] INFO  o.s.d.r.c.RepositoryConfigurationDelegate - Bootstrapping Spring Data JPA repositories in DEFAULT mode.
25-04-01 14:00:20.729 [main] INFO  o.s.d.r.c.RepositoryConfigurationDelegate - Finished Spring Data repository scanning in 21 ms. Found 6 JPA repository interfaces.
25-04-01 14:00:20.882 [main] INFO  o.s.b.w.e.tomcat.TomcatWebServer - Tomcat initialized with port 8080 (http)
25-04-01 14:00:20.886 [main] INFO  o.a.coyote.http11.Http11NioProtocol - Initializing ProtocolHandler ["http-nio-8080"]
25-04-01 14:00:20.886 [main] INFO  o.a.catalina.core.StandardService - Starting service [Tomcat]
25-04-01 14:00:20.886 [main] INFO  o.a.catalina.core.StandardEngine - Starting Servlet engine: [Apache Tomcat/10.1.33]
25-04-01 14:00:20.904 [main] INFO  o.a.c.c.C.[Tomcat].[localhost].[/] - Initializing Spring embedded WebApplicationContext
25-04-01 14:00:20.904 [main] INFO  o.s.b.w.s.c.ServletWebServerApplicationContext - Root WebApplicationContext: initialization completed in 421 ms
25-04-01 14:00:20.938 [main] INFO  com.zaxxer.hikari.HikariDataSource - HikariPool-1 - Starting...
25-04-01 14:00:20.977 [main] INFO  com.zaxxer.hikari.pool.HikariPool - HikariPool-1 - Added connection org.postgresql.jdbc.PgConnection@70d4f672
25-04-01 14:00:20.977 [main] INFO  com.zaxxer.hikari.HikariDataSource - HikariPool-1 - Start completed.
25-04-01 14:00:21.000 [main] INFO  o.h.jpa.internal.util.LogHelper - HHH000204: Processing PersistenceUnitInfo [name: default]
25-04-01 14:00:21.014 [main] INFO  org.hibernate.Version - HHH000412: Hibernate ORM core version 6.6.2.Final
25-04-01 14:00:21.023 [main] INFO  o.h.c.i.RegionFactoryInitiator - HHH000026: Second-level cache disabled
25-04-01 14:00:21.097 [main] INFO  o.s.o.j.p.SpringPersistenceUnitInfo - No LoadTimeWeaver setup: ignoring JPA class transformer
25-04-01 14:00:21.115 [main] WARN  org.hibernate.orm.deprecation - HHH90000025: PostgreSQLDialect does not need to be specified explicitly using 'hibernate.dialect' (remove the property setting and it will be selected by default)
25-04-01 14:00:21.120 [main] INFO  o.hibernate.orm.connections.pooling - HHH10001005: Database info:
	Database JDBC URL [Connecting through datasource 'HikariDataSource (HikariPool-1)']
	Database driver: undefined/unknown
	Database version: 14.17
	Autocommit mode: undefined/unknown
	Isolation level: undefined/unknown
	Minimum pool size: undefined/unknown
	Maximum pool size: undefined/unknown
25-04-01 14:00:21.407 [main] INFO  o.h.e.t.j.p.i.JtaPlatformInitiator - HHH000489: No JTA platform available (set 'hibernate.transaction.jta.platform' to enable JTA platform integration)
25-04-01 14:00:21.431 [main] INFO  o.s.o.j.LocalContainerEntityManagerFactoryBean - Initialized JPA EntityManagerFactory for persistence unit 'default'
25-04-01 14:00:21.605 [main] INFO  o.s.b.a.w.s.WelcomePageHandlerMapping - Adding welcome page: class path resource [static/index.html]
25-04-01 14:00:21.718 [main] INFO  o.a.coyote.http11.Http11NioProtocol - Starting ProtocolHandler ["http-nio-8080"]
25-04-01 14:00:21.725 [main] INFO  o.s.b.w.e.tomcat.TomcatWebServer - Tomcat started on port 8080 (http) with context path '/'
25-04-01 14:00:21.728 [main] INFO  c.s.m.discodeit.DiscodeitApplication - Started DiscodeitApplication in 1.418 seconds (process running for 1.58)
25-04-01 14:00:23.753 [http-nio-8080-exec-1] INFO  o.a.c.c.C.[Tomcat].[localhost].[/] - Initializing Spring DispatcherServlet 'dispatcherServlet'
25-04-01 14:00:23.753 [http-nio-8080-exec-1] INFO  o.s.web.servlet.DispatcherServlet - Initializing Servlet 'dispatcherServlet'
25-04-01 14:00:23.754 [http-nio-8080-exec-1] INFO  o.s.web.servlet.DispatcherServlet - Completed initialization in 1 ms
25-04-01 14:00:23.788 [http-nio-8080-exec-1] INFO  c.s.m.d.c.AuthRestController - login request : UserRequest[username=martin@google.com, password=asdf1234, email=null, phoneNumber=null, profileImageId=null]
25-04-01 14:00:23.817 [http-nio-8080-exec-1] DEBUG org.hibernate.SQL - select u1_0.id,u1_0.created_at,u1_0.email,u1_0.password,u1_0.phone_number,u1_0.profile_image_id,u1_0.updated_at,u1_0.username from users u1_0
25-04-01 14:00:23.839 [http-nio-8080-exec-2] DEBUG org.hibernate.SQL - select u1_0.id,u1_0.created_at,u1_0.email,u1_0.password,u1_0.phone_number,u1_0.profile_image_id,u1_0.updated_at,u1_0.username from users u1_0
25-04-01 14:00:23.855 [http-nio-8080-exec-2] DEBUG org.hibernate.SQL - select us1_0.id,us1_0.created_at,us1_0.last_seen_at,us1_0.updated_at,us1_0.user_id from user_statuses us1_0 where us1_0.user_id=?
25-04-01 14:00:23.855 [http-nio-8080-exec-2] TRACE org.hibernate.orm.jdbc.bind - binding parameter (1:UUID) <- [b803386e-24ff-40df-99fa-684784d1a15c]
25-04-01 14:00:23.857 [http-nio-8080-exec-2] DEBUG org.hibernate.SQL - select us1_0.id,us1_0.created_at,us1_0.last_seen_at,us1_0.updated_at,us1_0.user_id from user_statuses us1_0 where us1_0.user_id=?
25-04-01 14:00:23.858 [http-nio-8080-exec-2] TRACE org.hibernate.orm.jdbc.bind - binding parameter (1:UUID) <- [8841b0ec-d14f-4f2e-9dc3-a42b7fe28a0a]
25-04-01 14:00:23.858 [http-nio-8080-exec-2] DEBUG org.hibernate.SQL - select us1_0.id,us1_0.created_at,us1_0.last_seen_at,us1_0.updated_at,us1_0.user_id from user_statuses us1_0 where us1_0.user_id=?
25-04-01 14:00:23.858 [http-nio-8080-exec-2] TRACE org.hibernate.orm.jdbc.bind - binding parameter (1:UUID) <- [cba9e2aa-94c9-4c21-851e-b2b235b3164f]
25-04-01 14:00:23.859 [http-nio-8080-exec-2] DEBUG org.hibernate.SQL - select us1_0.id,us1_0.created_at,us1_0.last_seen_at,us1_0.updated_at,us1_0.user_id from user_statuses us1_0 where us1_0.user_id=?
25-04-01 14:00:23.859 [http-nio-8080-exec-2] TRACE org.hibernate.orm.jdbc.bind - binding parameter (1:UUID) <- [cb14bf60-4cda-41a6-996b-489975241041]
25-04-01 14:00:23.860 [http-nio-8080-exec-2] DEBUG org.hibernate.SQL - select us1_0.id,us1_0.created_at,us1_0.last_seen_at,us1_0.updated_at,us1_0.user_id from user_statuses us1_0 where us1_0.user_id=?
25-04-01 14:00:23.860 [http-nio-8080-exec-2] TRACE org.hibernate.orm.jdbc.bind - binding parameter (1:UUID) <- [74a507ee-ffb6-4c00-b853-7d9f28c9d870]
25-04-01 14:00:23.861 [http-nio-8080-exec-2] DEBUG org.hibernate.SQL - select us1_0.id,us1_0.created_at,us1_0.last_seen_at,us1_0.updated_at,us1_0.user_id from user_statuses us1_0 where us1_0.user_id=?
25-04-01 14:00:23.861 [http-nio-8080-exec-2] TRACE org.hibernate.orm.jdbc.bind - binding parameter (1:UUID) <- [a38cf3bb-8e0c-4abd-8f4a-a4e1fa8a9a50]
25-04-01 14:00:23.862 [http-nio-8080-exec-2] DEBUG org.hibernate.SQL - select us1_0.id,us1_0.created_at,us1_0.last_seen_at,us1_0.updated_at,us1_0.user_id from user_statuses us1_0 where us1_0.user_id=?
25-04-01 14:00:23.862 [http-nio-8080-exec-2] TRACE org.hibernate.orm.jdbc.bind - binding parameter (1:UUID) <- [70005511-e253-4971-a895-222a7aacbcc0]
25-04-01 14:00:23.862 [http-nio-8080-exec-2] DEBUG org.hibernate.SQL - select us1_0.id,us1_0.created_at,us1_0.last_seen_at,us1_0.updated_at,us1_0.user_id from user_statuses us1_0 where us1_0.user_id=?
25-04-01 14:00:23.862 [http-nio-8080-exec-2] TRACE org.hibernate.orm.jdbc.bind - binding parameter (1:UUID) <- [7fe4cf30-8de7-4ecc-8f76-ad08aad9ed53]
25-04-01 14:04:52.611 [SpringApplicationShutdownHook] INFO  o.s.b.w.e.tomcat.GracefulShutdown - Commencing graceful shutdown. Waiting for active requests to complete
25-04-01 14:04:52.616 [tomcat-shutdown] INFO  o.s.b.w.e.tomcat.GracefulShutdown - Graceful shutdown complete
25-04-01 14:04:52.618 [SpringApplicationShutdownHook] INFO  o.s.o.j.LocalContainerEntityManagerFactoryBean - Closing JPA EntityManagerFactory for persistence unit 'default'
25-04-01 14:04:52.619 [SpringApplicationShutdownHook] INFO  com.zaxxer.hikari.HikariDataSource - HikariPool-1 - Shutdown initiated...
25-04-01 14:04:52.620 [SpringApplicationShutdownHook] INFO  com.zaxxer.hikari.HikariDataSource - HikariPool-1 - Shutdown completed.
25-04-01 14:04:53.655 [background-preinit] INFO  o.h.validator.internal.util.Version - HV000001: Hibernate Validator 8.0.1.Final
25-04-01 14:04:53.669 [main] INFO  c.s.m.discodeit.DiscodeitApplication - Starting DiscodeitApplication using Java 17.0.13 with PID 32943 (/Users/taesikpark/Documents/CodeIT/_1-sprint-mission/build/classes/java/main started by taesikpark in /Users/taesikpark/Documents/CodeIT/_1-sprint-mission)
25-04-01 14:04:53.670 [main] DEBUG c.s.m.discodeit.DiscodeitApplication - Running with Spring Boot v3.4.0, Spring v6.2.0
25-04-01 14:04:53.670 [main] INFO  c.s.m.discodeit.DiscodeitApplication - The following 1 profile is active: "dev"
25-04-01 14:04:53.904 [main] INFO  o.s.d.r.c.RepositoryConfigurationDelegate - Bootstrapping Spring Data JPA repositories in DEFAULT mode.
25-04-01 14:04:53.932 [main] INFO  o.s.d.r.c.RepositoryConfigurationDelegate - Finished Spring Data repository scanning in 24 ms. Found 6 JPA repository interfaces.
25-04-01 14:04:54.079 [main] INFO  o.s.b.w.e.tomcat.TomcatWebServer - Tomcat initialized with port 8080 (http)
25-04-01 14:04:54.082 [main] INFO  o.a.coyote.http11.Http11NioProtocol - Initializing ProtocolHandler ["http-nio-8080"]
25-04-01 14:04:54.083 [main] INFO  o.a.catalina.core.StandardService - Starting service [Tomcat]
25-04-01 14:04:54.083 [main] INFO  o.a.catalina.core.StandardEngine - Starting Servlet engine: [Apache Tomcat/10.1.33]
25-04-01 14:04:54.100 [main] INFO  o.a.c.c.C.[Tomcat].[localhost].[/] - Initializing Spring embedded WebApplicationContext
25-04-01 14:04:54.100 [main] INFO  o.s.b.w.s.c.ServletWebServerApplicationContext - Root WebApplicationContext: initialization completed in 420 ms
25-04-01 14:04:54.129 [main] INFO  com.zaxxer.hikari.HikariDataSource - HikariPool-1 - Starting...
25-04-01 14:04:54.167 [main] INFO  com.zaxxer.hikari.pool.HikariPool - HikariPool-1 - Added connection org.postgresql.jdbc.PgConnection@79252c83
25-04-01 14:04:54.168 [main] INFO  com.zaxxer.hikari.HikariDataSource - HikariPool-1 - Start completed.
25-04-01 14:04:54.192 [main] INFO  o.h.jpa.internal.util.LogHelper - HHH000204: Processing PersistenceUnitInfo [name: default]
25-04-01 14:04:54.207 [main] INFO  org.hibernate.Version - HHH000412: Hibernate ORM core version 6.6.2.Final
25-04-01 14:04:54.215 [main] INFO  o.h.c.i.RegionFactoryInitiator - HHH000026: Second-level cache disabled
25-04-01 14:04:54.285 [main] INFO  o.s.o.j.p.SpringPersistenceUnitInfo - No LoadTimeWeaver setup: ignoring JPA class transformer
25-04-01 14:04:54.304 [main] WARN  org.hibernate.orm.deprecation - HHH90000025: PostgreSQLDialect does not need to be specified explicitly using 'hibernate.dialect' (remove the property setting and it will be selected by default)
25-04-01 14:04:54.308 [main] INFO  o.hibernate.orm.connections.pooling - HHH10001005: Database info:
	Database JDBC URL [Connecting through datasource 'HikariDataSource (HikariPool-1)']
	Database driver: undefined/unknown
	Database version: 14.17
	Autocommit mode: undefined/unknown
	Isolation level: undefined/unknown
	Minimum pool size: undefined/unknown
	Maximum pool size: undefined/unknown
25-04-01 14:04:54.588 [main] INFO  o.h.e.t.j.p.i.JtaPlatformInitiator - HHH000489: No JTA platform available (set 'hibernate.transaction.jta.platform' to enable JTA platform integration)
25-04-01 14:04:54.612 [main] INFO  o.s.o.j.LocalContainerEntityManagerFactoryBean - Initialized JPA EntityManagerFactory for persistence unit 'default'
25-04-01 14:04:54.781 [main] INFO  o.s.b.a.w.s.WelcomePageHandlerMapping - Adding welcome page: class path resource [static/index.html]
25-04-01 14:04:54.890 [main] INFO  o.a.coyote.http11.Http11NioProtocol - Starting ProtocolHandler ["http-nio-8080"]
25-04-01 14:04:54.896 [main] INFO  o.s.b.w.e.tomcat.TomcatWebServer - Tomcat started on port 8080 (http) with context path '/'
25-04-01 14:04:54.900 [main] INFO  c.s.m.discodeit.DiscodeitApplication - Started DiscodeitApplication in 1.395 seconds (process running for 1.555)
25-04-01 14:05:00.709 [http-nio-8080-exec-1] INFO  o.a.c.c.C.[Tomcat].[localhost].[/] - Initializing Spring DispatcherServlet 'dispatcherServlet'
25-04-01 14:05:00.709 [http-nio-8080-exec-1] INFO  o.s.web.servlet.DispatcherServlet - Initializing Servlet 'dispatcherServlet'
25-04-01 14:05:00.710 [http-nio-8080-exec-1] INFO  o.s.web.servlet.DispatcherServlet - Completed initialization in 1 ms
25-04-01 14:05:00.744 [http-nio-8080-exec-1] INFO  c.s.m.d.c.AuthRestController - login request : UserRequest[username=, password=, email=null, phoneNumber=null, profileImageId=null]
25-04-01 14:05:00.773 [http-nio-8080-exec-1] DEBUG org.hibernate.SQL - select u1_0.id,u1_0.created_at,u1_0.email,u1_0.password,u1_0.phone_number,u1_0.profile_image_id,u1_0.updated_at,u1_0.username from users u1_0
25-04-01 14:05:00.793 [http-nio-8080-exec-2] DEBUG org.hibernate.SQL - select u1_0.id,u1_0.created_at,u1_0.email,u1_0.password,u1_0.phone_number,u1_0.profile_image_id,u1_0.updated_at,u1_0.username from users u1_0
25-04-01 14:05:00.809 [http-nio-8080-exec-2] DEBUG org.hibernate.SQL - select us1_0.id,us1_0.created_at,us1_0.last_seen_at,us1_0.updated_at,us1_0.user_id from user_statuses us1_0 where us1_0.user_id=?
25-04-01 14:05:00.809 [http-nio-8080-exec-2] TRACE org.hibernate.orm.jdbc.bind - binding parameter (1:UUID) <- [b803386e-24ff-40df-99fa-684784d1a15c]
25-04-01 14:05:00.811 [http-nio-8080-exec-2] DEBUG org.hibernate.SQL - select us1_0.id,us1_0.created_at,us1_0.last_seen_at,us1_0.updated_at,us1_0.user_id from user_statuses us1_0 where us1_0.user_id=?
25-04-01 14:05:00.811 [http-nio-8080-exec-2] TRACE org.hibernate.orm.jdbc.bind - binding parameter (1:UUID) <- [8841b0ec-d14f-4f2e-9dc3-a42b7fe28a0a]
25-04-01 14:05:00.812 [http-nio-8080-exec-2] DEBUG org.hibernate.SQL - select us1_0.id,us1_0.created_at,us1_0.last_seen_at,us1_0.updated_at,us1_0.user_id from user_statuses us1_0 where us1_0.user_id=?
25-04-01 14:05:00.812 [http-nio-8080-exec-2] TRACE org.hibernate.orm.jdbc.bind - binding parameter (1:UUID) <- [cba9e2aa-94c9-4c21-851e-b2b235b3164f]
25-04-01 14:05:00.813 [http-nio-8080-exec-2] DEBUG org.hibernate.SQL - select us1_0.id,us1_0.created_at,us1_0.last_seen_at,us1_0.updated_at,us1_0.user_id from user_statuses us1_0 where us1_0.user_id=?
25-04-01 14:05:00.813 [http-nio-8080-exec-2] TRACE org.hibernate.orm.jdbc.bind - binding parameter (1:UUID) <- [cb14bf60-4cda-41a6-996b-489975241041]
25-04-01 14:05:00.813 [http-nio-8080-exec-2] DEBUG org.hibernate.SQL - select us1_0.id,us1_0.created_at,us1_0.last_seen_at,us1_0.updated_at,us1_0.user_id from user_statuses us1_0 where us1_0.user_id=?
25-04-01 14:05:00.813 [http-nio-8080-exec-2] TRACE org.hibernate.orm.jdbc.bind - binding parameter (1:UUID) <- [74a507ee-ffb6-4c00-b853-7d9f28c9d870]
25-04-01 14:05:00.814 [http-nio-8080-exec-2] DEBUG org.hibernate.SQL - select us1_0.id,us1_0.created_at,us1_0.last_seen_at,us1_0.updated_at,us1_0.user_id from user_statuses us1_0 where us1_0.user_id=?
25-04-01 14:05:00.814 [http-nio-8080-exec-2] TRACE org.hibernate.orm.jdbc.bind - binding parameter (1:UUID) <- [a38cf3bb-8e0c-4abd-8f4a-a4e1fa8a9a50]
25-04-01 14:05:00.815 [http-nio-8080-exec-2] DEBUG org.hibernate.SQL - select us1_0.id,us1_0.created_at,us1_0.last_seen_at,us1_0.updated_at,us1_0.user_id from user_statuses us1_0 where us1_0.user_id=?
25-04-01 14:05:00.815 [http-nio-8080-exec-2] TRACE org.hibernate.orm.jdbc.bind - binding parameter (1:UUID) <- [70005511-e253-4971-a895-222a7aacbcc0]
25-04-01 14:05:00.816 [http-nio-8080-exec-2] DEBUG org.hibernate.SQL - select us1_0.id,us1_0.created_at,us1_0.last_seen_at,us1_0.updated_at,us1_0.user_id from user_statuses us1_0 where us1_0.user_id=?
25-04-01 14:05:00.816 [http-nio-8080-exec-2] TRACE org.hibernate.orm.jdbc.bind - binding parameter (1:UUID) <- [7fe4cf30-8de7-4ecc-8f76-ad08aad9ed53]
25-04-01 14:06:12.660 [SpringApplicationShutdownHook] INFO  o.s.b.w.e.tomcat.GracefulShutdown - Commencing graceful shutdown. Waiting for active requests to complete
25-04-01 14:06:12.663 [tomcat-shutdown] INFO  o.s.b.w.e.tomcat.GracefulShutdown - Graceful shutdown complete
25-04-01 14:06:12.665 [SpringApplicationShutdownHook] INFO  o.s.o.j.LocalContainerEntityManagerFactoryBean - Closing JPA EntityManagerFactory for persistence unit 'default'
25-04-01 14:06:12.666 [SpringApplicationShutdownHook] INFO  com.zaxxer.hikari.HikariDataSource - HikariPool-1 - Shutdown initiated...
25-04-01 14:06:12.667 [SpringApplicationShutdownHook] INFO  com.zaxxer.hikari.HikariDataSource - HikariPool-1 - Shutdown completed.
25-04-01 14:06:13.593 [background-preinit] INFO  o.h.validator.internal.util.Version - HV000001: Hibernate Validator 8.0.1.Final
25-04-01 14:06:13.607 [main] INFO  c.s.m.discodeit.DiscodeitApplication - Starting DiscodeitApplication using Java 17.0.13 with PID 33201 (/Users/taesikpark/Documents/CodeIT/_1-sprint-mission/build/classes/java/main started by taesikpark in /Users/taesikpark/Documents/CodeIT/_1-sprint-mission)
25-04-01 14:06:13.608 [main] DEBUG c.s.m.discodeit.DiscodeitApplication - Running with Spring Boot v3.4.0, Spring v6.2.0
25-04-01 14:06:13.608 [main] INFO  c.s.m.discodeit.DiscodeitApplication - The following 1 profile is active: "dev"
25-04-01 14:06:13.839 [main] INFO  o.s.d.r.c.RepositoryConfigurationDelegate - Bootstrapping Spring Data JPA repositories in DEFAULT mode.
25-04-01 14:06:13.866 [main] INFO  o.s.d.r.c.RepositoryConfigurationDelegate - Finished Spring Data repository scanning in 24 ms. Found 6 JPA repository interfaces.
25-04-01 14:06:14.006 [main] INFO  o.s.b.w.e.tomcat.TomcatWebServer - Tomcat initialized with port 8080 (http)
25-04-01 14:06:14.010 [main] INFO  o.a.coyote.http11.Http11NioProtocol - Initializing ProtocolHandler ["http-nio-8080"]
25-04-01 14:06:14.010 [main] INFO  o.a.catalina.core.StandardService - Starting service [Tomcat]
25-04-01 14:06:14.010 [main] INFO  o.a.catalina.core.StandardEngine - Starting Servlet engine: [Apache Tomcat/10.1.33]
25-04-01 14:06:14.025 [main] INFO  o.a.c.c.C.[Tomcat].[localhost].[/] - Initializing Spring embedded WebApplicationContext
25-04-01 14:06:14.026 [main] INFO  o.s.b.w.s.c.ServletWebServerApplicationContext - Root WebApplicationContext: initialization completed in 407 ms
25-04-01 14:06:14.057 [main] INFO  com.zaxxer.hikari.HikariDataSource - HikariPool-1 - Starting...
25-04-01 14:06:14.092 [main] INFO  com.zaxxer.hikari.pool.HikariPool - HikariPool-1 - Added connection org.postgresql.jdbc.PgConnection@7781263c
25-04-01 14:06:14.092 [main] INFO  com.zaxxer.hikari.HikariDataSource - HikariPool-1 - Start completed.
25-04-01 14:06:14.118 [main] INFO  o.h.jpa.internal.util.LogHelper - HHH000204: Processing PersistenceUnitInfo [name: default]
25-04-01 14:06:14.132 [main] INFO  org.hibernate.Version - HHH000412: Hibernate ORM core version 6.6.2.Final
25-04-01 14:06:14.141 [main] INFO  o.h.c.i.RegionFactoryInitiator - HHH000026: Second-level cache disabled
25-04-01 14:06:14.214 [main] INFO  o.s.o.j.p.SpringPersistenceUnitInfo - No LoadTimeWeaver setup: ignoring JPA class transformer
25-04-01 14:06:14.231 [main] WARN  org.hibernate.orm.deprecation - HHH90000025: PostgreSQLDialect does not need to be specified explicitly using 'hibernate.dialect' (remove the property setting and it will be selected by default)
25-04-01 14:06:14.235 [main] INFO  o.hibernate.orm.connections.pooling - HHH10001005: Database info:
	Database JDBC URL [Connecting through datasource 'HikariDataSource (HikariPool-1)']
	Database driver: undefined/unknown
	Database version: 14.17
	Autocommit mode: undefined/unknown
	Isolation level: undefined/unknown
	Minimum pool size: undefined/unknown
	Maximum pool size: undefined/unknown
25-04-01 14:06:14.511 [main] INFO  o.h.e.t.j.p.i.JtaPlatformInitiator - HHH000489: No JTA platform available (set 'hibernate.transaction.jta.platform' to enable JTA platform integration)
25-04-01 14:06:14.536 [main] INFO  o.s.o.j.LocalContainerEntityManagerFactoryBean - Initialized JPA EntityManagerFactory for persistence unit 'default'
25-04-01 14:06:14.710 [main] INFO  o.s.b.a.w.s.WelcomePageHandlerMapping - Adding welcome page: class path resource [static/index.html]
25-04-01 14:06:14.816 [main] INFO  o.a.coyote.http11.Http11NioProtocol - Starting ProtocolHandler ["http-nio-8080"]
25-04-01 14:06:14.825 [main] INFO  o.s.b.w.e.tomcat.TomcatWebServer - Tomcat started on port 8080 (http) with context path '/'
25-04-01 14:06:14.829 [main] INFO  c.s.m.discodeit.DiscodeitApplication - Started DiscodeitApplication in 1.379 seconds (process running for 1.53)
25-04-01 14:06:16.495 [http-nio-8080-exec-1] INFO  o.a.c.c.C.[Tomcat].[localhost].[/] - Initializing Spring DispatcherServlet 'dispatcherServlet'
25-04-01 14:06:16.495 [http-nio-8080-exec-1] INFO  o.s.web.servlet.DispatcherServlet - Initializing Servlet 'dispatcherServlet'
25-04-01 14:06:16.496 [http-nio-8080-exec-1] INFO  o.s.web.servlet.DispatcherServlet - Completed initialization in 0 ms
25-04-01 14:06:16.533 [http-nio-8080-exec-1] INFO  c.s.m.d.c.AuthRestController - login request : UserRequest[username=, password=, email=null, phoneNumber=null, profileImageId=null]
25-04-01 14:06:16.563 [http-nio-8080-exec-1] DEBUG org.hibernate.SQL - select u1_0.id,u1_0.created_at,u1_0.email,u1_0.password,u1_0.phone_number,u1_0.profile_image_id,u1_0.updated_at,u1_0.username from users u1_0
25-04-01 14:06:16.585 [http-nio-8080-exec-2] DEBUG org.hibernate.SQL - select u1_0.id,u1_0.created_at,u1_0.email,u1_0.password,u1_0.phone_number,u1_0.profile_image_id,u1_0.updated_at,u1_0.username from users u1_0
25-04-01 14:06:16.602 [http-nio-8080-exec-2] DEBUG org.hibernate.SQL - select us1_0.id,us1_0.created_at,us1_0.last_seen_at,us1_0.updated_at,us1_0.user_id from user_statuses us1_0 where us1_0.user_id=?
25-04-01 14:06:16.602 [http-nio-8080-exec-2] TRACE org.hibernate.orm.jdbc.bind - binding parameter (1:UUID) <- [b803386e-24ff-40df-99fa-684784d1a15c]
25-04-01 14:06:16.605 [http-nio-8080-exec-2] DEBUG org.hibernate.SQL - select us1_0.id,us1_0.created_at,us1_0.last_seen_at,us1_0.updated_at,us1_0.user_id from user_statuses us1_0 where us1_0.user_id=?
25-04-01 14:06:16.605 [http-nio-8080-exec-2] TRACE org.hibernate.orm.jdbc.bind - binding parameter (1:UUID) <- [8841b0ec-d14f-4f2e-9dc3-a42b7fe28a0a]
25-04-01 14:06:16.606 [http-nio-8080-exec-2] DEBUG org.hibernate.SQL - select us1_0.id,us1_0.created_at,us1_0.last_seen_at,us1_0.updated_at,us1_0.user_id from user_statuses us1_0 where us1_0.user_id=?
25-04-01 14:06:16.606 [http-nio-8080-exec-2] TRACE org.hibernate.orm.jdbc.bind - binding parameter (1:UUID) <- [cba9e2aa-94c9-4c21-851e-b2b235b3164f]
25-04-01 14:06:16.607 [http-nio-8080-exec-2] DEBUG org.hibernate.SQL - select us1_0.id,us1_0.created_at,us1_0.last_seen_at,us1_0.updated_at,us1_0.user_id from user_statuses us1_0 where us1_0.user_id=?
25-04-01 14:06:16.607 [http-nio-8080-exec-2] TRACE org.hibernate.orm.jdbc.bind - binding parameter (1:UUID) <- [cb14bf60-4cda-41a6-996b-489975241041]
25-04-01 14:06:16.608 [http-nio-8080-exec-2] DEBUG org.hibernate.SQL - select us1_0.id,us1_0.created_at,us1_0.last_seen_at,us1_0.updated_at,us1_0.user_id from user_statuses us1_0 where us1_0.user_id=?
25-04-01 14:06:16.608 [http-nio-8080-exec-2] TRACE org.hibernate.orm.jdbc.bind - binding parameter (1:UUID) <- [74a507ee-ffb6-4c00-b853-7d9f28c9d870]
25-04-01 14:06:16.608 [http-nio-8080-exec-2] DEBUG org.hibernate.SQL - select us1_0.id,us1_0.created_at,us1_0.last_seen_at,us1_0.updated_at,us1_0.user_id from user_statuses us1_0 where us1_0.user_id=?
25-04-01 14:06:16.609 [http-nio-8080-exec-2] TRACE org.hibernate.orm.jdbc.bind - binding parameter (1:UUID) <- [a38cf3bb-8e0c-4abd-8f4a-a4e1fa8a9a50]
25-04-01 14:06:16.610 [http-nio-8080-exec-2] DEBUG org.hibernate.SQL - select us1_0.id,us1_0.created_at,us1_0.last_seen_at,us1_0.updated_at,us1_0.user_id from user_statuses us1_0 where us1_0.user_id=?
25-04-01 14:06:16.610 [http-nio-8080-exec-2] TRACE org.hibernate.orm.jdbc.bind - binding parameter (1:UUID) <- [70005511-e253-4971-a895-222a7aacbcc0]
25-04-01 14:06:16.611 [http-nio-8080-exec-2] DEBUG org.hibernate.SQL - select us1_0.id,us1_0.created_at,us1_0.last_seen_at,us1_0.updated_at,us1_0.user_id from user_statuses us1_0 where us1_0.user_id=?
25-04-01 14:06:16.611 [http-nio-8080-exec-2] TRACE org.hibernate.orm.jdbc.bind - binding parameter (1:UUID) <- [7fe4cf30-8de7-4ecc-8f76-ad08aad9ed53]
25-04-01 14:08:12.663 [SpringApplicationShutdownHook] INFO  o.s.b.w.e.tomcat.GracefulShutdown - Commencing graceful shutdown. Waiting for active requests to complete
25-04-01 14:08:12.668 [tomcat-shutdown] INFO  o.s.b.w.e.tomcat.GracefulShutdown - Graceful shutdown complete
25-04-01 14:08:12.670 [SpringApplicationShutdownHook] INFO  o.s.o.j.LocalContainerEntityManagerFactoryBean - Closing JPA EntityManagerFactory for persistence unit 'default'
25-04-01 14:08:12.670 [SpringApplicationShutdownHook] INFO  com.zaxxer.hikari.HikariDataSource - HikariPool-1 - Shutdown initiated...
25-04-01 14:08:12.671 [SpringApplicationShutdownHook] INFO  com.zaxxer.hikari.HikariDataSource - HikariPool-1 - Shutdown completed.
25-04-01 14:08:13.606 [background-preinit] INFO  o.h.validator.internal.util.Version - HV000001: Hibernate Validator 8.0.1.Final
25-04-01 14:08:13.622 [main] INFO  c.s.m.discodeit.DiscodeitApplication - Starting DiscodeitApplication using Java 17.0.13 with PID 33492 (/Users/taesikpark/Documents/CodeIT/_1-sprint-mission/build/classes/java/main started by taesikpark in /Users/taesikpark/Documents/CodeIT/_1-sprint-mission)
25-04-01 14:08:13.622 [main] DEBUG c.s.m.discodeit.DiscodeitApplication - Running with Spring Boot v3.4.0, Spring v6.2.0
25-04-01 14:08:13.622 [main] INFO  c.s.m.discodeit.DiscodeitApplication - The following 1 profile is active: "dev"
25-04-01 14:08:13.876 [main] INFO  o.s.d.r.c.RepositoryConfigurationDelegate - Bootstrapping Spring Data JPA repositories in DEFAULT mode.
25-04-01 14:08:13.905 [main] INFO  o.s.d.r.c.RepositoryConfigurationDelegate - Finished Spring Data repository scanning in 25 ms. Found 6 JPA repository interfaces.
25-04-01 14:08:14.047 [main] INFO  o.s.b.w.e.tomcat.TomcatWebServer - Tomcat initialized with port 8080 (http)
25-04-01 14:08:14.050 [main] INFO  o.a.coyote.http11.Http11NioProtocol - Initializing ProtocolHandler ["http-nio-8080"]
25-04-01 14:08:14.051 [main] INFO  o.a.catalina.core.StandardService - Starting service [Tomcat]
25-04-01 14:08:14.051 [main] INFO  o.a.catalina.core.StandardEngine - Starting Servlet engine: [Apache Tomcat/10.1.33]
25-04-01 14:08:14.066 [main] INFO  o.a.c.c.C.[Tomcat].[localhost].[/] - Initializing Spring embedded WebApplicationContext
25-04-01 14:08:14.066 [main] INFO  o.s.b.w.s.c.ServletWebServerApplicationContext - Root WebApplicationContext: initialization completed in 432 ms
25-04-01 14:08:14.096 [main] INFO  com.zaxxer.hikari.HikariDataSource - HikariPool-1 - Starting...
25-04-01 14:08:14.133 [main] INFO  com.zaxxer.hikari.pool.HikariPool - HikariPool-1 - Added connection org.postgresql.jdbc.PgConnection@509a6095
25-04-01 14:08:14.134 [main] INFO  com.zaxxer.hikari.HikariDataSource - HikariPool-1 - Start completed.
25-04-01 14:08:14.159 [main] INFO  o.h.jpa.internal.util.LogHelper - HHH000204: Processing PersistenceUnitInfo [name: default]
25-04-01 14:08:14.173 [main] INFO  org.hibernate.Version - HHH000412: Hibernate ORM core version 6.6.2.Final
25-04-01 14:08:14.182 [main] INFO  o.h.c.i.RegionFactoryInitiator - HHH000026: Second-level cache disabled
25-04-01 14:08:14.252 [main] INFO  o.s.o.j.p.SpringPersistenceUnitInfo - No LoadTimeWeaver setup: ignoring JPA class transformer
25-04-01 14:08:14.270 [main] WARN  org.hibernate.orm.deprecation - HHH90000025: PostgreSQLDialect does not need to be specified explicitly using 'hibernate.dialect' (remove the property setting and it will be selected by default)
25-04-01 14:08:14.275 [main] INFO  o.hibernate.orm.connections.pooling - HHH10001005: Database info:
	Database JDBC URL [Connecting through datasource 'HikariDataSource (HikariPool-1)']
	Database driver: undefined/unknown
	Database version: 14.17
	Autocommit mode: undefined/unknown
	Isolation level: undefined/unknown
	Minimum pool size: undefined/unknown
	Maximum pool size: undefined/unknown
25-04-01 14:08:14.568 [main] INFO  o.h.e.t.j.p.i.JtaPlatformInitiator - HHH000489: No JTA platform available (set 'hibernate.transaction.jta.platform' to enable JTA platform integration)
25-04-01 14:08:14.589 [main] INFO  o.s.o.j.LocalContainerEntityManagerFactoryBean - Initialized JPA EntityManagerFactory for persistence unit 'default'
25-04-01 14:08:14.768 [main] INFO  o.s.b.a.w.s.WelcomePageHandlerMapping - Adding welcome page: class path resource [static/index.html]
25-04-01 14:08:14.880 [main] INFO  o.a.coyote.http11.Http11NioProtocol - Starting ProtocolHandler ["http-nio-8080"]
25-04-01 14:08:14.886 [main] INFO  o.s.b.w.e.tomcat.TomcatWebServer - Tomcat started on port 8080 (http) with context path '/'
25-04-01 14:08:14.890 [main] INFO  c.s.m.discodeit.DiscodeitApplication - Started DiscodeitApplication in 1.423 seconds (process running for 1.585)
25-04-01 14:08:16.844 [http-nio-8080-exec-1] INFO  o.a.c.c.C.[Tomcat].[localhost].[/] - Initializing Spring DispatcherServlet 'dispatcherServlet'
25-04-01 14:08:16.844 [http-nio-8080-exec-1] INFO  o.s.web.servlet.DispatcherServlet - Initializing Servlet 'dispatcherServlet'
25-04-01 14:08:16.845 [http-nio-8080-exec-1] INFO  o.s.web.servlet.DispatcherServlet - Completed initialization in 1 ms
25-04-01 14:08:16.881 [http-nio-8080-exec-1] INFO  c.s.m.d.c.AuthRestController - login request : UserRequest[username=, password=, email=null, phoneNumber=null, profileImageId=null]
25-04-01 14:08:16.911 [http-nio-8080-exec-1] DEBUG org.hibernate.SQL - select u1_0.id,u1_0.created_at,u1_0.email,u1_0.password,u1_0.phone_number,u1_0.profile_image_id,u1_0.updated_at,u1_0.username from users u1_0
25-04-01 14:08:16.932 [http-nio-8080-exec-2] DEBUG org.hibernate.SQL - select u1_0.id,u1_0.created_at,u1_0.email,u1_0.password,u1_0.phone_number,u1_0.profile_image_id,u1_0.updated_at,u1_0.username from users u1_0
25-04-01 14:08:16.949 [http-nio-8080-exec-2] DEBUG org.hibernate.SQL - select us1_0.id,us1_0.created_at,us1_0.last_seen_at,us1_0.updated_at,us1_0.user_id from user_statuses us1_0 where us1_0.user_id=?
25-04-01 14:08:16.951 [http-nio-8080-exec-2] TRACE org.hibernate.orm.jdbc.bind - binding parameter (1:UUID) <- [b803386e-24ff-40df-99fa-684784d1a15c]
25-04-01 14:08:16.954 [http-nio-8080-exec-2] DEBUG org.hibernate.SQL - select us1_0.id,us1_0.created_at,us1_0.last_seen_at,us1_0.updated_at,us1_0.user_id from user_statuses us1_0 where us1_0.user_id=?
25-04-01 14:08:16.954 [http-nio-8080-exec-2] TRACE org.hibernate.orm.jdbc.bind - binding parameter (1:UUID) <- [8841b0ec-d14f-4f2e-9dc3-a42b7fe28a0a]
25-04-01 14:08:16.955 [http-nio-8080-exec-2] DEBUG org.hibernate.SQL - select us1_0.id,us1_0.created_at,us1_0.last_seen_at,us1_0.updated_at,us1_0.user_id from user_statuses us1_0 where us1_0.user_id=?
25-04-01 14:08:16.955 [http-nio-8080-exec-2] TRACE org.hibernate.orm.jdbc.bind - binding parameter (1:UUID) <- [cba9e2aa-94c9-4c21-851e-b2b235b3164f]
25-04-01 14:08:16.955 [http-nio-8080-exec-2] DEBUG org.hibernate.SQL - select us1_0.id,us1_0.created_at,us1_0.last_seen_at,us1_0.updated_at,us1_0.user_id from user_statuses us1_0 where us1_0.user_id=?
25-04-01 14:08:16.955 [http-nio-8080-exec-2] TRACE org.hibernate.orm.jdbc.bind - binding parameter (1:UUID) <- [cb14bf60-4cda-41a6-996b-489975241041]
25-04-01 14:08:16.956 [http-nio-8080-exec-2] DEBUG org.hibernate.SQL - select us1_0.id,us1_0.created_at,us1_0.last_seen_at,us1_0.updated_at,us1_0.user_id from user_statuses us1_0 where us1_0.user_id=?
25-04-01 14:08:16.956 [http-nio-8080-exec-2] TRACE org.hibernate.orm.jdbc.bind - binding parameter (1:UUID) <- [74a507ee-ffb6-4c00-b853-7d9f28c9d870]
25-04-01 14:08:16.957 [http-nio-8080-exec-2] DEBUG org.hibernate.SQL - select us1_0.id,us1_0.created_at,us1_0.last_seen_at,us1_0.updated_at,us1_0.user_id from user_statuses us1_0 where us1_0.user_id=?
25-04-01 14:08:16.957 [http-nio-8080-exec-2] TRACE org.hibernate.orm.jdbc.bind - binding parameter (1:UUID) <- [a38cf3bb-8e0c-4abd-8f4a-a4e1fa8a9a50]
25-04-01 14:08:16.957 [http-nio-8080-exec-2] DEBUG org.hibernate.SQL - select us1_0.id,us1_0.created_at,us1_0.last_seen_at,us1_0.updated_at,us1_0.user_id from user_statuses us1_0 where us1_0.user_id=?
25-04-01 14:08:16.958 [http-nio-8080-exec-2] TRACE org.hibernate.orm.jdbc.bind - binding parameter (1:UUID) <- [70005511-e253-4971-a895-222a7aacbcc0]
25-04-01 14:08:16.958 [http-nio-8080-exec-2] DEBUG org.hibernate.SQL - select us1_0.id,us1_0.created_at,us1_0.last_seen_at,us1_0.updated_at,us1_0.user_id from user_statuses us1_0 where us1_0.user_id=?
25-04-01 14:08:16.958 [http-nio-8080-exec-2] TRACE org.hibernate.orm.jdbc.bind - binding parameter (1:UUID) <- [7fe4cf30-8de7-4ecc-8f76-ad08aad9ed53]
25-04-01 14:08:56.961 [SpringApplicationShutdownHook] INFO  o.s.b.w.e.tomcat.GracefulShutdown - Commencing graceful shutdown. Waiting for active requests to complete
25-04-01 14:08:56.966 [tomcat-shutdown] INFO  o.s.b.w.e.tomcat.GracefulShutdown - Graceful shutdown complete
25-04-01 14:08:56.969 [SpringApplicationShutdownHook] INFO  o.s.o.j.LocalContainerEntityManagerFactoryBean - Closing JPA EntityManagerFactory for persistence unit 'default'
25-04-01 14:08:56.969 [SpringApplicationShutdownHook] INFO  com.zaxxer.hikari.HikariDataSource - HikariPool-1 - Shutdown initiated...
25-04-01 14:08:56.970 [SpringApplicationShutdownHook] INFO  com.zaxxer.hikari.HikariDataSource - HikariPool-1 - Shutdown completed.
25-04-01 14:08:57.881 [background-preinit] [34mINFO [0;39m [36mo.h.validator.internal.util.Version[0;39m - HV000001: Hibernate Validator 8.0.1.Final
25-04-01 14:08:57.894 [main] [34mINFO [0;39m [36mc.s.m.discodeit.DiscodeitApplication[0;39m - Starting DiscodeitApplication using Java 17.0.13 with PID 33616 (/Users/taesikpark/Documents/CodeIT/_1-sprint-mission/build/classes/java/main started by taesikpark in /Users/taesikpark/Documents/CodeIT/_1-sprint-mission)
25-04-01 14:08:57.894 [main] [39mDEBUG[0;39m [36mc.s.m.discodeit.DiscodeitApplication[0;39m - Running with Spring Boot v3.4.0, Spring v6.2.0
25-04-01 14:08:57.894 [main] [34mINFO [0;39m [36mc.s.m.discodeit.DiscodeitApplication[0;39m - The following 1 profile is active: "dev"
25-04-01 14:08:58.122 [main] [34mINFO [0;39m [36mo.s.d.r.c.RepositoryConfigurationDelegate[0;39m - Bootstrapping Spring Data JPA repositories in DEFAULT mode.
25-04-01 14:08:58.147 [main] [34mINFO [0;39m [36mo.s.d.r.c.RepositoryConfigurationDelegate[0;39m - Finished Spring Data repository scanning in 22 ms. Found 6 JPA repository interfaces.
25-04-01 14:08:58.290 [main] [34mINFO [0;39m [36mo.s.b.w.e.tomcat.TomcatWebServer[0;39m - Tomcat initialized with port 8080 (http)
25-04-01 14:08:58.294 [main] [34mINFO [0;39m [36mo.a.coyote.http11.Http11NioProtocol[0;39m - Initializing ProtocolHandler ["http-nio-8080"]
25-04-01 14:08:58.294 [main] [34mINFO [0;39m [36mo.a.catalina.core.StandardService[0;39m - Starting service [Tomcat]
25-04-01 14:08:58.294 [main] [34mINFO [0;39m [36mo.a.catalina.core.StandardEngine[0;39m - Starting Servlet engine: [Apache Tomcat/10.1.33]
25-04-01 14:08:58.309 [main] [34mINFO [0;39m [36mo.a.c.c.C.[Tomcat].[localhost].[/][0;39m - Initializing Spring embedded WebApplicationContext
25-04-01 14:08:58.310 [main] [34mINFO [0;39m [36mo.s.b.w.s.c.ServletWebServerApplicationContext[0;39m - Root WebApplicationContext: initialization completed in 404 ms
25-04-01 14:08:58.337 [main] [34mINFO [0;39m [36mcom.zaxxer.hikari.HikariDataSource[0;39m - HikariPool-1 - Starting...
25-04-01 14:08:58.373 [main] [34mINFO [0;39m [36mcom.zaxxer.hikari.pool.HikariPool[0;39m - HikariPool-1 - Added connection org.postgresql.jdbc.PgConnection@50cdfafa
25-04-01 14:08:58.374 [main] [34mINFO [0;39m [36mcom.zaxxer.hikari.HikariDataSource[0;39m - HikariPool-1 - Start completed.
25-04-01 14:08:58.398 [main] [34mINFO [0;39m [36mo.h.jpa.internal.util.LogHelper[0;39m - HHH000204: Processing PersistenceUnitInfo [name: default]
25-04-01 14:08:58.412 [main] [34mINFO [0;39m [36morg.hibernate.Version[0;39m - HHH000412: Hibernate ORM core version 6.6.2.Final
25-04-01 14:08:58.421 [main] [34mINFO [0;39m [36mo.h.c.i.RegionFactoryInitiator[0;39m - HHH000026: Second-level cache disabled
25-04-01 14:08:58.494 [main] [34mINFO [0;39m [36mo.s.o.j.p.SpringPersistenceUnitInfo[0;39m - No LoadTimeWeaver setup: ignoring JPA class transformer
25-04-01 14:08:58.514 [main] [31mWARN [0;39m [36morg.hibernate.orm.deprecation[0;39m - HHH90000025: PostgreSQLDialect does not need to be specified explicitly using 'hibernate.dialect' (remove the property setting and it will be selected by default)
25-04-01 14:08:58.518 [main] [34mINFO [0;39m [36mo.hibernate.orm.connections.pooling[0;39m - HHH10001005: Database info:
	Database JDBC URL [Connecting through datasource 'HikariDataSource (HikariPool-1)']
	Database driver: undefined/unknown
	Database version: 14.17
	Autocommit mode: undefined/unknown
	Isolation level: undefined/unknown
	Minimum pool size: undefined/unknown
	Maximum pool size: undefined/unknown
25-04-01 14:08:58.799 [main] [34mINFO [0;39m [36mo.h.e.t.j.p.i.JtaPlatformInitiator[0;39m - HHH000489: No JTA platform available (set 'hibernate.transaction.jta.platform' to enable JTA platform integration)
25-04-01 14:08:58.826 [main] [34mINFO [0;39m [36mo.s.o.j.LocalContainerEntityManagerFactoryBean[0;39m - Initialized JPA EntityManagerFactory for persistence unit 'default'
25-04-01 14:08:58.994 [main] [34mINFO [0;39m [36mo.s.b.a.w.s.WelcomePageHandlerMapping[0;39m - Adding welcome page: class path resource [static/index.html]
25-04-01 14:08:59.100 [main] [34mINFO [0;39m [36mo.a.coyote.http11.Http11NioProtocol[0;39m - Starting ProtocolHandler ["http-nio-8080"]
25-04-01 14:08:59.106 [main] [34mINFO [0;39m [36mo.s.b.w.e.tomcat.TomcatWebServer[0;39m - Tomcat started on port 8080 (http) with context path '/'
25-04-01 14:08:59.110 [main] [34mINFO [0;39m [36mc.s.m.discodeit.DiscodeitApplication[0;39m - Started DiscodeitApplication in 1.365 seconds (process running for 1.527)
25-04-01 14:09:02.802 [http-nio-8080-exec-1] [34mINFO [0;39m [36mo.a.c.c.C.[Tomcat].[localhost].[/][0;39m - Initializing Spring DispatcherServlet 'dispatcherServlet'
25-04-01 14:09:02.802 [http-nio-8080-exec-1] [34mINFO [0;39m [36mo.s.web.servlet.DispatcherServlet[0;39m - Initializing Servlet 'dispatcherServlet'
25-04-01 14:09:02.803 [http-nio-8080-exec-1] [34mINFO [0;39m [36mo.s.web.servlet.DispatcherServlet[0;39m - Completed initialization in 1 ms
25-04-01 14:09:02.838 [http-nio-8080-exec-1] [34mINFO [0;39m [36mc.s.m.d.c.AuthRestController[0;39m - login request : UserRequest[username=, password=, email=null, phoneNumber=null, profileImageId=null]
25-04-01 14:09:02.868 [http-nio-8080-exec-1] [39mDEBUG[0;39m [36morg.hibernate.SQL[0;39m - select u1_0.id,u1_0.created_at,u1_0.email,u1_0.password,u1_0.phone_number,u1_0.profile_image_id,u1_0.updated_at,u1_0.username from users u1_0
25-04-01 14:09:02.887 [http-nio-8080-exec-2] [39mDEBUG[0;39m [36morg.hibernate.SQL[0;39m - select u1_0.id,u1_0.created_at,u1_0.email,u1_0.password,u1_0.phone_number,u1_0.profile_image_id,u1_0.updated_at,u1_0.username from users u1_0
25-04-01 14:09:02.904 [http-nio-8080-exec-2] [39mDEBUG[0;39m [36morg.hibernate.SQL[0;39m - select us1_0.id,us1_0.created_at,us1_0.last_seen_at,us1_0.updated_at,us1_0.user_id from user_statuses us1_0 where us1_0.user_id=?
25-04-01 14:09:02.905 [http-nio-8080-exec-2] [39mTRACE[0;39m [36morg.hibernate.orm.jdbc.bind[0;39m - binding parameter (1:UUID) <- [b803386e-24ff-40df-99fa-684784d1a15c]
25-04-01 14:09:02.907 [http-nio-8080-exec-2] [39mDEBUG[0;39m [36morg.hibernate.SQL[0;39m - select us1_0.id,us1_0.created_at,us1_0.last_seen_at,us1_0.updated_at,us1_0.user_id from user_statuses us1_0 where us1_0.user_id=?
25-04-01 14:09:02.907 [http-nio-8080-exec-2] [39mTRACE[0;39m [36morg.hibernate.orm.jdbc.bind[0;39m - binding parameter (1:UUID) <- [8841b0ec-d14f-4f2e-9dc3-a42b7fe28a0a]
25-04-01 14:09:02.908 [http-nio-8080-exec-2] [39mDEBUG[0;39m [36morg.hibernate.SQL[0;39m - select us1_0.id,us1_0.created_at,us1_0.last_seen_at,us1_0.updated_at,us1_0.user_id from user_statuses us1_0 where us1_0.user_id=?
25-04-01 14:09:02.908 [http-nio-8080-exec-2] [39mTRACE[0;39m [36morg.hibernate.orm.jdbc.bind[0;39m - binding parameter (1:UUID) <- [cba9e2aa-94c9-4c21-851e-b2b235b3164f]
25-04-01 14:09:02.909 [http-nio-8080-exec-2] [39mDEBUG[0;39m [36morg.hibernate.SQL[0;39m - select us1_0.id,us1_0.created_at,us1_0.last_seen_at,us1_0.updated_at,us1_0.user_id from user_statuses us1_0 where us1_0.user_id=?
25-04-01 14:09:02.909 [http-nio-8080-exec-2] [39mTRACE[0;39m [36morg.hibernate.orm.jdbc.bind[0;39m - binding parameter (1:UUID) <- [cb14bf60-4cda-41a6-996b-489975241041]
25-04-01 14:09:02.910 [http-nio-8080-exec-2] [39mDEBUG[0;39m [36morg.hibernate.SQL[0;39m - select us1_0.id,us1_0.created_at,us1_0.last_seen_at,us1_0.updated_at,us1_0.user_id from user_statuses us1_0 where us1_0.user_id=?
25-04-01 14:09:02.910 [http-nio-8080-exec-2] [39mTRACE[0;39m [36morg.hibernate.orm.jdbc.bind[0;39m - binding parameter (1:UUID) <- [74a507ee-ffb6-4c00-b853-7d9f28c9d870]
25-04-01 14:09:02.911 [http-nio-8080-exec-2] [39mDEBUG[0;39m [36morg.hibernate.SQL[0;39m - select us1_0.id,us1_0.created_at,us1_0.last_seen_at,us1_0.updated_at,us1_0.user_id from user_statuses us1_0 where us1_0.user_id=?
25-04-01 14:09:02.911 [http-nio-8080-exec-2] [39mTRACE[0;39m [36morg.hibernate.orm.jdbc.bind[0;39m - binding parameter (1:UUID) <- [a38cf3bb-8e0c-4abd-8f4a-a4e1fa8a9a50]
25-04-01 14:09:02.912 [http-nio-8080-exec-2] [39mDEBUG[0;39m [36morg.hibernate.SQL[0;39m - select us1_0.id,us1_0.created_at,us1_0.last_seen_at,us1_0.updated_at,us1_0.user_id from user_statuses us1_0 where us1_0.user_id=?
25-04-01 14:09:02.912 [http-nio-8080-exec-2] [39mTRACE[0;39m [36morg.hibernate.orm.jdbc.bind[0;39m - binding parameter (1:UUID) <- [70005511-e253-4971-a895-222a7aacbcc0]
25-04-01 14:09:02.912 [http-nio-8080-exec-2] [39mDEBUG[0;39m [36morg.hibernate.SQL[0;39m - select us1_0.id,us1_0.created_at,us1_0.last_seen_at,us1_0.updated_at,us1_0.user_id from user_statuses us1_0 where us1_0.user_id=?
25-04-01 14:09:02.912 [http-nio-8080-exec-2] [39mTRACE[0;39m [36morg.hibernate.orm.jdbc.bind[0;39m - binding parameter (1:UUID) <- [7fe4cf30-8de7-4ecc-8f76-ad08aad9ed53]
25-04-01 14:12:27.024 [SpringApplicationShutdownHook] [34mINFO [0;39m [36mo.s.b.w.e.tomcat.GracefulShutdown[0;39m - Commencing graceful shutdown. Waiting for active requests to complete
25-04-01 14:12:27.028 [tomcat-shutdown] [34mINFO [0;39m [36mo.s.b.w.e.tomcat.GracefulShutdown[0;39m - Graceful shutdown complete
25-04-01 14:12:27.031 [SpringApplicationShutdownHook] [34mINFO [0;39m [36mo.s.o.j.LocalContainerEntityManagerFactoryBean[0;39m - Closing JPA EntityManagerFactory for persistence unit 'default'
25-04-01 14:12:27.034 [SpringApplicationShutdownHook] [34mINFO [0;39m [36mcom.zaxxer.hikari.HikariDataSource[0;39m - HikariPool-1 - Shutdown initiated...
25-04-01 14:12:27.035 [SpringApplicationShutdownHook] [34mINFO [0;39m [36mcom.zaxxer.hikari.HikariDataSource[0;39m - HikariPool-1 - Shutdown completed.
25-04-01 14:12:27.955 [background-preinit] INFO  o.h.validator.internal.util.Version - HV000001: Hibernate Validator 8.0.1.Final
25-04-01 14:12:27.972 [main] INFO  c.s.m.discodeit.DiscodeitApplication - Starting DiscodeitApplication using Java 17.0.13 with PID 34129 (/Users/taesikpark/Documents/CodeIT/_1-sprint-mission/build/classes/java/main started by taesikpark in /Users/taesikpark/Documents/CodeIT/_1-sprint-mission)
25-04-01 14:12:27.972 [main] DEBUG c.s.m.discodeit.DiscodeitApplication - Running with Spring Boot v3.4.0, Spring v6.2.0
25-04-01 14:12:27.973 [main] INFO  c.s.m.discodeit.DiscodeitApplication - The following 1 profile is active: "dev"
25-04-01 14:12:28.216 [main] INFO  o.s.d.r.c.RepositoryConfigurationDelegate - Bootstrapping Spring Data JPA repositories in DEFAULT mode.
25-04-01 14:12:28.244 [main] INFO  o.s.d.r.c.RepositoryConfigurationDelegate - Finished Spring Data repository scanning in 26 ms. Found 6 JPA repository interfaces.
25-04-01 14:12:28.385 [main] INFO  o.s.b.w.e.tomcat.TomcatWebServer - Tomcat initialized with port 8080 (http)
25-04-01 14:12:28.389 [main] INFO  o.a.coyote.http11.Http11NioProtocol - Initializing ProtocolHandler ["http-nio-8080"]
25-04-01 14:12:28.389 [main] INFO  o.a.catalina.core.StandardService - Starting service [Tomcat]
25-04-01 14:12:28.389 [main] INFO  o.a.catalina.core.StandardEngine - Starting Servlet engine: [Apache Tomcat/10.1.33]
25-04-01 14:12:28.405 [main] INFO  o.a.c.c.C.[Tomcat].[localhost].[/] - Initializing Spring embedded WebApplicationContext
25-04-01 14:12:28.405 [main] INFO  o.s.b.w.s.c.ServletWebServerApplicationContext - Root WebApplicationContext: initialization completed in 422 ms
25-04-01 14:12:28.434 [main] INFO  com.zaxxer.hikari.HikariDataSource - HikariPool-1 - Starting...
25-04-01 14:12:28.470 [main] INFO  com.zaxxer.hikari.pool.HikariPool - HikariPool-1 - Added connection org.postgresql.jdbc.PgConnection@4a31ed12
25-04-01 14:12:28.470 [main] INFO  com.zaxxer.hikari.HikariDataSource - HikariPool-1 - Start completed.
25-04-01 14:12:28.497 [main] INFO  o.h.jpa.internal.util.LogHelper - HHH000204: Processing PersistenceUnitInfo [name: default]
25-04-01 14:12:28.511 [main] INFO  org.hibernate.Version - HHH000412: Hibernate ORM core version 6.6.2.Final
25-04-01 14:12:28.520 [main] INFO  o.h.c.i.RegionFactoryInitiator - HHH000026: Second-level cache disabled
25-04-01 14:12:28.593 [main] INFO  o.s.o.j.p.SpringPersistenceUnitInfo - No LoadTimeWeaver setup: ignoring JPA class transformer
25-04-01 14:12:28.611 [main] WARN  org.hibernate.orm.deprecation - HHH90000025: PostgreSQLDialect does not need to be specified explicitly using 'hibernate.dialect' (remove the property setting and it will be selected by default)
25-04-01 14:12:28.615 [main] INFO  o.hibernate.orm.connections.pooling - HHH10001005: Database info:
	Database JDBC URL [Connecting through datasource 'HikariDataSource (HikariPool-1)']
	Database driver: undefined/unknown
	Database version: 14.17
	Autocommit mode: undefined/unknown
	Isolation level: undefined/unknown
	Minimum pool size: undefined/unknown
	Maximum pool size: undefined/unknown
25-04-01 14:12:28.899 [main] INFO  o.h.e.t.j.p.i.JtaPlatformInitiator - HHH000489: No JTA platform available (set 'hibernate.transaction.jta.platform' to enable JTA platform integration)
25-04-01 14:12:28.921 [main] INFO  o.s.o.j.LocalContainerEntityManagerFactoryBean - Initialized JPA EntityManagerFactory for persistence unit 'default'
25-04-01 14:12:29.089 [main] INFO  o.s.b.a.w.s.WelcomePageHandlerMapping - Adding welcome page: class path resource [static/index.html]
25-04-01 14:12:29.195 [main] INFO  o.a.coyote.http11.Http11NioProtocol - Starting ProtocolHandler ["http-nio-8080"]
25-04-01 14:12:29.201 [main] INFO  o.s.b.w.e.tomcat.TomcatWebServer - Tomcat started on port 8080 (http) with context path '/'
25-04-01 14:12:29.205 [main] INFO  c.s.m.discodeit.DiscodeitApplication - Started DiscodeitApplication in 1.387 seconds (process running for 1.549)
25-04-01 14:12:37.602 [http-nio-8080-exec-1] INFO  o.a.c.c.C.[Tomcat].[localhost].[/] - Initializing Spring DispatcherServlet 'dispatcherServlet'
25-04-01 14:12:37.602 [http-nio-8080-exec-1] INFO  o.s.web.servlet.DispatcherServlet - Initializing Servlet 'dispatcherServlet'
25-04-01 14:12:37.603 [http-nio-8080-exec-1] INFO  o.s.web.servlet.DispatcherServlet - Completed initialization in 1 ms
25-04-01 14:12:37.641 [http-nio-8080-exec-1] INFO  c.s.m.d.c.AuthRestController - login request : UserRequest[username=, password=, email=null, phoneNumber=null, profileImageId=null]
25-04-01 14:12:37.671 [http-nio-8080-exec-1] DEBUG org.hibernate.SQL - select u1_0.id,u1_0.created_at,u1_0.email,u1_0.password,u1_0.phone_number,u1_0.profile_image_id,u1_0.updated_at,u1_0.username from users u1_0
25-04-01 14:12:37.691 [http-nio-8080-exec-2] DEBUG org.hibernate.SQL - select u1_0.id,u1_0.created_at,u1_0.email,u1_0.password,u1_0.phone_number,u1_0.profile_image_id,u1_0.updated_at,u1_0.username from users u1_0
25-04-01 14:12:37.708 [http-nio-8080-exec-2] DEBUG org.hibernate.SQL - select us1_0.id,us1_0.created_at,us1_0.last_seen_at,us1_0.updated_at,us1_0.user_id from user_statuses us1_0 where us1_0.user_id=?
25-04-01 14:12:37.708 [http-nio-8080-exec-2] TRACE org.hibernate.orm.jdbc.bind - binding parameter (1:UUID) <- [b803386e-24ff-40df-99fa-684784d1a15c]
25-04-01 14:12:37.711 [http-nio-8080-exec-2] DEBUG org.hibernate.SQL - select us1_0.id,us1_0.created_at,us1_0.last_seen_at,us1_0.updated_at,us1_0.user_id from user_statuses us1_0 where us1_0.user_id=?
25-04-01 14:12:37.711 [http-nio-8080-exec-2] TRACE org.hibernate.orm.jdbc.bind - binding parameter (1:UUID) <- [8841b0ec-d14f-4f2e-9dc3-a42b7fe28a0a]
25-04-01 14:12:37.712 [http-nio-8080-exec-2] DEBUG org.hibernate.SQL - select us1_0.id,us1_0.created_at,us1_0.last_seen_at,us1_0.updated_at,us1_0.user_id from user_statuses us1_0 where us1_0.user_id=?
25-04-01 14:12:37.712 [http-nio-8080-exec-2] TRACE org.hibernate.orm.jdbc.bind - binding parameter (1:UUID) <- [cba9e2aa-94c9-4c21-851e-b2b235b3164f]
25-04-01 14:12:37.712 [http-nio-8080-exec-2] DEBUG org.hibernate.SQL - select us1_0.id,us1_0.created_at,us1_0.last_seen_at,us1_0.updated_at,us1_0.user_id from user_statuses us1_0 where us1_0.user_id=?
25-04-01 14:12:37.712 [http-nio-8080-exec-2] TRACE org.hibernate.orm.jdbc.bind - binding parameter (1:UUID) <- [cb14bf60-4cda-41a6-996b-489975241041]
25-04-01 14:12:37.713 [http-nio-8080-exec-2] DEBUG org.hibernate.SQL - select us1_0.id,us1_0.created_at,us1_0.last_seen_at,us1_0.updated_at,us1_0.user_id from user_statuses us1_0 where us1_0.user_id=?
25-04-01 14:12:37.713 [http-nio-8080-exec-2] TRACE org.hibernate.orm.jdbc.bind - binding parameter (1:UUID) <- [74a507ee-ffb6-4c00-b853-7d9f28c9d870]
25-04-01 14:12:37.714 [http-nio-8080-exec-2] DEBUG org.hibernate.SQL - select us1_0.id,us1_0.created_at,us1_0.last_seen_at,us1_0.updated_at,us1_0.user_id from user_statuses us1_0 where us1_0.user_id=?
25-04-01 14:12:37.714 [http-nio-8080-exec-2] TRACE org.hibernate.orm.jdbc.bind - binding parameter (1:UUID) <- [a38cf3bb-8e0c-4abd-8f4a-a4e1fa8a9a50]
25-04-01 14:12:37.715 [http-nio-8080-exec-2] DEBUG org.hibernate.SQL - select us1_0.id,us1_0.created_at,us1_0.last_seen_at,us1_0.updated_at,us1_0.user_id from user_statuses us1_0 where us1_0.user_id=?
25-04-01 14:12:37.715 [http-nio-8080-exec-2] TRACE org.hibernate.orm.jdbc.bind - binding parameter (1:UUID) <- [70005511-e253-4971-a895-222a7aacbcc0]
25-04-01 14:12:37.715 [http-nio-8080-exec-2] DEBUG org.hibernate.SQL - select us1_0.id,us1_0.created_at,us1_0.last_seen_at,us1_0.updated_at,us1_0.user_id from user_statuses us1_0 where us1_0.user_id=?
25-04-01 14:12:37.715 [http-nio-8080-exec-2] TRACE org.hibernate.orm.jdbc.bind - binding parameter (1:UUID) <- [7fe4cf30-8de7-4ecc-8f76-ad08aad9ed53]
25-04-01 14:15:30.530 [SpringApplicationShutdownHook] INFO  o.s.b.w.e.tomcat.GracefulShutdown - Commencing graceful shutdown. Waiting for active requests to complete
25-04-01 14:15:30.534 [tomcat-shutdown] INFO  o.s.b.w.e.tomcat.GracefulShutdown - Graceful shutdown complete
25-04-01 14:15:30.536 [SpringApplicationShutdownHook] INFO  o.s.o.j.LocalContainerEntityManagerFactoryBean - Closing JPA EntityManagerFactory for persistence unit 'default'
25-04-01 14:15:30.536 [SpringApplicationShutdownHook] INFO  com.zaxxer.hikari.HikariDataSource - HikariPool-1 - Shutdown initiated...
25-04-01 14:15:30.537 [SpringApplicationShutdownHook] INFO  com.zaxxer.hikari.HikariDataSource - HikariPool-1 - Shutdown completed.
25-04-01 14:15:32.113 [background-preinit] INFO  o.h.validator.internal.util.Version - HV000001: Hibernate Validator 8.0.1.Final
25-04-01 14:15:32.127 [main] INFO  c.s.m.discodeit.DiscodeitApplication - Starting DiscodeitApplication using Java 17.0.13 with PID 34584 (/Users/taesikpark/Documents/CodeIT/_1-sprint-mission/build/classes/java/main started by taesikpark in /Users/taesikpark/Documents/CodeIT/_1-sprint-mission)
25-04-01 14:15:32.127 [main] DEBUG c.s.m.discodeit.DiscodeitApplication - Running with Spring Boot v3.4.0, Spring v6.2.0
25-04-01 14:15:32.127 [main] INFO  c.s.m.discodeit.DiscodeitApplication - The following 1 profile is active: "dev"
25-04-01 14:15:32.355 [main] INFO  o.s.d.r.c.RepositoryConfigurationDelegate - Bootstrapping Spring Data JPA repositories in DEFAULT mode.
25-04-01 14:15:32.382 [main] INFO  o.s.d.r.c.RepositoryConfigurationDelegate - Finished Spring Data repository scanning in 24 ms. Found 6 JPA repository interfaces.
25-04-01 14:15:32.528 [main] INFO  o.s.b.w.e.tomcat.TomcatWebServer - Tomcat initialized with port 8080 (http)
25-04-01 14:15:32.531 [main] INFO  o.a.coyote.http11.Http11NioProtocol - Initializing ProtocolHandler ["http-nio-8080"]
25-04-01 14:15:32.532 [main] INFO  o.a.catalina.core.StandardService - Starting service [Tomcat]
25-04-01 14:15:32.532 [main] INFO  o.a.catalina.core.StandardEngine - Starting Servlet engine: [Apache Tomcat/10.1.33]
25-04-01 14:15:32.547 [main] INFO  o.a.c.c.C.[Tomcat].[localhost].[/] - Initializing Spring embedded WebApplicationContext
25-04-01 14:15:32.548 [main] INFO  o.s.b.w.s.c.ServletWebServerApplicationContext - Root WebApplicationContext: initialization completed in 410 ms
25-04-01 14:15:32.577 [main] INFO  com.zaxxer.hikari.HikariDataSource - HikariPool-1 - Starting...
25-04-01 14:15:32.614 [main] INFO  com.zaxxer.hikari.pool.HikariPool - HikariPool-1 - Added connection org.postgresql.jdbc.PgConnection@2365ea38
25-04-01 14:15:32.614 [main] INFO  com.zaxxer.hikari.HikariDataSource - HikariPool-1 - Start completed.
25-04-01 14:15:32.639 [main] INFO  o.h.jpa.internal.util.LogHelper - HHH000204: Processing PersistenceUnitInfo [name: default]
25-04-01 14:15:32.652 [main] INFO  org.hibernate.Version - HHH000412: Hibernate ORM core version 6.6.2.Final
25-04-01 14:15:32.661 [main] INFO  o.h.c.i.RegionFactoryInitiator - HHH000026: Second-level cache disabled
25-04-01 14:15:32.735 [main] INFO  o.s.o.j.p.SpringPersistenceUnitInfo - No LoadTimeWeaver setup: ignoring JPA class transformer
25-04-01 14:15:32.756 [main] WARN  org.hibernate.orm.deprecation - HHH90000025: PostgreSQLDialect does not need to be specified explicitly using 'hibernate.dialect' (remove the property setting and it will be selected by default)
25-04-01 14:15:32.763 [main] INFO  o.hibernate.orm.connections.pooling - HHH10001005: Database info:
	Database JDBC URL [Connecting through datasource 'HikariDataSource (HikariPool-1)']
	Database driver: undefined/unknown
	Database version: 14.17
	Autocommit mode: undefined/unknown
	Isolation level: undefined/unknown
	Minimum pool size: undefined/unknown
	Maximum pool size: undefined/unknown
25-04-01 14:15:33.045 [main] INFO  o.h.e.t.j.p.i.JtaPlatformInitiator - HHH000489: No JTA platform available (set 'hibernate.transaction.jta.platform' to enable JTA platform integration)
25-04-01 14:15:33.067 [main] INFO  o.s.o.j.LocalContainerEntityManagerFactoryBean - Initialized JPA EntityManagerFactory for persistence unit 'default'
25-04-01 14:15:33.237 [main] INFO  o.s.b.a.w.s.WelcomePageHandlerMapping - Adding welcome page: class path resource [static/index.html]
25-04-01 14:15:33.346 [main] INFO  o.a.coyote.http11.Http11NioProtocol - Starting ProtocolHandler ["http-nio-8080"]
25-04-01 14:15:33.353 [main] INFO  o.s.b.w.e.tomcat.TomcatWebServer - Tomcat started on port 8080 (http) with context path '/'
25-04-01 14:15:33.357 [main] INFO  c.s.m.discodeit.DiscodeitApplication - Started DiscodeitApplication in 1.386 seconds (process running for 1.551)
25-04-01 14:15:35.844 [http-nio-8080-exec-1] INFO  o.a.c.c.C.[Tomcat].[localhost].[/] - Initializing Spring DispatcherServlet 'dispatcherServlet'
25-04-01 14:15:35.844 [http-nio-8080-exec-1] INFO  o.s.web.servlet.DispatcherServlet - Initializing Servlet 'dispatcherServlet'
25-04-01 14:15:35.845 [http-nio-8080-exec-1] INFO  o.s.web.servlet.DispatcherServlet - Completed initialization in 1 ms
25-04-01 14:15:35.879 [http-nio-8080-exec-1] INFO  c.s.m.d.c.AuthRestController - login request : UserRequest[username=, password=, email=null, phoneNumber=null, profileImageId=null]
25-04-01 14:15:35.880 [http-nio-8080-exec-1] ERROR c.s.m.d.c.AuthRestController - login request : UserRequest[username=, password=, email=null, phoneNumber=null, profileImageId=null]
25-04-01 14:15:35.909 [http-nio-8080-exec-1] DEBUG org.hibernate.SQL - select u1_0.id,u1_0.created_at,u1_0.email,u1_0.password,u1_0.phone_number,u1_0.profile_image_id,u1_0.updated_at,u1_0.username from users u1_0
25-04-01 14:15:35.929 [http-nio-8080-exec-2] DEBUG org.hibernate.SQL - select u1_0.id,u1_0.created_at,u1_0.email,u1_0.password,u1_0.phone_number,u1_0.profile_image_id,u1_0.updated_at,u1_0.username from users u1_0
25-04-01 14:15:35.944 [http-nio-8080-exec-2] DEBUG org.hibernate.SQL - select us1_0.id,us1_0.created_at,us1_0.last_seen_at,us1_0.updated_at,us1_0.user_id from user_statuses us1_0 where us1_0.user_id=?
25-04-01 14:15:35.944 [http-nio-8080-exec-2] TRACE org.hibernate.orm.jdbc.bind - binding parameter (1:UUID) <- [b803386e-24ff-40df-99fa-684784d1a15c]
25-04-01 14:15:35.947 [http-nio-8080-exec-2] DEBUG org.hibernate.SQL - select us1_0.id,us1_0.created_at,us1_0.last_seen_at,us1_0.updated_at,us1_0.user_id from user_statuses us1_0 where us1_0.user_id=?
25-04-01 14:15:35.947 [http-nio-8080-exec-2] TRACE org.hibernate.orm.jdbc.bind - binding parameter (1:UUID) <- [8841b0ec-d14f-4f2e-9dc3-a42b7fe28a0a]
25-04-01 14:15:35.948 [http-nio-8080-exec-2] DEBUG org.hibernate.SQL - select us1_0.id,us1_0.created_at,us1_0.last_seen_at,us1_0.updated_at,us1_0.user_id from user_statuses us1_0 where us1_0.user_id=?
25-04-01 14:15:35.948 [http-nio-8080-exec-2] TRACE org.hibernate.orm.jdbc.bind - binding parameter (1:UUID) <- [cba9e2aa-94c9-4c21-851e-b2b235b3164f]
25-04-01 14:15:35.949 [http-nio-8080-exec-2] DEBUG org.hibernate.SQL - select us1_0.id,us1_0.created_at,us1_0.last_seen_at,us1_0.updated_at,us1_0.user_id from user_statuses us1_0 where us1_0.user_id=?
25-04-01 14:15:35.949 [http-nio-8080-exec-2] TRACE org.hibernate.orm.jdbc.bind - binding parameter (1:UUID) <- [cb14bf60-4cda-41a6-996b-489975241041]
25-04-01 14:15:35.949 [http-nio-8080-exec-2] DEBUG org.hibernate.SQL - select us1_0.id,us1_0.created_at,us1_0.last_seen_at,us1_0.updated_at,us1_0.user_id from user_statuses us1_0 where us1_0.user_id=?
25-04-01 14:15:35.949 [http-nio-8080-exec-2] TRACE org.hibernate.orm.jdbc.bind - binding parameter (1:UUID) <- [74a507ee-ffb6-4c00-b853-7d9f28c9d870]
25-04-01 14:15:35.950 [http-nio-8080-exec-2] DEBUG org.hibernate.SQL - select us1_0.id,us1_0.created_at,us1_0.last_seen_at,us1_0.updated_at,us1_0.user_id from user_statuses us1_0 where us1_0.user_id=?
25-04-01 14:15:35.950 [http-nio-8080-exec-2] TRACE org.hibernate.orm.jdbc.bind - binding parameter (1:UUID) <- [a38cf3bb-8e0c-4abd-8f4a-a4e1fa8a9a50]
25-04-01 14:15:35.951 [http-nio-8080-exec-2] DEBUG org.hibernate.SQL - select us1_0.id,us1_0.created_at,us1_0.last_seen_at,us1_0.updated_at,us1_0.user_id from user_statuses us1_0 where us1_0.user_id=?
25-04-01 14:15:35.951 [http-nio-8080-exec-2] TRACE org.hibernate.orm.jdbc.bind - binding parameter (1:UUID) <- [70005511-e253-4971-a895-222a7aacbcc0]
25-04-01 14:15:35.952 [http-nio-8080-exec-2] DEBUG org.hibernate.SQL - select us1_0.id,us1_0.created_at,us1_0.last_seen_at,us1_0.updated_at,us1_0.user_id from user_statuses us1_0 where us1_0.user_id=?
25-04-01 14:15:35.952 [http-nio-8080-exec-2] TRACE org.hibernate.orm.jdbc.bind - binding parameter (1:UUID) <- [7fe4cf30-8de7-4ecc-8f76-ad08aad9ed53]
25-04-01 14:19:22.763 [SpringApplicationShutdownHook] INFO  o.s.b.w.e.tomcat.GracefulShutdown - Commencing graceful shutdown. Waiting for active requests to complete
25-04-01 14:19:22.767 [tomcat-shutdown] INFO  o.s.b.w.e.tomcat.GracefulShutdown - Graceful shutdown complete
25-04-01 14:19:22.769 [SpringApplicationShutdownHook] INFO  o.s.o.j.LocalContainerEntityManagerFactoryBean - Closing JPA EntityManagerFactory for persistence unit 'default'
25-04-01 14:19:22.770 [SpringApplicationShutdownHook] INFO  com.zaxxer.hikari.HikariDataSource - HikariPool-1 - Shutdown initiated...
25-04-01 14:19:22.770 [SpringApplicationShutdownHook] INFO  com.zaxxer.hikari.HikariDataSource - HikariPool-1 - Shutdown completed.
25-04-01 14:19:24.259 [background-preinit] INFO  o.h.validator.internal.util.Version - HV000001: Hibernate Validator 8.0.1.Final
25-04-01 14:19:24.273 [main] INFO  c.s.m.discodeit.DiscodeitApplication - Starting DiscodeitApplication using Java 17.0.13 with PID 35165 (/Users/taesikpark/Documents/CodeIT/_1-sprint-mission/build/classes/java/main started by taesikpark in /Users/taesikpark/Documents/CodeIT/_1-sprint-mission)
25-04-01 14:19:24.274 [main] DEBUG c.s.m.discodeit.DiscodeitApplication - Running with Spring Boot v3.4.0, Spring v6.2.0
25-04-01 14:19:24.274 [main] INFO  c.s.m.discodeit.DiscodeitApplication - The following 1 profile is active: "dev"
25-04-01 14:19:24.511 [main] INFO  o.s.d.r.c.RepositoryConfigurationDelegate - Bootstrapping Spring Data JPA repositories in DEFAULT mode.
25-04-01 14:19:24.539 [main] INFO  o.s.d.r.c.RepositoryConfigurationDelegate - Finished Spring Data repository scanning in 24 ms. Found 6 JPA repository interfaces.
25-04-01 14:19:24.686 [main] INFO  o.s.b.w.e.tomcat.TomcatWebServer - Tomcat initialized with port 8080 (http)
25-04-01 14:19:24.690 [main] INFO  o.a.coyote.http11.Http11NioProtocol - Initializing ProtocolHandler ["http-nio-8080"]
25-04-01 14:19:24.690 [main] INFO  o.a.catalina.core.StandardService - Starting service [Tomcat]
25-04-01 14:19:24.690 [main] INFO  o.a.catalina.core.StandardEngine - Starting Servlet engine: [Apache Tomcat/10.1.33]
25-04-01 14:19:24.707 [main] INFO  o.a.c.c.C.[Tomcat].[localhost].[/] - Initializing Spring embedded WebApplicationContext
25-04-01 14:19:24.708 [main] INFO  o.s.b.w.s.c.ServletWebServerApplicationContext - Root WebApplicationContext: initialization completed in 422 ms
25-04-01 14:19:24.739 [main] INFO  com.zaxxer.hikari.HikariDataSource - HikariPool-1 - Starting...
25-04-01 14:19:24.778 [main] INFO  com.zaxxer.hikari.pool.HikariPool - HikariPool-1 - Added connection org.postgresql.jdbc.PgConnection@33324c05
25-04-01 14:19:24.778 [main] INFO  com.zaxxer.hikari.HikariDataSource - HikariPool-1 - Start completed.
25-04-01 14:19:24.804 [main] INFO  o.h.jpa.internal.util.LogHelper - HHH000204: Processing PersistenceUnitInfo [name: default]
25-04-01 14:19:24.818 [main] INFO  org.hibernate.Version - HHH000412: Hibernate ORM core version 6.6.2.Final
25-04-01 14:19:24.827 [main] INFO  o.h.c.i.RegionFactoryInitiator - HHH000026: Second-level cache disabled
25-04-01 14:19:24.903 [main] INFO  o.s.o.j.p.SpringPersistenceUnitInfo - No LoadTimeWeaver setup: ignoring JPA class transformer
25-04-01 14:19:24.923 [main] WARN  org.hibernate.orm.deprecation - HHH90000025: PostgreSQLDialect does not need to be specified explicitly using 'hibernate.dialect' (remove the property setting and it will be selected by default)
25-04-01 14:19:24.928 [main] INFO  o.hibernate.orm.connections.pooling - HHH10001005: Database info:
	Database JDBC URL [Connecting through datasource 'HikariDataSource (HikariPool-1)']
	Database driver: undefined/unknown
	Database version: 14.17
	Autocommit mode: undefined/unknown
	Isolation level: undefined/unknown
	Minimum pool size: undefined/unknown
	Maximum pool size: undefined/unknown
25-04-01 14:19:25.211 [main] INFO  o.h.e.t.j.p.i.JtaPlatformInitiator - HHH000489: No JTA platform available (set 'hibernate.transaction.jta.platform' to enable JTA platform integration)
25-04-01 14:19:25.237 [main] INFO  o.s.o.j.LocalContainerEntityManagerFactoryBean - Initialized JPA EntityManagerFactory for persistence unit 'default'
25-04-01 14:19:25.405 [main] INFO  o.s.b.a.w.s.WelcomePageHandlerMapping - Adding welcome page: class path resource [static/index.html]
25-04-01 14:19:25.513 [main] INFO  o.a.coyote.http11.Http11NioProtocol - Starting ProtocolHandler ["http-nio-8080"]
25-04-01 14:19:25.520 [main] INFO  o.s.b.w.e.tomcat.TomcatWebServer - Tomcat started on port 8080 (http) with context path '/'
25-04-01 14:19:25.524 [main] INFO  c.s.m.discodeit.DiscodeitApplication - Started DiscodeitApplication in 1.407 seconds (process running for 1.562)
25-04-01 14:19:29.742 [http-nio-8080-exec-1] INFO  o.a.c.c.C.[Tomcat].[localhost].[/] - Initializing Spring DispatcherServlet 'dispatcherServlet'
25-04-01 14:19:29.742 [http-nio-8080-exec-1] INFO  o.s.web.servlet.DispatcherServlet - Initializing Servlet 'dispatcherServlet'
25-04-01 14:19:29.743 [http-nio-8080-exec-1] INFO  o.s.web.servlet.DispatcherServlet - Completed initialization in 1 ms
25-04-01 14:19:29.780 [http-nio-8080-exec-1] INFO  c.s.m.d.c.AuthRestController - login request : UserRequest[username=, password=, email=null, phoneNumber=null, profileImageId=null]
25-04-01 14:19:29.810 [http-nio-8080-exec-1] DEBUG org.hibernate.SQL - select u1_0.id,u1_0.created_at,u1_0.email,u1_0.password,u1_0.phone_number,u1_0.profile_image_id,u1_0.updated_at,u1_0.username from users u1_0
25-04-01 14:19:29.830 [http-nio-8080-exec-2] DEBUG org.hibernate.SQL - select u1_0.id,u1_0.created_at,u1_0.email,u1_0.password,u1_0.phone_number,u1_0.profile_image_id,u1_0.updated_at,u1_0.username from users u1_0
25-04-01 14:19:29.845 [http-nio-8080-exec-2] DEBUG org.hibernate.SQL - select us1_0.id,us1_0.created_at,us1_0.last_seen_at,us1_0.updated_at,us1_0.user_id from user_statuses us1_0 where us1_0.user_id=?
25-04-01 14:19:29.846 [http-nio-8080-exec-2] TRACE org.hibernate.orm.jdbc.bind - binding parameter (1:UUID) <- [b803386e-24ff-40df-99fa-684784d1a15c]
25-04-01 14:19:29.848 [http-nio-8080-exec-2] DEBUG org.hibernate.SQL - select us1_0.id,us1_0.created_at,us1_0.last_seen_at,us1_0.updated_at,us1_0.user_id from user_statuses us1_0 where us1_0.user_id=?
25-04-01 14:19:29.848 [http-nio-8080-exec-2] TRACE org.hibernate.orm.jdbc.bind - binding parameter (1:UUID) <- [8841b0ec-d14f-4f2e-9dc3-a42b7fe28a0a]
25-04-01 14:19:29.849 [http-nio-8080-exec-2] DEBUG org.hibernate.SQL - select us1_0.id,us1_0.created_at,us1_0.last_seen_at,us1_0.updated_at,us1_0.user_id from user_statuses us1_0 where us1_0.user_id=?
25-04-01 14:19:29.849 [http-nio-8080-exec-2] TRACE org.hibernate.orm.jdbc.bind - binding parameter (1:UUID) <- [cba9e2aa-94c9-4c21-851e-b2b235b3164f]
25-04-01 14:19:29.850 [http-nio-8080-exec-2] DEBUG org.hibernate.SQL - select us1_0.id,us1_0.created_at,us1_0.last_seen_at,us1_0.updated_at,us1_0.user_id from user_statuses us1_0 where us1_0.user_id=?
25-04-01 14:19:29.850 [http-nio-8080-exec-2] TRACE org.hibernate.orm.jdbc.bind - binding parameter (1:UUID) <- [cb14bf60-4cda-41a6-996b-489975241041]
25-04-01 14:19:29.851 [http-nio-8080-exec-2] DEBUG org.hibernate.SQL - select us1_0.id,us1_0.created_at,us1_0.last_seen_at,us1_0.updated_at,us1_0.user_id from user_statuses us1_0 where us1_0.user_id=?
25-04-01 14:19:29.851 [http-nio-8080-exec-2] TRACE org.hibernate.orm.jdbc.bind - binding parameter (1:UUID) <- [74a507ee-ffb6-4c00-b853-7d9f28c9d870]
25-04-01 14:19:29.852 [http-nio-8080-exec-2] DEBUG org.hibernate.SQL - select us1_0.id,us1_0.created_at,us1_0.last_seen_at,us1_0.updated_at,us1_0.user_id from user_statuses us1_0 where us1_0.user_id=?
25-04-01 14:19:29.852 [http-nio-8080-exec-2] TRACE org.hibernate.orm.jdbc.bind - binding parameter (1:UUID) <- [a38cf3bb-8e0c-4abd-8f4a-a4e1fa8a9a50]
25-04-01 14:19:29.853 [http-nio-8080-exec-2] DEBUG org.hibernate.SQL - select us1_0.id,us1_0.created_at,us1_0.last_seen_at,us1_0.updated_at,us1_0.user_id from user_statuses us1_0 where us1_0.user_id=?
25-04-01 14:19:29.853 [http-nio-8080-exec-2] TRACE org.hibernate.orm.jdbc.bind - binding parameter (1:UUID) <- [70005511-e253-4971-a895-222a7aacbcc0]
25-04-01 14:19:29.853 [http-nio-8080-exec-2] DEBUG org.hibernate.SQL - select us1_0.id,us1_0.created_at,us1_0.last_seen_at,us1_0.updated_at,us1_0.user_id from user_statuses us1_0 where us1_0.user_id=?
25-04-01 14:19:29.853 [http-nio-8080-exec-2] TRACE org.hibernate.orm.jdbc.bind - binding parameter (1:UUID) <- [7fe4cf30-8de7-4ecc-8f76-ad08aad9ed53]
25-04-01 14:22:28.224 [SpringApplicationShutdownHook] INFO  o.s.b.w.e.tomcat.GracefulShutdown - Commencing graceful shutdown. Waiting for active requests to complete
25-04-01 14:22:28.228 [tomcat-shutdown] INFO  o.s.b.w.e.tomcat.GracefulShutdown - Graceful shutdown complete
25-04-01 14:22:28.230 [SpringApplicationShutdownHook] INFO  o.s.o.j.LocalContainerEntityManagerFactoryBean - Closing JPA EntityManagerFactory for persistence unit 'default'
25-04-01 14:22:28.231 [SpringApplicationShutdownHook] INFO  com.zaxxer.hikari.HikariDataSource - HikariPool-1 - Shutdown initiated...
25-04-01 14:22:28.231 [SpringApplicationShutdownHook] INFO  com.zaxxer.hikari.HikariDataSource - HikariPool-1 - Shutdown completed.
25-04-01 14:30:52.516 [background-preinit] INFO  o.h.validator.internal.util.Version - HV000001: Hibernate Validator 8.0.1.Final
25-04-01 14:30:52.530 [main] INFO  c.s.m.discodeit.DiscodeitApplication - Starting DiscodeitApplication using Java 17.0.13 with PID 36842 (/Users/taesikpark/Documents/CodeIT/_1-sprint-mission/build/classes/java/main started by taesikpark in /Users/taesikpark/Documents/CodeIT/_1-sprint-mission)
25-04-01 14:30:52.530 [main] DEBUG c.s.m.discodeit.DiscodeitApplication - Running with Spring Boot v3.4.0, Spring v6.2.0
25-04-01 14:30:52.531 [main] INFO  c.s.m.discodeit.DiscodeitApplication - The following 1 profile is active: "dev"
25-04-01 14:30:52.760 [main] INFO  o.s.d.r.c.RepositoryConfigurationDelegate - Bootstrapping Spring Data JPA repositories in DEFAULT mode.
25-04-01 14:30:52.787 [main] INFO  o.s.d.r.c.RepositoryConfigurationDelegate - Finished Spring Data repository scanning in 23 ms. Found 6 JPA repository interfaces.
25-04-01 14:30:52.929 [main] INFO  o.s.b.w.e.tomcat.TomcatWebServer - Tomcat initialized with port 8080 (http)
25-04-01 14:30:52.932 [main] INFO  o.a.coyote.http11.Http11NioProtocol - Initializing ProtocolHandler ["http-nio-8080"]
25-04-01 14:30:52.933 [main] INFO  o.a.catalina.core.StandardService - Starting service [Tomcat]
25-04-01 14:30:52.933 [main] INFO  o.a.catalina.core.StandardEngine - Starting Servlet engine: [Apache Tomcat/10.1.33]
25-04-01 14:30:52.947 [main] INFO  o.a.c.c.C.[Tomcat].[localhost].[/] - Initializing Spring embedded WebApplicationContext
25-04-01 14:30:52.947 [main] INFO  o.s.b.w.s.c.ServletWebServerApplicationContext - Root WebApplicationContext: initialization completed in 405 ms
25-04-01 14:30:52.976 [main] INFO  com.zaxxer.hikari.HikariDataSource - HikariPool-1 - Starting...
25-04-01 14:30:53.016 [main] INFO  com.zaxxer.hikari.pool.HikariPool - HikariPool-1 - Added connection org.postgresql.jdbc.PgConnection@40bd0f8
25-04-01 14:30:53.017 [main] INFO  com.zaxxer.hikari.HikariDataSource - HikariPool-1 - Start completed.
25-04-01 14:30:53.042 [main] INFO  o.h.jpa.internal.util.LogHelper - HHH000204: Processing PersistenceUnitInfo [name: default]
25-04-01 14:30:53.056 [main] INFO  org.hibernate.Version - HHH000412: Hibernate ORM core version 6.6.2.Final
25-04-01 14:30:53.066 [main] INFO  o.h.c.i.RegionFactoryInitiator - HHH000026: Second-level cache disabled
25-04-01 14:30:53.137 [main] INFO  o.s.o.j.p.SpringPersistenceUnitInfo - No LoadTimeWeaver setup: ignoring JPA class transformer
25-04-01 14:30:53.155 [main] WARN  org.hibernate.orm.deprecation - HHH90000025: PostgreSQLDialect does not need to be specified explicitly using 'hibernate.dialect' (remove the property setting and it will be selected by default)
25-04-01 14:30:53.159 [main] INFO  o.hibernate.orm.connections.pooling - HHH10001005: Database info:
	Database JDBC URL [Connecting through datasource 'HikariDataSource (HikariPool-1)']
	Database driver: undefined/unknown
	Database version: 14.17
	Autocommit mode: undefined/unknown
	Isolation level: undefined/unknown
	Minimum pool size: undefined/unknown
	Maximum pool size: undefined/unknown
25-04-01 14:30:53.439 [main] INFO  o.h.e.t.j.p.i.JtaPlatformInitiator - HHH000489: No JTA platform available (set 'hibernate.transaction.jta.platform' to enable JTA platform integration)
25-04-01 14:30:53.463 [main] INFO  o.s.o.j.LocalContainerEntityManagerFactoryBean - Initialized JPA EntityManagerFactory for persistence unit 'default'
25-04-01 14:30:53.631 [main] INFO  o.s.b.a.w.s.WelcomePageHandlerMapping - Adding welcome page: class path resource [static/index.html]
25-04-01 14:30:53.736 [main] INFO  o.a.coyote.http11.Http11NioProtocol - Starting ProtocolHandler ["http-nio-8080"]
25-04-01 14:30:53.743 [main] INFO  o.s.b.w.e.tomcat.TomcatWebServer - Tomcat started on port 8080 (http) with context path '/'
25-04-01 14:30:53.746 [main] INFO  c.s.m.discodeit.DiscodeitApplication - Started DiscodeitApplication in 1.371 seconds (process running for 1.524)
25-04-01 14:31:35.637 [http-nio-8080-exec-1] INFO  o.a.c.c.C.[Tomcat].[localhost].[/] - Initializing Spring DispatcherServlet 'dispatcherServlet'
25-04-01 14:31:35.637 [http-nio-8080-exec-1] INFO  o.s.web.servlet.DispatcherServlet - Initializing Servlet 'dispatcherServlet'
25-04-01 14:31:35.638 [http-nio-8080-exec-1] INFO  o.s.web.servlet.DispatcherServlet - Completed initialization in 1 ms
25-04-01 14:32:10.545 [SpringApplicationShutdownHook] INFO  o.s.b.w.e.tomcat.GracefulShutdown - Commencing graceful shutdown. Waiting for active requests to complete
25-04-01 14:32:10.548 [tomcat-shutdown] INFO  o.s.b.w.e.tomcat.GracefulShutdown - Graceful shutdown complete
25-04-01 14:32:10.551 [SpringApplicationShutdownHook] INFO  o.s.o.j.LocalContainerEntityManagerFactoryBean - Closing JPA EntityManagerFactory for persistence unit 'default'
25-04-01 14:32:10.551 [SpringApplicationShutdownHook] INFO  com.zaxxer.hikari.HikariDataSource - HikariPool-1 - Shutdown initiated...
25-04-01 14:32:10.552 [SpringApplicationShutdownHook] INFO  com.zaxxer.hikari.HikariDataSource - HikariPool-1 - Shutdown completed.
25-04-01 14:32:11.466 [background-preinit] INFO  o.h.validator.internal.util.Version - HV000001: Hibernate Validator 8.0.1.Final
25-04-01 14:32:11.484 [main] INFO  c.s.m.discodeit.DiscodeitApplication - Starting DiscodeitApplication using Java 17.0.13 with PID 37059 (/Users/taesikpark/Documents/CodeIT/_1-sprint-mission/build/classes/java/main started by taesikpark in /Users/taesikpark/Documents/CodeIT/_1-sprint-mission)
25-04-01 14:32:11.484 [main] DEBUG c.s.m.discodeit.DiscodeitApplication - Running with Spring Boot v3.4.0, Spring v6.2.0
25-04-01 14:32:11.484 [main] INFO  c.s.m.discodeit.DiscodeitApplication - The following 1 profile is active: "dev"
25-04-01 14:32:11.718 [main] INFO  o.s.d.r.c.RepositoryConfigurationDelegate - Bootstrapping Spring Data JPA repositories in DEFAULT mode.
25-04-01 14:32:11.745 [main] INFO  o.s.d.r.c.RepositoryConfigurationDelegate - Finished Spring Data repository scanning in 24 ms. Found 6 JPA repository interfaces.
25-04-01 14:32:11.891 [main] INFO  o.s.b.w.e.tomcat.TomcatWebServer - Tomcat initialized with port 8080 (http)
25-04-01 14:32:11.895 [main] INFO  o.a.coyote.http11.Http11NioProtocol - Initializing ProtocolHandler ["http-nio-8080"]
25-04-01 14:32:11.896 [main] INFO  o.a.catalina.core.StandardService - Starting service [Tomcat]
25-04-01 14:32:11.896 [main] INFO  o.a.catalina.core.StandardEngine - Starting Servlet engine: [Apache Tomcat/10.1.33]
25-04-01 14:32:11.914 [main] INFO  o.a.c.c.C.[Tomcat].[localhost].[/] - Initializing Spring embedded WebApplicationContext
25-04-01 14:32:11.914 [main] INFO  o.s.b.w.s.c.ServletWebServerApplicationContext - Root WebApplicationContext: initialization completed in 417 ms
25-04-01 14:32:11.947 [main] INFO  com.zaxxer.hikari.HikariDataSource - HikariPool-1 - Starting...
25-04-01 14:32:11.982 [main] INFO  com.zaxxer.hikari.pool.HikariPool - HikariPool-1 - Added connection org.postgresql.jdbc.PgConnection@6169be09
25-04-01 14:32:11.982 [main] INFO  com.zaxxer.hikari.HikariDataSource - HikariPool-1 - Start completed.
25-04-01 14:32:12.007 [main] INFO  o.h.jpa.internal.util.LogHelper - HHH000204: Processing PersistenceUnitInfo [name: default]
25-04-01 14:32:12.020 [main] INFO  org.hibernate.Version - HHH000412: Hibernate ORM core version 6.6.2.Final
25-04-01 14:32:12.028 [main] INFO  o.h.c.i.RegionFactoryInitiator - HHH000026: Second-level cache disabled
25-04-01 14:32:12.099 [main] INFO  o.s.o.j.p.SpringPersistenceUnitInfo - No LoadTimeWeaver setup: ignoring JPA class transformer
25-04-01 14:32:12.119 [main] WARN  org.hibernate.orm.deprecation - HHH90000025: PostgreSQLDialect does not need to be specified explicitly using 'hibernate.dialect' (remove the property setting and it will be selected by default)
25-04-01 14:32:12.123 [main] INFO  o.hibernate.orm.connections.pooling - HHH10001005: Database info:
	Database JDBC URL [Connecting through datasource 'HikariDataSource (HikariPool-1)']
	Database driver: undefined/unknown
	Database version: 14.17
	Autocommit mode: undefined/unknown
	Isolation level: undefined/unknown
	Minimum pool size: undefined/unknown
	Maximum pool size: undefined/unknown
25-04-01 14:32:12.411 [main] INFO  o.h.e.t.j.p.i.JtaPlatformInitiator - HHH000489: No JTA platform available (set 'hibernate.transaction.jta.platform' to enable JTA platform integration)
25-04-01 14:32:12.432 [main] INFO  o.s.o.j.LocalContainerEntityManagerFactoryBean - Initialized JPA EntityManagerFactory for persistence unit 'default'
25-04-01 14:32:12.610 [main] INFO  o.s.b.a.w.s.WelcomePageHandlerMapping - Adding welcome page: class path resource [static/index.html]
25-04-01 14:32:12.722 [main] INFO  o.a.coyote.http11.Http11NioProtocol - Starting ProtocolHandler ["http-nio-8080"]
25-04-01 14:32:12.729 [main] INFO  o.s.b.w.e.tomcat.TomcatWebServer - Tomcat started on port 8080 (http) with context path '/'
25-04-01 14:32:12.733 [main] INFO  c.s.m.discodeit.DiscodeitApplication - Started DiscodeitApplication in 1.407 seconds (process running for 1.558)
25-04-01 15:02:57.743 [http-nio-8080-exec-1] INFO  o.a.c.c.C.[Tomcat].[localhost].[/] - Initializing Spring DispatcherServlet 'dispatcherServlet'
25-04-01 15:02:57.744 [http-nio-8080-exec-1] INFO  o.s.web.servlet.DispatcherServlet - Initializing Servlet 'dispatcherServlet'
25-04-01 15:02:57.745 [http-nio-8080-exec-1] INFO  o.s.web.servlet.DispatcherServlet - Completed initialization in 1 ms
25-04-01 15:02:57.786 [http-nio-8080-exec-1] INFO  c.s.m.d.c.AuthRestController - login request : UserRequest[username=, password=, email=null, phoneNumber=null, profileImageId=null]
25-04-01 15:02:57.816 [http-nio-8080-exec-1] DEBUG org.hibernate.SQL - select u1_0.id,u1_0.created_at,u1_0.email,u1_0.password,u1_0.phone_number,u1_0.profile_image_id,u1_0.updated_at,u1_0.username from users u1_0
25-04-01 15:02:57.840 [http-nio-8080-exec-2] DEBUG org.hibernate.SQL - select u1_0.id,u1_0.created_at,u1_0.email,u1_0.password,u1_0.phone_number,u1_0.profile_image_id,u1_0.updated_at,u1_0.username from users u1_0
25-04-01 15:02:57.857 [http-nio-8080-exec-2] DEBUG org.hibernate.SQL - select us1_0.id,us1_0.created_at,us1_0.last_seen_at,us1_0.updated_at,us1_0.user_id from user_statuses us1_0 where us1_0.user_id=?
25-04-01 15:02:57.857 [http-nio-8080-exec-2] TRACE org.hibernate.orm.jdbc.bind - binding parameter (1:UUID) <- [b803386e-24ff-40df-99fa-684784d1a15c]
25-04-01 15:02:57.860 [http-nio-8080-exec-2] DEBUG org.hibernate.SQL - select us1_0.id,us1_0.created_at,us1_0.last_seen_at,us1_0.updated_at,us1_0.user_id from user_statuses us1_0 where us1_0.user_id=?
25-04-01 15:02:57.860 [http-nio-8080-exec-2] TRACE org.hibernate.orm.jdbc.bind - binding parameter (1:UUID) <- [8841b0ec-d14f-4f2e-9dc3-a42b7fe28a0a]
25-04-01 15:02:57.861 [http-nio-8080-exec-2] DEBUG org.hibernate.SQL - select us1_0.id,us1_0.created_at,us1_0.last_seen_at,us1_0.updated_at,us1_0.user_id from user_statuses us1_0 where us1_0.user_id=?
25-04-01 15:02:57.861 [http-nio-8080-exec-2] TRACE org.hibernate.orm.jdbc.bind - binding parameter (1:UUID) <- [cba9e2aa-94c9-4c21-851e-b2b235b3164f]
25-04-01 15:02:57.862 [http-nio-8080-exec-2] DEBUG org.hibernate.SQL - select us1_0.id,us1_0.created_at,us1_0.last_seen_at,us1_0.updated_at,us1_0.user_id from user_statuses us1_0 where us1_0.user_id=?
25-04-01 15:02:57.862 [http-nio-8080-exec-2] TRACE org.hibernate.orm.jdbc.bind - binding parameter (1:UUID) <- [cb14bf60-4cda-41a6-996b-489975241041]
25-04-01 15:02:57.862 [http-nio-8080-exec-2] DEBUG org.hibernate.SQL - select us1_0.id,us1_0.created_at,us1_0.last_seen_at,us1_0.updated_at,us1_0.user_id from user_statuses us1_0 where us1_0.user_id=?
25-04-01 15:02:57.862 [http-nio-8080-exec-2] TRACE org.hibernate.orm.jdbc.bind - binding parameter (1:UUID) <- [74a507ee-ffb6-4c00-b853-7d9f28c9d870]
25-04-01 15:02:57.863 [http-nio-8080-exec-2] DEBUG org.hibernate.SQL - select us1_0.id,us1_0.created_at,us1_0.last_seen_at,us1_0.updated_at,us1_0.user_id from user_statuses us1_0 where us1_0.user_id=?
25-04-01 15:02:57.863 [http-nio-8080-exec-2] TRACE org.hibernate.orm.jdbc.bind - binding parameter (1:UUID) <- [a38cf3bb-8e0c-4abd-8f4a-a4e1fa8a9a50]
25-04-01 15:02:57.864 [http-nio-8080-exec-2] DEBUG org.hibernate.SQL - select us1_0.id,us1_0.created_at,us1_0.last_seen_at,us1_0.updated_at,us1_0.user_id from user_statuses us1_0 where us1_0.user_id=?
25-04-01 15:02:57.864 [http-nio-8080-exec-2] TRACE org.hibernate.orm.jdbc.bind - binding parameter (1:UUID) <- [70005511-e253-4971-a895-222a7aacbcc0]
25-04-01 15:02:57.864 [http-nio-8080-exec-2] DEBUG org.hibernate.SQL - select us1_0.id,us1_0.created_at,us1_0.last_seen_at,us1_0.updated_at,us1_0.user_id from user_statuses us1_0 where us1_0.user_id=?
25-04-01 15:02:57.864 [http-nio-8080-exec-2] TRACE org.hibernate.orm.jdbc.bind - binding parameter (1:UUID) <- [7fe4cf30-8de7-4ecc-8f76-ad08aad9ed53]
25-04-01 15:02:58.199 [http-nio-8080-exec-3] INFO  c.s.m.d.c.AuthRestController - login request : UserRequest[username=, password=, email=null, phoneNumber=null, profileImageId=null]
25-04-01 15:02:58.201 [http-nio-8080-exec-3] DEBUG org.hibernate.SQL - select u1_0.id,u1_0.created_at,u1_0.email,u1_0.password,u1_0.phone_number,u1_0.profile_image_id,u1_0.updated_at,u1_0.username from users u1_0
25-04-01 15:02:58.208 [http-nio-8080-exec-4] DEBUG org.hibernate.SQL - select u1_0.id,u1_0.created_at,u1_0.email,u1_0.password,u1_0.phone_number,u1_0.profile_image_id,u1_0.updated_at,u1_0.username from users u1_0
25-04-01 15:02:58.210 [http-nio-8080-exec-4] DEBUG org.hibernate.SQL - select us1_0.id,us1_0.created_at,us1_0.last_seen_at,us1_0.updated_at,us1_0.user_id from user_statuses us1_0 where us1_0.user_id=?
25-04-01 15:02:58.210 [http-nio-8080-exec-4] TRACE org.hibernate.orm.jdbc.bind - binding parameter (1:UUID) <- [b803386e-24ff-40df-99fa-684784d1a15c]
25-04-01 15:02:58.211 [http-nio-8080-exec-4] DEBUG org.hibernate.SQL - select us1_0.id,us1_0.created_at,us1_0.last_seen_at,us1_0.updated_at,us1_0.user_id from user_statuses us1_0 where us1_0.user_id=?
25-04-01 15:02:58.212 [http-nio-8080-exec-4] TRACE org.hibernate.orm.jdbc.bind - binding parameter (1:UUID) <- [8841b0ec-d14f-4f2e-9dc3-a42b7fe28a0a]
25-04-01 15:02:58.213 [http-nio-8080-exec-4] DEBUG org.hibernate.SQL - select us1_0.id,us1_0.created_at,us1_0.last_seen_at,us1_0.updated_at,us1_0.user_id from user_statuses us1_0 where us1_0.user_id=?
25-04-01 15:02:58.213 [http-nio-8080-exec-4] TRACE org.hibernate.orm.jdbc.bind - binding parameter (1:UUID) <- [cba9e2aa-94c9-4c21-851e-b2b235b3164f]
25-04-01 15:02:58.214 [http-nio-8080-exec-4] DEBUG org.hibernate.SQL - select us1_0.id,us1_0.created_at,us1_0.last_seen_at,us1_0.updated_at,us1_0.user_id from user_statuses us1_0 where us1_0.user_id=?
25-04-01 15:02:58.214 [http-nio-8080-exec-4] TRACE org.hibernate.orm.jdbc.bind - binding parameter (1:UUID) <- [cb14bf60-4cda-41a6-996b-489975241041]
25-04-01 15:02:58.215 [http-nio-8080-exec-4] DEBUG org.hibernate.SQL - select us1_0.id,us1_0.created_at,us1_0.last_seen_at,us1_0.updated_at,us1_0.user_id from user_statuses us1_0 where us1_0.user_id=?
25-04-01 15:02:58.215 [http-nio-8080-exec-4] TRACE org.hibernate.orm.jdbc.bind - binding parameter (1:UUID) <- [74a507ee-ffb6-4c00-b853-7d9f28c9d870]
25-04-01 15:02:58.216 [http-nio-8080-exec-4] DEBUG org.hibernate.SQL - select us1_0.id,us1_0.created_at,us1_0.last_seen_at,us1_0.updated_at,us1_0.user_id from user_statuses us1_0 where us1_0.user_id=?
25-04-01 15:02:58.216 [http-nio-8080-exec-4] TRACE org.hibernate.orm.jdbc.bind - binding parameter (1:UUID) <- [a38cf3bb-8e0c-4abd-8f4a-a4e1fa8a9a50]
25-04-01 15:02:58.217 [http-nio-8080-exec-4] DEBUG org.hibernate.SQL - select us1_0.id,us1_0.created_at,us1_0.last_seen_at,us1_0.updated_at,us1_0.user_id from user_statuses us1_0 where us1_0.user_id=?
25-04-01 15:02:58.217 [http-nio-8080-exec-4] TRACE org.hibernate.orm.jdbc.bind - binding parameter (1:UUID) <- [70005511-e253-4971-a895-222a7aacbcc0]
25-04-01 15:02:58.219 [http-nio-8080-exec-4] DEBUG org.hibernate.SQL - select us1_0.id,us1_0.created_at,us1_0.last_seen_at,us1_0.updated_at,us1_0.user_id from user_statuses us1_0 where us1_0.user_id=?
25-04-01 15:02:58.219 [http-nio-8080-exec-4] TRACE org.hibernate.orm.jdbc.bind - binding parameter (1:UUID) <- [7fe4cf30-8de7-4ecc-8f76-ad08aad9ed53]
25-04-01 15:05:25.720 [http-nio-8080-exec-6] INFO  c.s.m.d.c.AuthRestController - login request : UserRequest[username=, password=, email=null, phoneNumber=null, profileImageId=null]
25-04-01 15:05:25.722 [http-nio-8080-exec-6] DEBUG org.hibernate.SQL - select u1_0.id,u1_0.created_at,u1_0.email,u1_0.password,u1_0.phone_number,u1_0.profile_image_id,u1_0.updated_at,u1_0.username from users u1_0
25-04-01 15:05:25.727 [http-nio-8080-exec-7] DEBUG org.hibernate.SQL - select u1_0.id,u1_0.created_at,u1_0.email,u1_0.password,u1_0.phone_number,u1_0.profile_image_id,u1_0.updated_at,u1_0.username from users u1_0
25-04-01 15:05:25.728 [http-nio-8080-exec-7] DEBUG org.hibernate.SQL - select us1_0.id,us1_0.created_at,us1_0.last_seen_at,us1_0.updated_at,us1_0.user_id from user_statuses us1_0 where us1_0.user_id=?
25-04-01 15:05:25.728 [http-nio-8080-exec-7] TRACE org.hibernate.orm.jdbc.bind - binding parameter (1:UUID) <- [b803386e-24ff-40df-99fa-684784d1a15c]
25-04-01 15:05:25.729 [http-nio-8080-exec-7] DEBUG org.hibernate.SQL - select us1_0.id,us1_0.created_at,us1_0.last_seen_at,us1_0.updated_at,us1_0.user_id from user_statuses us1_0 where us1_0.user_id=?
25-04-01 15:05:25.729 [http-nio-8080-exec-7] TRACE org.hibernate.orm.jdbc.bind - binding parameter (1:UUID) <- [8841b0ec-d14f-4f2e-9dc3-a42b7fe28a0a]
25-04-01 15:05:25.730 [http-nio-8080-exec-7] DEBUG org.hibernate.SQL - select us1_0.id,us1_0.created_at,us1_0.last_seen_at,us1_0.updated_at,us1_0.user_id from user_statuses us1_0 where us1_0.user_id=?
25-04-01 15:05:25.730 [http-nio-8080-exec-7] TRACE org.hibernate.orm.jdbc.bind - binding parameter (1:UUID) <- [cba9e2aa-94c9-4c21-851e-b2b235b3164f]
25-04-01 15:05:25.730 [http-nio-8080-exec-7] DEBUG org.hibernate.SQL - select us1_0.id,us1_0.created_at,us1_0.last_seen_at,us1_0.updated_at,us1_0.user_id from user_statuses us1_0 where us1_0.user_id=?
25-04-01 15:05:25.731 [http-nio-8080-exec-7] TRACE org.hibernate.orm.jdbc.bind - binding parameter (1:UUID) <- [cb14bf60-4cda-41a6-996b-489975241041]
25-04-01 15:05:25.731 [http-nio-8080-exec-7] DEBUG org.hibernate.SQL - select us1_0.id,us1_0.created_at,us1_0.last_seen_at,us1_0.updated_at,us1_0.user_id from user_statuses us1_0 where us1_0.user_id=?
25-04-01 15:05:25.731 [http-nio-8080-exec-7] TRACE org.hibernate.orm.jdbc.bind - binding parameter (1:UUID) <- [74a507ee-ffb6-4c00-b853-7d9f28c9d870]
25-04-01 15:05:25.732 [http-nio-8080-exec-7] DEBUG org.hibernate.SQL - select us1_0.id,us1_0.created_at,us1_0.last_seen_at,us1_0.updated_at,us1_0.user_id from user_statuses us1_0 where us1_0.user_id=?
25-04-01 15:05:25.732 [http-nio-8080-exec-7] TRACE org.hibernate.orm.jdbc.bind - binding parameter (1:UUID) <- [a38cf3bb-8e0c-4abd-8f4a-a4e1fa8a9a50]
25-04-01 15:05:25.732 [http-nio-8080-exec-7] DEBUG org.hibernate.SQL - select us1_0.id,us1_0.created_at,us1_0.last_seen_at,us1_0.updated_at,us1_0.user_id from user_statuses us1_0 where us1_0.user_id=?
25-04-01 15:05:25.732 [http-nio-8080-exec-7] TRACE org.hibernate.orm.jdbc.bind - binding parameter (1:UUID) <- [70005511-e253-4971-a895-222a7aacbcc0]
25-04-01 15:05:25.733 [http-nio-8080-exec-7] DEBUG org.hibernate.SQL - select us1_0.id,us1_0.created_at,us1_0.last_seen_at,us1_0.updated_at,us1_0.user_id from user_statuses us1_0 where us1_0.user_id=?
25-04-01 15:05:25.733 [http-nio-8080-exec-7] TRACE org.hibernate.orm.jdbc.bind - binding parameter (1:UUID) <- [7fe4cf30-8de7-4ecc-8f76-ad08aad9ed53]
25-04-01 15:05:36.819 [http-nio-8080-exec-8] INFO  c.s.m.d.c.AuthRestController - login request : UserRequest[username=, password=, email=null, phoneNumber=null, profileImageId=null]
25-04-01 15:05:36.823 [http-nio-8080-exec-8] DEBUG org.hibernate.SQL - select u1_0.id,u1_0.created_at,u1_0.email,u1_0.password,u1_0.phone_number,u1_0.profile_image_id,u1_0.updated_at,u1_0.username from users u1_0
25-04-01 15:05:36.831 [http-nio-8080-exec-9] DEBUG org.hibernate.SQL - select u1_0.id,u1_0.created_at,u1_0.email,u1_0.password,u1_0.phone_number,u1_0.profile_image_id,u1_0.updated_at,u1_0.username from users u1_0
25-04-01 15:05:36.833 [http-nio-8080-exec-9] DEBUG org.hibernate.SQL - select us1_0.id,us1_0.created_at,us1_0.last_seen_at,us1_0.updated_at,us1_0.user_id from user_statuses us1_0 where us1_0.user_id=?
25-04-01 15:05:36.833 [http-nio-8080-exec-9] TRACE org.hibernate.orm.jdbc.bind - binding parameter (1:UUID) <- [b803386e-24ff-40df-99fa-684784d1a15c]
25-04-01 15:05:36.834 [http-nio-8080-exec-9] DEBUG org.hibernate.SQL - select us1_0.id,us1_0.created_at,us1_0.last_seen_at,us1_0.updated_at,us1_0.user_id from user_statuses us1_0 where us1_0.user_id=?
25-04-01 15:05:36.834 [http-nio-8080-exec-9] TRACE org.hibernate.orm.jdbc.bind - binding parameter (1:UUID) <- [8841b0ec-d14f-4f2e-9dc3-a42b7fe28a0a]
25-04-01 15:05:36.835 [http-nio-8080-exec-9] DEBUG org.hibernate.SQL - select us1_0.id,us1_0.created_at,us1_0.last_seen_at,us1_0.updated_at,us1_0.user_id from user_statuses us1_0 where us1_0.user_id=?
25-04-01 15:05:36.836 [http-nio-8080-exec-9] TRACE org.hibernate.orm.jdbc.bind - binding parameter (1:UUID) <- [cba9e2aa-94c9-4c21-851e-b2b235b3164f]
25-04-01 15:05:36.837 [http-nio-8080-exec-9] DEBUG org.hibernate.SQL - select us1_0.id,us1_0.created_at,us1_0.last_seen_at,us1_0.updated_at,us1_0.user_id from user_statuses us1_0 where us1_0.user_id=?
25-04-01 15:05:36.837 [http-nio-8080-exec-9] TRACE org.hibernate.orm.jdbc.bind - binding parameter (1:UUID) <- [cb14bf60-4cda-41a6-996b-489975241041]
25-04-01 15:05:36.838 [http-nio-8080-exec-9] DEBUG org.hibernate.SQL - select us1_0.id,us1_0.created_at,us1_0.last_seen_at,us1_0.updated_at,us1_0.user_id from user_statuses us1_0 where us1_0.user_id=?
25-04-01 15:05:36.838 [http-nio-8080-exec-9] TRACE org.hibernate.orm.jdbc.bind - binding parameter (1:UUID) <- [74a507ee-ffb6-4c00-b853-7d9f28c9d870]
25-04-01 15:05:36.839 [http-nio-8080-exec-9] DEBUG org.hibernate.SQL - select us1_0.id,us1_0.created_at,us1_0.last_seen_at,us1_0.updated_at,us1_0.user_id from user_statuses us1_0 where us1_0.user_id=?
25-04-01 15:05:36.839 [http-nio-8080-exec-9] TRACE org.hibernate.orm.jdbc.bind - binding parameter (1:UUID) <- [a38cf3bb-8e0c-4abd-8f4a-a4e1fa8a9a50]
25-04-01 15:05:36.840 [http-nio-8080-exec-9] DEBUG org.hibernate.SQL - select us1_0.id,us1_0.created_at,us1_0.last_seen_at,us1_0.updated_at,us1_0.user_id from user_statuses us1_0 where us1_0.user_id=?
25-04-01 15:05:36.840 [http-nio-8080-exec-9] TRACE org.hibernate.orm.jdbc.bind - binding parameter (1:UUID) <- [70005511-e253-4971-a895-222a7aacbcc0]
25-04-01 15:05:36.841 [http-nio-8080-exec-9] DEBUG org.hibernate.SQL - select us1_0.id,us1_0.created_at,us1_0.last_seen_at,us1_0.updated_at,us1_0.user_id from user_statuses us1_0 where us1_0.user_id=?
25-04-01 15:05:36.841 [http-nio-8080-exec-9] TRACE org.hibernate.orm.jdbc.bind - binding parameter (1:UUID) <- [7fe4cf30-8de7-4ecc-8f76-ad08aad9ed53]
25-04-01 15:09:18.595 [http-nio-8080-exec-1] INFO  c.s.m.d.c.AuthRestController - login request : UserRequest[username=, password=, email=null, phoneNumber=null, profileImageId=null]
25-04-01 15:09:18.599 [http-nio-8080-exec-1] DEBUG org.hibernate.SQL - select u1_0.id,u1_0.created_at,u1_0.email,u1_0.password,u1_0.phone_number,u1_0.profile_image_id,u1_0.updated_at,u1_0.username from users u1_0
25-04-01 15:09:18.609 [http-nio-8080-exec-2] DEBUG org.hibernate.SQL - select u1_0.id,u1_0.created_at,u1_0.email,u1_0.password,u1_0.phone_number,u1_0.profile_image_id,u1_0.updated_at,u1_0.username from users u1_0
25-04-01 15:09:18.612 [http-nio-8080-exec-2] DEBUG org.hibernate.SQL - select us1_0.id,us1_0.created_at,us1_0.last_seen_at,us1_0.updated_at,us1_0.user_id from user_statuses us1_0 where us1_0.user_id=?
25-04-01 15:09:18.612 [http-nio-8080-exec-2] TRACE org.hibernate.orm.jdbc.bind - binding parameter (1:UUID) <- [b803386e-24ff-40df-99fa-684784d1a15c]
25-04-01 15:09:18.614 [http-nio-8080-exec-2] DEBUG org.hibernate.SQL - select us1_0.id,us1_0.created_at,us1_0.last_seen_at,us1_0.updated_at,us1_0.user_id from user_statuses us1_0 where us1_0.user_id=?
25-04-01 15:09:18.614 [http-nio-8080-exec-2] TRACE org.hibernate.orm.jdbc.bind - binding parameter (1:UUID) <- [8841b0ec-d14f-4f2e-9dc3-a42b7fe28a0a]
25-04-01 15:09:18.615 [http-nio-8080-exec-2] DEBUG org.hibernate.SQL - select us1_0.id,us1_0.created_at,us1_0.last_seen_at,us1_0.updated_at,us1_0.user_id from user_statuses us1_0 where us1_0.user_id=?
25-04-01 15:09:18.615 [http-nio-8080-exec-2] TRACE org.hibernate.orm.jdbc.bind - binding parameter (1:UUID) <- [cba9e2aa-94c9-4c21-851e-b2b235b3164f]
25-04-01 15:09:18.616 [http-nio-8080-exec-2] DEBUG org.hibernate.SQL - select us1_0.id,us1_0.created_at,us1_0.last_seen_at,us1_0.updated_at,us1_0.user_id from user_statuses us1_0 where us1_0.user_id=?
25-04-01 15:09:18.616 [http-nio-8080-exec-2] TRACE org.hibernate.orm.jdbc.bind - binding parameter (1:UUID) <- [cb14bf60-4cda-41a6-996b-489975241041]
25-04-01 15:09:18.617 [http-nio-8080-exec-2] DEBUG org.hibernate.SQL - select us1_0.id,us1_0.created_at,us1_0.last_seen_at,us1_0.updated_at,us1_0.user_id from user_statuses us1_0 where us1_0.user_id=?
25-04-01 15:09:18.617 [http-nio-8080-exec-2] TRACE org.hibernate.orm.jdbc.bind - binding parameter (1:UUID) <- [74a507ee-ffb6-4c00-b853-7d9f28c9d870]
25-04-01 15:09:18.618 [http-nio-8080-exec-2] DEBUG org.hibernate.SQL - select us1_0.id,us1_0.created_at,us1_0.last_seen_at,us1_0.updated_at,us1_0.user_id from user_statuses us1_0 where us1_0.user_id=?
25-04-01 15:09:18.618 [http-nio-8080-exec-2] TRACE org.hibernate.orm.jdbc.bind - binding parameter (1:UUID) <- [a38cf3bb-8e0c-4abd-8f4a-a4e1fa8a9a50]
25-04-01 15:09:18.619 [http-nio-8080-exec-2] DEBUG org.hibernate.SQL - select us1_0.id,us1_0.created_at,us1_0.last_seen_at,us1_0.updated_at,us1_0.user_id from user_statuses us1_0 where us1_0.user_id=?
25-04-01 15:09:18.619 [http-nio-8080-exec-2] TRACE org.hibernate.orm.jdbc.bind - binding parameter (1:UUID) <- [70005511-e253-4971-a895-222a7aacbcc0]
25-04-01 15:09:18.620 [http-nio-8080-exec-2] DEBUG org.hibernate.SQL - select us1_0.id,us1_0.created_at,us1_0.last_seen_at,us1_0.updated_at,us1_0.user_id from user_statuses us1_0 where us1_0.user_id=?
25-04-01 15:09:18.620 [http-nio-8080-exec-2] TRACE org.hibernate.orm.jdbc.bind - binding parameter (1:UUID) <- [7fe4cf30-8de7-4ecc-8f76-ad08aad9ed53]
25-04-01 15:09:18.818 [http-nio-8080-exec-3] INFO  c.s.m.d.c.AuthRestController - login request : UserRequest[username=, password=, email=null, phoneNumber=null, profileImageId=null]
25-04-01 15:09:18.820 [http-nio-8080-exec-3] DEBUG org.hibernate.SQL - select u1_0.id,u1_0.created_at,u1_0.email,u1_0.password,u1_0.phone_number,u1_0.profile_image_id,u1_0.updated_at,u1_0.username from users u1_0
25-04-01 15:09:18.829 [http-nio-8080-exec-4] DEBUG org.hibernate.SQL - select u1_0.id,u1_0.created_at,u1_0.email,u1_0.password,u1_0.phone_number,u1_0.profile_image_id,u1_0.updated_at,u1_0.username from users u1_0
25-04-01 15:09:18.832 [http-nio-8080-exec-4] DEBUG org.hibernate.SQL - select us1_0.id,us1_0.created_at,us1_0.last_seen_at,us1_0.updated_at,us1_0.user_id from user_statuses us1_0 where us1_0.user_id=?
25-04-01 15:09:18.832 [http-nio-8080-exec-4] TRACE org.hibernate.orm.jdbc.bind - binding parameter (1:UUID) <- [b803386e-24ff-40df-99fa-684784d1a15c]
25-04-01 15:09:18.834 [http-nio-8080-exec-4] DEBUG org.hibernate.SQL - select us1_0.id,us1_0.created_at,us1_0.last_seen_at,us1_0.updated_at,us1_0.user_id from user_statuses us1_0 where us1_0.user_id=?
25-04-01 15:09:18.834 [http-nio-8080-exec-4] TRACE org.hibernate.orm.jdbc.bind - binding parameter (1:UUID) <- [8841b0ec-d14f-4f2e-9dc3-a42b7fe28a0a]
25-04-01 15:09:18.835 [http-nio-8080-exec-4] DEBUG org.hibernate.SQL - select us1_0.id,us1_0.created_at,us1_0.last_seen_at,us1_0.updated_at,us1_0.user_id from user_statuses us1_0 where us1_0.user_id=?
25-04-01 15:09:18.835 [http-nio-8080-exec-4] TRACE org.hibernate.orm.jdbc.bind - binding parameter (1:UUID) <- [cba9e2aa-94c9-4c21-851e-b2b235b3164f]
25-04-01 15:09:18.836 [http-nio-8080-exec-4] DEBUG org.hibernate.SQL - select us1_0.id,us1_0.created_at,us1_0.last_seen_at,us1_0.updated_at,us1_0.user_id from user_statuses us1_0 where us1_0.user_id=?
25-04-01 15:09:18.836 [http-nio-8080-exec-4] TRACE org.hibernate.orm.jdbc.bind - binding parameter (1:UUID) <- [cb14bf60-4cda-41a6-996b-489975241041]
25-04-01 15:09:18.837 [http-nio-8080-exec-4] DEBUG org.hibernate.SQL - select us1_0.id,us1_0.created_at,us1_0.last_seen_at,us1_0.updated_at,us1_0.user_id from user_statuses us1_0 where us1_0.user_id=?
25-04-01 15:09:18.837 [http-nio-8080-exec-4] TRACE org.hibernate.orm.jdbc.bind - binding parameter (1:UUID) <- [74a507ee-ffb6-4c00-b853-7d9f28c9d870]
25-04-01 15:09:18.838 [http-nio-8080-exec-4] DEBUG org.hibernate.SQL - select us1_0.id,us1_0.created_at,us1_0.last_seen_at,us1_0.updated_at,us1_0.user_id from user_statuses us1_0 where us1_0.user_id=?
25-04-01 15:09:18.838 [http-nio-8080-exec-4] TRACE org.hibernate.orm.jdbc.bind - binding parameter (1:UUID) <- [a38cf3bb-8e0c-4abd-8f4a-a4e1fa8a9a50]
25-04-01 15:09:18.839 [http-nio-8080-exec-4] DEBUG org.hibernate.SQL - select us1_0.id,us1_0.created_at,us1_0.last_seen_at,us1_0.updated_at,us1_0.user_id from user_statuses us1_0 where us1_0.user_id=?
25-04-01 15:09:18.839 [http-nio-8080-exec-4] TRACE org.hibernate.orm.jdbc.bind - binding parameter (1:UUID) <- [70005511-e253-4971-a895-222a7aacbcc0]
25-04-01 15:09:18.841 [http-nio-8080-exec-4] DEBUG org.hibernate.SQL - select us1_0.id,us1_0.created_at,us1_0.last_seen_at,us1_0.updated_at,us1_0.user_id from user_statuses us1_0 where us1_0.user_id=?
25-04-01 15:09:18.841 [http-nio-8080-exec-4] TRACE org.hibernate.orm.jdbc.bind - binding parameter (1:UUID) <- [7fe4cf30-8de7-4ecc-8f76-ad08aad9ed53]
25-04-01 15:09:19.002 [http-nio-8080-exec-5] INFO  c.s.m.d.c.AuthRestController - login request : UserRequest[username=, password=, email=null, phoneNumber=null, profileImageId=null]
25-04-01 15:09:19.005 [http-nio-8080-exec-5] DEBUG org.hibernate.SQL - select u1_0.id,u1_0.created_at,u1_0.email,u1_0.password,u1_0.phone_number,u1_0.profile_image_id,u1_0.updated_at,u1_0.username from users u1_0
25-04-01 15:09:19.015 [http-nio-8080-exec-6] DEBUG org.hibernate.SQL - select u1_0.id,u1_0.created_at,u1_0.email,u1_0.password,u1_0.phone_number,u1_0.profile_image_id,u1_0.updated_at,u1_0.username from users u1_0
25-04-01 15:09:19.036 [http-nio-8080-exec-6] DEBUG org.hibernate.SQL - select us1_0.id,us1_0.created_at,us1_0.last_seen_at,us1_0.updated_at,us1_0.user_id from user_statuses us1_0 where us1_0.user_id=?
25-04-01 15:09:19.036 [http-nio-8080-exec-6] TRACE org.hibernate.orm.jdbc.bind - binding parameter (1:UUID) <- [b803386e-24ff-40df-99fa-684784d1a15c]
25-04-01 15:09:19.037 [http-nio-8080-exec-6] DEBUG org.hibernate.SQL - select us1_0.id,us1_0.created_at,us1_0.last_seen_at,us1_0.updated_at,us1_0.user_id from user_statuses us1_0 where us1_0.user_id=?
25-04-01 15:09:19.037 [http-nio-8080-exec-6] TRACE org.hibernate.orm.jdbc.bind - binding parameter (1:UUID) <- [8841b0ec-d14f-4f2e-9dc3-a42b7fe28a0a]
25-04-01 15:09:19.038 [http-nio-8080-exec-6] DEBUG org.hibernate.SQL - select us1_0.id,us1_0.created_at,us1_0.last_seen_at,us1_0.updated_at,us1_0.user_id from user_statuses us1_0 where us1_0.user_id=?
25-04-01 15:09:19.038 [http-nio-8080-exec-6] TRACE org.hibernate.orm.jdbc.bind - binding parameter (1:UUID) <- [cba9e2aa-94c9-4c21-851e-b2b235b3164f]
25-04-01 15:09:19.039 [http-nio-8080-exec-6] DEBUG org.hibernate.SQL - select us1_0.id,us1_0.created_at,us1_0.last_seen_at,us1_0.updated_at,us1_0.user_id from user_statuses us1_0 where us1_0.user_id=?
25-04-01 15:09:19.039 [http-nio-8080-exec-6] TRACE org.hibernate.orm.jdbc.bind - binding parameter (1:UUID) <- [cb14bf60-4cda-41a6-996b-489975241041]
25-04-01 15:09:19.039 [http-nio-8080-exec-6] DEBUG org.hibernate.SQL - select us1_0.id,us1_0.created_at,us1_0.last_seen_at,us1_0.updated_at,us1_0.user_id from user_statuses us1_0 where us1_0.user_id=?
25-04-01 15:09:19.039 [http-nio-8080-exec-6] TRACE org.hibernate.orm.jdbc.bind - binding parameter (1:UUID) <- [74a507ee-ffb6-4c00-b853-7d9f28c9d870]
25-04-01 15:09:19.040 [http-nio-8080-exec-6] DEBUG org.hibernate.SQL - select us1_0.id,us1_0.created_at,us1_0.last_seen_at,us1_0.updated_at,us1_0.user_id from user_statuses us1_0 where us1_0.user_id=?
25-04-01 15:09:19.040 [http-nio-8080-exec-6] TRACE org.hibernate.orm.jdbc.bind - binding parameter (1:UUID) <- [a38cf3bb-8e0c-4abd-8f4a-a4e1fa8a9a50]
25-04-01 15:09:19.041 [http-nio-8080-exec-6] DEBUG org.hibernate.SQL - select us1_0.id,us1_0.created_at,us1_0.last_seen_at,us1_0.updated_at,us1_0.user_id from user_statuses us1_0 where us1_0.user_id=?
25-04-01 15:09:19.041 [http-nio-8080-exec-6] TRACE org.hibernate.orm.jdbc.bind - binding parameter (1:UUID) <- [70005511-e253-4971-a895-222a7aacbcc0]
25-04-01 15:09:19.042 [http-nio-8080-exec-6] DEBUG org.hibernate.SQL - select us1_0.id,us1_0.created_at,us1_0.last_seen_at,us1_0.updated_at,us1_0.user_id from user_statuses us1_0 where us1_0.user_id=?
25-04-01 15:09:19.042 [http-nio-8080-exec-6] TRACE org.hibernate.orm.jdbc.bind - binding parameter (1:UUID) <- [7fe4cf30-8de7-4ecc-8f76-ad08aad9ed53]
25-04-01 15:09:24.053 [http-nio-8080-exec-7] INFO  c.s.m.d.c.AuthRestController - login request : UserRequest[username=, password=, email=null, phoneNumber=null, profileImageId=null]
25-04-01 15:09:24.056 [http-nio-8080-exec-7] DEBUG org.hibernate.SQL - select u1_0.id,u1_0.created_at,u1_0.email,u1_0.password,u1_0.phone_number,u1_0.profile_image_id,u1_0.updated_at,u1_0.username from users u1_0
25-04-01 15:09:24.065 [http-nio-8080-exec-8] DEBUG org.hibernate.SQL - select u1_0.id,u1_0.created_at,u1_0.email,u1_0.password,u1_0.phone_number,u1_0.profile_image_id,u1_0.updated_at,u1_0.username from users u1_0
25-04-01 15:09:24.067 [http-nio-8080-exec-8] DEBUG org.hibernate.SQL - select us1_0.id,us1_0.created_at,us1_0.last_seen_at,us1_0.updated_at,us1_0.user_id from user_statuses us1_0 where us1_0.user_id=?
25-04-01 15:09:24.068 [http-nio-8080-exec-8] TRACE org.hibernate.orm.jdbc.bind - binding parameter (1:UUID) <- [b803386e-24ff-40df-99fa-684784d1a15c]
25-04-01 15:09:24.069 [http-nio-8080-exec-8] DEBUG org.hibernate.SQL - select us1_0.id,us1_0.created_at,us1_0.last_seen_at,us1_0.updated_at,us1_0.user_id from user_statuses us1_0 where us1_0.user_id=?
25-04-01 15:09:24.069 [http-nio-8080-exec-8] TRACE org.hibernate.orm.jdbc.bind - binding parameter (1:UUID) <- [8841b0ec-d14f-4f2e-9dc3-a42b7fe28a0a]
25-04-01 15:09:24.070 [http-nio-8080-exec-8] DEBUG org.hibernate.SQL - select us1_0.id,us1_0.created_at,us1_0.last_seen_at,us1_0.updated_at,us1_0.user_id from user_statuses us1_0 where us1_0.user_id=?
25-04-01 15:09:24.070 [http-nio-8080-exec-8] TRACE org.hibernate.orm.jdbc.bind - binding parameter (1:UUID) <- [cba9e2aa-94c9-4c21-851e-b2b235b3164f]
25-04-01 15:09:24.071 [http-nio-8080-exec-8] DEBUG org.hibernate.SQL - select us1_0.id,us1_0.created_at,us1_0.last_seen_at,us1_0.updated_at,us1_0.user_id from user_statuses us1_0 where us1_0.user_id=?
25-04-01 15:09:24.072 [http-nio-8080-exec-8] TRACE org.hibernate.orm.jdbc.bind - binding parameter (1:UUID) <- [cb14bf60-4cda-41a6-996b-489975241041]
25-04-01 15:09:24.073 [http-nio-8080-exec-8] DEBUG org.hibernate.SQL - select us1_0.id,us1_0.created_at,us1_0.last_seen_at,us1_0.updated_at,us1_0.user_id from user_statuses us1_0 where us1_0.user_id=?
25-04-01 15:09:24.073 [http-nio-8080-exec-8] TRACE org.hibernate.orm.jdbc.bind - binding parameter (1:UUID) <- [74a507ee-ffb6-4c00-b853-7d9f28c9d870]
25-04-01 15:09:24.074 [http-nio-8080-exec-8] DEBUG org.hibernate.SQL - select us1_0.id,us1_0.created_at,us1_0.last_seen_at,us1_0.updated_at,us1_0.user_id from user_statuses us1_0 where us1_0.user_id=?
25-04-01 15:09:24.074 [http-nio-8080-exec-8] TRACE org.hibernate.orm.jdbc.bind - binding parameter (1:UUID) <- [a38cf3bb-8e0c-4abd-8f4a-a4e1fa8a9a50]
25-04-01 15:09:24.075 [http-nio-8080-exec-8] DEBUG org.hibernate.SQL - select us1_0.id,us1_0.created_at,us1_0.last_seen_at,us1_0.updated_at,us1_0.user_id from user_statuses us1_0 where us1_0.user_id=?
25-04-01 15:09:24.075 [http-nio-8080-exec-8] TRACE org.hibernate.orm.jdbc.bind - binding parameter (1:UUID) <- [70005511-e253-4971-a895-222a7aacbcc0]
25-04-01 15:09:24.076 [http-nio-8080-exec-8] DEBUG org.hibernate.SQL - select us1_0.id,us1_0.created_at,us1_0.last_seen_at,us1_0.updated_at,us1_0.user_id from user_statuses us1_0 where us1_0.user_id=?
25-04-01 15:09:24.076 [http-nio-8080-exec-8] TRACE org.hibernate.orm.jdbc.bind - binding parameter (1:UUID) <- [7fe4cf30-8de7-4ecc-8f76-ad08aad9ed53]
25-04-01 15:11:10.137 [background-preinit] INFO  o.h.validator.internal.util.Version - HV000001: Hibernate Validator 8.0.1.Final
25-04-01 15:11:10.155 [main] INFO  c.s.m.discodeit.DiscodeitApplication - Starting DiscodeitApplication using Java 17.0.7 with PID 42862 (/Users/taesikpark/Documents/CodeIT/_1-sprint-mission/build/classes/java/main started by taesikpark in /Users/taesikpark/Documents/CodeIT/_1-sprint-mission)
25-04-01 15:11:10.155 [main] DEBUG c.s.m.discodeit.DiscodeitApplication - Running with Spring Boot v3.4.0, Spring v6.2.0
25-04-01 15:11:10.155 [main] INFO  c.s.m.discodeit.DiscodeitApplication - The following 1 profile is active: "dev"
25-04-01 15:11:10.358 [main] INFO  o.s.d.r.c.RepositoryConfigurationDelegate - Bootstrapping Spring Data JPA repositories in DEFAULT mode.
25-04-01 15:11:10.387 [main] INFO  o.s.d.r.c.RepositoryConfigurationDelegate - Finished Spring Data repository scanning in 25 ms. Found 6 JPA repository interfaces.
25-04-01 15:11:10.516 [main] INFO  o.s.b.w.e.tomcat.TomcatWebServer - Tomcat initialized with port 8080 (http)
25-04-01 15:11:10.520 [main] INFO  o.a.coyote.http11.Http11NioProtocol - Initializing ProtocolHandler ["http-nio-8080"]
25-04-01 15:11:10.521 [main] INFO  o.a.catalina.core.StandardService - Starting service [Tomcat]
25-04-01 15:11:10.521 [main] INFO  o.a.catalina.core.StandardEngine - Starting Servlet engine: [Apache Tomcat/10.1.33]
25-04-01 15:11:10.561 [main] INFO  o.a.c.c.C.[Tomcat].[localhost].[/] - Initializing Spring embedded WebApplicationContext
25-04-01 15:11:10.562 [main] INFO  o.s.b.w.s.c.ServletWebServerApplicationContext - Root WebApplicationContext: initialization completed in 396 ms
25-04-01 15:11:10.587 [main] INFO  com.zaxxer.hikari.HikariDataSource - HikariPool-1 - Starting...
25-04-01 15:11:10.628 [main] INFO  com.zaxxer.hikari.pool.HikariPool - HikariPool-1 - Added connection org.postgresql.jdbc.PgConnection@53d30d23
25-04-01 15:11:10.628 [main] INFO  com.zaxxer.hikari.HikariDataSource - HikariPool-1 - Start completed.
25-04-01 15:11:10.648 [main] INFO  o.h.jpa.internal.util.LogHelper - HHH000204: Processing PersistenceUnitInfo [name: default]
25-04-01 15:11:10.659 [main] INFO  org.hibernate.Version - HHH000412: Hibernate ORM core version 6.6.2.Final
25-04-01 15:11:10.667 [main] INFO  o.h.c.i.RegionFactoryInitiator - HHH000026: Second-level cache disabled
25-04-01 15:11:10.733 [main] INFO  o.s.o.j.p.SpringPersistenceUnitInfo - No LoadTimeWeaver setup: ignoring JPA class transformer
25-04-01 15:11:10.753 [main] WARN  org.hibernate.orm.deprecation - HHH90000025: PostgreSQLDialect does not need to be specified explicitly using 'hibernate.dialect' (remove the property setting and it will be selected by default)
25-04-01 15:11:10.757 [main] INFO  o.hibernate.orm.connections.pooling - HHH10001005: Database info:
	Database JDBC URL [Connecting through datasource 'HikariDataSource (HikariPool-1)']
	Database driver: undefined/unknown
	Database version: 14.17
	Autocommit mode: undefined/unknown
	Isolation level: undefined/unknown
	Minimum pool size: undefined/unknown
	Maximum pool size: undefined/unknown
25-04-01 15:11:11.011 [main] INFO  o.h.e.t.j.p.i.JtaPlatformInitiator - HHH000489: No JTA platform available (set 'hibernate.transaction.jta.platform' to enable JTA platform integration)
25-04-01 15:11:11.033 [main] INFO  o.s.o.j.LocalContainerEntityManagerFactoryBean - Initialized JPA EntityManagerFactory for persistence unit 'default'
25-04-01 15:11:11.198 [main] INFO  o.s.b.a.w.s.WelcomePageHandlerMapping - Adding welcome page: class path resource [static/index.html]
25-04-01 15:11:11.296 [main] INFO  o.a.coyote.http11.Http11NioProtocol - Starting ProtocolHandler ["http-nio-8080"]
25-04-01 15:11:11.299 [main] WARN  o.s.b.w.s.c.AnnotationConfigServletWebServerApplicationContext - Exception encountered during context initialization - cancelling refresh attempt: org.springframework.context.ApplicationContextException: Failed to start bean 'webServerStartStop'
25-04-01 15:11:11.299 [main] INFO  o.s.o.j.LocalContainerEntityManagerFactoryBean - Closing JPA EntityManagerFactory for persistence unit 'default'
25-04-01 15:11:11.300 [main] INFO  com.zaxxer.hikari.HikariDataSource - HikariPool-1 - Shutdown initiated...
25-04-01 15:11:11.301 [main] INFO  com.zaxxer.hikari.HikariDataSource - HikariPool-1 - Shutdown completed.
25-04-01 15:11:11.306 [main] INFO  o.s.b.a.l.ConditionEvaluationReportLogger - 

Error starting ApplicationContext. To display the condition evaluation report re-run your application with 'debug' enabled.
25-04-01 15:11:11.310 [main] ERROR o.s.b.d.LoggingFailureAnalysisReporter - 

***************************
APPLICATION FAILED TO START
***************************

Description:

Web server failed to start. Port 8080 was already in use.

Action:

Identify and stop the process that's listening on port 8080 or configure this application to listen on another port.

25-04-01 15:11:23.622 [SpringApplicationShutdownHook] INFO  o.s.b.w.e.tomcat.GracefulShutdown - Commencing graceful shutdown. Waiting for active requests to complete
25-04-01 15:11:23.626 [tomcat-shutdown] INFO  o.s.b.w.e.tomcat.GracefulShutdown - Graceful shutdown complete
25-04-01 15:11:23.627 [SpringApplicationShutdownHook] INFO  o.s.o.j.LocalContainerEntityManagerFactoryBean - Closing JPA EntityManagerFactory for persistence unit 'default'
25-04-01 15:11:23.628 [SpringApplicationShutdownHook] INFO  com.zaxxer.hikari.HikariDataSource - HikariPool-1 - Shutdown initiated...
25-04-01 15:11:23.629 [SpringApplicationShutdownHook] INFO  com.zaxxer.hikari.HikariDataSource - HikariPool-1 - Shutdown completed.
25-04-01 15:11:26.561 [background-preinit] INFO  o.h.validator.internal.util.Version - HV000001: Hibernate Validator 8.0.1.Final
25-04-01 15:11:26.581 [main] INFO  c.s.m.discodeit.DiscodeitApplication - Starting DiscodeitApplication using Java 17.0.7 with PID 43011 (/Users/taesikpark/Documents/CodeIT/_1-sprint-mission/build/classes/java/main started by taesikpark in /Users/taesikpark/Documents/CodeIT/_1-sprint-mission)
25-04-01 15:11:26.581 [main] DEBUG c.s.m.discodeit.DiscodeitApplication - Running with Spring Boot v3.4.0, Spring v6.2.0
25-04-01 15:11:26.581 [main] INFO  c.s.m.discodeit.DiscodeitApplication - The following 1 profile is active: "dev"
25-04-01 15:11:26.794 [main] INFO  o.s.d.r.c.RepositoryConfigurationDelegate - Bootstrapping Spring Data JPA repositories in DEFAULT mode.
25-04-01 15:11:26.820 [main] INFO  o.s.d.r.c.RepositoryConfigurationDelegate - Finished Spring Data repository scanning in 23 ms. Found 6 JPA repository interfaces.
25-04-01 15:11:26.960 [main] INFO  o.s.b.w.e.tomcat.TomcatWebServer - Tomcat initialized with port 8080 (http)
25-04-01 15:11:26.968 [main] INFO  o.a.coyote.http11.Http11NioProtocol - Initializing ProtocolHandler ["http-nio-8080"]
25-04-01 15:11:26.968 [main] INFO  o.a.catalina.core.StandardService - Starting service [Tomcat]
25-04-01 15:11:26.969 [main] INFO  o.a.catalina.core.StandardEngine - Starting Servlet engine: [Apache Tomcat/10.1.33]
25-04-01 15:11:26.988 [main] INFO  o.a.c.c.C.[Tomcat].[localhost].[/] - Initializing Spring embedded WebApplicationContext
25-04-01 15:11:26.988 [main] INFO  o.s.b.w.s.c.ServletWebServerApplicationContext - Root WebApplicationContext: initialization completed in 395 ms
25-04-01 15:11:27.014 [main] INFO  com.zaxxer.hikari.HikariDataSource - HikariPool-1 - Starting...
25-04-01 15:11:27.044 [main] INFO  com.zaxxer.hikari.pool.HikariPool - HikariPool-1 - Added connection org.postgresql.jdbc.PgConnection@3cc3f13e
25-04-01 15:11:27.045 [main] INFO  com.zaxxer.hikari.HikariDataSource - HikariPool-1 - Start completed.
25-04-01 15:11:27.065 [main] INFO  o.h.jpa.internal.util.LogHelper - HHH000204: Processing PersistenceUnitInfo [name: default]
25-04-01 15:11:27.078 [main] INFO  org.hibernate.Version - HHH000412: Hibernate ORM core version 6.6.2.Final
25-04-01 15:11:27.086 [main] INFO  o.h.c.i.RegionFactoryInitiator - HHH000026: Second-level cache disabled
25-04-01 15:11:27.154 [main] INFO  o.s.o.j.p.SpringPersistenceUnitInfo - No LoadTimeWeaver setup: ignoring JPA class transformer
25-04-01 15:11:27.174 [main] WARN  org.hibernate.orm.deprecation - HHH90000025: PostgreSQLDialect does not need to be specified explicitly using 'hibernate.dialect' (remove the property setting and it will be selected by default)
25-04-01 15:11:27.178 [main] INFO  o.hibernate.orm.connections.pooling - HHH10001005: Database info:
	Database JDBC URL [Connecting through datasource 'HikariDataSource (HikariPool-1)']
	Database driver: undefined/unknown
	Database version: 14.17
	Autocommit mode: undefined/unknown
	Isolation level: undefined/unknown
	Minimum pool size: undefined/unknown
	Maximum pool size: undefined/unknown
25-04-01 15:11:27.443 [main] INFO  o.h.e.t.j.p.i.JtaPlatformInitiator - HHH000489: No JTA platform available (set 'hibernate.transaction.jta.platform' to enable JTA platform integration)
25-04-01 15:11:27.469 [main] INFO  o.s.o.j.LocalContainerEntityManagerFactoryBean - Initialized JPA EntityManagerFactory for persistence unit 'default'
25-04-01 15:11:27.650 [main] INFO  o.s.b.a.w.s.WelcomePageHandlerMapping - Adding welcome page: class path resource [static/index.html]
25-04-01 15:11:27.746 [main] INFO  o.a.coyote.http11.Http11NioProtocol - Starting ProtocolHandler ["http-nio-8080"]
25-04-01 15:11:27.751 [main] INFO  o.s.b.w.e.tomcat.TomcatWebServer - Tomcat started on port 8080 (http) with context path '/'
25-04-01 15:11:27.756 [main] INFO  c.s.m.discodeit.DiscodeitApplication - Started DiscodeitApplication in 1.345 seconds (process running for 1.468)
25-04-01 15:15:51.701 [http-nio-8080-exec-1] INFO  o.a.c.c.C.[Tomcat].[localhost].[/] - Initializing Spring DispatcherServlet 'dispatcherServlet'
25-04-01 15:15:51.701 [http-nio-8080-exec-1] INFO  o.s.web.servlet.DispatcherServlet - Initializing Servlet 'dispatcherServlet'
25-04-01 15:15:51.702 [http-nio-8080-exec-1] INFO  o.s.web.servlet.DispatcherServlet - Completed initialization in 1 ms
25-04-01 15:15:55.669 [http-nio-8080-exec-5] INFO  c.s.m.d.c.AuthRestController - login request : UserRequest[username=, password=, email=null, phoneNumber=null, profileImageId=null]
25-04-01 15:15:55.702 [http-nio-8080-exec-5] DEBUG org.hibernate.SQL - select u1_0.id,u1_0.created_at,u1_0.email,u1_0.password,u1_0.phone_number,u1_0.profile_image_id,u1_0.updated_at,u1_0.username from users u1_0
25-04-01 15:15:55.724 [http-nio-8080-exec-6] DEBUG org.hibernate.SQL - select u1_0.id,u1_0.created_at,u1_0.email,u1_0.password,u1_0.phone_number,u1_0.profile_image_id,u1_0.updated_at,u1_0.username from users u1_0
25-04-01 15:15:55.742 [http-nio-8080-exec-6] DEBUG org.hibernate.SQL - select us1_0.id,us1_0.created_at,us1_0.last_seen_at,us1_0.updated_at,us1_0.user_id from user_statuses us1_0 where us1_0.user_id=?
25-04-01 15:15:55.742 [http-nio-8080-exec-6] TRACE org.hibernate.orm.jdbc.bind - binding parameter (1:UUID) <- [b803386e-24ff-40df-99fa-684784d1a15c]
25-04-01 15:15:55.745 [http-nio-8080-exec-6] DEBUG org.hibernate.SQL - select us1_0.id,us1_0.created_at,us1_0.last_seen_at,us1_0.updated_at,us1_0.user_id from user_statuses us1_0 where us1_0.user_id=?
25-04-01 15:15:55.745 [http-nio-8080-exec-6] TRACE org.hibernate.orm.jdbc.bind - binding parameter (1:UUID) <- [8841b0ec-d14f-4f2e-9dc3-a42b7fe28a0a]
25-04-01 15:15:55.746 [http-nio-8080-exec-6] DEBUG org.hibernate.SQL - select us1_0.id,us1_0.created_at,us1_0.last_seen_at,us1_0.updated_at,us1_0.user_id from user_statuses us1_0 where us1_0.user_id=?
25-04-01 15:15:55.746 [http-nio-8080-exec-6] TRACE org.hibernate.orm.jdbc.bind - binding parameter (1:UUID) <- [cba9e2aa-94c9-4c21-851e-b2b235b3164f]
25-04-01 15:15:55.747 [http-nio-8080-exec-6] DEBUG org.hibernate.SQL - select us1_0.id,us1_0.created_at,us1_0.last_seen_at,us1_0.updated_at,us1_0.user_id from user_statuses us1_0 where us1_0.user_id=?
25-04-01 15:15:55.747 [http-nio-8080-exec-6] TRACE org.hibernate.orm.jdbc.bind - binding parameter (1:UUID) <- [cb14bf60-4cda-41a6-996b-489975241041]
25-04-01 15:15:55.748 [http-nio-8080-exec-6] DEBUG org.hibernate.SQL - select us1_0.id,us1_0.created_at,us1_0.last_seen_at,us1_0.updated_at,us1_0.user_id from user_statuses us1_0 where us1_0.user_id=?
25-04-01 15:15:55.748 [http-nio-8080-exec-6] TRACE org.hibernate.orm.jdbc.bind - binding parameter (1:UUID) <- [74a507ee-ffb6-4c00-b853-7d9f28c9d870]
25-04-01 15:15:55.749 [http-nio-8080-exec-6] DEBUG org.hibernate.SQL - select us1_0.id,us1_0.created_at,us1_0.last_seen_at,us1_0.updated_at,us1_0.user_id from user_statuses us1_0 where us1_0.user_id=?
25-04-01 15:15:55.749 [http-nio-8080-exec-6] TRACE org.hibernate.orm.jdbc.bind - binding parameter (1:UUID) <- [a38cf3bb-8e0c-4abd-8f4a-a4e1fa8a9a50]
25-04-01 15:15:55.750 [http-nio-8080-exec-6] DEBUG org.hibernate.SQL - select us1_0.id,us1_0.created_at,us1_0.last_seen_at,us1_0.updated_at,us1_0.user_id from user_statuses us1_0 where us1_0.user_id=?
25-04-01 15:15:55.750 [http-nio-8080-exec-6] TRACE org.hibernate.orm.jdbc.bind - binding parameter (1:UUID) <- [70005511-e253-4971-a895-222a7aacbcc0]
25-04-01 15:15:55.751 [http-nio-8080-exec-6] DEBUG org.hibernate.SQL - select us1_0.id,us1_0.created_at,us1_0.last_seen_at,us1_0.updated_at,us1_0.user_id from user_statuses us1_0 where us1_0.user_id=?
25-04-01 15:15:55.751 [http-nio-8080-exec-6] TRACE org.hibernate.orm.jdbc.bind - binding parameter (1:UUID) <- [7fe4cf30-8de7-4ecc-8f76-ad08aad9ed53]
25-04-01 15:16:17.294 [http-nio-8080-exec-7] INFO  c.s.m.d.c.AuthRestController - login request : UserRequest[username=, password=, email=null, phoneNumber=null, profileImageId=null]
25-04-01 15:16:17.295 [http-nio-8080-exec-7] DEBUG org.hibernate.SQL - select u1_0.id,u1_0.created_at,u1_0.email,u1_0.password,u1_0.phone_number,u1_0.profile_image_id,u1_0.updated_at,u1_0.username from users u1_0
25-04-01 15:16:17.300 [http-nio-8080-exec-8] DEBUG org.hibernate.SQL - select u1_0.id,u1_0.created_at,u1_0.email,u1_0.password,u1_0.phone_number,u1_0.profile_image_id,u1_0.updated_at,u1_0.username from users u1_0
25-04-01 15:16:17.301 [http-nio-8080-exec-8] DEBUG org.hibernate.SQL - select us1_0.id,us1_0.created_at,us1_0.last_seen_at,us1_0.updated_at,us1_0.user_id from user_statuses us1_0 where us1_0.user_id=?
25-04-01 15:16:17.301 [http-nio-8080-exec-8] TRACE org.hibernate.orm.jdbc.bind - binding parameter (1:UUID) <- [b803386e-24ff-40df-99fa-684784d1a15c]
25-04-01 15:16:17.302 [http-nio-8080-exec-8] DEBUG org.hibernate.SQL - select us1_0.id,us1_0.created_at,us1_0.last_seen_at,us1_0.updated_at,us1_0.user_id from user_statuses us1_0 where us1_0.user_id=?
25-04-01 15:16:17.302 [http-nio-8080-exec-8] TRACE org.hibernate.orm.jdbc.bind - binding parameter (1:UUID) <- [8841b0ec-d14f-4f2e-9dc3-a42b7fe28a0a]
25-04-01 15:16:17.303 [http-nio-8080-exec-8] DEBUG org.hibernate.SQL - select us1_0.id,us1_0.created_at,us1_0.last_seen_at,us1_0.updated_at,us1_0.user_id from user_statuses us1_0 where us1_0.user_id=?
25-04-01 15:16:17.303 [http-nio-8080-exec-8] TRACE org.hibernate.orm.jdbc.bind - binding parameter (1:UUID) <- [cba9e2aa-94c9-4c21-851e-b2b235b3164f]
25-04-01 15:16:17.304 [http-nio-8080-exec-8] DEBUG org.hibernate.SQL - select us1_0.id,us1_0.created_at,us1_0.last_seen_at,us1_0.updated_at,us1_0.user_id from user_statuses us1_0 where us1_0.user_id=?
25-04-01 15:16:17.304 [http-nio-8080-exec-8] TRACE org.hibernate.orm.jdbc.bind - binding parameter (1:UUID) <- [cb14bf60-4cda-41a6-996b-489975241041]
25-04-01 15:16:17.304 [http-nio-8080-exec-8] DEBUG org.hibernate.SQL - select us1_0.id,us1_0.created_at,us1_0.last_seen_at,us1_0.updated_at,us1_0.user_id from user_statuses us1_0 where us1_0.user_id=?
25-04-01 15:16:17.304 [http-nio-8080-exec-8] TRACE org.hibernate.orm.jdbc.bind - binding parameter (1:UUID) <- [74a507ee-ffb6-4c00-b853-7d9f28c9d870]
25-04-01 15:16:17.305 [http-nio-8080-exec-8] DEBUG org.hibernate.SQL - select us1_0.id,us1_0.created_at,us1_0.last_seen_at,us1_0.updated_at,us1_0.user_id from user_statuses us1_0 where us1_0.user_id=?
25-04-01 15:16:17.305 [http-nio-8080-exec-8] TRACE org.hibernate.orm.jdbc.bind - binding parameter (1:UUID) <- [a38cf3bb-8e0c-4abd-8f4a-a4e1fa8a9a50]
25-04-01 15:16:17.306 [http-nio-8080-exec-8] DEBUG org.hibernate.SQL - select us1_0.id,us1_0.created_at,us1_0.last_seen_at,us1_0.updated_at,us1_0.user_id from user_statuses us1_0 where us1_0.user_id=?
25-04-01 15:16:17.306 [http-nio-8080-exec-8] TRACE org.hibernate.orm.jdbc.bind - binding parameter (1:UUID) <- [70005511-e253-4971-a895-222a7aacbcc0]
25-04-01 15:16:17.307 [http-nio-8080-exec-8] DEBUG org.hibernate.SQL - select us1_0.id,us1_0.created_at,us1_0.last_seen_at,us1_0.updated_at,us1_0.user_id from user_statuses us1_0 where us1_0.user_id=?
25-04-01 15:16:17.307 [http-nio-8080-exec-8] TRACE org.hibernate.orm.jdbc.bind - binding parameter (1:UUID) <- [7fe4cf30-8de7-4ecc-8f76-ad08aad9ed53]
25-04-01 15:16:21.780 [http-nio-8080-exec-9] INFO  c.s.m.d.c.AuthRestController - login request : UserRequest[username=, password=, email=null, phoneNumber=null, profileImageId=null]
25-04-01 15:16:21.783 [http-nio-8080-exec-9] DEBUG org.hibernate.SQL - select u1_0.id,u1_0.created_at,u1_0.email,u1_0.password,u1_0.phone_number,u1_0.profile_image_id,u1_0.updated_at,u1_0.username from users u1_0
25-04-01 15:16:21.792 [http-nio-8080-exec-10] DEBUG org.hibernate.SQL - select u1_0.id,u1_0.created_at,u1_0.email,u1_0.password,u1_0.phone_number,u1_0.profile_image_id,u1_0.updated_at,u1_0.username from users u1_0
25-04-01 15:16:21.794 [http-nio-8080-exec-10] DEBUG org.hibernate.SQL - select us1_0.id,us1_0.created_at,us1_0.last_seen_at,us1_0.updated_at,us1_0.user_id from user_statuses us1_0 where us1_0.user_id=?
25-04-01 15:16:21.795 [http-nio-8080-exec-10] TRACE org.hibernate.orm.jdbc.bind - binding parameter (1:UUID) <- [b803386e-24ff-40df-99fa-684784d1a15c]
25-04-01 15:16:21.796 [http-nio-8080-exec-10] DEBUG org.hibernate.SQL - select us1_0.id,us1_0.created_at,us1_0.last_seen_at,us1_0.updated_at,us1_0.user_id from user_statuses us1_0 where us1_0.user_id=?
25-04-01 15:16:21.796 [http-nio-8080-exec-10] TRACE org.hibernate.orm.jdbc.bind - binding parameter (1:UUID) <- [8841b0ec-d14f-4f2e-9dc3-a42b7fe28a0a]
25-04-01 15:16:21.798 [http-nio-8080-exec-10] DEBUG org.hibernate.SQL - select us1_0.id,us1_0.created_at,us1_0.last_seen_at,us1_0.updated_at,us1_0.user_id from user_statuses us1_0 where us1_0.user_id=?
25-04-01 15:16:21.798 [http-nio-8080-exec-10] TRACE org.hibernate.orm.jdbc.bind - binding parameter (1:UUID) <- [cba9e2aa-94c9-4c21-851e-b2b235b3164f]
25-04-01 15:16:21.799 [http-nio-8080-exec-10] DEBUG org.hibernate.SQL - select us1_0.id,us1_0.created_at,us1_0.last_seen_at,us1_0.updated_at,us1_0.user_id from user_statuses us1_0 where us1_0.user_id=?
25-04-01 15:16:21.799 [http-nio-8080-exec-10] TRACE org.hibernate.orm.jdbc.bind - binding parameter (1:UUID) <- [cb14bf60-4cda-41a6-996b-489975241041]
25-04-01 15:16:21.801 [http-nio-8080-exec-10] DEBUG org.hibernate.SQL - select us1_0.id,us1_0.created_at,us1_0.last_seen_at,us1_0.updated_at,us1_0.user_id from user_statuses us1_0 where us1_0.user_id=?
25-04-01 15:16:21.801 [http-nio-8080-exec-10] TRACE org.hibernate.orm.jdbc.bind - binding parameter (1:UUID) <- [74a507ee-ffb6-4c00-b853-7d9f28c9d870]
25-04-01 15:16:21.802 [http-nio-8080-exec-10] DEBUG org.hibernate.SQL - select us1_0.id,us1_0.created_at,us1_0.last_seen_at,us1_0.updated_at,us1_0.user_id from user_statuses us1_0 where us1_0.user_id=?
25-04-01 15:16:21.802 [http-nio-8080-exec-10] TRACE org.hibernate.orm.jdbc.bind - binding parameter (1:UUID) <- [a38cf3bb-8e0c-4abd-8f4a-a4e1fa8a9a50]
25-04-01 15:16:21.803 [http-nio-8080-exec-10] DEBUG org.hibernate.SQL - select us1_0.id,us1_0.created_at,us1_0.last_seen_at,us1_0.updated_at,us1_0.user_id from user_statuses us1_0 where us1_0.user_id=?
25-04-01 15:16:21.804 [http-nio-8080-exec-10] TRACE org.hibernate.orm.jdbc.bind - binding parameter (1:UUID) <- [70005511-e253-4971-a895-222a7aacbcc0]
25-04-01 15:16:21.805 [http-nio-8080-exec-10] DEBUG org.hibernate.SQL - select us1_0.id,us1_0.created_at,us1_0.last_seen_at,us1_0.updated_at,us1_0.user_id from user_statuses us1_0 where us1_0.user_id=?
25-04-01 15:16:21.805 [http-nio-8080-exec-10] TRACE org.hibernate.orm.jdbc.bind - binding parameter (1:UUID) <- [7fe4cf30-8de7-4ecc-8f76-ad08aad9ed53]
25-04-01 15:16:22.290 [http-nio-8080-exec-1] INFO  c.s.m.d.c.AuthRestController - login request : UserRequest[username=, password=, email=null, phoneNumber=null, profileImageId=null]
25-04-01 15:16:22.291 [http-nio-8080-exec-1] DEBUG org.hibernate.SQL - select u1_0.id,u1_0.created_at,u1_0.email,u1_0.password,u1_0.phone_number,u1_0.profile_image_id,u1_0.updated_at,u1_0.username from users u1_0
25-04-01 15:16:22.299 [http-nio-8080-exec-3] DEBUG org.hibernate.SQL - select u1_0.id,u1_0.created_at,u1_0.email,u1_0.password,u1_0.phone_number,u1_0.profile_image_id,u1_0.updated_at,u1_0.username from users u1_0
25-04-01 15:16:22.301 [http-nio-8080-exec-3] DEBUG org.hibernate.SQL - select us1_0.id,us1_0.created_at,us1_0.last_seen_at,us1_0.updated_at,us1_0.user_id from user_statuses us1_0 where us1_0.user_id=?
25-04-01 15:16:22.302 [http-nio-8080-exec-3] TRACE org.hibernate.orm.jdbc.bind - binding parameter (1:UUID) <- [b803386e-24ff-40df-99fa-684784d1a15c]
25-04-01 15:16:22.303 [http-nio-8080-exec-3] DEBUG org.hibernate.SQL - select us1_0.id,us1_0.created_at,us1_0.last_seen_at,us1_0.updated_at,us1_0.user_id from user_statuses us1_0 where us1_0.user_id=?
25-04-01 15:16:22.303 [http-nio-8080-exec-3] TRACE org.hibernate.orm.jdbc.bind - binding parameter (1:UUID) <- [8841b0ec-d14f-4f2e-9dc3-a42b7fe28a0a]
25-04-01 15:16:22.304 [http-nio-8080-exec-3] DEBUG org.hibernate.SQL - select us1_0.id,us1_0.created_at,us1_0.last_seen_at,us1_0.updated_at,us1_0.user_id from user_statuses us1_0 where us1_0.user_id=?
25-04-01 15:16:22.304 [http-nio-8080-exec-3] TRACE org.hibernate.orm.jdbc.bind - binding parameter (1:UUID) <- [cba9e2aa-94c9-4c21-851e-b2b235b3164f]
25-04-01 15:16:22.305 [http-nio-8080-exec-3] DEBUG org.hibernate.SQL - select us1_0.id,us1_0.created_at,us1_0.last_seen_at,us1_0.updated_at,us1_0.user_id from user_statuses us1_0 where us1_0.user_id=?
25-04-01 15:16:22.305 [http-nio-8080-exec-3] TRACE org.hibernate.orm.jdbc.bind - binding parameter (1:UUID) <- [cb14bf60-4cda-41a6-996b-489975241041]
25-04-01 15:16:22.306 [http-nio-8080-exec-3] DEBUG org.hibernate.SQL - select us1_0.id,us1_0.created_at,us1_0.last_seen_at,us1_0.updated_at,us1_0.user_id from user_statuses us1_0 where us1_0.user_id=?
25-04-01 15:16:22.306 [http-nio-8080-exec-3] TRACE org.hibernate.orm.jdbc.bind - binding parameter (1:UUID) <- [74a507ee-ffb6-4c00-b853-7d9f28c9d870]
25-04-01 15:16:22.307 [http-nio-8080-exec-3] DEBUG org.hibernate.SQL - select us1_0.id,us1_0.created_at,us1_0.last_seen_at,us1_0.updated_at,us1_0.user_id from user_statuses us1_0 where us1_0.user_id=?
25-04-01 15:16:22.307 [http-nio-8080-exec-3] TRACE org.hibernate.orm.jdbc.bind - binding parameter (1:UUID) <- [a38cf3bb-8e0c-4abd-8f4a-a4e1fa8a9a50]
25-04-01 15:16:22.308 [http-nio-8080-exec-3] DEBUG org.hibernate.SQL - select us1_0.id,us1_0.created_at,us1_0.last_seen_at,us1_0.updated_at,us1_0.user_id from user_statuses us1_0 where us1_0.user_id=?
25-04-01 15:16:22.308 [http-nio-8080-exec-3] TRACE org.hibernate.orm.jdbc.bind - binding parameter (1:UUID) <- [70005511-e253-4971-a895-222a7aacbcc0]
25-04-01 15:16:22.309 [http-nio-8080-exec-3] DEBUG org.hibernate.SQL - select us1_0.id,us1_0.created_at,us1_0.last_seen_at,us1_0.updated_at,us1_0.user_id from user_statuses us1_0 where us1_0.user_id=?
25-04-01 15:16:22.309 [http-nio-8080-exec-3] TRACE org.hibernate.orm.jdbc.bind - binding parameter (1:UUID) <- [7fe4cf30-8de7-4ecc-8f76-ad08aad9ed53]
25-04-01 15:17:53.664 [SpringApplicationShutdownHook] INFO  o.s.b.w.e.tomcat.GracefulShutdown - Commencing graceful shutdown. Waiting for active requests to complete
25-04-01 15:17:53.668 [tomcat-shutdown] INFO  o.s.b.w.e.tomcat.GracefulShutdown - Graceful shutdown complete
25-04-01 15:17:53.671 [SpringApplicationShutdownHook] INFO  o.s.o.j.LocalContainerEntityManagerFactoryBean - Closing JPA EntityManagerFactory for persistence unit 'default'
25-04-01 15:17:53.672 [SpringApplicationShutdownHook] INFO  com.zaxxer.hikari.HikariDataSource - HikariPool-1 - Shutdown initiated...
25-04-01 15:17:53.673 [SpringApplicationShutdownHook] INFO  com.zaxxer.hikari.HikariDataSource - HikariPool-1 - Shutdown completed.
25-04-01 15:18:12.630 [background-preinit] INFO  o.h.validator.internal.util.Version - HV000001: Hibernate Validator 8.0.1.Final
25-04-01 15:18:12.646 [main] INFO  c.s.m.discodeit.DiscodeitApplication - Starting DiscodeitApplication using Java 17.0.13 with PID 44171 (/Users/taesikpark/Documents/CodeIT/_1-sprint-mission/build/classes/java/main started by taesikpark in /Users/taesikpark/Documents/CodeIT/_1-sprint-mission)
25-04-01 15:18:12.646 [main] DEBUG c.s.m.discodeit.DiscodeitApplication - Running with Spring Boot v3.4.0, Spring v6.2.0
25-04-01 15:18:12.646 [main] INFO  c.s.m.discodeit.DiscodeitApplication - The following 1 profile is active: "dev"
25-04-01 15:18:12.880 [main] INFO  o.s.d.r.c.RepositoryConfigurationDelegate - Bootstrapping Spring Data JPA repositories in DEFAULT mode.
25-04-01 15:18:12.908 [main] INFO  o.s.d.r.c.RepositoryConfigurationDelegate - Finished Spring Data repository scanning in 25 ms. Found 6 JPA repository interfaces.
25-04-01 15:18:13.048 [main] INFO  o.s.b.w.e.tomcat.TomcatWebServer - Tomcat initialized with port 8080 (http)
25-04-01 15:18:13.052 [main] INFO  o.a.coyote.http11.Http11NioProtocol - Initializing ProtocolHandler ["http-nio-8080"]
25-04-01 15:18:13.053 [main] INFO  o.a.catalina.core.StandardService - Starting service [Tomcat]
25-04-01 15:18:13.053 [main] INFO  o.a.catalina.core.StandardEngine - Starting Servlet engine: [Apache Tomcat/10.1.33]
25-04-01 15:18:13.068 [main] INFO  o.a.c.c.C.[Tomcat].[localhost].[/] - Initializing Spring embedded WebApplicationContext
25-04-01 15:18:13.068 [main] INFO  o.s.b.w.s.c.ServletWebServerApplicationContext - Root WebApplicationContext: initialization completed in 411 ms
25-04-01 15:18:13.096 [main] INFO  com.zaxxer.hikari.HikariDataSource - HikariPool-1 - Starting...
25-04-01 15:18:13.131 [main] INFO  com.zaxxer.hikari.pool.HikariPool - HikariPool-1 - Added connection org.postgresql.jdbc.PgConnection@cbf1997
25-04-01 15:18:13.131 [main] INFO  com.zaxxer.hikari.HikariDataSource - HikariPool-1 - Start completed.
25-04-01 15:18:13.157 [main] INFO  o.h.jpa.internal.util.LogHelper - HHH000204: Processing PersistenceUnitInfo [name: default]
25-04-01 15:18:13.171 [main] INFO  org.hibernate.Version - HHH000412: Hibernate ORM core version 6.6.2.Final
25-04-01 15:18:13.180 [main] INFO  o.h.c.i.RegionFactoryInitiator - HHH000026: Second-level cache disabled
25-04-01 15:18:13.249 [main] INFO  o.s.o.j.p.SpringPersistenceUnitInfo - No LoadTimeWeaver setup: ignoring JPA class transformer
25-04-01 15:18:13.268 [main] WARN  org.hibernate.orm.deprecation - HHH90000025: PostgreSQLDialect does not need to be specified explicitly using 'hibernate.dialect' (remove the property setting and it will be selected by default)
25-04-01 15:18:13.273 [main] INFO  o.hibernate.orm.connections.pooling - HHH10001005: Database info:
	Database JDBC URL [Connecting through datasource 'HikariDataSource (HikariPool-1)']
	Database driver: undefined/unknown
	Database version: 14.17
	Autocommit mode: undefined/unknown
	Isolation level: undefined/unknown
	Minimum pool size: undefined/unknown
	Maximum pool size: undefined/unknown
25-04-01 15:18:13.553 [main] INFO  o.h.e.t.j.p.i.JtaPlatformInitiator - HHH000489: No JTA platform available (set 'hibernate.transaction.jta.platform' to enable JTA platform integration)
25-04-01 15:18:13.578 [main] INFO  o.s.o.j.LocalContainerEntityManagerFactoryBean - Initialized JPA EntityManagerFactory for persistence unit 'default'
25-04-01 15:18:13.745 [main] INFO  o.s.b.a.w.s.WelcomePageHandlerMapping - Adding welcome page: class path resource [static/index.html]
25-04-01 15:18:13.852 [main] INFO  o.a.coyote.http11.Http11NioProtocol - Starting ProtocolHandler ["http-nio-8080"]
25-04-01 15:18:13.858 [main] INFO  o.s.b.w.e.tomcat.TomcatWebServer - Tomcat started on port 8080 (http) with context path '/'
25-04-01 15:18:13.861 [main] INFO  c.s.m.discodeit.DiscodeitApplication - Started DiscodeitApplication in 1.373 seconds (process running for 1.538)
25-04-01 15:18:18.519 [http-nio-8080-exec-1] INFO  o.a.c.c.C.[Tomcat].[localhost].[/] - Initializing Spring DispatcherServlet 'dispatcherServlet'
25-04-01 15:18:18.519 [http-nio-8080-exec-1] INFO  o.s.web.servlet.DispatcherServlet - Initializing Servlet 'dispatcherServlet'
25-04-01 15:18:18.519 [http-nio-8080-exec-1] INFO  o.s.web.servlet.DispatcherServlet - Completed initialization in 0 ms
25-04-01 15:18:18.549 [http-nio-8080-exec-1] INFO  c.s.m.d.c.AuthRestController - login request : UserRequest[username=, password=, email=null, phoneNumber=null, profileImageId=null]
25-04-01 15:18:18.576 [http-nio-8080-exec-1] DEBUG org.hibernate.SQL - select u1_0.id,u1_0.created_at,u1_0.email,u1_0.password,u1_0.phone_number,u1_0.profile_image_id,u1_0.updated_at,u1_0.username from users u1_0
25-04-01 15:18:18.595 [http-nio-8080-exec-2] DEBUG org.hibernate.SQL - select u1_0.id,u1_0.created_at,u1_0.email,u1_0.password,u1_0.phone_number,u1_0.profile_image_id,u1_0.updated_at,u1_0.username from users u1_0
25-04-01 15:18:18.611 [http-nio-8080-exec-2] DEBUG org.hibernate.SQL - select us1_0.id,us1_0.created_at,us1_0.last_seen_at,us1_0.updated_at,us1_0.user_id from user_statuses us1_0 where us1_0.user_id=?
25-04-01 15:18:18.611 [http-nio-8080-exec-2] TRACE org.hibernate.orm.jdbc.bind - binding parameter (1:UUID) <- [b803386e-24ff-40df-99fa-684784d1a15c]
25-04-01 15:18:18.613 [http-nio-8080-exec-2] DEBUG org.hibernate.SQL - select us1_0.id,us1_0.created_at,us1_0.last_seen_at,us1_0.updated_at,us1_0.user_id from user_statuses us1_0 where us1_0.user_id=?
25-04-01 15:18:18.614 [http-nio-8080-exec-2] TRACE org.hibernate.orm.jdbc.bind - binding parameter (1:UUID) <- [8841b0ec-d14f-4f2e-9dc3-a42b7fe28a0a]
25-04-01 15:18:18.614 [http-nio-8080-exec-2] DEBUG org.hibernate.SQL - select us1_0.id,us1_0.created_at,us1_0.last_seen_at,us1_0.updated_at,us1_0.user_id from user_statuses us1_0 where us1_0.user_id=?
25-04-01 15:18:18.614 [http-nio-8080-exec-2] TRACE org.hibernate.orm.jdbc.bind - binding parameter (1:UUID) <- [cba9e2aa-94c9-4c21-851e-b2b235b3164f]
25-04-01 15:18:18.615 [http-nio-8080-exec-2] DEBUG org.hibernate.SQL - select us1_0.id,us1_0.created_at,us1_0.last_seen_at,us1_0.updated_at,us1_0.user_id from user_statuses us1_0 where us1_0.user_id=?
25-04-01 15:18:18.615 [http-nio-8080-exec-2] TRACE org.hibernate.orm.jdbc.bind - binding parameter (1:UUID) <- [cb14bf60-4cda-41a6-996b-489975241041]
25-04-01 15:18:18.616 [http-nio-8080-exec-2] DEBUG org.hibernate.SQL - select us1_0.id,us1_0.created_at,us1_0.last_seen_at,us1_0.updated_at,us1_0.user_id from user_statuses us1_0 where us1_0.user_id=?
25-04-01 15:18:18.616 [http-nio-8080-exec-2] TRACE org.hibernate.orm.jdbc.bind - binding parameter (1:UUID) <- [74a507ee-ffb6-4c00-b853-7d9f28c9d870]
25-04-01 15:18:18.617 [http-nio-8080-exec-2] DEBUG org.hibernate.SQL - select us1_0.id,us1_0.created_at,us1_0.last_seen_at,us1_0.updated_at,us1_0.user_id from user_statuses us1_0 where us1_0.user_id=?
25-04-01 15:18:18.617 [http-nio-8080-exec-2] TRACE org.hibernate.orm.jdbc.bind - binding parameter (1:UUID) <- [a38cf3bb-8e0c-4abd-8f4a-a4e1fa8a9a50]
25-04-01 15:18:18.618 [http-nio-8080-exec-2] DEBUG org.hibernate.SQL - select us1_0.id,us1_0.created_at,us1_0.last_seen_at,us1_0.updated_at,us1_0.user_id from user_statuses us1_0 where us1_0.user_id=?
25-04-01 15:18:18.618 [http-nio-8080-exec-2] TRACE org.hibernate.orm.jdbc.bind - binding parameter (1:UUID) <- [70005511-e253-4971-a895-222a7aacbcc0]
25-04-01 15:18:18.619 [http-nio-8080-exec-2] DEBUG org.hibernate.SQL - select us1_0.id,us1_0.created_at,us1_0.last_seen_at,us1_0.updated_at,us1_0.user_id from user_statuses us1_0 where us1_0.user_id=?
25-04-01 15:18:18.619 [http-nio-8080-exec-2] TRACE org.hibernate.orm.jdbc.bind - binding parameter (1:UUID) <- [7fe4cf30-8de7-4ecc-8f76-ad08aad9ed53]
25-04-01 15:20:51.977 [SpringApplicationShutdownHook] INFO  o.s.b.w.e.tomcat.GracefulShutdown - Commencing graceful shutdown. Waiting for active requests to complete
25-04-01 15:20:51.982 [tomcat-shutdown] INFO  o.s.b.w.e.tomcat.GracefulShutdown - Graceful shutdown complete
25-04-01 15:20:51.984 [SpringApplicationShutdownHook] INFO  o.s.o.j.LocalContainerEntityManagerFactoryBean - Closing JPA EntityManagerFactory for persistence unit 'default'
25-04-01 15:20:51.985 [SpringApplicationShutdownHook] INFO  com.zaxxer.hikari.HikariDataSource - HikariPool-1 - Shutdown initiated...
25-04-01 15:20:51.986 [SpringApplicationShutdownHook] INFO  com.zaxxer.hikari.HikariDataSource - HikariPool-1 - Shutdown completed.
25-04-01 15:20:53.021 [background-preinit] INFO  o.h.validator.internal.util.Version - HV000001: Hibernate Validator 8.0.1.Final
25-04-01 15:20:53.038 [main] INFO  c.s.m.discodeit.DiscodeitApplication - Starting DiscodeitApplication using Java 17.0.13 with PID 44566 (/Users/taesikpark/Documents/CodeIT/_1-sprint-mission/build/classes/java/main started by taesikpark in /Users/taesikpark/Documents/CodeIT/_1-sprint-mission)
25-04-01 15:20:53.038 [main] DEBUG c.s.m.discodeit.DiscodeitApplication - Running with Spring Boot v3.4.0, Spring v6.2.0
25-04-01 15:20:53.038 [main] INFO  c.s.m.discodeit.DiscodeitApplication - The following 1 profile is active: "dev"
25-04-01 15:20:53.305 [main] INFO  o.s.d.r.c.RepositoryConfigurationDelegate - Bootstrapping Spring Data JPA repositories in DEFAULT mode.
25-04-01 15:20:53.338 [main] INFO  o.s.d.r.c.RepositoryConfigurationDelegate - Finished Spring Data repository scanning in 29 ms. Found 6 JPA repository interfaces.
25-04-01 15:20:53.505 [main] INFO  o.s.b.w.e.tomcat.TomcatWebServer - Tomcat initialized with port 8080 (http)
25-04-01 15:20:53.512 [main] INFO  o.a.coyote.http11.Http11NioProtocol - Initializing ProtocolHandler ["http-nio-8080"]
25-04-01 15:20:53.512 [main] INFO  o.a.catalina.core.StandardService - Starting service [Tomcat]
25-04-01 15:20:53.512 [main] INFO  o.a.catalina.core.StandardEngine - Starting Servlet engine: [Apache Tomcat/10.1.33]
25-04-01 15:20:53.532 [main] INFO  o.a.c.c.C.[Tomcat].[localhost].[/] - Initializing Spring embedded WebApplicationContext
25-04-01 15:20:53.532 [main] INFO  o.s.b.w.s.c.ServletWebServerApplicationContext - Root WebApplicationContext: initialization completed in 481 ms
25-04-01 15:20:53.564 [main] INFO  com.zaxxer.hikari.HikariDataSource - HikariPool-1 - Starting...
25-04-01 15:20:53.598 [main] INFO  com.zaxxer.hikari.pool.HikariPool - HikariPool-1 - Added connection org.postgresql.jdbc.PgConnection@3b5a19ed
25-04-01 15:20:53.599 [main] INFO  com.zaxxer.hikari.HikariDataSource - HikariPool-1 - Start completed.
25-04-01 15:20:53.623 [main] INFO  o.h.jpa.internal.util.LogHelper - HHH000204: Processing PersistenceUnitInfo [name: default]
25-04-01 15:20:53.637 [main] INFO  org.hibernate.Version - HHH000412: Hibernate ORM core version 6.6.2.Final
25-04-01 15:20:53.647 [main] INFO  o.h.c.i.RegionFactoryInitiator - HHH000026: Second-level cache disabled
25-04-01 15:20:53.729 [main] INFO  o.s.o.j.p.SpringPersistenceUnitInfo - No LoadTimeWeaver setup: ignoring JPA class transformer
25-04-01 15:20:53.752 [main] WARN  org.hibernate.orm.deprecation - HHH90000025: PostgreSQLDialect does not need to be specified explicitly using 'hibernate.dialect' (remove the property setting and it will be selected by default)
25-04-01 15:20:53.757 [main] INFO  o.hibernate.orm.connections.pooling - HHH10001005: Database info:
	Database JDBC URL [Connecting through datasource 'HikariDataSource (HikariPool-1)']
	Database driver: undefined/unknown
	Database version: 14.17
	Autocommit mode: undefined/unknown
	Isolation level: undefined/unknown
	Minimum pool size: undefined/unknown
	Maximum pool size: undefined/unknown
25-04-01 15:20:54.074 [main] INFO  o.h.e.t.j.p.i.JtaPlatformInitiator - HHH000489: No JTA platform available (set 'hibernate.transaction.jta.platform' to enable JTA platform integration)
25-04-01 15:20:54.146 [main] INFO  o.s.o.j.LocalContainerEntityManagerFactoryBean - Initialized JPA EntityManagerFactory for persistence unit 'default'
25-04-01 15:20:54.339 [main] INFO  o.s.b.a.w.s.WelcomePageHandlerMapping - Adding welcome page: class path resource [static/index.html]
25-04-01 15:20:54.453 [main] INFO  o.a.coyote.http11.Http11NioProtocol - Starting ProtocolHandler ["http-nio-8080"]
25-04-01 15:20:54.459 [main] INFO  o.s.b.w.e.tomcat.TomcatWebServer - Tomcat started on port 8080 (http) with context path '/'
25-04-01 15:20:54.463 [main] INFO  c.s.m.discodeit.DiscodeitApplication - Started DiscodeitApplication in 1.6 seconds (process running for 1.78)
25-04-01 15:20:55.443 [http-nio-8080-exec-1] INFO  o.a.c.c.C.[Tomcat].[localhost].[/] - Initializing Spring DispatcherServlet 'dispatcherServlet'
25-04-01 15:20:55.443 [http-nio-8080-exec-1] INFO  o.s.web.servlet.DispatcherServlet - Initializing Servlet 'dispatcherServlet'
25-04-01 15:20:55.444 [http-nio-8080-exec-1] INFO  o.s.web.servlet.DispatcherServlet - Completed initialization in 1 ms
25-04-01 15:20:55.484 [http-nio-8080-exec-1] INFO  c.s.m.d.c.AuthRestController - login request : UserRequest[username=, password=, email=null, phoneNumber=null, profileImageId=null]
25-04-01 15:20:55.517 [http-nio-8080-exec-1] DEBUG org.hibernate.SQL - select u1_0.id,u1_0.created_at,u1_0.email,u1_0.password,u1_0.phone_number,u1_0.profile_image_id,u1_0.updated_at,u1_0.username from users u1_0
25-04-01 15:20:55.536 [http-nio-8080-exec-2] DEBUG org.hibernate.SQL - select u1_0.id,u1_0.created_at,u1_0.email,u1_0.password,u1_0.phone_number,u1_0.profile_image_id,u1_0.updated_at,u1_0.username from users u1_0
25-04-01 15:20:55.552 [http-nio-8080-exec-2] DEBUG org.hibernate.SQL - select us1_0.id,us1_0.created_at,us1_0.last_seen_at,us1_0.updated_at,us1_0.user_id from user_statuses us1_0 where us1_0.user_id=?
25-04-01 15:20:55.552 [http-nio-8080-exec-2] TRACE org.hibernate.orm.jdbc.bind - binding parameter (1:UUID) <- [b803386e-24ff-40df-99fa-684784d1a15c]
25-04-01 15:20:55.554 [http-nio-8080-exec-2] DEBUG org.hibernate.SQL - select us1_0.id,us1_0.created_at,us1_0.last_seen_at,us1_0.updated_at,us1_0.user_id from user_statuses us1_0 where us1_0.user_id=?
25-04-01 15:20:55.554 [http-nio-8080-exec-2] TRACE org.hibernate.orm.jdbc.bind - binding parameter (1:UUID) <- [8841b0ec-d14f-4f2e-9dc3-a42b7fe28a0a]
25-04-01 15:20:55.556 [http-nio-8080-exec-2] DEBUG org.hibernate.SQL - select us1_0.id,us1_0.created_at,us1_0.last_seen_at,us1_0.updated_at,us1_0.user_id from user_statuses us1_0 where us1_0.user_id=?
25-04-01 15:20:55.556 [http-nio-8080-exec-2] TRACE org.hibernate.orm.jdbc.bind - binding parameter (1:UUID) <- [cba9e2aa-94c9-4c21-851e-b2b235b3164f]
25-04-01 15:20:55.556 [http-nio-8080-exec-2] DEBUG org.hibernate.SQL - select us1_0.id,us1_0.created_at,us1_0.last_seen_at,us1_0.updated_at,us1_0.user_id from user_statuses us1_0 where us1_0.user_id=?
25-04-01 15:20:55.556 [http-nio-8080-exec-2] TRACE org.hibernate.orm.jdbc.bind - binding parameter (1:UUID) <- [cb14bf60-4cda-41a6-996b-489975241041]
25-04-01 15:20:55.557 [http-nio-8080-exec-2] DEBUG org.hibernate.SQL - select us1_0.id,us1_0.created_at,us1_0.last_seen_at,us1_0.updated_at,us1_0.user_id from user_statuses us1_0 where us1_0.user_id=?
25-04-01 15:20:55.557 [http-nio-8080-exec-2] TRACE org.hibernate.orm.jdbc.bind - binding parameter (1:UUID) <- [74a507ee-ffb6-4c00-b853-7d9f28c9d870]
25-04-01 15:20:55.558 [http-nio-8080-exec-2] DEBUG org.hibernate.SQL - select us1_0.id,us1_0.created_at,us1_0.last_seen_at,us1_0.updated_at,us1_0.user_id from user_statuses us1_0 where us1_0.user_id=?
25-04-01 15:20:55.558 [http-nio-8080-exec-2] TRACE org.hibernate.orm.jdbc.bind - binding parameter (1:UUID) <- [a38cf3bb-8e0c-4abd-8f4a-a4e1fa8a9a50]
25-04-01 15:20:55.559 [http-nio-8080-exec-2] DEBUG org.hibernate.SQL - select us1_0.id,us1_0.created_at,us1_0.last_seen_at,us1_0.updated_at,us1_0.user_id from user_statuses us1_0 where us1_0.user_id=?
25-04-01 15:20:55.559 [http-nio-8080-exec-2] TRACE org.hibernate.orm.jdbc.bind - binding parameter (1:UUID) <- [70005511-e253-4971-a895-222a7aacbcc0]
25-04-01 15:20:55.560 [http-nio-8080-exec-2] DEBUG org.hibernate.SQL - select us1_0.id,us1_0.created_at,us1_0.last_seen_at,us1_0.updated_at,us1_0.user_id from user_statuses us1_0 where us1_0.user_id=?
25-04-01 15:20:55.560 [http-nio-8080-exec-2] TRACE org.hibernate.orm.jdbc.bind - binding parameter (1:UUID) <- [7fe4cf30-8de7-4ecc-8f76-ad08aad9ed53]
25-04-01 15:36:18.151 [SpringApplicationShutdownHook] INFO  o.s.b.w.e.tomcat.GracefulShutdown - Commencing graceful shutdown. Waiting for active requests to complete
25-04-01 15:36:18.156 [tomcat-shutdown] INFO  o.s.b.w.e.tomcat.GracefulShutdown - Graceful shutdown complete
25-04-01 15:36:18.158 [SpringApplicationShutdownHook] INFO  o.s.o.j.LocalContainerEntityManagerFactoryBean - Closing JPA EntityManagerFactory for persistence unit 'default'
25-04-01 15:36:18.159 [SpringApplicationShutdownHook] INFO  com.zaxxer.hikari.HikariDataSource - HikariPool-1 - Shutdown initiated...
25-04-01 15:36:18.160 [SpringApplicationShutdownHook] INFO  com.zaxxer.hikari.HikariDataSource - HikariPool-1 - Shutdown completed.
25-04-01 15:36:19.818 [background-preinit] INFO  o.h.validator.internal.util.Version - HV000001: Hibernate Validator 8.0.1.Final
25-04-01 15:36:19.835 [main] INFO  c.s.m.discodeit.DiscodeitApplication - Starting DiscodeitApplication using Java 17.0.13 with PID 46847 (/Users/taesikpark/Documents/CodeIT/_1-sprint-mission/build/classes/java/main started by taesikpark in /Users/taesikpark/Documents/CodeIT/_1-sprint-mission)
25-04-01 15:36:19.835 [main] DEBUG c.s.m.discodeit.DiscodeitApplication - Running with Spring Boot v3.4.0, Spring v6.2.0
25-04-01 15:36:19.836 [main] INFO  c.s.m.discodeit.DiscodeitApplication - The following 1 profile is active: "dev"
25-04-01 15:36:20.078 [main] INFO  o.s.d.r.c.RepositoryConfigurationDelegate - Bootstrapping Spring Data JPA repositories in DEFAULT mode.
25-04-01 15:36:20.107 [main] INFO  o.s.d.r.c.RepositoryConfigurationDelegate - Finished Spring Data repository scanning in 25 ms. Found 6 JPA repository interfaces.
25-04-01 15:36:20.246 [main] INFO  o.s.b.w.e.tomcat.TomcatWebServer - Tomcat initialized with port 8080 (http)
25-04-01 15:36:20.250 [main] INFO  o.a.coyote.http11.Http11NioProtocol - Initializing ProtocolHandler ["http-nio-8080"]
25-04-01 15:36:20.250 [main] INFO  o.a.catalina.core.StandardService - Starting service [Tomcat]
25-04-01 15:36:20.250 [main] INFO  o.a.catalina.core.StandardEngine - Starting Servlet engine: [Apache Tomcat/10.1.33]
25-04-01 15:36:20.267 [main] INFO  o.a.c.c.C.[Tomcat].[localhost].[/] - Initializing Spring embedded WebApplicationContext
25-04-01 15:36:20.268 [main] INFO  o.s.b.w.s.c.ServletWebServerApplicationContext - Root WebApplicationContext: initialization completed in 421 ms
25-04-01 15:36:20.297 [main] INFO  com.zaxxer.hikari.HikariDataSource - HikariPool-1 - Starting...
25-04-01 15:36:20.335 [main] INFO  com.zaxxer.hikari.pool.HikariPool - HikariPool-1 - Added connection org.postgresql.jdbc.PgConnection@cbf1997
25-04-01 15:36:20.336 [main] INFO  com.zaxxer.hikari.HikariDataSource - HikariPool-1 - Start completed.
25-04-01 15:36:20.361 [main] INFO  o.h.jpa.internal.util.LogHelper - HHH000204: Processing PersistenceUnitInfo [name: default]
25-04-01 15:36:20.376 [main] INFO  org.hibernate.Version - HHH000412: Hibernate ORM core version 6.6.2.Final
25-04-01 15:36:20.385 [main] INFO  o.h.c.i.RegionFactoryInitiator - HHH000026: Second-level cache disabled
25-04-01 15:36:20.457 [main] INFO  o.s.o.j.p.SpringPersistenceUnitInfo - No LoadTimeWeaver setup: ignoring JPA class transformer
25-04-01 15:36:20.478 [main] WARN  org.hibernate.orm.deprecation - HHH90000025: PostgreSQLDialect does not need to be specified explicitly using 'hibernate.dialect' (remove the property setting and it will be selected by default)
25-04-01 15:36:20.482 [main] INFO  o.hibernate.orm.connections.pooling - HHH10001005: Database info:
	Database JDBC URL [Connecting through datasource 'HikariDataSource (HikariPool-1)']
	Database driver: undefined/unknown
	Database version: 14.17
	Autocommit mode: undefined/unknown
	Isolation level: undefined/unknown
	Minimum pool size: undefined/unknown
	Maximum pool size: undefined/unknown
25-04-01 15:36:20.767 [main] INFO  o.h.e.t.j.p.i.JtaPlatformInitiator - HHH000489: No JTA platform available (set 'hibernate.transaction.jta.platform' to enable JTA platform integration)
25-04-01 15:36:20.792 [main] INFO  o.s.o.j.LocalContainerEntityManagerFactoryBean - Initialized JPA EntityManagerFactory for persistence unit 'default'
25-04-01 15:36:20.972 [main] INFO  o.s.b.a.w.s.WelcomePageHandlerMapping - Adding welcome page: class path resource [static/index.html]
25-04-01 15:36:21.086 [main] INFO  o.a.coyote.http11.Http11NioProtocol - Starting ProtocolHandler ["http-nio-8080"]
25-04-01 15:36:21.092 [main] INFO  o.s.b.w.e.tomcat.TomcatWebServer - Tomcat started on port 8080 (http) with context path '/'
25-04-01 15:36:21.096 [main] INFO  c.s.m.discodeit.DiscodeitApplication - Started DiscodeitApplication in 1.42 seconds (process running for 1.592)
25-04-01 15:36:22.559 [http-nio-8080-exec-1] INFO  o.a.c.c.C.[Tomcat].[localhost].[/] - Initializing Spring DispatcherServlet 'dispatcherServlet'
25-04-01 15:36:22.559 [http-nio-8080-exec-1] INFO  o.s.web.servlet.DispatcherServlet - Initializing Servlet 'dispatcherServlet'
25-04-01 15:36:22.560 [http-nio-8080-exec-1] INFO  o.s.web.servlet.DispatcherServlet - Completed initialization in 1 ms
25-04-01 15:36:22.598 [http-nio-8080-exec-1] INFO  c.s.m.d.c.AuthRestController - login request : UserRequest[username=, password=, email=null, phoneNumber=null, profileImageId=null]
25-04-01 15:36:22.599 [http-nio-8080-exec-1] DEBUG c.s.m.d.s.basic.BasicAuthService - 로그인 시도 - email: null
25-04-01 15:36:22.629 [http-nio-8080-exec-1] DEBUG org.hibernate.SQL - select u1_0.id,u1_0.created_at,u1_0.email,u1_0.password,u1_0.phone_number,u1_0.profile_image_id,u1_0.updated_at,u1_0.username from users u1_0
25-04-01 15:36:22.639 [http-nio-8080-exec-1] WARN  c.s.m.d.s.basic.BasicAuthService - 로그인 실패 - email: null
25-04-01 15:36:22.650 [http-nio-8080-exec-2] INFO  c.s.m.d.c.UserRestController - user list
25-04-01 15:36:22.651 [http-nio-8080-exec-2] DEBUG org.hibernate.SQL - select u1_0.id,u1_0.created_at,u1_0.email,u1_0.password,u1_0.phone_number,u1_0.profile_image_id,u1_0.updated_at,u1_0.username from users u1_0
25-04-01 15:36:22.667 [http-nio-8080-exec-2] DEBUG org.hibernate.SQL - select us1_0.id,us1_0.created_at,us1_0.last_seen_at,us1_0.updated_at,us1_0.user_id from user_statuses us1_0 where us1_0.user_id=?
25-04-01 15:36:22.667 [http-nio-8080-exec-2] TRACE org.hibernate.orm.jdbc.bind - binding parameter (1:UUID) <- [b803386e-24ff-40df-99fa-684784d1a15c]
25-04-01 15:36:22.669 [http-nio-8080-exec-2] DEBUG org.hibernate.SQL - select us1_0.id,us1_0.created_at,us1_0.last_seen_at,us1_0.updated_at,us1_0.user_id from user_statuses us1_0 where us1_0.user_id=?
25-04-01 15:36:22.669 [http-nio-8080-exec-2] TRACE org.hibernate.orm.jdbc.bind - binding parameter (1:UUID) <- [8841b0ec-d14f-4f2e-9dc3-a42b7fe28a0a]
25-04-01 15:36:22.670 [http-nio-8080-exec-2] DEBUG org.hibernate.SQL - select us1_0.id,us1_0.created_at,us1_0.last_seen_at,us1_0.updated_at,us1_0.user_id from user_statuses us1_0 where us1_0.user_id=?
25-04-01 15:36:22.670 [http-nio-8080-exec-2] TRACE org.hibernate.orm.jdbc.bind - binding parameter (1:UUID) <- [cba9e2aa-94c9-4c21-851e-b2b235b3164f]
25-04-01 15:36:22.671 [http-nio-8080-exec-2] DEBUG org.hibernate.SQL - select us1_0.id,us1_0.created_at,us1_0.last_seen_at,us1_0.updated_at,us1_0.user_id from user_statuses us1_0 where us1_0.user_id=?
25-04-01 15:36:22.671 [http-nio-8080-exec-2] TRACE org.hibernate.orm.jdbc.bind - binding parameter (1:UUID) <- [cb14bf60-4cda-41a6-996b-489975241041]
25-04-01 15:36:22.671 [http-nio-8080-exec-2] DEBUG org.hibernate.SQL - select us1_0.id,us1_0.created_at,us1_0.last_seen_at,us1_0.updated_at,us1_0.user_id from user_statuses us1_0 where us1_0.user_id=?
25-04-01 15:36:22.671 [http-nio-8080-exec-2] TRACE org.hibernate.orm.jdbc.bind - binding parameter (1:UUID) <- [74a507ee-ffb6-4c00-b853-7d9f28c9d870]
25-04-01 15:36:22.672 [http-nio-8080-exec-2] DEBUG org.hibernate.SQL - select us1_0.id,us1_0.created_at,us1_0.last_seen_at,us1_0.updated_at,us1_0.user_id from user_statuses us1_0 where us1_0.user_id=?
25-04-01 15:36:22.672 [http-nio-8080-exec-2] TRACE org.hibernate.orm.jdbc.bind - binding parameter (1:UUID) <- [a38cf3bb-8e0c-4abd-8f4a-a4e1fa8a9a50]
25-04-01 15:36:22.673 [http-nio-8080-exec-2] DEBUG org.hibernate.SQL - select us1_0.id,us1_0.created_at,us1_0.last_seen_at,us1_0.updated_at,us1_0.user_id from user_statuses us1_0 where us1_0.user_id=?
25-04-01 15:36:22.673 [http-nio-8080-exec-2] TRACE org.hibernate.orm.jdbc.bind - binding parameter (1:UUID) <- [70005511-e253-4971-a895-222a7aacbcc0]
25-04-01 15:36:22.674 [http-nio-8080-exec-2] DEBUG org.hibernate.SQL - select us1_0.id,us1_0.created_at,us1_0.last_seen_at,us1_0.updated_at,us1_0.user_id from user_statuses us1_0 where us1_0.user_id=?
25-04-01 15:36:22.674 [http-nio-8080-exec-2] TRACE org.hibernate.orm.jdbc.bind - binding parameter (1:UUID) <- [7fe4cf30-8de7-4ecc-8f76-ad08aad9ed53]
25-04-01 15:36:37.215 [http-nio-8080-exec-3] INFO  c.s.m.d.c.AuthRestController - login request : UserRequest[username=martin@google.com, password=asdf1234, email=null, phoneNumber=null, profileImageId=null]
25-04-01 15:36:37.216 [http-nio-8080-exec-3] DEBUG c.s.m.d.s.basic.BasicAuthService - 로그인 시도 - email: null
25-04-01 15:36:37.218 [http-nio-8080-exec-3] DEBUG org.hibernate.SQL - select u1_0.id,u1_0.created_at,u1_0.email,u1_0.password,u1_0.phone_number,u1_0.profile_image_id,u1_0.updated_at,u1_0.username from users u1_0
25-04-01 15:36:37.221 [http-nio-8080-exec-3] WARN  c.s.m.d.s.basic.BasicAuthService - 로그인 실패 - email: null
25-04-01 15:36:37.237 [http-nio-8080-exec-4] INFO  c.s.m.d.c.UserRestController - user list
25-04-01 15:36:37.238 [http-nio-8080-exec-4] DEBUG org.hibernate.SQL - select u1_0.id,u1_0.created_at,u1_0.email,u1_0.password,u1_0.phone_number,u1_0.profile_image_id,u1_0.updated_at,u1_0.username from users u1_0
25-04-01 15:36:37.241 [http-nio-8080-exec-4] DEBUG org.hibernate.SQL - select us1_0.id,us1_0.created_at,us1_0.last_seen_at,us1_0.updated_at,us1_0.user_id from user_statuses us1_0 where us1_0.user_id=?
25-04-01 15:36:37.241 [http-nio-8080-exec-4] TRACE org.hibernate.orm.jdbc.bind - binding parameter (1:UUID) <- [b803386e-24ff-40df-99fa-684784d1a15c]
25-04-01 15:36:37.242 [http-nio-8080-exec-4] DEBUG org.hibernate.SQL - select us1_0.id,us1_0.created_at,us1_0.last_seen_at,us1_0.updated_at,us1_0.user_id from user_statuses us1_0 where us1_0.user_id=?
25-04-01 15:36:37.242 [http-nio-8080-exec-4] TRACE org.hibernate.orm.jdbc.bind - binding parameter (1:UUID) <- [8841b0ec-d14f-4f2e-9dc3-a42b7fe28a0a]
25-04-01 15:36:37.243 [http-nio-8080-exec-4] DEBUG org.hibernate.SQL - select us1_0.id,us1_0.created_at,us1_0.last_seen_at,us1_0.updated_at,us1_0.user_id from user_statuses us1_0 where us1_0.user_id=?
25-04-01 15:36:37.243 [http-nio-8080-exec-4] TRACE org.hibernate.orm.jdbc.bind - binding parameter (1:UUID) <- [cba9e2aa-94c9-4c21-851e-b2b235b3164f]
25-04-01 15:36:37.243 [http-nio-8080-exec-4] DEBUG org.hibernate.SQL - select us1_0.id,us1_0.created_at,us1_0.last_seen_at,us1_0.updated_at,us1_0.user_id from user_statuses us1_0 where us1_0.user_id=?
25-04-01 15:36:37.244 [http-nio-8080-exec-4] TRACE org.hibernate.orm.jdbc.bind - binding parameter (1:UUID) <- [cb14bf60-4cda-41a6-996b-489975241041]
25-04-01 15:36:37.244 [http-nio-8080-exec-4] DEBUG org.hibernate.SQL - select us1_0.id,us1_0.created_at,us1_0.last_seen_at,us1_0.updated_at,us1_0.user_id from user_statuses us1_0 where us1_0.user_id=?
25-04-01 15:36:37.244 [http-nio-8080-exec-4] TRACE org.hibernate.orm.jdbc.bind - binding parameter (1:UUID) <- [74a507ee-ffb6-4c00-b853-7d9f28c9d870]
25-04-01 15:36:37.245 [http-nio-8080-exec-4] DEBUG org.hibernate.SQL - select us1_0.id,us1_0.created_at,us1_0.last_seen_at,us1_0.updated_at,us1_0.user_id from user_statuses us1_0 where us1_0.user_id=?
25-04-01 15:36:37.245 [http-nio-8080-exec-4] TRACE org.hibernate.orm.jdbc.bind - binding parameter (1:UUID) <- [a38cf3bb-8e0c-4abd-8f4a-a4e1fa8a9a50]
25-04-01 15:36:37.246 [http-nio-8080-exec-4] DEBUG org.hibernate.SQL - select us1_0.id,us1_0.created_at,us1_0.last_seen_at,us1_0.updated_at,us1_0.user_id from user_statuses us1_0 where us1_0.user_id=?
25-04-01 15:36:37.246 [http-nio-8080-exec-4] TRACE org.hibernate.orm.jdbc.bind - binding parameter (1:UUID) <- [70005511-e253-4971-a895-222a7aacbcc0]
25-04-01 15:36:37.247 [http-nio-8080-exec-4] DEBUG org.hibernate.SQL - select us1_0.id,us1_0.created_at,us1_0.last_seen_at,us1_0.updated_at,us1_0.user_id from user_statuses us1_0 where us1_0.user_id=?
25-04-01 15:36:37.247 [http-nio-8080-exec-4] TRACE org.hibernate.orm.jdbc.bind - binding parameter (1:UUID) <- [7fe4cf30-8de7-4ecc-8f76-ad08aad9ed53]
25-04-01 15:36:39.113 [http-nio-8080-exec-5] INFO  c.s.m.d.c.AuthRestController - login request : UserRequest[username=martin@google.com, password=asdf1234, email=null, phoneNumber=null, profileImageId=null]
25-04-01 15:36:39.114 [http-nio-8080-exec-5] DEBUG c.s.m.d.s.basic.BasicAuthService - 로그인 시도 - email: null
25-04-01 15:36:39.117 [http-nio-8080-exec-5] DEBUG org.hibernate.SQL - select u1_0.id,u1_0.created_at,u1_0.email,u1_0.password,u1_0.phone_number,u1_0.profile_image_id,u1_0.updated_at,u1_0.username from users u1_0
25-04-01 15:36:39.119 [http-nio-8080-exec-5] WARN  c.s.m.d.s.basic.BasicAuthService - 로그인 실패 - email: null
25-04-01 15:36:39.126 [http-nio-8080-exec-6] INFO  c.s.m.d.c.UserRestController - user list
25-04-01 15:36:39.128 [http-nio-8080-exec-6] DEBUG org.hibernate.SQL - select u1_0.id,u1_0.created_at,u1_0.email,u1_0.password,u1_0.phone_number,u1_0.profile_image_id,u1_0.updated_at,u1_0.username from users u1_0
25-04-01 15:36:39.131 [http-nio-8080-exec-6] DEBUG org.hibernate.SQL - select us1_0.id,us1_0.created_at,us1_0.last_seen_at,us1_0.updated_at,us1_0.user_id from user_statuses us1_0 where us1_0.user_id=?
25-04-01 15:36:39.131 [http-nio-8080-exec-6] TRACE org.hibernate.orm.jdbc.bind - binding parameter (1:UUID) <- [b803386e-24ff-40df-99fa-684784d1a15c]
25-04-01 15:36:39.132 [http-nio-8080-exec-6] DEBUG org.hibernate.SQL - select us1_0.id,us1_0.created_at,us1_0.last_seen_at,us1_0.updated_at,us1_0.user_id from user_statuses us1_0 where us1_0.user_id=?
25-04-01 15:36:39.132 [http-nio-8080-exec-6] TRACE org.hibernate.orm.jdbc.bind - binding parameter (1:UUID) <- [8841b0ec-d14f-4f2e-9dc3-a42b7fe28a0a]
25-04-01 15:36:39.133 [http-nio-8080-exec-6] DEBUG org.hibernate.SQL - select us1_0.id,us1_0.created_at,us1_0.last_seen_at,us1_0.updated_at,us1_0.user_id from user_statuses us1_0 where us1_0.user_id=?
25-04-01 15:36:39.134 [http-nio-8080-exec-6] TRACE org.hibernate.orm.jdbc.bind - binding parameter (1:UUID) <- [cba9e2aa-94c9-4c21-851e-b2b235b3164f]
25-04-01 15:36:39.135 [http-nio-8080-exec-6] DEBUG org.hibernate.SQL - select us1_0.id,us1_0.created_at,us1_0.last_seen_at,us1_0.updated_at,us1_0.user_id from user_statuses us1_0 where us1_0.user_id=?
25-04-01 15:36:39.135 [http-nio-8080-exec-6] TRACE org.hibernate.orm.jdbc.bind - binding parameter (1:UUID) <- [cb14bf60-4cda-41a6-996b-489975241041]
25-04-01 15:36:39.136 [http-nio-8080-exec-6] DEBUG org.hibernate.SQL - select us1_0.id,us1_0.created_at,us1_0.last_seen_at,us1_0.updated_at,us1_0.user_id from user_statuses us1_0 where us1_0.user_id=?
25-04-01 15:36:39.136 [http-nio-8080-exec-6] TRACE org.hibernate.orm.jdbc.bind - binding parameter (1:UUID) <- [74a507ee-ffb6-4c00-b853-7d9f28c9d870]
25-04-01 15:36:39.137 [http-nio-8080-exec-6] DEBUG org.hibernate.SQL - select us1_0.id,us1_0.created_at,us1_0.last_seen_at,us1_0.updated_at,us1_0.user_id from user_statuses us1_0 where us1_0.user_id=?
25-04-01 15:36:39.137 [http-nio-8080-exec-6] TRACE org.hibernate.orm.jdbc.bind - binding parameter (1:UUID) <- [a38cf3bb-8e0c-4abd-8f4a-a4e1fa8a9a50]
25-04-01 15:36:39.138 [http-nio-8080-exec-6] DEBUG org.hibernate.SQL - select us1_0.id,us1_0.created_at,us1_0.last_seen_at,us1_0.updated_at,us1_0.user_id from user_statuses us1_0 where us1_0.user_id=?
25-04-01 15:36:39.138 [http-nio-8080-exec-6] TRACE org.hibernate.orm.jdbc.bind - binding parameter (1:UUID) <- [70005511-e253-4971-a895-222a7aacbcc0]
25-04-01 15:36:39.139 [http-nio-8080-exec-6] DEBUG org.hibernate.SQL - select us1_0.id,us1_0.created_at,us1_0.last_seen_at,us1_0.updated_at,us1_0.user_id from user_statuses us1_0 where us1_0.user_id=?
25-04-01 15:36:39.139 [http-nio-8080-exec-6] TRACE org.hibernate.orm.jdbc.bind - binding parameter (1:UUID) <- [7fe4cf30-8de7-4ecc-8f76-ad08aad9ed53]
25-04-01 15:36:47.251 [http-nio-8080-exec-7] INFO  c.s.m.d.c.AuthRestController - login request : UserRequest[username=martin@google.com, password=asdf1234, email=null, phoneNumber=null, profileImageId=null]
25-04-01 15:36:47.252 [http-nio-8080-exec-7] DEBUG c.s.m.d.s.basic.BasicAuthService - 로그인 시도 - email: null
25-04-01 15:36:47.255 [http-nio-8080-exec-7] DEBUG org.hibernate.SQL - select u1_0.id,u1_0.created_at,u1_0.email,u1_0.password,u1_0.phone_number,u1_0.profile_image_id,u1_0.updated_at,u1_0.username from users u1_0
25-04-01 15:36:47.258 [http-nio-8080-exec-7] WARN  c.s.m.d.s.basic.BasicAuthService - 로그인 실패 - email: null
25-04-01 15:36:47.263 [http-nio-8080-exec-8] INFO  c.s.m.d.c.UserRestController - user list
25-04-01 15:36:47.264 [http-nio-8080-exec-8] DEBUG org.hibernate.SQL - select u1_0.id,u1_0.created_at,u1_0.email,u1_0.password,u1_0.phone_number,u1_0.profile_image_id,u1_0.updated_at,u1_0.username from users u1_0
25-04-01 15:36:47.267 [http-nio-8080-exec-8] DEBUG org.hibernate.SQL - select us1_0.id,us1_0.created_at,us1_0.last_seen_at,us1_0.updated_at,us1_0.user_id from user_statuses us1_0 where us1_0.user_id=?
25-04-01 15:36:47.267 [http-nio-8080-exec-8] TRACE org.hibernate.orm.jdbc.bind - binding parameter (1:UUID) <- [b803386e-24ff-40df-99fa-684784d1a15c]
25-04-01 15:36:47.269 [http-nio-8080-exec-8] DEBUG org.hibernate.SQL - select us1_0.id,us1_0.created_at,us1_0.last_seen_at,us1_0.updated_at,us1_0.user_id from user_statuses us1_0 where us1_0.user_id=?
25-04-01 15:36:47.269 [http-nio-8080-exec-8] TRACE org.hibernate.orm.jdbc.bind - binding parameter (1:UUID) <- [8841b0ec-d14f-4f2e-9dc3-a42b7fe28a0a]
25-04-01 15:36:47.270 [http-nio-8080-exec-8] DEBUG org.hibernate.SQL - select us1_0.id,us1_0.created_at,us1_0.last_seen_at,us1_0.updated_at,us1_0.user_id from user_statuses us1_0 where us1_0.user_id=?
25-04-01 15:36:47.270 [http-nio-8080-exec-8] TRACE org.hibernate.orm.jdbc.bind - binding parameter (1:UUID) <- [cba9e2aa-94c9-4c21-851e-b2b235b3164f]
25-04-01 15:36:47.271 [http-nio-8080-exec-8] DEBUG org.hibernate.SQL - select us1_0.id,us1_0.created_at,us1_0.last_seen_at,us1_0.updated_at,us1_0.user_id from user_statuses us1_0 where us1_0.user_id=?
25-04-01 15:36:47.271 [http-nio-8080-exec-8] TRACE org.hibernate.orm.jdbc.bind - binding parameter (1:UUID) <- [cb14bf60-4cda-41a6-996b-489975241041]
25-04-01 15:36:47.272 [http-nio-8080-exec-8] DEBUG org.hibernate.SQL - select us1_0.id,us1_0.created_at,us1_0.last_seen_at,us1_0.updated_at,us1_0.user_id from user_statuses us1_0 where us1_0.user_id=?
25-04-01 15:36:47.272 [http-nio-8080-exec-8] TRACE org.hibernate.orm.jdbc.bind - binding parameter (1:UUID) <- [74a507ee-ffb6-4c00-b853-7d9f28c9d870]
25-04-01 15:36:47.273 [http-nio-8080-exec-8] DEBUG org.hibernate.SQL - select us1_0.id,us1_0.created_at,us1_0.last_seen_at,us1_0.updated_at,us1_0.user_id from user_statuses us1_0 where us1_0.user_id=?
25-04-01 15:36:47.274 [http-nio-8080-exec-8] TRACE org.hibernate.orm.jdbc.bind - binding parameter (1:UUID) <- [a38cf3bb-8e0c-4abd-8f4a-a4e1fa8a9a50]
25-04-01 15:36:47.275 [http-nio-8080-exec-8] DEBUG org.hibernate.SQL - select us1_0.id,us1_0.created_at,us1_0.last_seen_at,us1_0.updated_at,us1_0.user_id from user_statuses us1_0 where us1_0.user_id=?
25-04-01 15:36:47.275 [http-nio-8080-exec-8] TRACE org.hibernate.orm.jdbc.bind - binding parameter (1:UUID) <- [70005511-e253-4971-a895-222a7aacbcc0]
25-04-01 15:36:47.276 [http-nio-8080-exec-8] DEBUG org.hibernate.SQL - select us1_0.id,us1_0.created_at,us1_0.last_seen_at,us1_0.updated_at,us1_0.user_id from user_statuses us1_0 where us1_0.user_id=?
25-04-01 15:36:47.276 [http-nio-8080-exec-8] TRACE org.hibernate.orm.jdbc.bind - binding parameter (1:UUID) <- [7fe4cf30-8de7-4ecc-8f76-ad08aad9ed53]
25-04-01 15:37:35.855 [http-nio-8080-exec-9] INFO  c.s.m.d.c.AuthRestController - login request : UserRequest[username=martin9072, password=asdf1234, email=null, phoneNumber=null, profileImageId=null]
25-04-01 15:37:35.856 [http-nio-8080-exec-9] DEBUG c.s.m.d.s.basic.BasicAuthService - 로그인 시도 - email: null
25-04-01 15:37:35.860 [http-nio-8080-exec-9] DEBUG org.hibernate.SQL - select u1_0.id,u1_0.created_at,u1_0.email,u1_0.password,u1_0.phone_number,u1_0.profile_image_id,u1_0.updated_at,u1_0.username from users u1_0
25-04-01 15:37:35.862 [http-nio-8080-exec-9] WARN  c.s.m.d.s.basic.BasicAuthService - 로그인 실패 - email: null
25-04-01 15:37:35.868 [http-nio-8080-exec-10] INFO  c.s.m.d.c.UserRestController - user list
25-04-01 15:37:35.869 [http-nio-8080-exec-10] DEBUG org.hibernate.SQL - select u1_0.id,u1_0.created_at,u1_0.email,u1_0.password,u1_0.phone_number,u1_0.profile_image_id,u1_0.updated_at,u1_0.username from users u1_0
25-04-01 15:37:35.872 [http-nio-8080-exec-10] DEBUG org.hibernate.SQL - select us1_0.id,us1_0.created_at,us1_0.last_seen_at,us1_0.updated_at,us1_0.user_id from user_statuses us1_0 where us1_0.user_id=?
25-04-01 15:37:35.872 [http-nio-8080-exec-10] TRACE org.hibernate.orm.jdbc.bind - binding parameter (1:UUID) <- [b803386e-24ff-40df-99fa-684784d1a15c]
25-04-01 15:37:35.873 [http-nio-8080-exec-10] DEBUG org.hibernate.SQL - select us1_0.id,us1_0.created_at,us1_0.last_seen_at,us1_0.updated_at,us1_0.user_id from user_statuses us1_0 where us1_0.user_id=?
25-04-01 15:37:35.873 [http-nio-8080-exec-10] TRACE org.hibernate.orm.jdbc.bind - binding parameter (1:UUID) <- [8841b0ec-d14f-4f2e-9dc3-a42b7fe28a0a]
25-04-01 15:37:35.874 [http-nio-8080-exec-10] DEBUG org.hibernate.SQL - select us1_0.id,us1_0.created_at,us1_0.last_seen_at,us1_0.updated_at,us1_0.user_id from user_statuses us1_0 where us1_0.user_id=?
25-04-01 15:37:35.875 [http-nio-8080-exec-10] TRACE org.hibernate.orm.jdbc.bind - binding parameter (1:UUID) <- [cba9e2aa-94c9-4c21-851e-b2b235b3164f]
25-04-01 15:37:35.876 [http-nio-8080-exec-10] DEBUG org.hibernate.SQL - select us1_0.id,us1_0.created_at,us1_0.last_seen_at,us1_0.updated_at,us1_0.user_id from user_statuses us1_0 where us1_0.user_id=?
25-04-01 15:37:35.876 [http-nio-8080-exec-10] TRACE org.hibernate.orm.jdbc.bind - binding parameter (1:UUID) <- [cb14bf60-4cda-41a6-996b-489975241041]
25-04-01 15:37:35.877 [http-nio-8080-exec-10] DEBUG org.hibernate.SQL - select us1_0.id,us1_0.created_at,us1_0.last_seen_at,us1_0.updated_at,us1_0.user_id from user_statuses us1_0 where us1_0.user_id=?
25-04-01 15:37:35.877 [http-nio-8080-exec-10] TRACE org.hibernate.orm.jdbc.bind - binding parameter (1:UUID) <- [74a507ee-ffb6-4c00-b853-7d9f28c9d870]
25-04-01 15:37:35.878 [http-nio-8080-exec-10] DEBUG org.hibernate.SQL - select us1_0.id,us1_0.created_at,us1_0.last_seen_at,us1_0.updated_at,us1_0.user_id from user_statuses us1_0 where us1_0.user_id=?
25-04-01 15:37:35.878 [http-nio-8080-exec-10] TRACE org.hibernate.orm.jdbc.bind - binding parameter (1:UUID) <- [a38cf3bb-8e0c-4abd-8f4a-a4e1fa8a9a50]
25-04-01 15:37:35.879 [http-nio-8080-exec-10] DEBUG org.hibernate.SQL - select us1_0.id,us1_0.created_at,us1_0.last_seen_at,us1_0.updated_at,us1_0.user_id from user_statuses us1_0 where us1_0.user_id=?
25-04-01 15:37:35.879 [http-nio-8080-exec-10] TRACE org.hibernate.orm.jdbc.bind - binding parameter (1:UUID) <- [70005511-e253-4971-a895-222a7aacbcc0]
25-04-01 15:37:35.880 [http-nio-8080-exec-10] DEBUG org.hibernate.SQL - select us1_0.id,us1_0.created_at,us1_0.last_seen_at,us1_0.updated_at,us1_0.user_id from user_statuses us1_0 where us1_0.user_id=?
25-04-01 15:37:35.880 [http-nio-8080-exec-10] TRACE org.hibernate.orm.jdbc.bind - binding parameter (1:UUID) <- [7fe4cf30-8de7-4ecc-8f76-ad08aad9ed53]
25-04-01 15:37:37.809 [http-nio-8080-exec-1] INFO  c.s.m.d.c.AuthRestController - login request : UserRequest[username=martin9072, password=asdf1234, email=null, phoneNumber=null, profileImageId=null]
25-04-01 15:37:37.809 [http-nio-8080-exec-1] DEBUG c.s.m.d.s.basic.BasicAuthService - 로그인 시도 - email: null
25-04-01 15:37:37.811 [http-nio-8080-exec-1] DEBUG org.hibernate.SQL - select u1_0.id,u1_0.created_at,u1_0.email,u1_0.password,u1_0.phone_number,u1_0.profile_image_id,u1_0.updated_at,u1_0.username from users u1_0
25-04-01 15:37:37.814 [http-nio-8080-exec-1] WARN  c.s.m.d.s.basic.BasicAuthService - 로그인 실패 - email: null
25-04-01 15:37:37.819 [http-nio-8080-exec-2] INFO  c.s.m.d.c.UserRestController - user list
25-04-01 15:37:37.820 [http-nio-8080-exec-2] DEBUG org.hibernate.SQL - select u1_0.id,u1_0.created_at,u1_0.email,u1_0.password,u1_0.phone_number,u1_0.profile_image_id,u1_0.updated_at,u1_0.username from users u1_0
25-04-01 15:37:37.823 [http-nio-8080-exec-2] DEBUG org.hibernate.SQL - select us1_0.id,us1_0.created_at,us1_0.last_seen_at,us1_0.updated_at,us1_0.user_id from user_statuses us1_0 where us1_0.user_id=?
25-04-01 15:37:37.823 [http-nio-8080-exec-2] TRACE org.hibernate.orm.jdbc.bind - binding parameter (1:UUID) <- [b803386e-24ff-40df-99fa-684784d1a15c]
25-04-01 15:37:37.824 [http-nio-8080-exec-2] DEBUG org.hibernate.SQL - select us1_0.id,us1_0.created_at,us1_0.last_seen_at,us1_0.updated_at,us1_0.user_id from user_statuses us1_0 where us1_0.user_id=?
25-04-01 15:37:37.824 [http-nio-8080-exec-2] TRACE org.hibernate.orm.jdbc.bind - binding parameter (1:UUID) <- [8841b0ec-d14f-4f2e-9dc3-a42b7fe28a0a]
25-04-01 15:37:37.826 [http-nio-8080-exec-2] DEBUG org.hibernate.SQL - select us1_0.id,us1_0.created_at,us1_0.last_seen_at,us1_0.updated_at,us1_0.user_id from user_statuses us1_0 where us1_0.user_id=?
25-04-01 15:37:37.826 [http-nio-8080-exec-2] TRACE org.hibernate.orm.jdbc.bind - binding parameter (1:UUID) <- [cba9e2aa-94c9-4c21-851e-b2b235b3164f]
25-04-01 15:37:37.827 [http-nio-8080-exec-2] DEBUG org.hibernate.SQL - select us1_0.id,us1_0.created_at,us1_0.last_seen_at,us1_0.updated_at,us1_0.user_id from user_statuses us1_0 where us1_0.user_id=?
25-04-01 15:37:37.827 [http-nio-8080-exec-2] TRACE org.hibernate.orm.jdbc.bind - binding parameter (1:UUID) <- [cb14bf60-4cda-41a6-996b-489975241041]
25-04-01 15:37:37.828 [http-nio-8080-exec-2] DEBUG org.hibernate.SQL - select us1_0.id,us1_0.created_at,us1_0.last_seen_at,us1_0.updated_at,us1_0.user_id from user_statuses us1_0 where us1_0.user_id=?
25-04-01 15:37:37.828 [http-nio-8080-exec-2] TRACE org.hibernate.orm.jdbc.bind - binding parameter (1:UUID) <- [74a507ee-ffb6-4c00-b853-7d9f28c9d870]
25-04-01 15:37:37.829 [http-nio-8080-exec-2] DEBUG org.hibernate.SQL - select us1_0.id,us1_0.created_at,us1_0.last_seen_at,us1_0.updated_at,us1_0.user_id from user_statuses us1_0 where us1_0.user_id=?
25-04-01 15:37:37.829 [http-nio-8080-exec-2] TRACE org.hibernate.orm.jdbc.bind - binding parameter (1:UUID) <- [a38cf3bb-8e0c-4abd-8f4a-a4e1fa8a9a50]
25-04-01 15:37:37.830 [http-nio-8080-exec-2] DEBUG org.hibernate.SQL - select us1_0.id,us1_0.created_at,us1_0.last_seen_at,us1_0.updated_at,us1_0.user_id from user_statuses us1_0 where us1_0.user_id=?
25-04-01 15:37:37.830 [http-nio-8080-exec-2] TRACE org.hibernate.orm.jdbc.bind - binding parameter (1:UUID) <- [70005511-e253-4971-a895-222a7aacbcc0]
25-04-01 15:37:37.831 [http-nio-8080-exec-2] DEBUG org.hibernate.SQL - select us1_0.id,us1_0.created_at,us1_0.last_seen_at,us1_0.updated_at,us1_0.user_id from user_statuses us1_0 where us1_0.user_id=?
25-04-01 15:37:37.831 [http-nio-8080-exec-2] TRACE org.hibernate.orm.jdbc.bind - binding parameter (1:UUID) <- [7fe4cf30-8de7-4ecc-8f76-ad08aad9ed53]
25-04-01 15:38:14.719 [SpringApplicationShutdownHook] INFO  o.s.b.w.e.tomcat.GracefulShutdown - Commencing graceful shutdown. Waiting for active requests to complete
25-04-01 15:38:14.723 [tomcat-shutdown] INFO  o.s.b.w.e.tomcat.GracefulShutdown - Graceful shutdown complete
25-04-01 15:38:14.726 [SpringApplicationShutdownHook] INFO  o.s.o.j.LocalContainerEntityManagerFactoryBean - Closing JPA EntityManagerFactory for persistence unit 'default'
25-04-01 15:38:14.726 [SpringApplicationShutdownHook] INFO  com.zaxxer.hikari.HikariDataSource - HikariPool-1 - Shutdown initiated...
25-04-01 15:38:14.727 [SpringApplicationShutdownHook] INFO  com.zaxxer.hikari.HikariDataSource - HikariPool-1 - Shutdown completed.
25-04-01 15:38:16.272 [background-preinit] INFO  o.h.validator.internal.util.Version - HV000001: Hibernate Validator 8.0.1.Final
25-04-01 15:38:16.285 [main] INFO  c.s.m.discodeit.DiscodeitApplication - Starting DiscodeitApplication using Java 17.0.13 with PID 47146 (/Users/taesikpark/Documents/CodeIT/_1-sprint-mission/build/classes/java/main started by taesikpark in /Users/taesikpark/Documents/CodeIT/_1-sprint-mission)
25-04-01 15:38:16.285 [main] DEBUG c.s.m.discodeit.DiscodeitApplication - Running with Spring Boot v3.4.0, Spring v6.2.0
25-04-01 15:38:16.286 [main] INFO  c.s.m.discodeit.DiscodeitApplication - The following 1 profile is active: "dev"
25-04-01 15:38:16.517 [main] INFO  o.s.d.r.c.RepositoryConfigurationDelegate - Bootstrapping Spring Data JPA repositories in DEFAULT mode.
25-04-01 15:38:16.545 [main] INFO  o.s.d.r.c.RepositoryConfigurationDelegate - Finished Spring Data repository scanning in 24 ms. Found 6 JPA repository interfaces.
25-04-01 15:38:16.699 [main] INFO  o.s.b.w.e.tomcat.TomcatWebServer - Tomcat initialized with port 8080 (http)
25-04-01 15:38:16.703 [main] INFO  o.a.coyote.http11.Http11NioProtocol - Initializing ProtocolHandler ["http-nio-8080"]
25-04-01 15:38:16.703 [main] INFO  o.a.catalina.core.StandardService - Starting service [Tomcat]
25-04-01 15:38:16.703 [main] INFO  o.a.catalina.core.StandardEngine - Starting Servlet engine: [Apache Tomcat/10.1.33]
25-04-01 15:38:16.721 [main] INFO  o.a.c.c.C.[Tomcat].[localhost].[/] - Initializing Spring embedded WebApplicationContext
25-04-01 15:38:16.721 [main] INFO  o.s.b.w.s.c.ServletWebServerApplicationContext - Root WebApplicationContext: initialization completed in 425 ms
25-04-01 15:38:16.752 [main] INFO  com.zaxxer.hikari.HikariDataSource - HikariPool-1 - Starting...
25-04-01 15:38:16.789 [main] INFO  com.zaxxer.hikari.pool.HikariPool - HikariPool-1 - Added connection org.postgresql.jdbc.PgConnection@40bd0f8
25-04-01 15:38:16.789 [main] INFO  com.zaxxer.hikari.HikariDataSource - HikariPool-1 - Start completed.
25-04-01 15:38:16.813 [main] INFO  o.h.jpa.internal.util.LogHelper - HHH000204: Processing PersistenceUnitInfo [name: default]
25-04-01 15:38:16.826 [main] INFO  org.hibernate.Version - HHH000412: Hibernate ORM core version 6.6.2.Final
25-04-01 15:38:16.835 [main] INFO  o.h.c.i.RegionFactoryInitiator - HHH000026: Second-level cache disabled
25-04-01 15:38:16.908 [main] INFO  o.s.o.j.p.SpringPersistenceUnitInfo - No LoadTimeWeaver setup: ignoring JPA class transformer
25-04-01 15:38:16.927 [main] WARN  org.hibernate.orm.deprecation - HHH90000025: PostgreSQLDialect does not need to be specified explicitly using 'hibernate.dialect' (remove the property setting and it will be selected by default)
25-04-01 15:38:16.931 [main] INFO  o.hibernate.orm.connections.pooling - HHH10001005: Database info:
	Database JDBC URL [Connecting through datasource 'HikariDataSource (HikariPool-1)']
	Database driver: undefined/unknown
	Database version: 14.17
	Autocommit mode: undefined/unknown
	Isolation level: undefined/unknown
	Minimum pool size: undefined/unknown
	Maximum pool size: undefined/unknown
25-04-01 15:38:17.221 [main] INFO  o.h.e.t.j.p.i.JtaPlatformInitiator - HHH000489: No JTA platform available (set 'hibernate.transaction.jta.platform' to enable JTA platform integration)
25-04-01 15:38:17.243 [main] INFO  o.s.o.j.LocalContainerEntityManagerFactoryBean - Initialized JPA EntityManagerFactory for persistence unit 'default'
25-04-01 15:38:17.414 [main] INFO  o.s.b.a.w.s.WelcomePageHandlerMapping - Adding welcome page: class path resource [static/index.html]
25-04-01 15:38:17.524 [main] INFO  o.a.coyote.http11.Http11NioProtocol - Starting ProtocolHandler ["http-nio-8080"]
25-04-01 15:38:17.531 [main] INFO  o.s.b.w.e.tomcat.TomcatWebServer - Tomcat started on port 8080 (http) with context path '/'
25-04-01 15:38:17.535 [main] INFO  c.s.m.discodeit.DiscodeitApplication - Started DiscodeitApplication in 1.402 seconds (process running for 1.558)
25-04-01 15:38:19.518 [http-nio-8080-exec-1] INFO  o.a.c.c.C.[Tomcat].[localhost].[/] - Initializing Spring DispatcherServlet 'dispatcherServlet'
25-04-01 15:38:19.518 [http-nio-8080-exec-1] INFO  o.s.web.servlet.DispatcherServlet - Initializing Servlet 'dispatcherServlet'
25-04-01 15:38:19.519 [http-nio-8080-exec-1] INFO  o.s.web.servlet.DispatcherServlet - Completed initialization in 1 ms
25-04-01 15:38:19.553 [http-nio-8080-exec-1] INFO  c.s.m.d.c.AuthRestController - login request : UserRequest[username=martin9072, password=asdf1234, email=null, phoneNumber=null, profileImageId=null]
25-04-01 15:38:19.555 [http-nio-8080-exec-1] DEBUG c.s.m.d.s.basic.BasicAuthService - 로그인 시도 - username: martin9072
25-04-01 15:38:19.585 [http-nio-8080-exec-1] DEBUG org.hibernate.SQL - select u1_0.id,u1_0.created_at,u1_0.email,u1_0.password,u1_0.phone_number,u1_0.profile_image_id,u1_0.updated_at,u1_0.username from users u1_0
25-04-01 15:38:19.595 [http-nio-8080-exec-1] WARN  c.s.m.d.s.basic.BasicAuthService - 로그인 실패 - username: martin9072
25-04-01 15:38:19.605 [http-nio-8080-exec-2] INFO  c.s.m.d.c.UserRestController - user list
25-04-01 15:38:19.606 [http-nio-8080-exec-2] DEBUG org.hibernate.SQL - select u1_0.id,u1_0.created_at,u1_0.email,u1_0.password,u1_0.phone_number,u1_0.profile_image_id,u1_0.updated_at,u1_0.username from users u1_0
25-04-01 15:38:19.622 [http-nio-8080-exec-2] DEBUG org.hibernate.SQL - select us1_0.id,us1_0.created_at,us1_0.last_seen_at,us1_0.updated_at,us1_0.user_id from user_statuses us1_0 where us1_0.user_id=?
25-04-01 15:38:19.622 [http-nio-8080-exec-2] TRACE org.hibernate.orm.jdbc.bind - binding parameter (1:UUID) <- [b803386e-24ff-40df-99fa-684784d1a15c]
25-04-01 15:38:19.624 [http-nio-8080-exec-2] DEBUG org.hibernate.SQL - select us1_0.id,us1_0.created_at,us1_0.last_seen_at,us1_0.updated_at,us1_0.user_id from user_statuses us1_0 where us1_0.user_id=?
25-04-01 15:38:19.625 [http-nio-8080-exec-2] TRACE org.hibernate.orm.jdbc.bind - binding parameter (1:UUID) <- [8841b0ec-d14f-4f2e-9dc3-a42b7fe28a0a]
25-04-01 15:38:19.625 [http-nio-8080-exec-2] DEBUG org.hibernate.SQL - select us1_0.id,us1_0.created_at,us1_0.last_seen_at,us1_0.updated_at,us1_0.user_id from user_statuses us1_0 where us1_0.user_id=?
25-04-01 15:38:19.625 [http-nio-8080-exec-2] TRACE org.hibernate.orm.jdbc.bind - binding parameter (1:UUID) <- [cba9e2aa-94c9-4c21-851e-b2b235b3164f]
25-04-01 15:38:19.626 [http-nio-8080-exec-2] DEBUG org.hibernate.SQL - select us1_0.id,us1_0.created_at,us1_0.last_seen_at,us1_0.updated_at,us1_0.user_id from user_statuses us1_0 where us1_0.user_id=?
25-04-01 15:38:19.626 [http-nio-8080-exec-2] TRACE org.hibernate.orm.jdbc.bind - binding parameter (1:UUID) <- [cb14bf60-4cda-41a6-996b-489975241041]
25-04-01 15:38:19.627 [http-nio-8080-exec-2] DEBUG org.hibernate.SQL - select us1_0.id,us1_0.created_at,us1_0.last_seen_at,us1_0.updated_at,us1_0.user_id from user_statuses us1_0 where us1_0.user_id=?
25-04-01 15:38:19.627 [http-nio-8080-exec-2] TRACE org.hibernate.orm.jdbc.bind - binding parameter (1:UUID) <- [74a507ee-ffb6-4c00-b853-7d9f28c9d870]
25-04-01 15:38:19.628 [http-nio-8080-exec-2] DEBUG org.hibernate.SQL - select us1_0.id,us1_0.created_at,us1_0.last_seen_at,us1_0.updated_at,us1_0.user_id from user_statuses us1_0 where us1_0.user_id=?
25-04-01 15:38:19.628 [http-nio-8080-exec-2] TRACE org.hibernate.orm.jdbc.bind - binding parameter (1:UUID) <- [a38cf3bb-8e0c-4abd-8f4a-a4e1fa8a9a50]
25-04-01 15:38:19.629 [http-nio-8080-exec-2] DEBUG org.hibernate.SQL - select us1_0.id,us1_0.created_at,us1_0.last_seen_at,us1_0.updated_at,us1_0.user_id from user_statuses us1_0 where us1_0.user_id=?
25-04-01 15:38:19.629 [http-nio-8080-exec-2] TRACE org.hibernate.orm.jdbc.bind - binding parameter (1:UUID) <- [70005511-e253-4971-a895-222a7aacbcc0]
25-04-01 15:38:19.630 [http-nio-8080-exec-2] DEBUG org.hibernate.SQL - select us1_0.id,us1_0.created_at,us1_0.last_seen_at,us1_0.updated_at,us1_0.user_id from user_statuses us1_0 where us1_0.user_id=?
25-04-01 15:38:19.630 [http-nio-8080-exec-2] TRACE org.hibernate.orm.jdbc.bind - binding parameter (1:UUID) <- [7fe4cf30-8de7-4ecc-8f76-ad08aad9ed53]
25-04-01 15:38:40.205 [http-nio-8080-exec-3] INFO  c.s.m.d.c.AuthRestController - login request : UserRequest[username=martin9072, password=asdf0123, email=null, phoneNumber=null, profileImageId=null]
25-04-01 15:38:40.206 [http-nio-8080-exec-3] DEBUG c.s.m.d.s.basic.BasicAuthService - 로그인 시도 - username: martin9072
25-04-01 15:38:40.211 [http-nio-8080-exec-3] DEBUG org.hibernate.SQL - select u1_0.id,u1_0.created_at,u1_0.email,u1_0.password,u1_0.phone_number,u1_0.profile_image_id,u1_0.updated_at,u1_0.username from users u1_0
25-04-01 15:38:40.214 [http-nio-8080-exec-3] INFO  c.s.m.d.s.basic.BasicAuthService - 로그인 성공 - username: martin9072
25-04-01 15:38:40.221 [http-nio-8080-exec-4] INFO  c.s.m.d.c.UserRestController - user list
25-04-01 15:38:40.222 [http-nio-8080-exec-4] DEBUG org.hibernate.SQL - select u1_0.id,u1_0.created_at,u1_0.email,u1_0.password,u1_0.phone_number,u1_0.profile_image_id,u1_0.updated_at,u1_0.username from users u1_0
25-04-01 15:38:40.226 [http-nio-8080-exec-4] DEBUG org.hibernate.SQL - select us1_0.id,us1_0.created_at,us1_0.last_seen_at,us1_0.updated_at,us1_0.user_id from user_statuses us1_0 where us1_0.user_id=?
25-04-01 15:38:40.226 [http-nio-8080-exec-4] TRACE org.hibernate.orm.jdbc.bind - binding parameter (1:UUID) <- [b803386e-24ff-40df-99fa-684784d1a15c]
25-04-01 15:38:40.227 [http-nio-8080-exec-4] DEBUG org.hibernate.SQL - select us1_0.id,us1_0.created_at,us1_0.last_seen_at,us1_0.updated_at,us1_0.user_id from user_statuses us1_0 where us1_0.user_id=?
25-04-01 15:38:40.228 [http-nio-8080-exec-4] TRACE org.hibernate.orm.jdbc.bind - binding parameter (1:UUID) <- [8841b0ec-d14f-4f2e-9dc3-a42b7fe28a0a]
25-04-01 15:38:40.229 [http-nio-8080-exec-4] DEBUG org.hibernate.SQL - select us1_0.id,us1_0.created_at,us1_0.last_seen_at,us1_0.updated_at,us1_0.user_id from user_statuses us1_0 where us1_0.user_id=?
25-04-01 15:38:40.229 [http-nio-8080-exec-4] TRACE org.hibernate.orm.jdbc.bind - binding parameter (1:UUID) <- [cba9e2aa-94c9-4c21-851e-b2b235b3164f]
25-04-01 15:38:40.230 [http-nio-8080-exec-4] DEBUG org.hibernate.SQL - select us1_0.id,us1_0.created_at,us1_0.last_seen_at,us1_0.updated_at,us1_0.user_id from user_statuses us1_0 where us1_0.user_id=?
25-04-01 15:38:40.231 [http-nio-8080-exec-4] TRACE org.hibernate.orm.jdbc.bind - binding parameter (1:UUID) <- [cb14bf60-4cda-41a6-996b-489975241041]
25-04-01 15:38:40.232 [http-nio-8080-exec-4] DEBUG org.hibernate.SQL - select us1_0.id,us1_0.created_at,us1_0.last_seen_at,us1_0.updated_at,us1_0.user_id from user_statuses us1_0 where us1_0.user_id=?
25-04-01 15:38:40.232 [http-nio-8080-exec-4] TRACE org.hibernate.orm.jdbc.bind - binding parameter (1:UUID) <- [74a507ee-ffb6-4c00-b853-7d9f28c9d870]
25-04-01 15:38:40.233 [http-nio-8080-exec-4] DEBUG org.hibernate.SQL - select us1_0.id,us1_0.created_at,us1_0.last_seen_at,us1_0.updated_at,us1_0.user_id from user_statuses us1_0 where us1_0.user_id=?
25-04-01 15:38:40.233 [http-nio-8080-exec-4] TRACE org.hibernate.orm.jdbc.bind - binding parameter (1:UUID) <- [a38cf3bb-8e0c-4abd-8f4a-a4e1fa8a9a50]
25-04-01 15:38:40.234 [http-nio-8080-exec-4] DEBUG org.hibernate.SQL - select us1_0.id,us1_0.created_at,us1_0.last_seen_at,us1_0.updated_at,us1_0.user_id from user_statuses us1_0 where us1_0.user_id=?
25-04-01 15:38:40.234 [http-nio-8080-exec-4] TRACE org.hibernate.orm.jdbc.bind - binding parameter (1:UUID) <- [70005511-e253-4971-a895-222a7aacbcc0]
25-04-01 15:38:40.236 [http-nio-8080-exec-4] DEBUG org.hibernate.SQL - select us1_0.id,us1_0.created_at,us1_0.last_seen_at,us1_0.updated_at,us1_0.user_id from user_statuses us1_0 where us1_0.user_id=?
25-04-01 15:38:40.236 [http-nio-8080-exec-4] TRACE org.hibernate.orm.jdbc.bind - binding parameter (1:UUID) <- [7fe4cf30-8de7-4ecc-8f76-ad08aad9ed53]
25-04-01 16:20:34.533 [SpringApplicationShutdownHook] INFO  o.s.b.w.e.tomcat.GracefulShutdown - Commencing graceful shutdown. Waiting for active requests to complete
25-04-01 16:20:34.538 [tomcat-shutdown] INFO  o.s.b.w.e.tomcat.GracefulShutdown - Graceful shutdown complete
25-04-01 16:20:34.540 [SpringApplicationShutdownHook] INFO  o.s.o.j.LocalContainerEntityManagerFactoryBean - Closing JPA EntityManagerFactory for persistence unit 'default'
25-04-01 16:20:34.541 [SpringApplicationShutdownHook] INFO  com.zaxxer.hikari.HikariDataSource - HikariPool-1 - Shutdown initiated...
25-04-01 16:20:34.542 [SpringApplicationShutdownHook] INFO  com.zaxxer.hikari.HikariDataSource - HikariPool-1 - Shutdown completed.
25-04-01 16:20:36.231 [background-preinit] INFO  o.h.validator.internal.util.Version - HV000001: Hibernate Validator 8.0.1.Final
25-04-01 16:20:36.246 [main] INFO  c.s.m.discodeit.DiscodeitApplication - Starting DiscodeitApplication using Java 17.0.13 with PID 53256 (/Users/taesikpark/Documents/CodeIT/_1-sprint-mission/build/classes/java/main started by taesikpark in /Users/taesikpark/Documents/CodeIT/_1-sprint-mission)
25-04-01 16:20:36.247 [main] DEBUG c.s.m.discodeit.DiscodeitApplication - Running with Spring Boot v3.4.0, Spring v6.2.0
25-04-01 16:20:36.247 [main] INFO  c.s.m.discodeit.DiscodeitApplication - The following 1 profile is active: "dev"
25-04-01 16:20:36.481 [main] INFO  o.s.d.r.c.RepositoryConfigurationDelegate - Bootstrapping Spring Data JPA repositories in DEFAULT mode.
25-04-01 16:20:36.508 [main] INFO  o.s.d.r.c.RepositoryConfigurationDelegate - Finished Spring Data repository scanning in 24 ms. Found 6 JPA repository interfaces.
25-04-01 16:20:36.658 [main] INFO  o.s.b.w.e.tomcat.TomcatWebServer - Tomcat initialized with port 8080 (http)
25-04-01 16:20:36.662 [main] INFO  o.a.coyote.http11.Http11NioProtocol - Initializing ProtocolHandler ["http-nio-8080"]
25-04-01 16:20:36.663 [main] INFO  o.a.catalina.core.StandardService - Starting service [Tomcat]
25-04-01 16:20:36.663 [main] INFO  o.a.catalina.core.StandardEngine - Starting Servlet engine: [Apache Tomcat/10.1.33]
25-04-01 16:20:36.681 [main] INFO  o.a.c.c.C.[Tomcat].[localhost].[/] - Initializing Spring embedded WebApplicationContext
25-04-01 16:20:36.681 [main] INFO  o.s.b.w.s.c.ServletWebServerApplicationContext - Root WebApplicationContext: initialization completed in 422 ms
25-04-01 16:20:36.711 [main] INFO  com.zaxxer.hikari.HikariDataSource - HikariPool-1 - Starting...
25-04-01 16:20:36.744 [main] INFO  com.zaxxer.hikari.pool.HikariPool - HikariPool-1 - Added connection org.postgresql.jdbc.PgConnection@3b5a19ed
25-04-01 16:20:36.744 [main] INFO  com.zaxxer.hikari.HikariDataSource - HikariPool-1 - Start completed.
25-04-01 16:20:36.769 [main] INFO  o.h.jpa.internal.util.LogHelper - HHH000204: Processing PersistenceUnitInfo [name: default]
25-04-01 16:20:36.783 [main] INFO  org.hibernate.Version - HHH000412: Hibernate ORM core version 6.6.2.Final
25-04-01 16:20:36.791 [main] INFO  o.h.c.i.RegionFactoryInitiator - HHH000026: Second-level cache disabled
25-04-01 16:20:36.863 [main] INFO  o.s.o.j.p.SpringPersistenceUnitInfo - No LoadTimeWeaver setup: ignoring JPA class transformer
25-04-01 16:20:36.881 [main] WARN  org.hibernate.orm.deprecation - HHH90000025: PostgreSQLDialect does not need to be specified explicitly using 'hibernate.dialect' (remove the property setting and it will be selected by default)
25-04-01 16:20:36.885 [main] INFO  o.hibernate.orm.connections.pooling - HHH10001005: Database info:
	Database JDBC URL [Connecting through datasource 'HikariDataSource (HikariPool-1)']
	Database driver: undefined/unknown
	Database version: 14.17
	Autocommit mode: undefined/unknown
	Isolation level: undefined/unknown
	Minimum pool size: undefined/unknown
	Maximum pool size: undefined/unknown
25-04-01 16:20:37.179 [main] INFO  o.h.e.t.j.p.i.JtaPlatformInitiator - HHH000489: No JTA platform available (set 'hibernate.transaction.jta.platform' to enable JTA platform integration)
25-04-01 16:20:37.202 [main] INFO  o.s.o.j.LocalContainerEntityManagerFactoryBean - Initialized JPA EntityManagerFactory for persistence unit 'default'
25-04-01 16:20:37.382 [main] INFO  o.s.b.a.w.s.WelcomePageHandlerMapping - Adding welcome page: class path resource [static/index.html]
25-04-01 16:20:37.492 [main] INFO  o.a.coyote.http11.Http11NioProtocol - Starting ProtocolHandler ["http-nio-8080"]
25-04-01 16:20:37.498 [main] INFO  o.s.b.w.e.tomcat.TomcatWebServer - Tomcat started on port 8080 (http) with context path '/'
25-04-01 16:20:37.502 [main] INFO  c.s.m.discodeit.DiscodeitApplication - Started DiscodeitApplication in 1.425 seconds (process running for 1.589)
25-04-01 16:20:47.885 [http-nio-8080-exec-1] INFO  o.a.c.c.C.[Tomcat].[localhost].[/] - Initializing Spring DispatcherServlet 'dispatcherServlet'
25-04-01 16:20:47.885 [http-nio-8080-exec-1] INFO  o.s.web.servlet.DispatcherServlet - Initializing Servlet 'dispatcherServlet'
25-04-01 16:20:47.886 [http-nio-8080-exec-1] INFO  o.s.web.servlet.DispatcherServlet - Completed initialization in 0 ms
25-04-01 16:20:47.898 [http-nio-8080-exec-1] INFO  c.s.m.d.c.ChannelRestController - channel list
25-04-01 16:20:47.898 [http-nio-8080-exec-1] DEBUG c.s.m.d.s.basic.BasicChannelService - 채널 전체 조회 요청
25-04-01 16:20:47.933 [http-nio-8080-exec-1] DEBUG org.hibernate.SQL - select c1_0.id,c1_0.type,c1_0.created_at,c1_0.discription,c1_0.name,c1_0.updated_at from channels c1_0
25-04-01 16:20:47.949 [http-nio-8080-exec-1] DEBUG c.s.m.d.s.basic.BasicChannelService - 조회된 채널 개수 : 2
25-04-01 16:20:47.949 [http-nio-8080-exec-1] INFO  c.s.m.d.s.basic.BasicChannelService - 채널 조회 완료 - 총 2개
25-04-01 17:54:35.836 [SpringApplicationShutdownHook] INFO  o.s.b.w.e.tomcat.GracefulShutdown - Commencing graceful shutdown. Waiting for active requests to complete
25-04-01 17:54:35.841 [tomcat-shutdown] INFO  o.s.b.w.e.tomcat.GracefulShutdown - Graceful shutdown complete
25-04-01 17:54:35.844 [SpringApplicationShutdownHook] INFO  o.s.o.j.LocalContainerEntityManagerFactoryBean - Closing JPA EntityManagerFactory for persistence unit 'default'
25-04-01 17:54:35.846 [SpringApplicationShutdownHook] INFO  com.zaxxer.hikari.HikariDataSource - HikariPool-1 - Shutdown initiated...
25-04-01 17:54:35.846 [SpringApplicationShutdownHook] INFO  com.zaxxer.hikari.HikariDataSource - HikariPool-1 - Shutdown completed.
25-04-01 17:54:37.570 [background-preinit] INFO  o.h.validator.internal.util.Version - HV000001: Hibernate Validator 8.0.1.Final
25-04-01 17:54:37.586 [main] INFO  c.s.m.discodeit.DiscodeitApplication - Starting DiscodeitApplication using Java 17.0.13 with PID 66683 (/Users/taesikpark/Documents/CodeIT/_1-sprint-mission/build/classes/java/main started by taesikpark in /Users/taesikpark/Documents/CodeIT/_1-sprint-mission)
25-04-01 17:54:37.586 [main] DEBUG c.s.m.discodeit.DiscodeitApplication - Running with Spring Boot v3.4.0, Spring v6.2.0
25-04-01 17:54:37.586 [main] INFO  c.s.m.discodeit.DiscodeitApplication - The following 1 profile is active: "dev"
25-04-01 17:54:37.831 [main] INFO  o.s.d.r.c.RepositoryConfigurationDelegate - Bootstrapping Spring Data JPA repositories in DEFAULT mode.
25-04-01 17:54:37.859 [main] INFO  o.s.d.r.c.RepositoryConfigurationDelegate - Finished Spring Data repository scanning in 25 ms. Found 6 JPA repository interfaces.
25-04-01 17:54:38.021 [main] INFO  o.s.b.w.e.tomcat.TomcatWebServer - Tomcat initialized with port 8080 (http)
25-04-01 17:54:38.025 [main] INFO  o.a.coyote.http11.Http11NioProtocol - Initializing ProtocolHandler ["http-nio-8080"]
25-04-01 17:54:38.025 [main] INFO  o.a.catalina.core.StandardService - Starting service [Tomcat]
25-04-01 17:54:38.025 [main] INFO  o.a.catalina.core.StandardEngine - Starting Servlet engine: [Apache Tomcat/10.1.33]
25-04-01 17:54:38.046 [main] INFO  o.a.c.c.C.[Tomcat].[localhost].[/] - Initializing Spring embedded WebApplicationContext
25-04-01 17:54:38.046 [main] INFO  o.s.b.w.s.c.ServletWebServerApplicationContext - Root WebApplicationContext: initialization completed in 448 ms
25-04-01 17:54:38.077 [main] INFO  com.zaxxer.hikari.HikariDataSource - HikariPool-1 - Starting...
25-04-01 17:54:38.110 [main] INFO  com.zaxxer.hikari.pool.HikariPool - HikariPool-1 - Added connection org.postgresql.jdbc.PgConnection@1291aab5
25-04-01 17:54:38.111 [main] INFO  com.zaxxer.hikari.HikariDataSource - HikariPool-1 - Start completed.
25-04-01 17:54:38.134 [main] INFO  o.h.jpa.internal.util.LogHelper - HHH000204: Processing PersistenceUnitInfo [name: default]
25-04-01 17:54:38.148 [main] INFO  org.hibernate.Version - HHH000412: Hibernate ORM core version 6.6.2.Final
25-04-01 17:54:38.158 [main] INFO  o.h.c.i.RegionFactoryInitiator - HHH000026: Second-level cache disabled
25-04-01 17:54:38.236 [main] INFO  o.s.o.j.p.SpringPersistenceUnitInfo - No LoadTimeWeaver setup: ignoring JPA class transformer
25-04-01 17:54:38.258 [main] WARN  org.hibernate.orm.deprecation - HHH90000025: PostgreSQLDialect does not need to be specified explicitly using 'hibernate.dialect' (remove the property setting and it will be selected by default)
25-04-01 17:54:38.264 [main] INFO  o.hibernate.orm.connections.pooling - HHH10001005: Database info:
	Database JDBC URL [Connecting through datasource 'HikariDataSource (HikariPool-1)']
	Database driver: undefined/unknown
	Database version: 14.17
	Autocommit mode: undefined/unknown
	Isolation level: undefined/unknown
	Minimum pool size: undefined/unknown
	Maximum pool size: undefined/unknown
25-04-01 17:54:38.571 [main] INFO  o.h.e.t.j.p.i.JtaPlatformInitiator - HHH000489: No JTA platform available (set 'hibernate.transaction.jta.platform' to enable JTA platform integration)
25-04-01 17:54:38.594 [main] INFO  o.s.o.j.LocalContainerEntityManagerFactoryBean - Initialized JPA EntityManagerFactory for persistence unit 'default'
25-04-01 17:54:38.780 [main] INFO  o.s.b.a.w.s.WelcomePageHandlerMapping - Adding welcome page: class path resource [static/index.html]
25-04-01 17:54:38.895 [main] INFO  o.a.coyote.http11.Http11NioProtocol - Starting ProtocolHandler ["http-nio-8080"]
25-04-01 17:54:38.901 [main] INFO  o.s.b.w.e.tomcat.TomcatWebServer - Tomcat started on port 8080 (http) with context path '/'
25-04-01 17:54:38.906 [main] INFO  c.s.m.discodeit.DiscodeitApplication - Started DiscodeitApplication in 1.487 seconds (process running for 1.666)
25-04-01 17:54:46.555 [http-nio-8080-exec-1] INFO  o.a.c.c.C.[Tomcat].[localhost].[/] - Initializing Spring DispatcherServlet 'dispatcherServlet'
25-04-01 17:54:46.555 [http-nio-8080-exec-1] INFO  o.s.web.servlet.DispatcherServlet - Initializing Servlet 'dispatcherServlet'
25-04-01 17:54:46.556 [http-nio-8080-exec-1] INFO  o.s.web.servlet.DispatcherServlet - Completed initialization in 1 ms
25-04-01 17:54:46.568 [http-nio-8080-exec-1] INFO  c.s.m.d.c.UserRestController - user list
25-04-01 17:54:46.568 [http-nio-8080-exec-1] DEBUG c.s.m.d.s.basic.BasicUserService - 유저 전체 조회 시도
25-04-01 17:54:46.604 [http-nio-8080-exec-1] DEBUG org.hibernate.SQL - select u1_0.id,u1_0.created_at,u1_0.email,u1_0.password,u1_0.phone_number,u1_0.profile_image_id,u1_0.updated_at,u1_0.username from users u1_0
25-04-01 17:54:46.615 [http-nio-8080-exec-1] INFO  c.s.m.d.s.basic.BasicUserService - 조회된 유저 개수 : 8
25-04-01 17:54:46.634 [http-nio-8080-exec-1] DEBUG org.hibernate.SQL - select us1_0.id,us1_0.created_at,us1_0.last_seen_at,us1_0.updated_at,us1_0.user_id from user_statuses us1_0 where us1_0.user_id=?
25-04-01 17:54:46.634 [http-nio-8080-exec-1] TRACE org.hibernate.orm.jdbc.bind - binding parameter (1:UUID) <- [b803386e-24ff-40df-99fa-684784d1a15c]
25-04-01 17:54:46.637 [http-nio-8080-exec-1] DEBUG org.hibernate.SQL - select us1_0.id,us1_0.created_at,us1_0.last_seen_at,us1_0.updated_at,us1_0.user_id from user_statuses us1_0 where us1_0.user_id=?
25-04-01 17:54:46.637 [http-nio-8080-exec-1] TRACE org.hibernate.orm.jdbc.bind - binding parameter (1:UUID) <- [8841b0ec-d14f-4f2e-9dc3-a42b7fe28a0a]
25-04-01 17:54:46.638 [http-nio-8080-exec-1] DEBUG org.hibernate.SQL - select us1_0.id,us1_0.created_at,us1_0.last_seen_at,us1_0.updated_at,us1_0.user_id from user_statuses us1_0 where us1_0.user_id=?
25-04-01 17:54:46.638 [http-nio-8080-exec-1] TRACE org.hibernate.orm.jdbc.bind - binding parameter (1:UUID) <- [cba9e2aa-94c9-4c21-851e-b2b235b3164f]
25-04-01 17:54:46.638 [http-nio-8080-exec-1] DEBUG org.hibernate.SQL - select us1_0.id,us1_0.created_at,us1_0.last_seen_at,us1_0.updated_at,us1_0.user_id from user_statuses us1_0 where us1_0.user_id=?
25-04-01 17:54:46.639 [http-nio-8080-exec-1] TRACE org.hibernate.orm.jdbc.bind - binding parameter (1:UUID) <- [cb14bf60-4cda-41a6-996b-489975241041]
25-04-01 17:54:46.640 [http-nio-8080-exec-1] DEBUG org.hibernate.SQL - select us1_0.id,us1_0.created_at,us1_0.last_seen_at,us1_0.updated_at,us1_0.user_id from user_statuses us1_0 where us1_0.user_id=?
25-04-01 17:54:46.640 [http-nio-8080-exec-1] TRACE org.hibernate.orm.jdbc.bind - binding parameter (1:UUID) <- [74a507ee-ffb6-4c00-b853-7d9f28c9d870]
25-04-01 17:54:46.640 [http-nio-8080-exec-1] DEBUG org.hibernate.SQL - select us1_0.id,us1_0.created_at,us1_0.last_seen_at,us1_0.updated_at,us1_0.user_id from user_statuses us1_0 where us1_0.user_id=?
25-04-01 17:54:46.640 [http-nio-8080-exec-1] TRACE org.hibernate.orm.jdbc.bind - binding parameter (1:UUID) <- [a38cf3bb-8e0c-4abd-8f4a-a4e1fa8a9a50]
25-04-01 17:54:46.641 [http-nio-8080-exec-1] DEBUG org.hibernate.SQL - select us1_0.id,us1_0.created_at,us1_0.last_seen_at,us1_0.updated_at,us1_0.user_id from user_statuses us1_0 where us1_0.user_id=?
25-04-01 17:54:46.641 [http-nio-8080-exec-1] TRACE org.hibernate.orm.jdbc.bind - binding parameter (1:UUID) <- [70005511-e253-4971-a895-222a7aacbcc0]
25-04-01 17:54:46.642 [http-nio-8080-exec-1] DEBUG org.hibernate.SQL - select us1_0.id,us1_0.created_at,us1_0.last_seen_at,us1_0.updated_at,us1_0.user_id from user_statuses us1_0 where us1_0.user_id=?
25-04-01 17:54:46.642 [http-nio-8080-exec-1] TRACE org.hibernate.orm.jdbc.bind - binding parameter (1:UUID) <- [7fe4cf30-8de7-4ecc-8f76-ad08aad9ed53]
25-04-01 17:54:46.642 [http-nio-8080-exec-1] INFO  c.s.m.d.s.basic.BasicUserService - 유저 조회 완료 - 총 8개
25-04-01 17:55:28.382 [http-nio-8080-exec-2] INFO  c.s.m.d.c.UserRestController - user delete request : 7fe4cf30-8de7-4ecc-8f76-ad08aad9ed51
25-04-01 17:55:28.382 [http-nio-8080-exec-2] DEBUG c.s.m.d.s.basic.BasicUserService - 유저 삭제 요청 - id: 7fe4cf30-8de7-4ecc-8f76-ad08aad9ed51
25-04-01 17:55:28.493 [http-nio-8080-exec-2] DEBUG org.hibernate.SQL - select count(*) from users u1_0 where u1_0.id=?
25-04-01 17:55:28.493 [http-nio-8080-exec-2] TRACE org.hibernate.orm.jdbc.bind - binding parameter (1:UUID) <- [7fe4cf30-8de7-4ecc-8f76-ad08aad9ed51]
25-04-01 17:55:28.497 [http-nio-8080-exec-2] WARN  c.s.m.d.s.basic.BasicUserService - 유저 삭제 실패 - 없거나 삭제된 ID : 7fe4cf30-8de7-4ecc-8f76-ad08aad9ed51
25-04-01 17:55:28.498 [http-nio-8080-exec-2] ERROR c.s.m.d.e.GlobalExceptionHandler - handleCustomException() in GlobalExceptionHandler throw Exception : 해당 ID의 사용자가 존재하지 않습니다 : 7fe4cf30-8de7-4ecc-8f76-ad08aad9ed51
25-04-01 18:52:10.440 [SpringApplicationShutdownHook] INFO  o.s.b.w.e.tomcat.GracefulShutdown - Commencing graceful shutdown. Waiting for active requests to complete
25-04-01 18:52:10.444 [tomcat-shutdown] INFO  o.s.b.w.e.tomcat.GracefulShutdown - Graceful shutdown complete
25-04-01 18:52:10.447 [SpringApplicationShutdownHook] INFO  o.s.o.j.LocalContainerEntityManagerFactoryBean - Closing JPA EntityManagerFactory for persistence unit 'default'
25-04-01 18:52:10.447 [SpringApplicationShutdownHook] INFO  com.zaxxer.hikari.HikariDataSource - HikariPool-1 - Shutdown initiated...
25-04-01 18:52:10.448 [SpringApplicationShutdownHook] INFO  com.zaxxer.hikari.HikariDataSource - HikariPool-1 - Shutdown completed.
